{
    "add_x": [
        {
            "condition": ["{item_use_as_widget}==True", "{item_submenulist_path}!=||{item_use_as_list}==True"],
            "value": "1"
        },
        "0"
    ],
    "grouplist_item_x": "{item_x}",
    "grouplist_refocus": "SetFocus(300)",
    "grouplist_widgets_only": "False",
    "grouplist_visible": "String.IsEqual(Container(300).ListItem.Property(guid),{item_guid})",
    "grouplist_first_id": "$MATH[{grouplist_item_x} * 1000 + 601]",
    "grouplist_top_widget_id": "$MATH[{grouplist_item_x} * 1000 + 497]",
    "grouplist_bottom_widget_id": "$MATH[{grouplist_item_x} * 1000 + 498]",
    "grouplist_id": "$MATH[{grouplist_item_x} * 1000 + 400]",
    "grouplist_widgets_bump_id": "$MATH[{grouplist_item_x} * 1000 + 401]"
}