<?xml version="1.0" encoding="UTF-8"?>
<window type="window" id="1190">
    <defaultcontrol always="true">9999</defaultcontrol>
    <onload>SetProperty(Header_Center_Text,Information)</onload>
    <onload>SetProperty(Header_Left_Text,Movies)</onload>
    <controls>
        <include content="Viewtype_Main">
            <control type="list" id="9999">
                <top>-1000</top>
                <left>-1000</left>
                <width>1</width>
                <height>1</height>
                <itemlayout />
                <focusedlayout />
                <content target="videos">$INFO[Window(Home).Property(TMDbHelper.Path.Current)]</content>
            </control>
        </include>
        <control type="group">
            <visible>!$EXP[Exp_InfoVisible]</visible>
            <animation effect="fade" start="0" end="100" time="5000" tween="cubic" easing="inout" reversible="false">Visible</animation>
            <animation effect="fade" start="0" end="100" time="5000" tween="cubic" easing="inout" reversible="false">WindowOpen</animation>
            <animation effect="fade" end="0" start="100" time="1000" tween="cubic" easing="inout">Hidden</animation>
            <animation effect="fade" end="0" start="100" time="1000" tween="cubic" easing="inout">WindowClose</animation>
            <animation effect="fade" start="100" end="10" condition="true">Conditional</animation>
            <control type="multiimage">
                <timeperimage>50</timeperimage>
                <aspectratio align="center" aligny="center">stretch</aspectratio>
                <fadetime>10</fadetime>
                <imagepath>$VAR[Global_BusyLoader]</imagepath>
                <randomize>false</randomize>
            </control>
        </control>
        <control type="group">
            <visible>!$EXP[Exp_InfoVisible]</visible>
            <include>Dialog_Busy</include>
        </control>
        <include>Topbar_Right</include>
    </controls>
</window>