<?xml version="1.0" encoding="UTF-8"?>
<window type="dialog">
    <defaultcontrol always="true">5000</defaultcontrol>
    <menucontrol>9000</menucontrol>
    <onunload>ClearProperty(HasTrailer,Home)</onunload>
    <controls>

        <include condition="Window.IsVisible(fullscreenvideo)">Background_Main</include>

        <control type="group">
            <animation effect="slide" start="0" end="-big_poster_w" time="800" tween="cubic" easing="out" condition="Window.IsActive(1120)" reversible="false">Conditional</animation>
            <animation effect="slide" end="0" start="-big_poster_w" time="800" tween="cubic" easing="out" condition="!Window.IsActive(1120)" reversible="false">Conditional</animation>
            <control type="group">
                <width>big_poster_w</width>
                <include>Animation_Left_Delay</include>
                <control type="group">
                    <include>Dimension_Info</include>
                    <include content="Object_BigPoster">
                        <param name="icon" value="$VAR[Image_ContextPoster]" />
                        <param name="diffuse" value="diffuse/poster_w544_h800.png" />
                        <visible>$EXP[Exp_ContextMenu_HasPoster]</visible>
                    </include>
                    <include content="Object_BigPoster">
                        <param name="aspectratio" value="keep" />
                        <param name="diffuse" value="diffuse/square_w544_h544.png" />
                        <height>544</height>
                        <visible>!$EXP[Exp_ContextMenu_HasPoster]</visible>
                    </include>
                </control>
            </control>

            <include content="Dialog_Info_RightSide">
                <control type="group">
                    <visible>!Window.IsActive(1120)</visible>
                    <include>Animation_DialogInfo_Recommendations</include>
                    <include content="Object_Include" condition="!Skin.String(DividerStyle,Split)">
                        <left>-80</left>
                    </include>

                    <!-- Info -->
                    <control type="group">
                        <visible>!Control.HasFocus(61)</visible>
                        <include>Dimension_Info</include>
                        <visible>!Control.HasFocus(7001) | !Player.HasVideo</visible>
                        <include content="Info_Panel">
                            <param name="ratings" value="!String.IsEmpty(Window(home).Property(TMDbHelper.ListItem.TMDb_Rating)) | !String.IsEmpty(Window(home).Property(TMDbHelper.ListItem.Trakt_Rating)) | !String.IsEmpty(Window(home).Property(TMDbHelper.ListItem.IMDb_Rating)) | !String.IsEmpty(Window(Home).Property(TMDbHelper.ListItem.Status))" />
                            <param name="plotheight" value="info_plot_large_h" />
                        </include>
                        <control type="group">
                            <top>360</top>
                            <height>80</height>
                            <include content="Object_Control">
                                <param name="control" value="grouplist" />
                                <param name="id" value="5000" />
                                <left>-40</left>
                                <itemgap>-60</itemgap>
                                <orientation>horizontal</orientation>
                                <height>256</height>
                                <centertop>50%</centertop>
                                <onleft>noop</onleft>
                                <onright condition="!Integer.IsEqual(Container(9000).NumItems,0)">SetFocus(9000)</onright>
                                <onright condition="Integer.IsEqual(Container(9000).NumItems,0)">noop</onright>

                                <!-- Property to reset textbox scroll position -->
                                <onup condition="String.IsEmpty(Window(Home).Property(ResetScroll))">SetProperty(ResetScroll," ",home)</onup>
                                <onup condition="!String.IsEmpty(Window(Home).Property(ResetScroll))">ClearProperty(ResetScroll,home)</onup>
                                <onup>61</onup>

                                <ondown>7002</ondown>
                                <include>Items_DialogPVRInfo_MenuBar</include>
                            </include>
                        </control>
                        <include content="Dialog_VideoInfoDetails">
                            <top>480</top>
                        </include>
                    </control>

                    <!-- Trailer -->
                    <include>Dialog_VideoInfoTrailer</include>

                    <!-- Plot Box -->
                    <include>Dialog_VideoInfoPlotBox</include>

                    <!-- Codecs -->
                    <control type="group">
                        <visible>!Control.HasFocus(7001) | !Player.HasVideo</visible>
                        <include>Furniture_Bottom</include>
                    </control>
                </control>
            </include>

            <include>Furniture_Top_Left</include>
        </control>

        <control type="group">
            <visible>!Window.IsVisible(1120)</visible>
            <include>Furniture_Top_Right</include>
        </control>

        <include content="Object_Options_Menu">
            <param name="grouplist_items" value="Items_DialogPVRInfo_Options" />
            <param name="visible" value="!$EXP[Exp_OverlayDialogs]" />
            <param name="onback" value="5000" />
        </include>

        <include>Dialog_VideoInfoTrailerFullscreen</include>
        <include>Dialog_VideoInfoRecommendationsButton</include>
    </controls>
</window>