<?xml version="1.0" encoding="UTF-8"?>
<includes>

    <include name="Dimension_Dialog_Body_Group">
        <top>20</top>
        <left>20</left>
        <right>140</right>
        <bottom>20</bottom>
    </include>

    <include name="Dimension_UpNext">
        <left>view_side</left>
        <top>view_pad</top>
    </include>

    <include name="Dimension_ClockShadow">
        <width>1200</width>
        <height>280</height>
        <centertop>80</centertop>
        <centerright>160</centerright>
    </include>

    <include name="Dimension_HeaderTitleShadow">
        <width>1600</width>
        <height>280</height>
        <centertop>80</centertop>
        <centerleft>200</centerleft>
    </include>

    <include name="Dimension_View">
        <left>view_pad</left>
        <right>view_pad</right>
        <top>view_top</top>
        <bottom>view_top</bottom>
    </include>

    <include name="Dimension_Furniture">
        <left>view_side</left>
        <right>view_pad</right>
        <height>view_bar</height>
    </include>

    <include name="Dimension_Topbar">
        <include>Dimension_Furniture</include>
        <top>view_pad</top>
    </include>

    <include name="Dimension_Bottombar">
        <include>Dimension_Furniture</include>
        <bottom>view_pad</bottom>
    </include>

    <include name="Dimension_Padding">
        <left>$PARAM[pad]</left>
        <right>$PARAM[pad]</right>
        <top>$PARAM[pad]</top>
        <bottom>$PARAM[pad]</bottom>
    </include>

    <include name="Dimension_SmartPlaylist">
        <centerleft>50%</centerleft>
        <centertop>50%</centertop>
        <width>1200</width>
        <height>320</height>
    </include>

    <include name="Dimension_DialogKeyboard">
        <centerleft>50%</centerleft>
        <bottom>40</bottom>
        <width>keyboard_w</width>
        <height>keyboard_h</height>
    </include>

    <include name="Dimension_DialogNumeric">
        <bottom>40</bottom>
        <width>520</width>
        <centerleft>50%</centerleft>
        <height>600</height>
    </include>

    <include name="Dimension_DialogConfirm">
        <centerleft>50%</centerleft>
        <bottom>40</bottom>
        <height>400</height>
        <width>1120</width>
    </include>

    <include name="Dimension_Info">
        <left>view_side</left>
        <right>view_pad</right>
        <top>view_top</top>
        <bottom>view_top</bottom>
    </include>

    <include name="Dimension_DialogSelect_OSD">
        <bottom>200</bottom>
        <left>view_pad</left>
        <right>view_pad</right>
        <height>560</height>
    </include>
    <include name="Dimension_DialogSelect">
        <centerleft>50%</centerleft>
        <width>1360</width>
        <height>dialog_tall_h</height>
        <centertop>dialog_tall_centertop</centertop>
    </include>

    <include name="Dimension_DialogSkinShortcuts_FullscreenWidget">
        <centerleft>50%</centerleft>
        <width>1080</width>
        <height>640</height>
        <centertop>dialog_tall_centertop</centertop>
    </include>

    <include name="Dimension_DialogSource">
        <centerleft>50%</centerleft>
        <width>1440</width>
        <height>800</height>
        <centertop>dialog_tall_centertop</centertop>
    </include>

    <include name="Dimension_DialogPVRGuideSearch">
        <centerleft>50%</centerleft>
        <width>1600</width>
        <height>dialog_tall_h</height>
        <centertop>dialog_tall_centertop</centertop>
    </include>

    <include name="Dimension_DialogColors">
        <centerleft>50%</centerleft>
        <width>1600</width>
        <height>dialog_tall_h</height>
        <centertop>dialog_tall_centertop</centertop>
    </include>

    <include name="Dimension_Favourites">
        <top>160</top>
        <bottom>40</bottom>
        <right>40</right>
        <width>1000</width>
    </include>

    <include name="Dimension_DialogFullMenu">
        <left>dialog_full_side</left>
        <right>0</right>
        <top>0</top>
        <bottom>0</bottom>
    </include>

    <include name="Dimension_DialogWideMenu">
        <width>1000</width>
        <right>0</right>
        <top>0</top>
        <bottom>0</bottom>
    </include>

    <include name="Dimension_DialogSideMenu">
        <width>760</width>
        <right>0</right>
        <top>0</top>
        <bottom>0</bottom>
    </include>

    <include name="Dimension_DialogHomeMenu">
        <width>840</width>
        <right>0</right>
        <top>0</top>
        <bottom>0</bottom>
    </include>

    <include name="Dimension_FurnitureBusy_Mini">
        <top>60</top>
        <right>60</right>
    </include>

</includes>
