<?xml version="1.0" encoding="UTF-8"?>
<includes>

    <variable name="Path_SearchFilter_Node">
        <value condition="[String.IsEqual(Window.Property(SearchDiscover.FilterLabel),Genre) + String.IsEmpty(Window.Property(SearchDiscover.GenreLabel))] | [String.IsEqual(Window.Property(SearchDiscover.FilterLabel),Studio) + String.IsEmpty(Window.Property(SearchDiscover.StudioLabel))] | [String.IsEqual(Window.Property(SearchDiscover.FilterLabel),Director) + String.IsEmpty(Window.Property(SearchDiscover.DirectorLabel))]">plugin://script.skinvariables/?info=get_container_labels&amp;containers=5081+5082&amp;infolabel=$INFO[Window.Property(SearchDiscover.FilterLabel)]&amp;numitems=$INFO[Container(5081).NumItems]_$INFO[Container(5082).NumItems]</value>
        <value>plugin://script.skinvariables/?info=get_container_labels&amp;containers=5081+5082&amp;infolabel=$INFO[Window.Property(SearchDiscover.FilterLabel)]&amp;numitems=0_0</value>
    </variable>

    <variable name="Path_MediaFilter_Node">
        <value condition="!String.IsEmpty(Window.Property(MediaFilterNode)) + !String.IsEmpty(Window.Property(MediaFilterName))">plugin://script.skinvariables/?info=get_filter_dir$INFO[Control.GetLabel(20019).index(1),&amp;filter_key=title&amp;filter_value=,]&amp;&amp;$INFO[Window.Property(MediaFilterNode)]</value>
        <value condition="!String.IsEmpty(Window.Property(MediaFilterNode))">$INFO[Window.Property(MediaFilterNode)]</value>
    </variable>

    <variable name="Path_Search_ItemCountSum">
        <value condition="Skin.HasSetting(Search.EnableDiscover)">plugin://script.skinvariables/?info=get_number_sum&amp;expression=0$INFO[Container(5081).NumItems,+,]$INFO[Container(5082).NumItems,+,]</value>
        <value>plugin://script.skinvariables/?info=get_number_sum&amp;expression=0$INFO[Container(5001).NumItems,+,]$INFO[Container(5002).NumItems,+,]$INFO[Container(5003).NumItems,+,]$INFO[Container(5004).NumItems,+,]$INFO[Container(5005).NumItems,+,]$INFO[Container(5006).NumItems,+,]$INFO[Container(5007).NumItems,+,]$INFO[Container(5008).NumItems,+,]$INFO[Container(5009).NumItems,+,]$INFO[Container(5010).NumItems,+,]$INFO[Container(5011).NumItems,+,]$INFO[Container(5012).NumItems,+,]$INFO[Container(5013).NumItems,+,]$INFO[Container(5014).NumItems,+,]$INFO[Container(5015).NumItems,+,]$INFO[Container(5016).NumItems,+,]$INFO[Container(5017).NumItems,+,]$INFO[Container(5018).NumItems,+,]$INFO[Container(5019).NumItems,+,]$INFO[Container(5020).NumItems,+,]</value>
    </variable>

    <variable name="Path_Hub_WidgetOnly_Content">
        <value condition="Window.IsVisible(1101)">$INFO[Skin.String(skinshortcuts-moviemenu-widgetPath)]</value>
        <value condition="Window.IsVisible(1102)">$INFO[Skin.String(skinshortcuts-tvshowmenu-widgetPath)]</value>
        <value condition="Window.IsVisible(1103)">$INFO[Skin.String(skinshortcuts-musicmenu-widgetPath)]</value>
        <value condition="Window.IsVisible(1104)">$INFO[Skin.String(skinshortcuts-pvrmenu-widgetPath)]</value>
        <value condition="Window.IsVisible(1106)">$INFO[Skin.String(skinshortcuts-custom01menu-widgetPath)]</value>
        <value condition="Window.IsVisible(1107)">$INFO[Skin.String(skinshortcuts-custom02menu-widgetPath)]</value>
        <value condition="Window.IsVisible(1108)">$INFO[Skin.String(skinshortcuts-custom03menu-widgetPath)]</value>
        <value condition="Window.IsVisible(1109)">$INFO[Skin.String(skinshortcuts-custom04menu-widgetPath)]</value>
    </variable>

    <variable name="Path_Hub_Content">
        <value condition="!String.IsEmpty(Window.Property(SpecialFolderPath))">$INFO[Window.Property(SpecialFolderPath)]</value>
        <value>$VAR[Path_Hub_WidgetOnly_Content]</value>
    </variable>

    <variable name="Path_Hub_Content_Poster">
        <value condition="String.IsEqual(Window.Property(SpecialFolderStyle),Poster)">$VAR[Path_Hub_Content]</value>
        <value>-</value>
    </variable>

    <variable name="Path_Hub_Content_Landscape">
        <value condition="!String.IsEqual(Window.Property(SpecialFolderStyle),Square) + !String.IsEqual(Window.Property(SpecialFolderStyle),Poster)">$VAR[Path_Hub_Content]</value>
        <value>-</value>
    </variable>

    <variable name="Path_Hub_Content_Square">
        <value condition="String.IsEqual(Window.Property(SpecialFolderStyle),Square)">$VAR[Path_Hub_Content]</value>
        <value>-</value>
    </variable>

    <variable name="Path_Hub_WidgetOnly_Target">
        <value condition="Window.IsVisible(1101) + !String.IsEmpty(Skin.String(skinshortcuts-moviemenu-widgetTarget))">$INFO[Skin.String(skinshortcuts-moviemenu-widgetTarget)]</value>
        <value condition="Window.IsVisible(1102) + !String.IsEmpty(Skin.String(skinshortcuts-tvshowmenu-widgetTarget))">$INFO[Skin.String(skinshortcuts-tvshowmenu-widgetTarget)]</value>
        <value condition="Window.IsVisible(1103) + !String.IsEmpty(Skin.String(skinshortcuts-musicmenu-widgetTarget))">$INFO[Skin.String(skinshortcuts-musicmenu-widgetTarget)]</value>
        <value condition="Window.IsVisible(1104) + !String.IsEmpty(Skin.String(skinshortcuts-pvrmenu-widgetTarget))">$INFO[Skin.String(skinshortcuts-pvrmenu-widgetTarget)]</value>
        <value condition="Window.IsVisible(1106) + !String.IsEmpty(Skin.String(skinshortcuts-custom01menu-widgetTarget))">$INFO[Skin.String(skinshortcuts-custom01menu-widgetTarget)]</value>
        <value condition="Window.IsVisible(1107) + !String.IsEmpty(Skin.String(skinshortcuts-custom02menu-widgetTarget))">$INFO[Skin.String(skinshortcuts-custom02menu-widgetTarget)]</value>
        <value condition="Window.IsVisible(1108) + !String.IsEmpty(Skin.String(skinshortcuts-custom03menu-widgetTarget))">$INFO[Skin.String(skinshortcuts-custom03menu-widgetTarget)]</value>
        <value condition="Window.IsVisible(1109) + !String.IsEmpty(Skin.String(skinshortcuts-custom04menu-widgetTarget))">$INFO[Skin.String(skinshortcuts-custom04menu-widgetTarget)]</value>
        <value>$VAR[Path_Hub_Target]</value>
    </variable>

    <variable name="Path_Hub_Target">
        <value condition="Window.IsVisible(1101)">videos</value>
        <value condition="Window.IsVisible(1102)">videos</value>
        <value condition="Window.IsVisible(1103)">music</value>
        <value condition="Window.IsVisible(1104)">tvguide</value>
        <value>videos</value>
    </variable>

    <variable name="Path_DiscoverWidgets_Base">
        <value>plugin://plugin.video.themoviedb.helper/?info=discover&amp;with_separator=AND&amp;with_id=True$VAR[Path_Param_Widget]$INFO[Control.GetLabel(9099).index(1),&amp;with_text_query=,]$INFO[Window.Property(SearchDiscover.ProviderID),&amp;with_watch_providers=,]$INFO[Window.Property(SearchDiscover.CastID),&amp;with_cast=,]$INFO[Window.Property(SearchDiscover.CrewID),&amp;with_crew=,]$INFO[Window.Property(SearchDiscover.PeopleID),&amp;with_people=,]$INFO[Window.Property(SearchDiscover.KeywordID),&amp;with_keywords=,]$VAR[Path_DiscoverWidgets_VoteLow,&amp;vote_count.gte=,]$VAR[Path_DiscoverWidgets_VoteHigh,&amp;vote_count.lte=,]$VAR[Path_DiscoverWidgets_RatingLow,&amp;vote_average.gte=,]$VAR[Path_DiscoverWidgets_RatingHigh,&amp;vote_average.lte=,]</value>
    </variable>

    <variable name="Path_DiscoverWidgets_YearLow">
        <value condition="!String.IsEmpty(Window.Property(SearchDiscover.YearLow))">$INFO[Window.Property(SearchDiscover.YearLow)]</value>
    </variable>

    <variable name="Path_DiscoverWidgets_YearHigh">
        <value condition="!String.IsEmpty(Window.Property(SearchDiscover.YearHigh))">$INFO[Window.Property(SearchDiscover.YearHigh)]</value>
    </variable>

    <variable name="Path_DiscoverWidgets_VoteLow">
        <value condition="!String.IsEmpty(Skin.String(SearchDiscover.VoteLow))">$INFO[Skin.String(SearchDiscover.VoteLow)]</value>
    </variable>

    <variable name="Path_DiscoverWidgets_VoteHigh">
        <value condition="!String.IsEmpty(Skin.String(SearchDiscover.VoteHigh))">$INFO[Skin.String(SearchDiscover.VoteHigh)]</value>
    </variable>

    <variable name="Path_DiscoverWidgets_RatingLow">
        <value condition="!String.IsEmpty(Window.Property(SearchDiscover.RatingLow))">$INFO[Window.Property(SearchDiscover.RatingLow)]</value>
    </variable>

    <variable name="Path_DiscoverWidgets_RatingHigh">
        <value condition="!String.IsEmpty(Window.Property(SearchDiscover.RatingHigh))">$INFO[Window.Property(SearchDiscover.RatingHigh)]</value>
    </variable>

    <variable name="Path_DiscoverWidgets_FilmSort">
        <value condition="!String.IsEmpty(Window.Property(SearchDiscover.FilmSort))">$INFO[Window.Property(SearchDiscover.FilmSort)]</value>
        <value>popularity.desc</value>
    </variable>

    <variable name="Path_DiscoverWidgets_ShowSort">
        <value condition="!String.IsEmpty(Window.Property(SearchDiscover.ShowSort))">$INFO[Window.Property(SearchDiscover.ShowSort)]</value>
        <value>popularity.desc</value>
    </variable>

    <variable name="Path_DiscoverWidgets_SortBy">
        <value condition="Skin.HasSetting(Search.LibraryDiscover) + !String.IsEmpty(Window.Property(SearchDiscover.SortBy))">$INFO[Window.Property(SearchDiscover.SortBy)]</value>
        <value condition="Skin.HasSetting(Search.LibraryDiscover)">title</value>
    </variable>
    <variable name="Path_DiscoverWidgets_SortOrder">
        <value condition="Skin.HasSetting(Search.LibraryDiscover)">$INFO[Window.Property(SearchDiscover.SortOrder)]</value>
    </variable>
    <variable name="Path_DiscoverWidgets_ItemLimit">
        <value condition="Skin.HasSetting(Search.LibraryDiscover)">$INFO[Skin.String(SearchDiscover.ItemLimit)]</value>
    </variable>

    <variable name="Path_DiscoverWidgets_Film">
        <value condition="Skin.HasSetting(Search.LibraryDiscover)">plugin://script.skinvariables/?info=get_filter_dir&amp;library=video$INFO[Control.GetLabel(9099).index(1),&amp;filter_key__title=title&amp;filter_value__title=,]$INFO[Window.Property(SearchDiscover.GenreLabel),&amp;filter_key__genre=genre&amp;filter_value__genre=,]$INFO[Window.Property(SearchDiscover.StudioLabel),&amp;filter_key__studio=studio&amp;filter_value__studio=,]$INFO[Window.Property(SearchDiscover.DirectorLabel),&amp;filter_key__director=director&amp;filter_value__director=,]$INFO[Window.Property(SearchDiscover.WriterLabel),&amp;filter_key__writer=writer&amp;filter_value__writer=,]$INFO[Window.Property(SearchDiscover.CountryLabel),&amp;filter_key__country=country&amp;filter_value__country=,]$INFO[Window.Property(SearchDiscover.YearLow),&amp;filter_key__yearlow=year&amp;filter_operator__yearlow=ge&amp;filter_value__yearlow=,]$INFO[Window.Property(SearchDiscover.YearHigh),&amp;filter_key__yearhigh=year&amp;filter_operator__yearhigh=le&amp;filter_value__yearhigh=,]$INFO[Window.Property(SearchDiscover.RatingLow),&amp;filter_key__ratinglow=rating&amp;filter_operator__ratinglow=ge&amp;filter_value__ratinglow=,]$INFO[Window.Property(SearchDiscover.RatingHigh),&amp;filter_key__ratinghigh=rating&amp;filter_operator__ratinghigh=le&amp;filter_value__ratinghigh=,]&amp;&amp;videodb://movies/titles</value>

        <value condition="!Skin.HasSetting(Search.LibraryDiscover)">$VAR[Path_DiscoverWidgets_Base,,&amp;tmdb_type=movie&amp;length=2]$VAR[Path_DiscoverWidgets_FilmSort,&amp;sort_by=,]$VAR[Path_DiscoverWidgets_YearLow,&amp;primary_release_date.gte=,]$VAR[Path_DiscoverWidgets_YearHigh,&amp;primary_release_date.lte=,]$INFO[Window.Property(SearchDiscover.FilmGenreID),&amp;with_genres=,]</value>
        <value>-</value>
    </variable>

    <variable name="Path_DiscoverWidgets_Show">
        <value condition="Skin.HasSetting(Search.LibraryDiscover) + String.IsEmpty(Window.Property(SearchDiscover.DirectorLabel))">plugin://script.skinvariables/?info=get_filter_dir&amp;library=video$INFO[Control.GetLabel(9099).index(1),&amp;filter_key__title=title&amp;filter_value__title=,]$INFO[Window.Property(SearchDiscover.GenreLabel),&amp;filter_key__genre=genre&amp;filter_value__genre=,]$INFO[Window.Property(SearchDiscover.StudioLabel),&amp;filter_key__studio=studio&amp;filter_value__studio=,]$INFO[Window.Property(SearchDiscover.CountryLabel),&amp;filter_key__country=country&amp;filter_value__country=,]$INFO[Window.Property(SearchDiscover.YearLow),&amp;filter_key__yearlow=year&amp;filter_operator__yearlow=ge&amp;filter_value__yearlow=,]$INFO[Window.Property(SearchDiscover.YearHigh),&amp;filter_key__yearhigh=year&amp;filter_operator__yearhigh=le&amp;filter_value__yearhigh=,]$INFO[Window.Property(SearchDiscover.RatingLow),&amp;filter_key__ratinglow=rating&amp;filter_operator__ratinglow=ge&amp;filter_value__ratinglow=,]$INFO[Window.Property(SearchDiscover.RatingHigh),&amp;filter_key__ratinghigh=rating&amp;filter_operator__ratinghigh=le&amp;filter_value__ratinghigh=,]&amp;&amp;videodb://tvshows/titles</value>

        <value condition="!Skin.HasSetting(Search.LibraryDiscover) + String.IsEmpty(Window.Property(SearchDiscover.CastID)) + String.IsEmpty(Window.Property(SearchDiscover.CrewID))">$VAR[Path_DiscoverWidgets_Base,,&amp;tmdb_type=tv&amp;length=2]$VAR[Path_DiscoverWidgets_ShowSort,&amp;sort_by=,]$VAR[Path_DiscoverWidgets_YearLow,&amp;first_air_date.gte=,]$VAR[Path_DiscoverWidgets_YearHigh,&amp;first_air_date.lte=,]$INFO[Window.Property(SearchDiscover.ShowGenreID),&amp;with_genres=,]</value>
        <value>-</value>
    </variable>

    <variable name="Path_PersonSearch">
        <value condition="!String.IsEmpty(Control.GetLabel(8001).index(1))">plugin://plugin.video.themoviedb.helper/?info=search&amp;tmdb_type=person&amp;query=$INFO[Control.GetLabel(8001).index(1)]$VAR[Path_Param_Widget]</value>
        <value>plugin://plugin.video.themoviedb.helper/?info=trending_week&amp;tmdb_type=person$VAR[Path_Param_Widget]</value>
    </variable>

    <variable name="Path_KeywordSearch">
        <value condition="!String.IsEmpty(Control.GetLabel(8001).index(1))">plugin://plugin.video.themoviedb.helper/?info=search&amp;tmdb_type=keyword&amp;query=$INFO[Control.GetLabel(8001).index(1)]$VAR[Path_Param_Widget]</value>
        <value>plugin://plugin.video.themoviedb.helper/?info=all_items&amp;tmdb_type=keyword$VAR[Path_Param_Widget]&amp;sort_by=random</value>
    </variable>

    <variable name="Path_SearchTerm">
        <value condition="!Control.HasFocus(9099) + !String.IsEmpty(Window.Property(SearchTerm))">$INFO[Window.Property(SearchTerm)]</value>
        <value>$INFO[Control.GetLabel(9099).index(1)]</value>
    </variable>

    <variable name="Path_Search_Filter">
        <value condition="!String.IsEmpty(Control.GetLabel(9003).index(1))">$INFO[Control.GetLabel(9003).index(1),&amp;filter_key=year&amp;filter_value=,]</value>
        <value condition="!String.IsEmpty(Control.GetLabel(9004).index(1))">$INFO[Control.GetLabel(9004).index(1),&amp;filter_key=genre&amp;filter_value=,]</value>
    </variable>

    <variable name="Path_Discover_Content">
        <value condition="String.IsEqual(Container(55).ListItemAbsolute(0).FolderPath,plugin://plugin.video.themoviedb.helper/?info=discover&amp;tmdb_type=movie&amp;with_id=True)">plugin://plugin.video.themoviedb.helper/?info=discover&amp;tmdb_type=movie&amp;with_id=True&amp;sort_by=popularity.desc</value>
        <value condition="String.IsEqual(Container(55).ListItemAbsolute(0).FolderPath,plugin://plugin.video.themoviedb.helper/?info=discover&amp;tmdb_type=tv&amp;with_id=True)">plugin://plugin.video.themoviedb.helper/?info=discover&amp;tmdb_type=tv&amp;with_id=True&amp;sort_by=popularity.desc</value>
        <value>$INFO[Container(55).ListItemAbsolute(0).FolderPath]</value>
    </variable>

    <variable name="Path_Param_Widget">
        <value>&amp;nextpage=false&amp;fanarttv=false&amp;cacheonly=true&amp;length=1</value>
    </variable>

    <variable name="Path_Param_Query">
        <value condition="[String.IsEqual(Container(99950).ListItem.DBType,movie) | String.IsEqual(Container(99950).ListItem.DBType,tvshow)] + !String.IsEmpty(Container(99950).ListItem.Property(tmdb_id))">&amp;tmdb_id=$INFO[Container(99950).ListItem.Property(tmdb_id)]</value>
        <value condition="[String.IsEqual(Container(99950).ListItem.DBType,season) | String.IsEqual(Container(99950).ListItem.DBType,episode)] + !String.IsEmpty(Container(99950).ListItem.Property(tvshow.tmdb_id))">&amp;tmdb_id=$INFO[Container(99950).ListItem.Property(tvshow.tmdb_id)]</value>
        <value condition="[String.IsEqual(ListItem.DBType,movie) | String.IsEqual(ListItem.DBType,tvshow)] + !String.IsEmpty(ListItem.UniqueID(tmdb))">&amp;tmdb_id=$INFO[ListItem.UniqueID(tmdb)]</value>
        <value condition="[String.IsEqual(ListItem.DBType,season) | String.IsEqual(ListItem.DBType,episode)] + !String.IsEmpty(ListItem.UniqueID(tvshow.tmdb))">&amp;tmdb_id=$INFO[ListItem.UniqueID(tvshow.tmdb)]</value>
        <value condition="String.IsEqual(ListItem.DBType,movie) + !String.IsEmpty(ListItem.Property(imdb_id))">&amp;imdb_id=$INFO[ListItem.Property(imdb_id)]</value>
        <value condition="String.IsEqual(ListItem.DBType,movie) + !String.IsEmpty(ListItem.IMDBNumber) + String.StartsWith(ListItem.IMDBNumber,tt)">&amp;imdb_id=$INFO[ListItem.IMDBNumber]</value>
        <value condition="[String.IsEqual(ListItem.DBType,season) | String.IsEqual(ListItem.DBType,episode)] + !String.IsEmpty(ListItem.TvShowTitle)">&amp;query=$INFO[ListItem.TvShowTitle]$INFO[ListItem.Year,&amp;episode_year=,]</value>
        <value condition="[String.IsEqual(ListItem.DBType,movie) | String.IsEqual(ListItem.DBType,season) | String.IsEqual(ListItem.DBType,episode)] + !String.IsEmpty(ListItem.Title)">&amp;query=$INFO[ListItem.Title]$INFO[ListItem.Year,&amp;year=,]</value>
        <value condition="[String.IsEqual(ListItem.DBType,movie) | String.IsEqual(ListItem.DBType,season) | String.IsEqual(ListItem.DBType,episode)]">$INFO[ListItem.Label,&amp;query=,]</value>
    </variable>

    <variable name="Path_Param_Type">
        <value condition="String.IsEqual(Container(99950).ListItem.DBType,movie)">type=movie</value>
        <value condition="String.IsEqual(Container(99950).ListItem.DBType,tvshow) | String.IsEqual(Container(99950).ListItem.DBType,season) | String.IsEqual(Container(99950).ListItem.DBType,episode)">type=tv</value>
        <value condition="String.IsEqual(ListItem.DBType,movie)">type=movie</value>
        <value condition="String.IsEqual(ListItem.DBType,tvshow) | String.IsEqual(ListItem.DBType,season) | String.IsEqual(ListItem.DBType,episode)">type=tv</value>
        <value condition="$EXP[Exp_IsPersonInfo]">type=person</value>
    </variable>

    <variable name="Path_Param_Number">
        <value condition="String.IsEqual(ListItem.DBType,episode) + !String.IsEmpty(ListItem.Season) + !String.IsEmpty(ListItem.Episode)">&amp;season=$INFO[ListItem.Season]&amp;episode=$INFO[ListItem.Episode]</value>
        <value condition="String.IsEqual(ListItem.DBType,season) + !String.IsEmpty(ListItem.Season)">&amp;season=$INFO[ListItem.Season]</value>
    </variable>

    <variable name="Path_OSD_Episodes">
        <value condition="!Integer.IsEqual(VideoPlayer.PlaylistLength,1) + !Integer.IsEqual(VideoPlayer.PlaylistLength,0) + Integer.IsLess(VideoPlayer.PlaylistPosition,VideoPlayer.PlaylistLength)">playlistvideo://?reload=$INFO[VideoPlayer.Season,,_]$INFO[VideoPlayer.Episode]</value>
        <value condition="VideoPlayer.Content(episodes) + !String.IsEmpty(VideoPlayer.TvShowDBID) + !String.IsEmpty(VideoPlayer.Season)">videodb://tvshows/titles/$INFO[VideoPlayer.TvShowDBID]/$INFO[VideoPlayer.Season]/?tvshowid=$INFO[VideoPlayer.TvShowDBID]</value>
        <value condition="VideoPlayer.Content(episodes)">plugin://plugin.video.themoviedb.helper/?info=episodes&amp;type=tv$INFO[VideoPlayer.TVShowTitle,&amp;query=,]$INFO[VideoPlayer.Season,&amp;season=,]$VAR[Path_Param_Widget]</value>
    </variable>

    <variable name="Path_OSD_Cast">
        <value condition="VideoPlayer.Content(movies) + !String.IsEmpty(VideoPlayer.IMDBNumber) + String.StartsWith(VideoPlayer.IMDBNumber,tt)">plugin://plugin.video.themoviedb.helper/?info=cast&amp;type=movie$INFO[VideoPlayer.IMDBNumber,&amp;imdb_id=,]</value>
        <value condition="VideoPlayer.Content(movies)">plugin://plugin.video.themoviedb.helper/?info=cast&amp;type=movie$INFO[Player.Title,&amp;query=,]$INFO[VideoPlayer.Year,&amp;year=,]</value>
        <value condition="VideoPlayer.Content(episodes)">plugin://plugin.video.themoviedb.helper/?info=cast&amp;type=tv$INFO[VideoPlayer.TVShowTitle,&amp;query=,]$INFO[VideoPlayer.Season,&amp;season=,]$INFO[VideoPlayer.Episode,&amp;episode=,]$INFO[VideoPlayer.Year,&amp;episode_year=,]</value>
    </variable>

    <variable name="Path_OSD_NextRecommendation">
        <value condition="VideoPlayer.Content(movies) + !String.IsEmpty(VideoPlayer.IMDBNumber) + String.StartsWith(VideoPlayer.IMDBNumber,tt)">plugin://plugin.video.themoviedb.helper/?info=next_recommendation&amp;type=movie$INFO[VideoPlayer.IMDBNumber,&amp;imdb_id=,]</value>
        <value condition="VideoPlayer.Content(movies)">plugin://plugin.video.themoviedb.helper/?info=next_recommendation&amp;type=movie$INFO[Player.Title,&amp;query=,]$INFO[VideoPlayer.Year,&amp;year=,]</value>
        <value condition="VideoPlayer.Content(episodes)">plugin://plugin.video.themoviedb.helper/?info=next_recommendation&amp;type=tv$INFO[VideoPlayer.TVShowTitle,&amp;query=,]$INFO[VideoPlayer.Season,&amp;season=,]$INFO[VideoPlayer.Episode,&amp;episode=,]$INFO[VideoPlayer.Year,&amp;episode_year=,]</value>
    </variable>

    <variable name="Path_FromStudio">
        <value condition="!String.IsEmpty(Container(99950).ListItem.Property(Network.1.TMDb_ID))">$INFO[Container(99950).ListItem.Property(Network.1.TMDb_ID),&amp;type=tv&amp;with_networks=,&amp;with_id=True]</value>
        <value condition="!String.IsEmpty(Container(99950).ListItem.Property(Network.2.TMDb_ID))">$INFO[Container(99950).ListItem.Property(Network.2.TMDb_ID),&amp;type=tv&amp;with_networks=,&amp;with_id=True]</value>
        <value condition="!String.IsEmpty(Container(99950).ListItem.Property(Network.3.TMDb_ID))">$INFO[Container(99950).ListItem.Property(Network.3.TMDb_ID),&amp;type=tv&amp;with_networks=,&amp;with_id=True]</value>
        <value condition="!String.IsEmpty(Container(99950).ListItem.Property(Studio.1.TMDb_ID))">$INFO[Container(99950).ListItem.Property(Studio.1.TMDb_ID),&amp;type=movie&amp;with_companies=,&amp;with_id=True]</value>
        <value condition="!String.IsEmpty(Container(99950).ListItem.Property(Studio.2.TMDb_ID))">$INFO[Container(99950).ListItem.Property(Studio.2.TMDb_ID),&amp;type=movie&amp;with_companies=,&amp;with_id=True]</value>
        <value condition="!String.IsEmpty(Container(99950).ListItem.Property(Studio.3.TMDb_ID))">$INFO[Container(99950).ListItem.Property(Studio.3.TMDb_ID),&amp;type=movie&amp;with_companies=,&amp;with_id=True]</value>
    </variable>

    <variable name="Path_FromCreator">
        <value condition="!String.IsEmpty(Container(99950).ListItem.Property(Creator.1.TMDb_ID))">$INFO[Container(99950).ListItem.Property(Creator.1.TMDb_ID),&amp;tmdb_id=,]</value>
        <value condition="!String.IsEmpty(Container(99950).ListItem.Property(Creator.2.TMDb_ID))">$INFO[Container(99950).ListItem.Property(Creator.2.TMDb_ID),&amp;tmdb_id=,]</value>
        <value condition="!String.IsEmpty(Container(99950).ListItem.Property(Creator.3.TMDb_ID))">$INFO[Container(99950).ListItem.Property(Creator.3.TMDb_ID),&amp;tmdb_id=,]</value>
    </variable>

    <variable name="Path_FromWriter">
        <value condition="!String.IsEmpty(Container(99950).ListItem.Property(Writer.1.TMDb_ID)) + !String.IsEmpty(Container(99950).ListItem.Property(Writer.1.job)) + String.IsEqual(Container(99950).ListItem.Property(Writer.1.job),Screenplay)">$INFO[Container(99950).ListItem.Property(Writer.1.TMDb_ID),&amp;tmdb_id=,]</value>
        <value condition="!String.IsEmpty(Container(99950).ListItem.Property(Writer.2.TMDb_ID)) + !String.IsEmpty(Container(99950).ListItem.Property(Writer.2.job)) + String.IsEqual(Container(99950).ListItem.Property(Writer.2.job),Screenplay)">$INFO[Container(99950).ListItem.Property(Writer.2.TMDb_ID),&amp;tmdb_id=,]</value>
        <value condition="!String.IsEmpty(Container(99950).ListItem.Property(Writer.3.TMDb_ID)) + !String.IsEmpty(Container(99950).ListItem.Property(Writer.3.job)) + String.IsEqual(Container(99950).ListItem.Property(Writer.3.job),Screenplay)">$INFO[Container(99950).ListItem.Property(Writer.3.TMDb_ID),&amp;tmdb_id=,]</value>
        <value condition="!String.IsEmpty(Container(99950).ListItem.Property(Writer.1.TMDb_ID))">$INFO[Container(99950).ListItem.Property(Writer.1.TMDb_ID),&amp;tmdb_id=,]</value>
    </variable>
    <variable name="Path_FromDirector">
        <value condition="[!String.IsEmpty(Container(99950).ListItem.Director) | !String.IsEmpty(ListItem.Director)] + !String.IsEmpty(Container(99950).ListItem.Property(Director.1.TMDb_ID)) + !String.IsEmpty(Container(99950).ListItem.Property(Director.1.job)) + String.IsEqual(Container(99950).ListItem.Property(Director.1.job),Director)">$INFO[Container(99950).ListItem.Property(Director.1.TMDb_ID),&amp;tmdb_id=,]</value>
        <value condition="[!String.IsEmpty(Container(99950).ListItem.Director) | !String.IsEmpty(ListItem.Director)] + !String.IsEmpty(Container(99950).ListItem.Property(Director.2.TMDb_ID)) + !String.IsEmpty(Container(99950).ListItem.Property(Director.2.job)) + String.IsEqual(Container(99950).ListItem.Property(Director.2.job),Director)">$INFO[Container(99950).ListItem.Property(Director.2.TMDb_ID),&amp;tmdb_id=,]</value>
        <value condition="[!String.IsEmpty(Container(99950).ListItem.Director) | !String.IsEmpty(ListItem.Director)] + !String.IsEmpty(Container(99950).ListItem.Property(Director.3.TMDb_ID)) + !String.IsEmpty(Container(99950).ListItem.Property(Director.3.job)) + String.IsEqual(Container(99950).ListItem.Property(Director.3.job),Director)">$INFO[Container(99950).ListItem.Property(Director.3.TMDb_ID),&amp;tmdb_id=,]</value>
        <value condition="[!String.IsEmpty(Container(99950).ListItem.Director) | !String.IsEmpty(ListItem.Director)] + !String.IsEmpty(Container(99950).ListItem.Property(Director.1.TMDb_ID))">$INFO[Container(99950).ListItem.Property(Director.1.TMDb_ID),&amp;tmdb_id=,]</value>
    </variable>
    <variable name="Path_Youtube_Query">
        <value condition="[String.IsEqual(ListItem.DBType,set) | ListItem.IsCollection] + !String.IsEmpty(ListItem.Set)">$INFO[ListItem.Set]</value>
        <value condition="String.IsEqual(ListItem.DBType,movie) + !String.IsEmpty(ListItem.Title)">$INFO[ListItem.Title]$INFO[ListItem.Year, ,] Movie</value>
        <value condition="String.IsEqual(ListItem.DBType,tvshow) + !String.IsEmpty(ListItem.Title)">$INFO[ListItem.Title]$INFO[ListItem.Year, ,]</value>
        <value condition="String.IsEqual(ListItem.DBType,season) + !String.IsEmpty(ListItem.TVShowTitle)">$INFO[ListItem.TVShowTitle]$INFO[ListItem.Season, Season ,]</value>
        <value condition="String.IsEqual(ListItem.DBType,episode) + !String.IsEmpty(ListItem.Title)">$INFO[ListItem.TVShowTitle,, ]$INFO[ListItem.Title]</value>
        <value condition="[String.IsEqual(ListItem.DBType,actor) | String.IsEqual(ListItem.Property(item.type),person)] + !String.IsEmpty(ListItem.Label)">$INFO[ListItem.Label]</value>
        <value condition="String.IsEqual(ListItem.DBType,artist) + !String.IsEmpty(ListItem.AlbumArtist)">$INFO[ListItem.AlbumArtist] Music</value>
        <value condition="String.IsEqual(ListItem.DBType,artist) + !String.IsEmpty(ListItem.Artist)">$INFO[ListItem.Artist] Music</value>
        <value condition="String.IsEqual(ListItem.DBType,album) + !String.IsEmpty(ListItem.Album)">$INFO[ListItem.AlbumArtist,, ]$INFO[ListItem.Album] Music</value>
        <value condition="String.IsEqual(ListItem.DBType,song) + !String.IsEmpty(ListItem.Title) + !String.IsEmpty(ListItem.AlbumArtist)">$INFO[ListItem.AlbumArtist,, ]$INFO[ListItem.Title] Music</value>
        <value condition="String.IsEqual(ListItem.DBType,song) + !String.IsEmpty(ListItem.Title)">$INFO[ListItem.Artist,, ]$INFO[ListItem.Title] Music</value>
        <value condition="!String.IsEmpty(ListItem.TvShowTitle)">$INFO[ListItem.TvShowTitle]</value>
        <value condition="!String.IsEmpty(ListItem.AlbumArtist)">$INFO[ListItem.AlbumArtist]</value>
        <value condition="!String.IsEmpty(ListItem.Artist)">$INFO[ListItem.Artist]</value>
        <value condition="!String.IsEmpty(ListItem.Title)">$INFO[ListItem.Title]</value>
        <value condition="!String.IsEmpty(ListItem.Label)">$INFO[ListItem.Label]</value>
    </variable>

    <variable name="Path_Youtube">
        <value>$VAR[Path_Youtube_Query,plugin://plugin.video.youtube/search/?q=,&amp;search_type=notvalid]</value>
    </variable>

    <variable name="Path_Wikipedia_Title">
        <value condition="!String.IsEmpty(ListItem.TVShowTitle)">$INFO[ListItem.TVShowTitle]</value>
        <value condition="!String.IsEmpty(ListItem.Title)">$INFO[ListItem.Title]</value>
        <value>$INFO[ListItem.Label]</value>
    </variable>

    <variable name="Path_Wikipedia_Type">
        <value condition="String.IsEqual(ListItem.DBType,tvshow)">tv</value>
        <value condition="String.IsEqual(ListItem.DBType,season)">tv</value>
        <value condition="String.IsEqual(ListItem.DBType,episode)">tv</value>
        <value condition="String.IsEqual(ListItem.DBType,movie)">movie</value>
    </variable>

    <variable name="Path_ContextParams_Query">
        <value condition="!String.IsEmpty(Container(99950).ListItem.Property(base_tvshowtitle))">$INFO[Container(99950).ListItem.Property(base_tvshowtitle)]</value>
        <value condition="!String.IsEmpty(Container(99950).ListItem.Property(base_Title))">$INFO[Container(99950).ListItem.Property(base_Title)]</value>
        <value condition="!String.IsEmpty(Container(99950).ListItem.Property(base_label))">$INFO[Container(99950).ListItem.Property(base_label)]</value>
    </variable>

    <variable name="Path_ContextParams_TMDbType">
        <value condition="String.IsEqual(Container(99950).ListItem.Property(base_dbtype),tvshow)">tv</value>
        <value condition="String.IsEqual(Container(99950).ListItem.Property(base_dbtype),season)">tv</value>
        <value condition="String.IsEqual(Container(99950).ListItem.Property(base_dbtype),episode)">tv</value>
        <value condition="String.IsEqual(Container(99950).ListItem.Property(base_dbtype),movie)">movie</value>
    </variable>

    <variable name="Path_CollectionNode_Target">
        <value condition="Window.IsVisible(MyMusicNav.xml)">music</value>
        <value>videos</value>
    </variable>

    <variable name="Path_MusicOSD_TrackList">
        <value condition="!String.IsEmpty(Container(9801).ListItem.Property(folderpath))">$INFO[Container(9801).ListItem.Property(folderpath)]</value>
        <value condition="!String.IsEmpty(Container(9801).ListItem.FolderPath)">$INFO[Container(9801).ListItem.FolderPath]</value>
        <!-- <value condition="!String.IsEmpty(Container(9801).ListItem.Album)">musicdb://songs/?xsp={"rules":{"and":[{"field":"album","operator":"is","value":["$INFO[Container(9801).ListItem.Album]"]}]},"type":"songs"}</value> -->
        <value>-</value>
    </variable>

    <variable name="Path_VideoInfo_Generic">
        <value condition="!String.IsEmpty(Container(99950).ListItem.Property(TMDb_ID)) + String.IsEqual(Container(99950).ListItem.DBType,movie)">plugin://plugin.video.themoviedb.helper?tmdb_id=$INFO[Container(99950).ListItem.Property(TMDb_ID)]&amp;tmdb_type=movie$VAR[Path_Param_Widget]</value>
        <value condition="!String.IsEmpty(Container(99950).ListItem.Property(TMDb_ID)) + String.IsEqual(Container(99950).ListItem.DBType,tvshow)">plugin://plugin.video.themoviedb.helper?tmdb_id=$INFO[Container(99950).ListItem.Property(TMDb_ID)]&amp;tmdb_type=tv$VAR[Path_Param_Widget]</value>
        <value condition="!String.IsEmpty(Container(99950).ListItem.Property(TVShow.TMDb_ID)) + String.IsEqual(Container(99950).ListItem.DBType,season)">plugin://plugin.video.themoviedb.helper?tmdb_id=$INFO[Container(99950).ListItem.Property(TVShow.TMDb_ID)]&amp;tmdb_type=tv$INFO[Container(99950).ListItem.Season,&amp;season=,]$VAR[Path_Param_Widget]</value>
        <value condition="!String.IsEmpty(Container(99950).ListItem.Property(TVShow.TMDb_ID)) + String.IsEqual(Container(99950).ListItem.DBType,episode)">plugin://plugin.video.themoviedb.helper?tmdb_id=$INFO[Container(99950).ListItem.Property(TVShow.TMDb_ID)]&amp;tmdb_type=tv$INFO[Container(99950).ListItem.Season,&amp;season=,]$INFO[Container(99950).ListItem.Episode,&amp;episode=,]$VAR[Path_Param_Widget]</value>
    </variable>

</includes>
