{
    "folder": "1080i",
    "output": "script-skinvariables-generator-includes-{skinuser}.xml",
    "header": "<?xml version=\"1.0\" encoding=\"UTF-8\"?>\n<includes>",
    "footer": "</includes>",
    "buildv": "2.2.7",
    "skinid": "skin.arctic.fuse.2",
    "getnfo": {
        "default_home_window_id": "Skin.String(Hub.Home.ReplaceWindow)"
    },
    "global": {
        "parts_visible": {"template": "True"},
        "widget_include_condition": {"template": "True"},
        "widget_category_visible": {"template": "True"}
    },
    "genxml": [
        {"datafile": "generator/data/base/home_classic.xml"},
        {"datafile": "generator/data/base/hubs_complex.xml"},
        {"datafile": "generator/data/base/power_main.xml"},
        {"datafile": "generator/data/base/power_side.xml"},
        {"datafile": "generator/data/base/options_tray.xml"},
        {"datafile": "generator/data/base/side_items.xml"},
        {"datafile": "generator/data/base/side_vars.xml"},
        {"datafile": "generator/data/base/search_widgets.xml"},
        {"datafile": "generator/data/base/search_selector.xml"}
    ]
}



