<?xml version="1.0" encoding="UTF-8"?>
<window type="window" id="1107">
    <onload>SetProperty(TMDbHelper.WidgetContainer,301)</onload>
    <defaultcontrol>300</defaultcontrol>
    <menucontrol>303</menucontrol>
    <include>Action_Blur_Onload</include>
    <include>Action_Hub_Onload</include>
    <controls>

        <include content="Hub_Controls">
            <param name="window_id">1107</param>
            <param name="widgets_only">Skin.HasSetting(Hub.Custom02.DisableSubmenu)</param>
            <param name="include">skinshortcuts-template-custom02menu</param>
            <param name="categories_include">skinshortcuts-group-custom02menu</param>
            <param name="widgets_include">skinshortcuts-template-custom02widgets</param>
        </include>
    </controls>
</window>