<?xml version="1.0" encoding="UTF-8"?>
<window>
    <defaultcontrol always="true">30000</defaultcontrol>
    <include>Action_Settings_Onload</include>
    <controls>
        <include content="Object_Control">
            <param name="control" value="image" />
            <texture colordiffuse="main_bg_100">common/bg.jpg</texture>
        </include>

        <include content="Dialog_SettingsCategory_Background">
            <include content="Dialog_SettingsCategory_ChangerGroup">
                <param name="changer_onright" value="9000" />
                <include content="Dialog_SettingsCategory_LeftGroup">
                    <param name="header_label" value="$LOCALIZE[130]" />
                    <control type="grouplist" id="9000">
                        <top>row_height</top>
                        <bottom>row_height</bottom>
                        <width>dialog_category_width</width>
                        <onleft>30000</onleft>
                        <onright>9001</onright>
                        <include content="Dialog_Settings_Button">
                            <param name="id" value="94" />
                            <param name="control" value="button" />
                            <include>Texture_Highlight_Settings_ToggleButton</include>
                            <focusedcolor>$VAR[ColorSettingsToggleButtonText]</focusedcolor>
                            <width>dialog_category_width</width>
                            <label>$LOCALIZE[154]</label>
                            <description>Storage</description>
                        </include>
                        <include content="Dialog_Settings_Button">
                            <param name="id" value="95" />
                            <param name="control" value="button" />
                            <include>Texture_Highlight_Settings_ToggleButton</include>
                            <focusedcolor>$VAR[ColorSettingsToggleButtonText]</focusedcolor>
                            <width>dialog_category_width</width>
                            <label>$LOCALIZE[20037]</label>
                            <description>Summary</description>
                        </include>
                        <include content="Dialog_Settings_Button">
                            <param name="id" value="96" />
                            <param name="control" value="button" />
                            <include>Texture_Highlight_Settings_ToggleButton</include>
                            <focusedcolor>$VAR[ColorSettingsToggleButtonText]</focusedcolor>
                            <width>dialog_category_width</width>
                            <label>$LOCALIZE[705]</label>
                            <description>Network</description>
                        </include>
                        <include content="Dialog_Settings_Button">
                            <param name="id" value="97" />
                            <param name="control" value="button" />
                            <include>Texture_Highlight_Settings_ToggleButton</include>
                            <focusedcolor>$VAR[ColorSettingsToggleButtonText]</focusedcolor>
                            <width>dialog_category_width</width>
                            <label>$LOCALIZE[157]</label>
                            <description>Video</description>
                        </include>
                        <include content="Dialog_Settings_Button">
                            <param name="id" value="98" />
                            <param name="control" value="button" />
                            <include>Texture_Highlight_Settings_ToggleButton</include>
                            <focusedcolor>$VAR[ColorSettingsToggleButtonText]</focusedcolor>
                            <width>dialog_category_width</width>
                            <label>$LOCALIZE[13281]</label>
                            <description>Hardware</description>
                        </include>
                        <include content="Dialog_Settings_Button">
                            <param name="id" value="99" />
                            <param name="control" value="button" />
                            <include>Texture_Highlight_Settings_ToggleButton</include>
                            <focusedcolor>$VAR[ColorSettingsToggleButtonText]</focusedcolor>
                            <width>dialog_category_width</width>
                            <label>$LOCALIZE[31000]</label>
                            <description>Live TV / PVR</description>
                        </include>
                        <include content="Dialog_Settings_Button">
                            <param name="id" value="100" />
                            <param name="control" value="button" />
                            <include>Texture_Highlight_Settings_ToggleButton</include>
                            <focusedcolor>$VAR[ColorSettingsToggleButtonText]</focusedcolor>
                            <width>dialog_category_width</width>
                            <label>$LOCALIZE[12389]</label>
                            <description>Privacy</description>
                        </include>
                    </control>


                    <include content="Dialog_SettingsCategory_RightGroup">
                        <param name="scrollbar_onleft" value="9001" />
                        <param name="info_condition" value="false" />
                        <include content="Dialog_Settings_Label">
                            <param name="control" value="label" />
                            <param name="id" value="40" />
                        </include>
                        <control type="group">
                            <top>row_height</top>
                            <control type="textbox" id="30">
                                <top>73</top>
                                <left>dialog_pad</left>
                                <right>dialog_pad</right>
                                <font>font_plotbox</font>
                                <bottom>20</bottom>
                                <pagecontrol>61</pagecontrol>
                            </control>
                        </control>
                        <control type="grouplist" id="9001">
                            <top>row_height</top>
                            <onleft>9000</onleft>
                            <onright condition="Control.IsVisible(30)">61</onright>
                            <control type="group">
                                <height>13</height>
                            </control>
                            <control type="grouplist">
                                <height>53</height>
                                <orientation>horizontal</orientation>
                                <left>dialog_pad</left>
                                <right>dialog_pad</right>
                                <control type="label" id="52">
                                    <width>auto</width>
                                    <height>53</height>
                                    <font>font_small_bold</font>
                                </control>
                                <control type="label">
                                    <width>auto</width>
                                    <height>53</height>
                                    <font>font_small_bold</font>
                                    <label> - </label>
                                </control>
                                <control type="label" id="53">
                                    <width>auto</width>
                                    <height>53</height>
                                    <font>font_small_bold</font>
                                </control>
                            </control>
                            <control type="label" id="2">
                                <textoffsetx>dialog_pad</textoffsetx>
                                <height>53</height>
                            </control>
                            <control type="label" id="3">
                                <textoffsetx>dialog_pad</textoffsetx>
                                <height>53</height>
                            </control>
                            <control type="label" id="4">
                                <textoffsetx>dialog_pad</textoffsetx>
                                <height>53</height>
                            </control>
                            <control type="label" id="5">
                                <textoffsetx>dialog_pad</textoffsetx>
                                <height>53</height>
                            </control>
                            <control type="label" id="6">
                                <textoffsetx>dialog_pad</textoffsetx>
                                <height>53</height>
                            </control>
                            <control type="label" id="7">
                                <textoffsetx>dialog_pad</textoffsetx>
                                <height>53</height>
                            </control>
                            <control type="label" id="8">
                                <textoffsetx>dialog_pad</textoffsetx>
                                <height>53</height>
                            </control>
                            <control type="label" id="9">
                                <textoffsetx>dialog_pad</textoffsetx>
                                <height>53</height>
                            </control>
                            <control type="label" id="10">
                                <textoffsetx>dialog_pad</textoffsetx>
                                <height>53</height>
                            </control>
                            <control type="label" id="11">
                                <textoffsetx>dialog_pad</textoffsetx>
                                <height>53</height>
                            </control>

                        </control>
                    </include>

                </include>
            </include>
        </include>


        <include>View_Furniture_Top</include>
    </controls>

</window>
