<?xml version="1.0" encoding="UTF-8"?>
<includes>
    <include name="View_MediaWindows_ID">
        <views>50,500,501,502,504,507,51,510,511,512,514,517,52,520,522,524,540,57,570,572,58,580,590</views>
    </include>

    <include name="View_Furniture_Top">
        <control type="group">
            <visible>!$EXP[Exp_InfoDialogs]</visible>
            <visible>!Window.IsVisible(1120)</visible>
            <visible>!Window.IsVisible(DialogAddonSettings.xml)</visible>
            <visible>!Window.IsVisible(DialogGameControllers.xml)</visible>
            <visible>!Window.IsVisible(DialogPVRChannelManager.xml)</visible>
            <visible>!Window.IsVisible(DialogPVRGroupManager.xml)</visible>
            <visible>!Window.IsVisible(script-skinshortcuts.xml)</visible>
            <include>Furniture_Top_Left</include>
            <include>Furniture_Top_Right</include>
        </control>
    </include>

    <include name="View_Furniture_Discover">
        <control type="group">
            <visible>![$EXP[Exp_View_Special]]</visible>
            <visible>Control.IsVisible(590)</visible>
            <include content="List_Poster_Row">
                <param name="detailed" value="String.IsEqual(ListItem.DBType,video)" />
                <param name="id" value="591" />
                <param name="context_button" value="true" />
                <height>divider_bottom</height>
                <bottom>40</bottom>
                <onup>SetFocus(590)</onup>
                <ondown>SetFocus(590)</ondown>
                <content target="videos">$VAR[Path_DiscoverWidget]</content>
                <visible allowhiddenfocus="true">!Container(591).IsUpdating</visible>
                <onfocus>SetProperty(TMDbHelper.WidgetContainer,591,Home)</onfocus>
            </include>
            <include content="Info_Panel">
                <param name="plotwidth" value="880" />
                <param name="plotheight" value="80" />
                <param name="plotheight_nr" value="120" />
                <param name="container" value="Container(591)." />
                <param name="line_id" value="99591" />
                <param name="ratings" value="[Container.Content(movies) | Container.Content(episodes) | Container.Content(seasons) | Container.Content(sets) | Container.Content(tvshows) | String.IsEqual(Container(591).ListItem.DBType,movie) | String.IsEqual(Container(591).ListItem.DBType,tvshow) | String.IsEqual(Container(591).ListItem.DBType,set) | String.IsEqual(Container(591).ListItem.DBType,season) | String.IsEqual(Container(591).ListItem.DBType,episode) | Container(591).ListItem.IsCollection]" />
                <top>view_top</top>
                <width>1080</width>
                <left>view_pad</left>
            </include>
            <include content="List_Button_Row">
                <param name="id" value="590" />
                <param name="itemlayout_h" value="120" />
                <param name="item_h" value="80" />
                <param name="itemlayout_w" value="360" />
                <param name="item_w" value="320" />
                <movement>4</movement>
                <preloaditems>2</preloaditems>
                <height>240</height>
                <bottom>0</bottom>
                <onup>591</onup>
                <ondown condition="Container(590).HasNext">SetFocus(590,5)</ondown>
                <ondown condition="!Container(590).HasNext">SetFocus(590,0,absolute)</ondown>
                <onfocus>SetProperty(TMDbHelper.WidgetContainer,591,Home)</onfocus>
                <visible>!$EXP[Exp_View_Special]</visible>
            </include>
        </control>

    </include>

    <include name="View_Visibility_Common">
        <visible>!$EXP[Exp_InfoDialogs]</visible>
        <visible>!Integer.IsEqual(Container.NumItems,0)</visible>
        <animation effect="fade" start="100" end="0" time="200" condition="Window.IsVisible(1120)">Conditional</animation>
        <visible>String.IsEmpty(Window(Home).Property(TMDbHelper.HideView))</visible>
        <include>Animation_Common</include>
    </include>

    <include name="View_Main">
        <control type="list" id="99999">
            <width>1</width>
            <height>1</height>
            <left>-1000</left>
            <itemlayout width="1" height="1" />
            <focusedlayout width="1" height="1" />
            <content>$VAR[Path_FolderDetails]</content>
            <visible>!String.IsEmpty(ListItem.FolderPath)</visible>
            <visible>ListItem.IsFolder</visible>
            <visible>String.IsEmpty(ListItem.Property(Addon.ID)) + String.IsEmpty(Container.PluginName)</visible>
            <visible>!$EXP[Exp_CombinedViews]</visible>
        </control>
        <include content="Background_Main">
            <control type="group">
                <include>View_Visibility_Common</include>
                <include condition="!Skin.String(BackgroundStyle,Fanart) + Skin.String(ForegroundStyle,KeyArt)">View_KeyArt</include>
            </control>
        </include>

        <include content="Object_Control" condition="Skin.String(ForegroundStyle,FlixArt) | Skin.String(ForegroundStyle,ClearArt)">
            <param name="control" value="group" />
            <visible>$EXP[Exp_RowViews] | $EXP[Exp_CombinedViews]</visible>
            <include>View_Visibility_Common</include>
            <include condition="!Skin.String(BackgroundStyle,Fanart) + Skin.String(ForegroundStyle,ClearArt)">View_ClearArt</include>
            <include condition="!Skin.String(BackgroundStyle,Fanart) + Skin.String(ForegroundStyle,FlixArt)">View_FlixArt</include>
        </include>

        <control type="group">
            <include>View_Visibility_Common</include>
            <control type="group">
                <include>Animation_Foreground_SlideUp</include>
                <control type="group">
                    <include>View_Furniture_List_Bottom</include>
                    <include>View_Furniture_Wall_Bottom</include>
                    <include>View_Furniture_Row_Bottom</include>
                    <include>View_Furniture_Combined_Bottom</include>
                    <include>View_Furniture_Discover</include>
                </control>
                <control type="group">
                    <visible>!$EXP[Exp_AlphabetVisible]</visible>
                    <visible>!$EXP[Exp_CombinedViews]</visible>
                    <visible>$EXP[Exp_View_Special]</visible>
                    <include>Furniture_Bottom_Left</include>
                    <include>Furniture_Bottom_Right</include>
                </control>
            </control>

            <control type="group">
                <include>Animation_Foreground_FadeInOut</include>
                <include>View_Furniture_Row_Top</include>
                <include>View_Furniture_Combined_Top</include>
            </control>
        </control>

        <include>View_Furniture_Top</include>
    </include>
</includes>