<?xml version="1.0" encoding="UTF-8"?>
<includes>
    <variable name="Info_Youtube">
        <value condition="!String.IsEmpty(ListItem.TvShowTitle) + System.HasAddon(plugin.video.youtube)">$INFO[ListItem.TvShowTitle,plugin://plugin.video.youtube/search/?q=,]</value>
        <value condition="!String.IsEmpty(ListItem.Artist) + System.HasAddon(plugin.video.youtube)">$INFO[ListItem.Artist,plugin://plugin.video.youtube/search/?q=,]</value>
        <value condition="!String.IsEmpty(ListItem.Title) + System.HasAddon(plugin.video.youtube)">$INFO[ListItem.Title,plugin://plugin.video.youtube/search/?q=,]</value>
        <value condition="System.HasAddon(plugin.video.youtube)">$INFO[ListItem.Label,plugin://plugin.video.youtube/search/?q=,]</value>
    </variable>

    <variable name="Info_DirectorMovies">
        <value condition="!Skin.HasSetting(DisableExtendedInfo) + System.HasAddon(script.extendedinfo)">$INFO[ListItem.Director,plugin://script.extendedinfo?info=personmovies&amp;&amp;person=,]</value>
        <value>videodb://movies/titles/?xsp=%7b%22rules%22%3a%7b%22and%22%3a%5b%7b%22field%22%3a%22director%22%2c%22operator%22%3a%22is%22%2c%22value%22%3a%5b%22$INFO[ListItem.Director]%22%5d%7d%5d%7d%2c%22type%22%3a%22movies%22%7d</value>
    </variable>

    <variable name="Info_StudioMovies">
        <value condition="!Skin.HasSetting(DisableExtendedInfo) + System.HasAddon(script.extendedinfo)">$INFO[ListItem.Studio,plugin://script.extendedinfo?info=studio&amp;&amp;studio=,]</value>
        <value>videodb://movies/titles/?xsp=%7b%22rules%22%3a%7b%22and%22%3a%5b%7b%22field%22%3a%22studio%22%2c%22operator%22%3a%22is%22%2c%22value%22%3a%5b%22$INFO[ListItem.Studio]%22%5d%7d%5d%7d%2c%22type%22%3a%22movies%22%7d</value>
    </variable>

    <include name="Info_Gallery_Itemlayout">
        <control type="group">
            <left>15</left>
            <top>15</top>
            <visible>String.IsEmpty(ListItem.Property(discart))</visible>
            <include content="View_50_Poster">
                <param name="height" value="view_poster_height" />
                <param name="width" value="1790" />
                <param name="aspectratio" value="scale" />
                <param name="diffuse" value="diffuse/lovefilm.png" />
                <param name="icon" value="$PARAM[icon]" />
            </include>
            <control type="image">
                <bottom>60</bottom>
                <right>60</right>
                <width>300</width>
                <height>300</height>
                <texture background="true">$INFO[ListItem.Art(clearlogo)]</texture>
                <aspectratio align="right" aligny="bottom">keep</aspectratio>
                <visible>!String.IsEmpty(ListItem.Art(clearlogo))</visible>
            </control>
            <control type="group">
                <top>-15</top>
                <include>View_WatchedOverlay</include>
            </control>
        </control>
        <control type="group">
            <left>15</left>
            <top>15</top>
            <visible>!String.IsEmpty(ListItem.Property(discart))</visible>
            <control type="image">
                <texture background="true">$INFO[ListItem.Property(discart)]</texture>
                <aspectratio align="left">keep</aspectratio>
            </control>
            <control type="textbox">
                <right>0</right>
                <width>700</width>
                <height>350</height>
                <align>right</align>
                <aligny>center</aligny>
                <textcolor>main_fg_70</textcolor>
                <label>$INFO[ListItem.Property(tagline)]</label>
                <font>font_info_display</font>
            </control>
            <control type="image">
                <top>390</top>
                <right>0</right>
                <width>700</width>
                <height>390</height>
                <texture background="true">$INFO[ListItem.Property(clearlogo)]</texture>
                <aspectratio align="right" aligny="center">keep</aspectratio>
                <visible>!String.IsEmpty(ListItem.Property(clearlogo))</visible>
            </control>
        </control>
    </include>

    <include name="Info_Gallery">
        <param name="icon" default="$INFO[ListItem.Icon]" />
        <param name="controltype" default="list" />
        <definition>
            <control type="$PARAM[controltype]" id="$PARAM[id]">
                <orientation>horizontal</orientation>
                <height>view_height</height>
                <width>1790</width>
                <itemlayout width="1790" height="view_height">
                    <include content="Info_Gallery_Itemlayout">
                        <param name="icon" value="$PARAM[icon]" />
                    </include>
                </itemlayout>
                <focusedlayout width="1790" height="view_height">
                    <include content="Info_Gallery_Itemlayout">
                        <param name="icon" value="$PARAM[icon]" />
                    </include>
                </focusedlayout>
                <nested />
            </control>
        </definition>
    </include>

    <include name="Info_Button_Grouplist">
        <control type="grouplist" id="300">
            <onup>9601</onup>
            <ondown>4100</ondown>
            <include>Defs_ButtonList</include>
            <include content="Object_Info_Button">
                <param name="id" value="8" />
                <param name="groupid" value="8008" />
                <param name="label" value="Play" />
                <param name="icon" value="special://skin/extras/icons/play3.png" />
                <param name="visible" value="Control.IsEnabled(8)" />
            </include>
            <include content="Object_Info_Button">
                <param name="id" value="11" />
                <param name="groupid" value="8011" />
                <param name="label" value="Trailer" />
                <param name="icon" value="special://skin/extras/icons/video.png" />
                <param name="visible" value="Control.IsEnabled(11)" />
            </include>
            <include content="Object_Info_Button">
                <param name="id" value="8150" />
                <param name="groupid" value="8050" />
                <param name="label" value="Cast" />
                <param name="icon" value="special://skin/extras/icons/person.png" />
                <param name="visible" value="Control.IsEnabled(8150)" />
                <onclick>SetFocus(50)</onclick>
            </include>
            <include content="Object_Info_Button">
                <param name="id" value="7" />
                <param name="groupid" value="8007" />
                <param name="label" value="Rating" />
                <param name="icon" value="special://skin/extras/icons/userrating.png" />
                <param name="visible" value="Control.IsEnabled(7)" />
            </include>
            <include content="Object_Info_Button">
                <param name="id" value="10" />
                <param name="groupid" value="8010" />
                <param name="label" value="Thumb" />
                <param name="icon" value="special://skin/extras/icons/paintbrush.png" />
                <param name="visible" value="Control.IsEnabled(10)" />
            </include>
            <include content="Object_Info_Button">
                <param name="id" value="8101" />
                <param name="groupid" value="8001" />
                <param name="label" value="Artwork" />
                <param name="icon" value="special://skin/extras/icons/paintbrush2.png" />
                <param name="visible" value="[String.IsEqual(ListItem.DBType,tvshow) | String.IsEqual(ListItem.DBType,movie) | String.IsEqual(ListItem.DBType,musicvideo) | String.IsEqual(ListItem.DBType,episode)] + system.hasaddon(script.artwork.beef)" />
                <onclick condition="String.IsEqual(ListItem.DBType,episode)">XBMC.RunScript(script.artwork.beef, mode=gui, mediatype=episode, dbid=$INFO[ListItem.DBID])</onclick>
                <onclick condition="String.IsEqual(ListItem.DBType,tvshow)">XBMC.RunScript(script.artwork.beef, mode=gui, mediatype=tvshow, dbid=$INFO[ListItem.DBID])</onclick>
                <onclick condition="String.IsEqual(ListItem.DBType,movie)">XBMC.RunScript(script.artwork.beef, mode=gui, mediatype=movie, dbid=$INFO[ListItem.DBID])</onclick>
            </include>
            <include content="Object_Info_Button">
                <param name="id" value="8102" />
                <param name="groupid" value="8002" />
                <param name="label" value="All Art" />
                <param name="visible" value="[String.IsEqual(ListItem.DBType,tvshow) | String.IsEqual(ListItem.DBType,movie) | String.IsEqual(ListItem.DBType,musicvideo) | String.IsEqual(ListItem.DBType,episode)] + system.hasaddon(script.artwork.beef)" />
                <param name="icon" value="special://skin/extras/icons/paintbucket3.png" />
                <onclick condition="String.IsEqual(ListItem.DBType,episode)">XBMC.RunScript(script.artwork.beef, mode=auto, mediatype=tvshow, dbid=$INFO[ListItem.DBID])</onclick>
                <onclick condition="String.IsEqual(ListItem.DBType,tvshow)">XBMC.RunScript(script.artwork.beef, mode=auto, mediatype=tvshow, dbid=$INFO[ListItem.DBID])</onclick>
                <onclick condition="String.IsEqual(ListItem.DBType,movie)">XBMC.RunScript(script.artwork.beef, mode=auto, mediatype=movie, dbid=$INFO[ListItem.DBID])</onclick>
            </include>
            <include content="Object_Info_Button">
                <param name="id" value="6" />
                <param name="groupid" value="8006" />
                <param name="label" value="Refresh" />
                <param name="icon" value="special://skin/extras/icons/update.png" />
                <param name="visible" value="Control.IsEnabled(6)" />
                <onfocus>SetProperty(FilePath,1,Home)</onfocus>
                <onunfocus>ClearProperty(FilePath,Home)</onunfocus>
            </include>
        </control>
    </include>
</includes>
