{
    "folder": "1080i",
    "output": "script-skinvariables-generator-includes-{skinuser}.xml",
    "header": "<?xml version=\"1.0\" encoding=\"UTF-8\"?>\n<includes>",
    "footer": "</includes>",
    "buildv": "0.6.0",
    "skinid": "skin.arctic.fuse",
    "getnfo": {},
    "addnfo": {
        "values":
        {
            "sidemenu_id": [
                {
                    "rules": ["Skin.String(Home.SideMenuCollapse,Topbar)"],
                    "value": "370"
                },
                "303"
            ]
        }
    },
    "global": {
        "parts_visible": {"template": "True"},
        "widget_include_condition": {"template": "True"}
    },
    "genxml": [
        {"datafile": "generator/data/base/hubs_complex.xml"},
        {"datafile": "generator/data/base/hubs_widgetsonly.xml"},
        {"datafile": "generator/data/base/hubs_classichome.xml"},
        {"datafile": "generator/data/base/hubs_extendedhome.xml"},
        {"datafile": "generator/data/base/hubs_extendedglobal.xml"},
        {"datafile": "generator/data/base/power_main.xml"},
        {"datafile": "generator/data/base/power_side.xml"},
        {"datafile": "generator/data/base/options_tray.xml"},
        {"datafile": "generator/data/base/side_items.xml"},
        {"datafile": "generator/data/base/side_button_primary.xml"},
        {"datafile": "generator/data/base/side_button_secondary.xml"},
        {"datafile": "generator/data/base/side_spotlight.xml"},
        {"datafile": "generator/data/base/search_widgets.xml"},
        {"datafile": "generator/data/base/search_widget_vars_50.xml"},
        {"datafile": "generator/data/base/search_widget_vars_51.xml"},
        {"datafile": "generator/data/base/search_widget_vars_52.xml"},
        {"datafile": "generator/data/base/search_selector.xml"}
    ]
}



