<?xml version="1.0" encoding="UTF-8"?>
<window type="window" id="1102">
    <menucontrol>303</menucontrol>
    <include>Action_Blur_Onload</include>
    <include content="Action_Hubs_Onload">
        <param name="window_id">1102</param>
    </include>
    <controls>
        <include content="Hub_Controls">
            <param name="window_id">1102</param>
            <param name="widgets_only">Skin.HasSetting(Hub.1102.DisableSubmenu)</param>
            <param name="widgets_include">skinvariables-1102menu-widgetsonly</param>
            <param name="categories">1102menu</param>
        </include>
    </controls>
</window>