<?xml version="1.0" encoding="UTF-8"?>
<includes>
    <include name="View_MediaWindows_ID">
        <views>50,500,501,502,504,507,508,51,510,511,512,514,517,52,520,522,524,540,550,558,57,570,572,574,58,580,590</views>
    </include>

    <include name="View_Furniture_Top">
        <param name="powermenu_button">false</param>
        <definition>
            <control type="group">
                <visible>!$EXP[Exp_InfoDialogs]</visible>
                <visible>!Window.IsVisible(script-tmdbhelper-recommendations.xml)</visible>
                <visible>!Window.IsVisible(DialogAddonSettings.xml)</visible>
                <visible>!Window.IsVisible(DialogGameControllers.xml)</visible>
                <visible>!Window.IsVisible(DialogPVRChannelManager.xml)</visible>
                <visible>!Window.IsVisible(DialogPVRGroupManager.xml)</visible>
                <visible>!Window.IsVisible(script-skinshortcuts.xml)</visible>
                <include>Furniture_Top_Left</include>
                <include>Furniture_Top_Right</include>
                <include content="Object_Control" condition="$PARAM[powermenu_button]">
                    <param name="control">button</param>
                    <texturenofocus />
                    <texturefocus />
                    <font />
                    <width>60</width>
                    <height>60</height>
                    <onclick>ActivateWindow(shutdownmenu)</onclick>
                    <right>80</right>
                    <centertop>100</centertop>
                </include>
            </control>
        </definition>
    </include>

    <include name="View_Furniture_Scrollbar_V">
        <param name="onright">50</param>
        <param name="onleft">menu</param>
        <param name="id">63</param>
        <definition>
            <control type="group">
                <nested />
                <width>view_pad</width>
                <bottom>view_top</bottom>
                <control type="group">
                    <width>10</width>
                    <centerleft>50%</centerleft>
                    <visible allowhiddenfocus="true">Control.HasFocus($PARAM[id])</visible>
                    <control type="image">
                        <texture colordiffuse="main_fg_12">common/white.png</texture>
                        <width>1</width>
                        <centerleft>50%</centerleft>
                    </control>
                    <control type="scrollbar" id="$PARAM[id]">
                        <onleft condition="!Skin.HasSetting(Lists.MirrorAlignment)">$PARAM[onleft]</onleft>
                        <onright condition="!Skin.HasSetting(Lists.MirrorAlignment)">$PARAM[onright]</onright>
                        <onleft condition="Skin.HasSetting(Lists.MirrorAlignment)">$PARAM[onright]</onleft>
                        <onright condition="Skin.HasSetting(Lists.MirrorAlignment)">$PARAM[onleft]</onright>
                        <orientation>vertical</orientation>
                        <texturesliderbackground />
                        <texturesliderbar colordiffuse="00ffffff" border="4">scrollbar/scrollv_line.png</texturesliderbar>
                        <include>Texture_Scrollbar_V</include>
                    </control>
                </control>
            </control>
        </definition>
    </include>

    <include name="View_Furniture_Scrollbars">
        <include content="View_Furniture_Scrollbar_V">
            <top>view_top</top>
            <include content="Object_Right" condition="Skin.HasSetting(Lists.MirrorAlignment)">
                <param name="right">0</param>
            </include>
        </include>
        <include content="View_Furniture_Scrollbar_V">
            <param name="id">64</param>
            <height>grid_x48</height>
            <include content="Object_Right" condition="Skin.HasSetting(Lists.MirrorAlignment)">
                <param name="right">0</param>
            </include>
        </include>
        <include content="Furniture_Bottombar_Group">
            <control type="group">
                <height>10</height>
                <centertop>-40</centertop>
                <visible allowhiddenfocus="true">Control.HasFocus(60) | Control.HasFocus(65)</visible>
                <control type="image">
                    <texture colordiffuse="main_fg_12">common/white.png</texture>
                    <height>1</height>
                    <centertop>50%</centertop>
                </control>
                <control type="scrollbar" id="60">
                    <onup>50</onup>
                    <orientation>horizontal</orientation>
                    <texturesliderbackground />
                    <texturesliderbar border="4">special://profile/addon_data/script.texturemaker/ArcticHorizon/scrollh_h.png</texturesliderbar>
                    <include>Texture_Scrollbar_H</include>
                    <ondown>50</ondown>
                    <onback>50</onback>
                    <showonepage>true</showonepage>
                    <include condition="!Skin.String(Rows.OnDown,Wall)">Action_Row_Recommendations_OnDown</include>
                    <include condition="Skin.String(Rows.OnDown,Wall)">Action_Row_WallView_OnDown</include>
                </control>
            </control>
            <include content="Object_Hidden_Button">
                <param name="id" value="65" />
                <onright>SetFocus(50)</onright>
                <onright>Action(nextletter)</onright>
                <onright condition="!Container.HasNext | String.IsEqual(ListItem.SortLetter,Z)">Action(jumpsms2)</onright>
                <onright condition="!Container.HasNext | String.IsEqual(ListItem.SortLetter,Z)">Action(prevletter)</onright>
                <onright condition="!Container.HasNext | String.IsEqual(ListItem.SortLetter,Z)">Action(prevletter)</onright>
                <onright condition="!Container.HasNext | String.IsEqual(ListItem.SortLetter,Z)">Action(prevletter)</onright>
                <onright>SetFocus(65)</onright>
                <onleft>SetFocus(50)</onleft>
                <onleft>Action(prevletter)</onleft>
                <onleft condition="!Container.HasPrevious">Action(PageUp)</onleft>
                <onleft condition="!Container.HasPrevious">Action(Left)</onleft>
                <onleft>SetFocus(65)</onleft>
                <onup>50</onup>
                <ondown>50</ondown>
                <onback>50</onback>
                <include condition="!Skin.String(Rows.OnDown,Wall)">Action_Row_Recommendations_OnDown</include>
                <include condition="Skin.String(Rows.OnDown,Wall)">Action_Row_WallView_OnDown</include>
            </include>
            <include content="Object_Control" condition="!Skin.HasSetting(DisableAlphabetScrollbar)">
                <param name="control" value="grouplist" />
                <visible>$EXP[Exp_AlphabetVisible]</visible>
                <orientation>horizontal</orientation>
                <centertop>50%</centertop>
                <height>40</height>
                <itemgap>26.15</itemgap>
                <include>Object_AlphabetNumber</include>
                <include content="Object_AlphabetLetter"><param name="letter" value="A" /></include>
                <include content="Object_AlphabetLetter"><param name="letter" value="B" /></include>
                <include content="Object_AlphabetLetter"><param name="letter" value="C" /></include>
                <include content="Object_AlphabetLetter"><param name="letter" value="D" /></include>
                <include content="Object_AlphabetLetter"><param name="letter" value="E" /></include>
                <include content="Object_AlphabetLetter"><param name="letter" value="F" /></include>
                <include content="Object_AlphabetLetter"><param name="letter" value="G" /></include>
                <include content="Object_AlphabetLetter"><param name="letter" value="H" /></include>
                <include content="Object_AlphabetLetter"><param name="letter" value="I" /></include>
                <include content="Object_AlphabetLetter"><param name="letter" value="J" /></include>
                <include content="Object_AlphabetLetter"><param name="letter" value="K" /></include>
                <include content="Object_AlphabetLetter"><param name="letter" value="L" /></include>
                <include content="Object_AlphabetLetter"><param name="letter" value="M" /></include>
                <include content="Object_AlphabetLetter"><param name="letter" value="N" /></include>
                <include content="Object_AlphabetLetter"><param name="letter" value="O" /></include>
                <include content="Object_AlphabetLetter"><param name="letter" value="P" /></include>
                <include content="Object_AlphabetLetter"><param name="letter" value="Q" /></include>
                <include content="Object_AlphabetLetter"><param name="letter" value="R" /></include>
                <include content="Object_AlphabetLetter"><param name="letter" value="S" /></include>
                <include content="Object_AlphabetLetter"><param name="letter" value="T" /></include>
                <include content="Object_AlphabetLetter"><param name="letter" value="U" /></include>
                <include content="Object_AlphabetLetter"><param name="letter" value="V" /></include>
                <include content="Object_AlphabetLetter"><param name="letter" value="W" /></include>
                <include content="Object_AlphabetLetter"><param name="letter" value="X" /></include>
                <include content="Object_AlphabetLetter"><param name="letter" value="Y" /></include>
                <include content="Object_AlphabetLetter"><param name="letter" value="Z" /></include>
            </include>
        </include>
    </include>

    <include name="View_Furniture_Discover">
        <control type="group">
            <visible>![$EXP[Exp_View_Special]]</visible>
            <visible>Control.IsVisible(590)</visible>
            <include content="List_Poster_Wall">
                <param name="detailed" value="String.IsEqual(ListItem.DBType,video)" />
                <param name="id" value="591" />
                <param name="offset_y">40</param>
                <param name="misc">20</param>
                <top>160</top>
                <bottom>180</bottom>
                <preloaditems>0</preloaditems>
                <left>514.28</left>
                <onleft>SetFocus(590)</onleft>
                <onright>SetFocus(590)</onright>
                <content target="videos">$VAR[Path_DiscoverWidget]</content>
                <visible allowhiddenfocus="true">!Container(591).IsUpdating</visible>
                <onfocus>SetProperty(TMDbHelper.WidgetContainer,591)</onfocus>
            </include>
            <include content="List_Button_Row">
                <param name="id">590</param>
                <param name="orientation">vertical</param>
                <param name="offset_y">40</param>
                <param name="item_w">474.28</param>
                <param name="itemlayout_w">514.28</param>
                <param name="itemlayout_include">Layout_DiscoverButton</param>
                <focusposition>1</focusposition>
                <movement>4</movement>
                <top>160</top>
                <bottom>180</bottom>
                <onright>591</onright>
                <preloaditems>0</preloaditems>
                <onfocus>SetProperty(TMDbHelper.WidgetContainer,591)</onfocus>
                <visible>!$EXP[Exp_View_Special]</visible>
            </include>

            <include content="Furniture_Bottombar_Group">
                <include content="Furniture_Gutters">
                    <control type="grouplist">
                        <hitrect x="0" y="0" w="0" h="0" />
                        <orientation>horizontal</orientation>
                        <itemgap>30</itemgap>
                        <height>grid_x08</height>
                        <centertop>50%</centertop>
                        <usecontrolcoords>true</usecontrolcoords>
                        <include content="Info_Codec_Label">
                            <param name="icon" value="special://skin/extras/icons/grip.png" />
                            <param name="label" value="$INFO[Container(591).ListItem.Property(total_results),[B],[/B] $LOCALIZE[31153]  ]" />
                            <visible>!String.IsEmpty(Container(591).ListItem.Property(total_results))</visible>
                        </include>
                        <include content="Info_Codec_Label">
                            <param name="icon" value="special://skin/extras/icons/square-poll-horizontal.png" />
                            <param name="label" value="$INFO[Container(591).ListItem.Property(total_pages),[B],[/B] [CAPITALIZE]$LOCALIZE[31110][/CAPITALIZE]  ]" />
                            <visible>!String.IsEmpty(Container(591).ListItem.Property(total_pages))</visible>
                        </include>
                    </control>
                </include>
            </include>

        </control>

    </include>

    <include name="View_Visibility_Common">
        <param name="animation_include">Animation_Common</param>
        <param name="visible_infodialogs">!$EXP[Exp_InfoDialogs]</param>
        <param name="visible_widgets">!Integer.IsEqual(Container.NumItems,0)</param>
        <definition>
            <visible>$PARAM[visible_infodialogs]</visible>
            <animation effect="fade" start="100" end="0" time="400" condition="Window.IsVisible(script-tmdbhelper-recommendations.xml) | ![$PARAM[visible_widgets]]">Conditional</animation>
            <visible>String.IsEmpty(Window(Home).Property(TMDbHelper.HideView))</visible>
            <include>$PARAM[animation_include]</include>
        </definition>
    </include>

    <include name="View_Main_MyPlaylist">
        <control type="group">
            <include>Animation_Foreground_SlideUp</include>
            <include content="View_List_PlayList">
                <param name="id" value="50" />
                <param name="viewtype_label" value="$LOCALIZE[559]" />
                <param name="isviewtype" value="false" />
                <param name="flipside" value="!Skin.HasSetting(Lists.MirrorAlignment)" />
            </include>
            <control type="group">
                <width>view_pad</width>
                <top>view_top</top>
                <bottom>view_top</bottom>
                <control type="scrollbar" id="61">
                    <onright>50</onright>
                    <orientation>vertical</orientation>
                    <width>8</width>
                    <centerleft>50%</centerleft>
                    <texturesliderbackground colordiffuse="main_fg_12" border="4">scrollbar/scrollv_line.png</texturesliderbackground>
                    <texturesliderbar colordiffuse="00ffffff" border="4">scrollbar/scrollv_line.png</texturesliderbar>
                    <include>Texture_Scrollbar_V</include>
                    <visible allowhiddenfocus="true">Control.HasFocus(61)</visible>
                </control>
            </control>
            <control type="group">
                <include>Furniture_Bottom_Left</include>
                <include>Furniture_Bottom_Right</include>
            </control>
        </control>
    </include>

    <include name="View_Main_Standard">
        <control type="group">
            <include>Animation_Foreground_FadeInOut</include>
            <include>View_Furniture_Row_Top</include>
            <include>View_Furniture_Combined_Top</include>
            <control type="group">
                <visible>$EXP[Exp_RowViews] | $EXP[Exp_CombinedViews]</visible>
                <include condition="!Skin.String(BackgroundStyle,Fanart) + Skin.String(ForegroundStyle,ClearArt)">View_ClearArt</include>
            </control>
        </control>
        <control type="group">
            <include>Animation_Foreground_SlideUp</include>
            <control type="group">
                <include>View_Furniture_List_Bottom</include>
                <include>View_Furniture_Wall_Bottom</include>
                <include>View_Furniture_Row_Bottom</include>
                <include>View_Furniture_Combined_Bottom</include>
                <include>View_Furniture_Discover</include>
                <include>View_Furniture_Scrollbars</include>
            </control>
        </control>
    </include>

    <include name="View_ClearArt">
        <include content="Object_Control" condition="!Skin.String(BackgroundStyle,Fanart)">
            <param name="control" value="image" />
            <bottom>divider_bottom</bottom>
            <right>view_pad</right>
            <top>view_top</top>
            <aspectratio align="right">keep</aspectratio>
            <fadetime>600</fadetime>
            <texture background="true">$VAR[Image_ClearArt]</texture>
        </include>
    </include>

    <include name="View_Main">
        <param name="include_views" default="View_Main_Standard" />
        <definition>
            <include>Background_ExtraFanart</include>
            <control type="button" id="99996">
                <texturefocus />
                <texturenofocus />
                <font />
                <width>1</width>
                <height>1</height>
                <include content="Action_Recommendations_OnFocus">
                    <onfocus>SetFocus(50)</onfocus>
                </include>
            </control>
            <control type="list" id="99999">
                <width>1</width>
                <height>1</height>
                <left>-1000</left>
                <itemlayout width="1" height="1" />
                <focusedlayout width="1" height="1" />
                <content>$VAR[Path_FolderDetails]</content>
                <visible>!String.IsEmpty(ListItem.FolderPath)</visible>
                <visible>ListItem.IsFolder</visible>
                <visible>String.IsEmpty(ListItem.Property(Addon.ID)) + String.IsEmpty(Container.PluginName)</visible>
                <visible>!$EXP[Exp_CombinedViews]</visible>
            </control>
            <include content="Background_Main">

            </include>

            <control type="group">
                <include>View_Visibility_Common</include>
                <include>$PARAM[include_views]</include>
            </control>

            <include>View_Furniture_Top</include>

            <control type="group">
                <visible>!$EXP[Exp_ScrollViews]</visible>
                <visible>!$EXP[Exp_AlphabetVisible]</visible>
                <visible>!$EXP[Exp_CombinedViews]</visible>
                <visible>$EXP[Exp_View_Special]</visible>
                <visible>!$EXP[Exp_InfoDialogs]</visible>
                <!-- <animation type="Visible" reversible="false">
                    <effect type="fade" start="0" end="100" time="300" delay="300"/>
                </animation> -->
                <include>Furniture_Bottom_Left</include>
                <include>Furniture_Bottom_Right</include>
            </control>


        </definition>
    </include>
</includes>