[
    {
        "label": "$LOCALIZE[36917]",
        "path": "musicdb://artists/",
        "submenulist_path": "musicdb://artists/",
        "submenulist_target": "music",
        "submenulist_sortby": "label",
        "widget_style": "Square",
        "target": "music",
        "use_as_widget": "True",
        "guid": "guid-0b93b220"
    },
    {
        "label": "$LOCALIZE[36919]",
        "path": "musicdb://albums/",
        "submenulist_path": "musicdb://albums/",
        "submenulist_target": "music",
        "submenulist_sortby": "label",
        "widget_style": "Square",
        "target": "music",
        "use_as_widget": "True",
        "guid": "guid-f28e7479"
    },
    {
        "label": "$LOCALIZE[135]",
        "path": "musicdb://genres/",
        "submenulist_path": "musicdb://genres/",
        "submenulist_target": "music",
        "submenulist_sortby": "label",
        "widget_style": "Square",
        "target": "music",
        "use_as_widget": "True",
        "guid": "guid-581cdda4"
    },
    {
        "label": "Top 100",
        "path": "library://music/top100/",
        "submenulist_path": "library://music/top100/",
        "submenulist_target": "music",
        "submenulist_sortby": "label",
        "widget_style": "Square",
        "target": "music",
        "use_as_widget": "True",
        "guid": "guid-78c4ff12"
    },
    {
        "label": "$LOCALIZE[652]",
        "path": "musicdb://years/",
        "submenulist_path": "musicdb://years/",
        "submenulist_target": "music",
        "submenulist_sortby": "label",
        "widget_style": "Square",
        "target": "music",
        "use_as_widget": "True",
        "guid": "guid-4e16ec38"
    },
    {
        "label": "$LOCALIZE[39031]",
        "path": "ActivateWindow(Music,Files,return)",
        "submenulist_path": "library://music/",
        "submenulist_target": "music",
        "target": "",
        "widgets": [
            {
                "label": "$LOCALIZE[2]",
                "path": "musicdb://",
                "widget_style": "Square",
                "target": "music",
                "guid": "guid-e96d4356"
            },
            {
                "label": "$LOCALIZE[1038]",
                "path": "addons://sources/audio/",
                "widget_style": "Square",
                "target": "music",
                "guid": "guid-d9a0f8d6"
            }
        ],
        "guid": "guid-e72bfcba"
    }
]
