<?xml version="1.0" encoding="UTF-8"?>
<includes>
    <include name="Search_Filter_Edit">
        <control type="edit" id="9099">
            <description>Search</description>
            <font>font_main_black</font>
            <textcolor>dialog_fg_90</textcolor>
            <focusedcolor>$VAR[ColorSelected]</focusedcolor>
            <height>80</height>
            <textoffsetx>40</textoffsetx>
            <align>left</align>
            <!-- TO KEYBOARD -->
            <ondown>SetProperty(SearchTerm,$INFO[Control.GetLabel(9099).index(1)])</ondown>
            <ondown>9002</ondown>
        </control>
        <include content="Search_Filter_Alphabet">
            <param name="editid">9099</param>
            <param name="ondown">9501</param>
        </include>

        <include content="Settings_Button">
            <param name="dialog">true</param>
            <param name="id">9501</param>
            <param name="control">button</param>
            <label>$LOCALIZE[456]$VAR[Label_Setting_SearchStyle,: ,]</label>
            <onfocus>ClearProperty(SearchDiscover.FilterLabel)</onfocus>
            <onclick condition="!Skin.HasSetting(Search.EnableDiscover)">Skin.Reset(Search.LibraryDiscover)</onclick>
            <onclick condition="!Skin.HasSetting(Search.EnableDiscover)">Skin.SetBool(Search.EnableDiscover)</onclick>
            <onclick condition="Skin.HasSetting(Search.EnableDiscover) + !Skin.HasSetting(Search.LibraryDiscover)">Skin.SetBool(Search.EnableDiscover)</onclick>
            <onclick condition="Skin.HasSetting(Search.EnableDiscover) + !Skin.HasSetting(Search.LibraryDiscover)">Skin.SetBool(Search.LibraryDiscover)</onclick>
            <onclick condition="Skin.HasSetting(Search.EnableDiscover) + Skin.HasSetting(Search.LibraryDiscover)">Skin.Reset(Search.EnableDiscover)</onclick>
            <onclick condition="Skin.HasSetting(Search.EnableDiscover) + Skin.HasSetting(Search.LibraryDiscover)">Skin.Reset(Search.LibraryDiscover)</onclick>
            <top>-10</top>
        </include>

        <include content="Settings_Button">
            <param name="dialog">true</param>
            <param name="id">9502</param>
            <param name="control">button</param>
            <label>$LOCALIZE[31324]$INFO[Container(5099).ListItem.Label,: ,]</label>
            <onclick condition="!String.IsEmpty(Container(5099).ListItem(1).Property(onfocus_one))">AlarmClock(onfocus_one,$INFO[Container(5099).ListItem(1).Property(onfocus_one)],00:01,silent)</onclick>
            <onclick condition="!String.IsEmpty(Container(5099).ListItem(1).Property(onfocus_two))">AlarmClock(onfocus_two,$INFO[Container(5099).ListItem(1).Property(onfocus_two)],00:01,silent)</onclick>
            <onclick>Control.Move(5099,1)</onclick>
        </include>

    </include>

    <include name="Search_Filter_Panel">
        <control type="group">
            <include>Dimension_DialogSideMenu</include>
            <include>Animation_Right_Delay</include>
            <visible allowhiddenfocus="true">Control.HasFocus(8000) | ControlGroup(8100).HasFocus() | Control.HasFocus(8900) | Control.HasFocus(8900) | ControlGroup(89000).HasFocus() | Control.HasFocus(89999) | ControlGroup(89099).HasFocus()</visible>
            <include content="Dialog_Dim_Side">
                <param name="slide_animation">False</param>
            </include>

            <include content="Dialog_Foreground_Side">
                <param name="dialog_size">Dimension_DialogSideMenu</param>
                <param name="slide_animation">False</param>
                <param name="lines_right">0</param>
                <param name="topline">true</param>
                <param name="subline">true</param>

                <!-- Header -->
                <include content="Dialog_Head">
                    <param name="label">$LOCALIZE[587]</param>
                </include>

                <!-- Content -->
                <include content="Dialog_Body">


                    <control type="grouplist" id="89099">
                        <orientation>vertical</orientation>
                        <top>20</top>
                        <left>20</left>
                        <right>20</right>
                        <bottom>80</bottom>
                        <include>Search_Filter_Edit</include>
                        <onup>SetFocus(8000,99999,absolute)</onup>
                        <ondown>SetFocus(8000,0,absolute)</ondown>
                        <onleft>5099</onleft>
                        <onright>5099</onright>
                        <onback>5099</onback>
                    </control>

                    <control type="image">
                        <left>40</left>
                        <right>40</right>
                        <height>1</height>
                        <top>400</top>
                        <texture colordiffuse="dialog_fg_12">common/white.png</texture>
                    </control>

                    <include content="List_DialogSelect">
                        <param name="id">8000</param>
                        <param name="textcolor">dialog_fg</param>
                        <param name="itemlayout_include">Layout_MenuList</param>
                        <top>420</top>
                        <left>20</left>
                        <right>20</right>
                        <bottom>0</bottom>
                        <orientation>vertical</orientation>
                        <onup>9502</onup>
                        <ondown>9099</ondown>
                        <onleft>5099</onleft>
                        <onright>5099</onright>
                        <onback>5099</onback>
                        <content>
                            <item>
                                <label>$LOCALIZE[192]</label>
                                <onclick>SetFocus(9099)</onclick>
                                <onclick>RunScript(script.skinvariables,set_editcontrol=9099,window_id=1105,setfocus=9099)</onclick>
                                <onclick>ClearProperty(SearchTerm)</onclick>
                                <onclick>ClearProperty(SearchDiscover.SortLabel)</onclick>
                                <onclick>ClearProperty(SearchDiscover.FilmSort)</onclick>
                                <onclick>ClearProperty(SearchDiscover.ShowSort)</onclick>
                                <onclick>ClearProperty(SearchDiscover.GenreLabel)</onclick>
                                <onclick>ClearProperty(SearchDiscover.GenreID)</onclick>
                                <onclick>ClearProperty(SearchDiscover.ProviderLabel)</onclick>
                                <onclick>ClearProperty(SearchDiscover.ProviderID)</onclick>
                                <onclick>ClearProperty(SearchDiscover.PeopleLabel)</onclick>
                                <onclick>ClearProperty(SearchDiscover.PeopleID)</onclick>
                                <onclick>ClearProperty(SearchDiscover.YearHigh)</onclick>
                                <onclick>ClearProperty(SearchDiscover.YearLow)</onclick>
                                <onclick>ClearProperty(SearchDiscover.RatingLow)</onclick>
                                <onclick>ClearProperty(SearchDiscover.StudioLabel)</onclick>
                                <onclick>ClearProperty(SearchDiscover.DirectorLabel)</onclick>
                                <onclick>ClearProperty(SearchDiscover.SortBy)</onclick>
                                <onclick>ClearProperty(SearchDiscover.SortOrder)</onclick>
                                <onclick>Skin.Reset(SearchDiscover.VoteLow)</onclick>
                                <onclick>Skin.Reset(SearchDiscover.ItemLimit)</onclick>
                            </item>
                            <item>
                                <label>$LOCALIZE[515]$INFO[Window.Property(SearchDiscover.GenreLabel),: ,]</label>
                                <onclick>SetProperty(SearchDiscover.FilterLabel,Genre)</onclick>
                                <onclick>SetFocus(8900)</onclick>
                                <visible>Skin.HasSetting(Search.LibraryDiscover)</visible>
                                <visible>Skin.HasSetting(Search.EnableDiscover)</visible>
                            </item>
                            <item>
                                <label>$LOCALIZE[572]$INFO[Window.Property(SearchDiscover.StudioLabel),: ,]</label>
                                <onclick>SetProperty(SearchDiscover.FilterLabel,Studio)</onclick>
                                <onclick>SetFocus(8900)</onclick>
                                <visible>Skin.HasSetting(Search.LibraryDiscover)</visible>
                                <visible>Skin.HasSetting(Search.EnableDiscover)</visible>
                            </item>
                            <item>
                                <label>$LOCALIZE[20339]$INFO[Window.Property(SearchDiscover.DirectorLabel),: ,]</label>
                                <onclick>SetProperty(SearchDiscover.FilterLabel,Director)</onclick>
                                <onclick>SetFocus(8900)</onclick>
                                <visible>Skin.HasSetting(Search.LibraryDiscover)</visible>
                                <visible>Skin.HasSetting(Search.EnableDiscover)</visible>
                            </item>
                            <item>
                                <label>$LOCALIZE[345]$INFO[Window.Property(SearchDiscover.YearLow), &gt; ,]$INFO[Window.Property(SearchDiscover.YearHigh), &lt; ,]</label>
                                <onclick>SetProperty(SearchDiscover.YearLow.Dialog,1)</onclick>
                                <onclick>ClearProperty(SearchDiscover.YearLow)</onclick>
                                <onclick>ClearProperty(SearchDiscover.YearHigh)</onclick>
                                <onclick>ActivateWindow(1155)</onclick>
                                <visible>Skin.HasSetting(Search.LibraryDiscover)</visible>
                                <visible>Skin.HasSetting(Search.EnableDiscover)</visible>
                            </item>
                            <item>
                                <label>$LOCALIZE[563]$INFO[Window.Property(SearchDiscover.RatingLow), &gt; ,]</label>
                                <onclick>ClearProperty(SearchDiscover.RatingLow,1105)</onclick>
                                <onclick>ActivateWindow(1156)</onclick>
                                <visible>Skin.HasSetting(Search.LibraryDiscover)</visible>
                                <visible>Skin.HasSetting(Search.EnableDiscover)</visible>
                            </item>

                            <!-- TMDb Discover -->
                            <item>
                                <label>$LOCALIZE[515]$INFO[Window.Property(SearchDiscover.GenreLabel),: ,]</label>
                                <onclick>ActivateWindow(1151)</onclick>
                                <visible>!Skin.HasSetting(Search.LibraryDiscover)</visible>
                                <visible>Skin.HasSetting(Search.EnableDiscover)</visible>
                            </item>
                            <item>
                                <label>$LOCALIZE[15225]$INFO[Window.Property(SearchDiscover.ProviderLabel),: ,]</label>
                                <onclick>ActivateWindow(1152)</onclick>
                                <visible>!Skin.HasSetting(Search.LibraryDiscover)</visible>
                                <visible>Skin.HasSetting(Search.EnableDiscover)</visible>
                            </item>
                            <item>
                                <label>$LOCALIZE[31051]$INFO[Window.Property(SearchDiscover.PeopleLabel),: ,]</label>
                                <onclick>SetProperty(SearchDiscover.PersonSearch,People)</onclick>
                                <onclick>ActivateWindow(1153)</onclick>
                                <visible>!Skin.HasSetting(Search.LibraryDiscover)</visible>
                                <visible>Skin.HasSetting(Search.EnableDiscover)</visible>
                            </item>
                            <item>
                                <label>$LOCALIZE[31179]$INFO[Window.Property(SearchDiscover.KeywordLabel),: ,]</label>
                                <onclick>ActivateWindow(1157)</onclick>
                                <visible>!Skin.HasSetting(Search.LibraryDiscover)</visible>
                                <visible>Skin.HasSetting(Search.EnableDiscover)</visible>
                            </item>
                            <item>
                                <label>$LOCALIZE[345]$INFO[Window.Property(SearchDiscover.YearLow), &gt; ,]$INFO[Window.Property(SearchDiscover.YearHigh), &lt; ,]</label>
                                <onclick>SetProperty(SearchDiscover.YearLow.Dialog,1)</onclick>
                                <onclick>ClearProperty(SearchDiscover.YearLow)</onclick>
                                <onclick>ClearProperty(SearchDiscover.YearHigh)</onclick>
                                <onclick>ActivateWindow(1155)</onclick>
                                <visible>!Skin.HasSetting(Search.LibraryDiscover)</visible>
                                <visible>Skin.HasSetting(Search.EnableDiscover)</visible>
                            </item>
                            <item>
                                <label>$LOCALIZE[563]$INFO[Window.Property(SearchDiscover.RatingLow), &gt; ,]</label>
                                <onclick>ClearProperty(SearchDiscover.RatingLow,1105)</onclick>
                                <onclick>ActivateWindow(1156)</onclick>
                                <visible>!Skin.HasSetting(Search.LibraryDiscover)</visible>
                                <visible>Skin.HasSetting(Search.EnableDiscover)</visible>
                            </item>
                        </content>
                    </include>
                </include>
            </include>

        </control>

        <!-- Library Filtering -->
        <control type="button" id="89999">
            <texturenofocus />
            <texturefocus />
            <onleft>9500</onleft>
            <onright>9500</onright>
            <onup>9500</onup>
            <ondown>9500</ondown>
            <onback>9500</onback>
            <onclick>SetFocus(9500)</onclick>
            <visible>[Control.HasFocus(8900) | ControlGroup(89000).HasFocus() | Control.HasFocus(89999)]</visible>
        </control>
        <control type="group">
            <include>Dimension_DialogSideMenu</include>
            <include>Animation_Right_Delay</include>
            <visible>Skin.HasSetting(Search.EnableDiscover)</visible>
            <visible>!$EXP[Exp_InfoDialogs]</visible>
            <visible>[Control.HasFocus(8900) | ControlGroup(89000).HasFocus() | Control.HasFocus(89999)]</visible>
            <include content="Dialog_Dim_Side">
                <param name="slide_condition">ControlGroup(89000).HasFocus()</param>
            </include>

            <!-- Bottom Layer -->
            <include content="Dialog_Background_Side">
                <param name="slide_condition">ControlGroup(89000).HasFocus()</param>
                <param name="dialog_size">Dimension_DialogSideMenu</param>
                <!-- Side Buttons -->
                <include content="Dialog_Body">
                    <include content="Dialog_Side_Grouplist">
                        <param name="id">89000</param>
                        <onright>8900</onright>
                        <include content="Dialog_Side_Button">
                            <param name="id">01</param>
                            <param name="baseid">89</param>
                            <param name="label">$LOCALIZE[186]</param>
                            <param name="icon">special://skin/extras/icons/circle-check.png</param>
                            <onclick>SetFocus(8000)</onclick>
                        </include>
                    </include>
                </include>
            </include>

            <include content="Dialog_Foreground_Side">
                <param name="dialog_size">Dimension_DialogSideMenu</param>
                <param name="slide_condition">ControlGroup(89000).HasFocus()</param>
                <param name="lines_right">0</param>
                <param name="topline">true</param>
                <param name="subline">true</param>

                <!-- Header -->
                <include content="Dialog_Head">
                    <param name="id">0</param>
                    <param name="label">$INFO[Window.Property(SearchDiscover.FilterLabel)]</param>
                </include>

                <!-- Content -->
                <include content="Dialog_Body">
                    <include content="List_DialogSelect">
                        <param name="id">8900</param>
                        <param name="misc">[[String.IsEqual(Window.Property(SearchDiscover.FilterLabel),Genre) + !String.IsEmpty(Window.Property(SearchDiscover.GenreLabel)) + String.Contains(Window.Property(SearchDiscover.GenreLabel),ListItem.Label)] | [String.IsEqual(Window.Property(SearchDiscover.FilterLabel),Studio) + !String.IsEmpty(Window.Property(SearchDiscover.StudioLabel)) + String.Contains(Window.Property(SearchDiscover.StudioLabel),ListItem.Label)] | [String.IsEqual(Window.Property(SearchDiscover.FilterLabel),Director) + !String.IsEmpty(Window.Property(SearchDiscover.DirectorLabel)) + String.Contains(Window.Property(SearchDiscover.DirectorLabel),ListItem.Label)] | [String.IsEqual(Window.Property(SearchDiscover.FilterLabel),Country) + !String.IsEmpty(Window.Property(SearchDiscover.CountryLabel)) + String.Contains(Window.Property(SearchDiscover.CountryLabel),ListItem.Label)]]</param>
                        <include>Dimension_Dialog_Body_Group</include>
                        <onleft>89000</onleft>
                        <onback>9500</onback>
                        <!-- Genre -->
                        <include content="Action_SearchLibrary_Filter_Onclick">
                            <param name="type">Genre</param>
                        </include>
                        <!-- Studio -->
                        <include content="Action_SearchLibrary_Filter_Onclick">
                            <param name="type">Studio</param>
                        </include>
                        <!-- Director -->
                        <include content="Action_SearchLibrary_Filter_Onclick">
                            <param name="type">Director</param>
                        </include>
                        <!-- Country -->
                        <include content="Action_SearchLibrary_Filter_Onclick">
                            <param name="type">Country</param>
                        </include>

                        <content>
                            <item>
                                <label>$LOCALIZE[192]</label>
                                <property name="clearfilter">True</property>
                                <property name="special_icon">special://skin/extras/icons/_none.png</property>
                                <!-- <property name="special_icon">special://skin/extras/icons/circle-minus.png</property> -->
                            </item>
                        </content>

                        <content sortby="label">$VAR[Path_SearchFilter_Node]</content>
                    </include>
                </include>
            </include>

        </control>

    </include>

    <include name="Search_Filter_Selector">
        <!-- <include content="OSD_CastInfo_HintText">
            <param name="label">Click button to change search filters</param>
            <param name="flipy">false</param>
        </include> -->
        <control type="button" id="5098">
            <onleft>SetFocus(5099,9999,absolute)</onleft>
            <onright>SetFocus(5099,0,absolute)</onright>
            <onup>6000</onup>
            <ondown condition="Skin.String(Navigation.OnUp,Bump)">9501</ondown>
            <ondown condition="Skin.String(Navigation.OnUp,Search)">PreviousMenu</ondown>
            <!-- <onclick>SetFocus(9502)</onclick> -->
            <onclick>SetFocus(9099)</onclick>
            <onclick>RunScript(script.skinvariables,set_editcontrol=9099,window_id=1105,setfocus=9502)</onclick>
            <onclick>ClearProperty(SearchTerm)</onclick>
            <onclick>ClearProperty(SearchDiscover.SortLabel)</onclick>
            <onclick>ClearProperty(SearchDiscover.FilmSort)</onclick>
            <onclick>ClearProperty(SearchDiscover.ShowSort)</onclick>
            <onclick>ClearProperty(SearchDiscover.GenreLabel)</onclick>
            <onclick>ClearProperty(SearchDiscover.GenreID)</onclick>
            <onclick>ClearProperty(SearchDiscover.ProviderLabel)</onclick>
            <onclick>ClearProperty(SearchDiscover.ProviderID)</onclick>
            <onclick>ClearProperty(SearchDiscover.PeopleLabel)</onclick>
            <onclick>ClearProperty(SearchDiscover.PeopleID)</onclick>
            <onclick>ClearProperty(SearchDiscover.YearHigh)</onclick>
            <onclick>ClearProperty(SearchDiscover.YearLow)</onclick>
            <onclick>ClearProperty(SearchDiscover.RatingLow)</onclick>
            <onclick>ClearProperty(SearchDiscover.StudioLabel)</onclick>
            <onclick>ClearProperty(SearchDiscover.DirectorLabel)</onclick>
            <onclick>ClearProperty(SearchDiscover.SortBy)</onclick>
            <onclick>ClearProperty(SearchDiscover.SortOrder)</onclick>
            <onclick>Skin.Reset(SearchDiscover.VoteLow)</onclick>
            <onclick>Skin.Reset(SearchDiscover.ItemLimit)</onclick>
            <right>60</right>
            <centerbottom>100</centerbottom>
            <height>80</height>
            <width>240</width>
            <texturenofocus />
            <label>$LOCALIZE[31332]</label>
            <textcolor>main_fg_30</textcolor>
        </control>
        <include content="Categories_Selector">
            <param name="id">5099</param>
            <param name="visible">True</param>
            <param name="shorten">True</param>
            <param name="font">font_mini</param>
            <param name="hitrect_x">view_side</param>
            <param name="hitrect_y">920</param>
            <param name="hitrect_w">1400</param>
            <param name="hitrect_h">120</param>
            <param name="hidden_button">List_ButtonMenu_Row_HiddenButton_ERow</param>
            <onup>6000</onup>
            <ondown condition="Skin.String(Navigation.OnUp,Bump)">9501</ondown>
            <ondown condition="Skin.String(Navigation.OnUp,Search)">PreviousMenu</ondown>
            <!-- <ondown>PreviousMenu</ondown> -->
            <top>920</top>

            <onleft>5098</onleft>
            <onright>5098</onright>

            <!-- <include content="Action_View_Movement_OnLeftRight" condition="$EXP[Exp_HomeMenu_DontHide]">
                <param name="id">5099</param>
                <param name="onback">![Integer.IsEqual(Container(5099).CurrentItem,1) | Skin.String(Navigation.OnBack,Parent)]</param>
                <param name="menuid">309</param>
            </include>
            <include content="Action_View_Movement_OnLeftRight" condition="!$EXP[Exp_HomeMenu_DontHide]">
                <param name="id">5099</param>
                <param name="onback">![Integer.IsEqual(Container(5099).CurrentItem,1) | Skin.String(Navigation.OnBack,Parent)]</param>
                <param name="menuid">303</param>
            </include> -->

            <onclick>SetFocus(9502)</onclick>

            <!-- <visible>!String.IsEmpty(Control.GetLabel(9099).index(1)) | Skin.HasSetting(Search.EnableDiscover)</visible> -->

            <content>
                <item>
                    <label>$LOCALIZE[31046]</label>
                    <property name="target" />
                    <property name="guid" />
                    <property name="numitems" />
                    <property name="onfocus_one" />
                    <visible>Integer.IsEqual(Container(5099).NumItems,0) | [Integer.IsEqual(Container(5099).NumItems,1) + String.IsEqual(Container(5099).ListItemAbsolute(0).Label,$LOCALIZE[31046])]</visible>
                </item>
                <item>
                    <label>$LOCALIZE[31382]</label>
                    <property name="target">videos</property>
                    <property name="guid">guid-discoverall</property>
                    <property name="numitems">$INFO[Container(5081).NumItems]</property>
                    <property name="onfocus_one">SetProperty(TMDbHelper.WidgetContainer,5081)</property>
                    <visible>Skin.HasSetting(Search.LibraryDiscover) + Skin.HasSetting(Search.EnableDiscover) + [!Integer.IsEqual(Container(5081).NumItems,0) | Container(5081).IsUpdating]</visible>
                </item>
                <item>
                    <label>$LOCALIZE[342]</label>
                    <property name="target">videos</property>
                    <property name="guid">guid-discovermovies</property>
                    <property name="numitems">$INFO[Container(5082).NumItems]</property>
                    <property name="onfocus_one">SetProperty(TMDbHelper.WidgetContainer,5082)</property>
                    <visible>Skin.HasSetting(Search.EnableDiscover) + [!Integer.IsEqual(Container(5082).NumItems,0) | Container(5082).IsUpdating]</visible>
                </item>
                <item>
                    <label>$LOCALIZE[20343]</label>
                    <property name="target">videos</property>
                    <property name="guid">guid-discovertvshows</property>
                    <property name="numitems">$INFO[Container(5083).NumItems]</property>
                    <property name="onfocus_one">SetProperty(TMDbHelper.WidgetContainer,5083)</property>
                    <visible>Skin.HasSetting(Search.EnableDiscover) + [!Integer.IsEqual(Container(5083).NumItems,0) | Container(5083).IsUpdating]</visible>
                </item>

                <include>skinvariables-searchmenu-rowitems</include>

            </content>
        </include>
    </include>

    <include name="Search_Filter_Letter">
        <param name="textcolor_fo">main_fg_100</param>
        <param name="textcolor_nf">main_fg_70</param>
        <param name="editid">9099</param>
        <definition>
            <control type="button" id="90$PARAM[groupid]$PARAM[id]">
                <width>33</width>
                <height>50</height>
                <textoffsety>-5</textoffsety>
                <textoffsetx>-20</textoffsetx>
                <centertop>50%</centertop>
                <include>Texture_Highlight_Underline_H</include>
                <align>center</align>
                <font>font_main_black</font>
                <textcolor>$PARAM[textcolor_nf]</textcolor>
                <focusedcolor>$PARAM[textcolor_fo]</focusedcolor>
                <label>[UPPERCASE]$PARAM[letter][/UPPERCASE]</label>
                <onclick>SetFocus($PARAM[editid])</onclick>
                <include>Object_SearchLetter_Click_$PARAM[letter]</include>
                <onclick>SetFocus(90$PARAM[groupid]$PARAM[id])</onclick>
                <include>Action_UpdateSearchTerm</include>
                <onup>$PARAM[onup]</onup>
                <onup>90$PARAM[grouponup]$PARAM[id]</onup>
                <ondown>$PARAM[ondown]</ondown>
                <ondown>90$PARAM[groupondown]$PARAM[id]</ondown>
                <nested />
            </control>
        </definition>
    </include>

    <include name="Search_Filter_Alphabet">
        <param name="editid">9099</param>
        <param name="ondown">5090</param>
        <param name="rowone">9002</param>
        <param name="rowtwo">9003</param>
        <definition>
            <!-- First Row -->
            <control type="grouplist" id="$PARAM[rowone]">
                <orientation>horizontal</orientation>
                <itemgap>0</itemgap>
                <height>view_pad</height>
                <left>30</left>

                <include content="Search_Filter_Letter">
                    <param name="letter">a</param>
                    <param name="id">1</param>
                    <param name="groupid">1</param>
                    <param name="groupondown">3</param>
                    <param name="onup">$PARAM[editid]</param>
                    <param name="editid">$PARAM[editid]</param>
                </include>
                <include content="Search_Filter_Letter">
                    <param name="letter">b</param>
                    <param name="id">2</param>
                    <param name="groupid">1</param>
                    <param name="groupondown">3</param>
                    <param name="onup">$PARAM[editid]</param>
                    <param name="editid">$PARAM[editid]</param>
                </include>
                <include content="Search_Filter_Letter">
                    <param name="letter">c</param>
                    <param name="id">3</param>
                    <param name="groupid">1</param>
                    <param name="groupondown">3</param>
                    <param name="onup">$PARAM[editid]</param>
                    <param name="editid">$PARAM[editid]</param>
                </include>
                <include content="Search_Filter_Letter">
                    <param name="letter">d</param>
                    <param name="id">4</param>
                    <param name="groupid">1</param>
                    <param name="groupondown">3</param>
                    <param name="onup">$PARAM[editid]</param>
                    <param name="editid">$PARAM[editid]</param>
                </include>
                <include content="Search_Filter_Letter">
                    <param name="letter">e</param>
                    <param name="id">5</param>
                    <param name="groupid">1</param>
                    <param name="groupondown">3</param>
                    <param name="onup">$PARAM[editid]</param>
                    <param name="editid">$PARAM[editid]</param>
                </include>
                <include content="Search_Filter_Letter">
                    <param name="letter">f</param>
                    <param name="id">6</param>
                    <param name="groupid">1</param>
                    <param name="groupondown">3</param>
                    <param name="onup">$PARAM[editid]</param>
                    <param name="editid">$PARAM[editid]</param>
                </include>
                <include content="Search_Filter_Letter">
                    <param name="letter">g</param>
                    <param name="id">7</param>
                    <param name="groupid">1</param>
                    <param name="groupondown">3</param>
                    <param name="onup">$PARAM[editid]</param>
                    <param name="editid">$PARAM[editid]</param>
                </include>
                <include content="Search_Filter_Letter">
                    <param name="letter">h</param>
                    <param name="id">8</param>
                    <param name="groupid">1</param>
                    <param name="groupondown">3</param>
                    <param name="onup">$PARAM[editid]</param>
                    <param name="editid">$PARAM[editid]</param>
                </include>
                <include content="Search_Filter_Letter">
                    <param name="letter">i</param>
                    <param name="id">9</param>
                    <param name="groupid">1</param>
                    <param name="groupondown">3</param>
                    <param name="onup">$PARAM[editid]</param>
                    <param name="editid">$PARAM[editid]</param>
                </include>
                <include content="Search_Filter_Letter">
                    <param name="letter">j</param>
                    <param name="id">1</param>
                    <param name="groupid">2</param>
                    <param name="groupondown">4</param>
                    <param name="onup">$PARAM[editid]</param>
                    <param name="editid">$PARAM[editid]</param>
                </include>
                <include content="Search_Filter_Letter">
                    <param name="letter">k</param>
                    <param name="id">2</param>
                    <param name="groupid">2</param>
                    <param name="groupondown">4</param>
                    <param name="onup">$PARAM[editid]</param>
                    <param name="editid">$PARAM[editid]</param>
                </include>
                <include content="Search_Filter_Letter">
                    <param name="letter">l</param>
                    <param name="id">3</param>
                    <param name="groupid">2</param>
                    <param name="groupondown">4</param>
                    <param name="onup">$PARAM[editid]</param>
                    <param name="editid">$PARAM[editid]</param>
                </include>
                <include content="Search_Filter_Letter">
                    <param name="letter">m</param>
                    <param name="id">4</param>
                    <param name="groupid">2</param>
                    <param name="groupondown">4</param>
                    <param name="onup">$PARAM[editid]</param>
                    <param name="editid">$PARAM[editid]</param>
                </include>
                <include content="Search_Filter_Letter">
                    <param name="letter">n</param>
                    <param name="id">5</param>
                    <param name="groupid">2</param>
                    <param name="groupondown">4</param>
                    <param name="onup">$PARAM[editid]</param>
                    <param name="editid">$PARAM[editid]</param>
                </include>
            </control>

            <!-- Second Row -->
            <control type="grouplist" id="$PARAM[rowtwo]">
                <top>-30</top>
                <height>view_pad</height>
                <orientation>horizontal</orientation>
                <itemgap>0</itemgap>
                <left>30</left>

                <include content="Search_Filter_Letter">
                    <param name="letter">o</param>
                    <param name="id">1</param>
                    <param name="groupid">3</param>
                    <param name="grouponup">1</param>
                    <param name="ondown">$PARAM[ondown]</param>
                    <param name="editid">$PARAM[editid]</param>
                </include>
                <include content="Search_Filter_Letter">
                    <param name="letter">p</param>
                    <param name="id">2</param>
                    <param name="groupid">3</param>
                    <param name="grouponup">1</param>
                    <param name="ondown">$PARAM[ondown]</param>
                    <param name="editid">$PARAM[editid]</param>
                </include>
                <include content="Search_Filter_Letter">
                    <param name="letter">q</param>
                    <param name="id">3</param>
                    <param name="groupid">3</param>
                    <param name="grouponup">1</param>
                    <param name="ondown">$PARAM[ondown]</param>
                    <param name="editid">$PARAM[editid]</param>
                </include>
                <include content="Search_Filter_Letter">
                    <param name="letter">r</param>
                    <param name="id">4</param>
                    <param name="groupid">3</param>
                    <param name="grouponup">1</param>
                    <param name="ondown">$PARAM[ondown]</param>
                    <param name="editid">$PARAM[editid]</param>
                </include>
                <include content="Search_Filter_Letter">
                    <param name="letter">s</param>
                    <param name="id">5</param>
                    <param name="groupid">3</param>
                    <param name="grouponup">1</param>
                    <param name="ondown">$PARAM[ondown]</param>
                    <param name="editid">$PARAM[editid]</param>
                </include>
                <include content="Search_Filter_Letter">
                    <param name="letter">t</param>
                    <param name="id">6</param>
                    <param name="groupid">3</param>
                    <param name="grouponup">1</param>
                    <param name="ondown">$PARAM[ondown]</param>
                    <param name="editid">$PARAM[editid]</param>
                </include>
                <include content="Search_Filter_Letter">
                    <param name="letter">u</param>
                    <param name="id">7</param>
                    <param name="groupid">3</param>
                    <param name="grouponup">1</param>
                    <param name="ondown">$PARAM[ondown]</param>
                    <param name="editid">$PARAM[editid]</param>
                </include>
                <include content="Search_Filter_Letter">
                    <param name="letter">v</param>
                    <param name="id">8</param>
                    <param name="groupid">3</param>
                    <param name="grouponup">1</param>
                    <param name="ondown">$PARAM[ondown]</param>
                    <param name="editid">$PARAM[editid]</param>
                </include>
                <include content="Search_Filter_Letter">
                    <param name="letter">w</param>
                    <param name="id">9</param>
                    <param name="groupid">3</param>
                    <param name="grouponup">1</param>
                    <param name="ondown">$PARAM[ondown]</param>
                    <param name="editid">$PARAM[editid]</param>
                </include>
                <include content="Search_Filter_Letter">
                    <param name="letter">x</param>
                    <param name="id">1</param>
                    <param name="groupid">4</param>
                    <param name="grouponup">2</param>
                    <param name="ondown">$PARAM[ondown]</param>
                    <param name="editid">$PARAM[editid]</param>
                </include>
                <include content="Search_Filter_Letter">
                    <param name="letter">y</param>
                    <param name="id">2</param>
                    <param name="groupid">4</param>
                    <param name="grouponup">2</param>
                    <param name="ondown">$PARAM[ondown]</param>
                    <param name="editid">$PARAM[editid]</param>
                </include>
                <include content="Search_Filter_Letter">
                    <param name="letter">z</param>
                    <param name="id">3</param>
                    <param name="groupid">4</param>
                    <param name="grouponup">2</param>
                    <param name="ondown">$PARAM[ondown]</param>
                    <param name="editid">$PARAM[editid]</param>
                </include>
                <include content="Search_Filter_Letter">
                    <param name="letter">_</param>
                    <param name="id">4</param>
                    <param name="groupid">4</param>
                    <param name="grouponup">2</param>
                    <param name="ondown">$PARAM[ondown]</param>
                    <param name="editid">$PARAM[editid]</param>
                </include>
                <include content="Search_Filter_Letter">
                    <param name="letter">&lt;</param>
                    <param name="id">5</param>
                    <param name="groupid">4</param>
                    <param name="grouponup">2</param>
                    <param name="ondown">$PARAM[ondown]</param>
                    <param name="editid">$PARAM[editid]</param>
                </include>
            </control>
        </definition>
    </include>

    <include name="Search_Filter_YearItems">
        <include content="$PARAM[include]">
            <param name="prefix">203</param>
        </include>
        <include content="$PARAM[include]">
            <param name="prefix">202</param>
        </include>
        <include content="$PARAM[include]">
            <param name="prefix">201</param>
        </include>
        <include content="$PARAM[include]">
            <param name="prefix">200</param>
        </include>
        <include content="$PARAM[include]">
            <param name="prefix">199</param>
        </include>
        <include content="$PARAM[include]">
            <param name="prefix">198</param>
        </include>
        <include content="$PARAM[include]">
            <param name="prefix">197</param>
        </include>
        <include content="$PARAM[include]">
            <param name="prefix">196</param>
        </include>
        <include content="$PARAM[include]">
            <param name="prefix">195</param>
        </include>
        <include content="$PARAM[include]">
            <param name="prefix">194</param>
        </include>
        <include content="$PARAM[include]">
            <param name="prefix">193</param>
        </include>
        <include content="$PARAM[include]">
            <param name="prefix">192</param>
        </include>
        <include content="$PARAM[include]">
            <param name="prefix">191</param>
        </include>
        <include content="$PARAM[include]">
            <param name="prefix">190</param>
        </include>
        <include content="$PARAM[include]">
            <param name="prefix">189</param>
        </include>
    </include>

    <include name="Search_Filter_DecadeItem">
        <item>
            <label>$NUMBER[$PARAM[prefix]0]</label>
            <property name="prefix">$NUMBER[$PARAM[prefix]]</property>
            <visible>[!String.IsEmpty(Window(1105).Property(SearchDiscover.YearLow.Dialog)) + [String.IsEmpty(Window(1105).Property(SearchDiscover.YearHigh)) | Integer.IsGreater(Window(1105).Property(SearchDiscover.YearHigh),$PARAM[prefix]0)]] | [String.IsEmpty(Window(1105).Property(SearchDiscover.YearLow.Dialog)) + [String.IsEmpty(Window(1105).Property(SearchDiscover.YearLow)) | !Integer.IsGreater(Window(1105).Property(SearchDiscover.YearLow),$PARAM[prefix]0)]]</visible>
        </item>
    </include>

    <include name="_Search_Filter_YearItem">
        <item>
            <label>$NUMBER[$PARAM[prefix]$PARAM[suffix]]</label>
            <visible>[!String.IsEmpty(Window(1105).Property(SearchDiscover.YearLow.Dialog)) + [String.IsEmpty(Window(1105).Property(SearchDiscover.YearHigh)) | Integer.IsGreater(Window(1105).Property(SearchDiscover.YearHigh),$NUMBER[$PARAM[prefix]$PARAM[suffix]])]] | [String.IsEmpty(Window(1105).Property(SearchDiscover.YearLow.Dialog)) + [String.IsEmpty(Window(1105).Property(SearchDiscover.YearLow)) | !Integer.IsGreater(Window(1105).Property(SearchDiscover.YearLow),$NUMBER[$PARAM[prefix]$PARAM[suffix]])]]</visible>
            <visible>Integer.IsEqual(Container(8000).ListItem.Property(prefix),$PARAM[prefix])</visible>
        </item>
    </include>

    <include name="Search_Filter_YearItem">
        <include content="_Search_Filter_YearItem">
            <param name="prefix">$PARAM[prefix]</param>
            <param name="suffix">9</param>
        </include>
        <include content="_Search_Filter_YearItem">
            <param name="prefix">$PARAM[prefix]</param>
            <param name="suffix">8</param>
        </include>
        <include content="_Search_Filter_YearItem">
            <param name="prefix">$PARAM[prefix]</param>
            <param name="suffix">7</param>
        </include>
        <include content="_Search_Filter_YearItem">
            <param name="prefix">$PARAM[prefix]</param>
            <param name="suffix">6</param>
        </include>
        <include content="_Search_Filter_YearItem">
            <param name="prefix">$PARAM[prefix]</param>
            <param name="suffix">5</param>
        </include>
        <include content="_Search_Filter_YearItem">
            <param name="prefix">$PARAM[prefix]</param>
            <param name="suffix">4</param>
        </include>
        <include content="_Search_Filter_YearItem">
            <param name="prefix">$PARAM[prefix]</param>
            <param name="suffix">3</param>
        </include>
        <include content="_Search_Filter_YearItem">
            <param name="prefix">$PARAM[prefix]</param>
            <param name="suffix">2</param>
        </include>
        <include content="_Search_Filter_YearItem">
            <param name="prefix">$PARAM[prefix]</param>
            <param name="suffix">1</param>
        </include>
        <include content="_Search_Filter_YearItem">
            <param name="prefix">$PARAM[prefix]</param>
            <param name="suffix">0</param>
        </include>
    </include>

</includes>