<?xml version="1.0" encoding="UTF-8"?>
<window>

    <defaultcontrol always="true">10</defaultcontrol>
    <onload>SetProperty(TMDbHelper.ContextMenu,True)</onload>
    <controls>
        <include>Dialog_Dim_Overlay</include>

        <control type="group">
            <include>Dimension_DialogMainMenu</include>
            <include>Animation_Right_Delay</include>

            <include content="Dialog_Background_Group">
                <param name="include_glass">true</param>
                <param name="dialog_size">Dimension_DialogMainMenu</param>
            </include>

            <control type="group">
                <!-- Header -->
                <include content="Dialog_Head">
                    <param name="id">9901</param>
                    <param name="label">$LOCALIZE[137]</param>
                </include>
                <include>Dialog_Manage_Head_Button</include>

                <!-- Content -->
                <control type="group">
                    <bottom>160</bottom>
                    <include>Dimension_Dialog_Body</include>
                    <control type="group" id="8000">
                        <include>Dimension_Dialog_Body_Group</include>

                        <!-- <control type="image">
                            <top>-20</top>
                            <left>20</left>
                            <right>20</right>
                            <height>1</height>
                            <texture colordiffuse="$VAR[Color_DialogBorder]">common/white.png</texture>
                        </control> -->

                        <control type="group">
                            <top>-20</top>
                            <height>80</height>
                            <control type="image">
                                <include>Texture_Menu_Highlight_H</include>
                                <visible>ControlGroup(9000).HasFocus()</visible>
                            </control>
                            <include content="Object_Keyboard_Button" description="Text Entry">
                                <param name="id">9</param>
                                <param name="control">edit</param>
                                <width>100%</width>
                                <textoffsetx>40</textoffsetx>
                                <align>left</align>
                                <onright>26</onright>
                                <ondown>8300</ondown>
                                <onup>9898</onup>
                            </include>

                            <control type="grouplist" id="9000">
                                <right>20</right>
                                <orientation>horizontal</orientation>
                                <align>right</align>
                                <usecontrolcoords>true</usecontrolcoords>
                                <onleft>9</onleft>
                                <onright>9898</onright>
                                <ondown>8300</ondown>
                                <onup>9898</onup>
                                <include content="Settings_EditButton">
                                    <param name="id">9</param>
                                    <param name="groupid">9009</param>
                                    <param name="icon">special://skin/extras/icons/pencil.png</param>
                                    <param name="hasfocus">[ControlGroup(9000).HasFocus() | Control.HasFocus(9)]</param>
                                    <param name="hasbutton">false</param>
                                </include>

                                <include content="Settings_EditButton">
                                    <param name="id">26</param>
                                    <param name="groupid">9026</param>
                                    <param name="icon">special://skin/extras/icons/search.png</param>
                                    <param name="hasfocus">[ControlGroup(9000).HasFocus() | Control.HasFocus(9)]</param>
                                </include>

                            </control>


                        </control>

                        <!-- <control type="textbox" id="8001">
                            <label>$LOCALIZE[126] $LOCALIZE[19002]</label>
                            <top>80</top>
                            <height>40</height>
                            <align>center</align>
                            <aligny>center</aligny>
                            <font>font_tiny</font>
                        </control> -->



                        <control type="group" id="8300">
                            <top>80</top>

                            <!-- <control type="image">
                                <top>-20</top>
                                <left>20</left>
                                <right>20</right>
                                <height>1</height>
                                <texture colordiffuse="$VAR[Color_DialogBorder]">common/white.png</texture>
                            </control> -->

                            <control type="image">
                                <bottom>-20</bottom>
                                <left>20</left>
                                <right>20</right>
                                <height>1</height>
                                <texture colordiffuse="$VAR[Color_DialogBorder]">common/white.png</texture>
                            </control>

                            <control type="group">

                                <control type="image">
                                    <centerleft>50%</centerleft>
                                    <width>1</width>
                                    <texture colordiffuse="$VAR[Color_DialogBorder]">common/white.png</texture>
                                </control>

                                <control type="group">
                                    <width>50%</width>
                                    <control type="grouplist" id="8100">
                                        <orientation>vertical</orientation>
                                        <height>640</height>
                                        <right>20</right>
                                        <onup>9</onup>
                                        <include content="Settings_Button">
                                            <param name="control">radiobutton</param>
                                            <param name="id">10</param>
                                            <description>Include Description</description>
                                            <onright>12</onright>
                                            <label>$LOCALIZE[19134]</label>
                                        </include>
                                        <include content="Settings_Button">
                                            <param name="control">radiobutton</param>
                                            <param name="id">11</param>
                                            <description>Case Sensitive</description>
                                            <onright>13</onright>
                                            <label>$LOCALIZE[19135]</label>
                                        </include>
                                        <include content="Settings_Button">
                                            <param name="control">edit</param>
                                            <param name="id">14</param>
                                            <description>Start Date</description>
                                            <onright>16</onright>
                                            <label>$LOCALIZE[19128]</label>
                                        </include>
                                        <include content="Settings_Button">
                                            <param name="control">edit</param>
                                            <param name="id">15</param>
                                            <description>Stop Date</description>
                                            <onright>17</onright>
                                            <label>$LOCALIZE[19129]</label>
                                        </include>
                                        <include content="Settings_Button">
                                            <param name="control">spincontrolex</param>
                                            <param name="id">18</param>
                                            <description>Genre</description>
                                            <onright>19</onright>
                                            <label>$LOCALIZE[515]</label>
                                        </include>
                                        <include content="Settings_Button">
                                            <param name="control">radiobutton</param>
                                            <param name="id">20</param>
                                            <description>Include unknown Genres</description>
                                            <onright>21</onright>
                                            <label>$LOCALIZE[19132]</label>
                                        </include>
                                        <include content="Settings_Button">
                                            <param name="control">radiobutton</param>
                                            <param name="id">22</param>
                                            <description>FTA only</description>
                                            <onright>23</onright>
                                            <label>$LOCALIZE[19123]</label>
                                        </include>
                                        <include content="Settings_Button">
                                            <param name="control">radiobutton</param>
                                            <param name="id">24</param>
                                            <description>Ignore Timers</description>
                                            <onright>27</onright>
                                            <label>$LOCALIZE[19124]</label>
                                        </include>
                                    </control>
                                </control>
                                <control type="group">
                                    <right>0</right>
                                    <width>50%</width>
                                    <control type="grouplist" id="8200">
                                        <orientation>vertical</orientation>
                                        <height>640</height>
                                        <left>20</left>
                                        <onup>9</onup>
                                        <onright>9898</onright>
                                        <include content="Settings_Button">
                                            <param name="control">spincontrolex</param>
                                            <param name="id">12</param>
                                            <description>Min Duration</description>
                                            <onleft>10</onleft>
                                            <label>$LOCALIZE[19130]</label>
                                        </include>
                                        <include content="Settings_Button">
                                            <param name="control">spincontrolex</param>
                                            <param name="id">13</param>
                                            <description>Max Duration</description>
                                            <onleft>11</onleft>
                                            <label>$LOCALIZE[19131]</label>
                                        </include>
                                        <include content="Settings_Button">
                                            <param name="control">edit</param>
                                            <param name="id">16</param>
                                            <description>Start time</description>
                                            <onleft>14</onleft>
                                            <label>$LOCALIZE[19126]</label>
                                        </include>
                                        <include content="Settings_Button">
                                            <param name="control">edit</param>
                                            <param name="id">17</param>
                                            <description>Stop time</description>
                                            <onleft>15</onleft>
                                            <label>$LOCALIZE[19127]</label>
                                        </include>
                                        <include content="Settings_Button">
                                            <param name="control">radiobutton</param>
                                            <param name="id">19</param>
                                            <description>avoid repeats</description>
                                            <onleft>18</onleft>
                                            <label>$LOCALIZE[19121]</label>
                                        </include>
                                        <include content="Settings_Button">
                                            <param name="control">spincontrolex</param>
                                            <param name="id">21</param>
                                            <description>Groups</description>
                                            <onleft>20</onleft>
                                            <label>$LOCALIZE[19141]</label>
                                        </include>
                                        <include content="Settings_Button">
                                            <param name="control">spincontrolex</param>
                                            <param name="id">23</param>
                                            <description>Channels</description>
                                            <onleft>22</onleft>
                                            <label>$LOCALIZE[19148]</label>
                                        </include>
                                        <include content="Settings_Button">
                                            <param name="control">radiobutton</param>
                                            <param name="id">27</param>
                                            <description>Ignore Recordings</description>
                                            <onleft>24</onleft>
                                            <label>$LOCALIZE[19125]</label>
                                        </include>
                                    </control>
                                </control>
                            </control>
                        </control>
                    </control>

                    <include content="Dialog_InfoText">
                        <param name="label">$LOCALIZE[19001] $LOCALIZE[19002]</param>
                    </include>
                </control>


            </control>

        </control>
        <include content="Object_Hidden_Button">
            <param name="id">28</param>
        </include>
        <include content="Dialog_Manage">
            <param name="onback">8000</param>
            <param name="include">Items_DialogPVRGuideSearch</param>
            <param name="focus_id">9226</param>
        </include>
    </controls>
</window>
