<?xml version="1.0" encoding="utf-8"?>
<window>
    <defaultcontrol always="true">1297</defaultcontrol>
    <onload condition="Skin.HasSetting(DisableShowcaseScreensaver)">SetProperty(TMDbHelper.WidgetContainer,1297,Home)</onload>
    <onunload condition="Skin.HasSetting(DisableShowcaseScreensaver)">ClearProperty(TMDbHelper.WidgetContainer,Home)</onunload>
    <onload condition="!Skin.HasSetting(DisableShowcaseScreensaver)">Action(Close)</onload>
    <onunload condition="!Skin.HasSetting(DisableShowcaseScreensaver)">ActivateWindow(1141)</onunload>
    <controls>
        <control type="image">
            <texture colordiffuse="Background">common/bg.jpg</texture>
        </control>

        <control type="list" id="1297">
            <content sortby="random">$VAR[Defs_ScreensaverWidget]</content>
            <autoscroll time="20000">true</autoscroll>
            <orientation>horizontal</orientation>
            <itemlayout />
            <focusedlayout />
        </control>

        <control type="image">
            <fadetime>800</fadetime>
            <width>1920</width>
            <height>1080</height>
            <texture background="true">$INFO[ListItem.Art(fanart)]</texture>
            <animation effect="zoom" start="110" end="130" center="auto" time="10000" tween="sine" easing="inout" pulse="true" condition="true">Conditional</animation>
            <animation effect="slide" start="-30,-30" end="30,30" time="6000" tween="sine" easing="inout" pulse="true" condition="true">Conditional</animation>
        </control>

        <control type="group">
            <visible>Container(1297).IsUpdating</visible>
            <animation effect="fade" start="0" end="100" time="5000" tween="cubic" easing="inout" reversible="false">Visible</animation>
            <animation effect="fade" end="0" start="100" time="1000" tween="cubic" easing="inout">Hidden</animation>
            <animation effect="fade" start="100" end="10" condition="true">Conditional</animation>
            <control type="multiimage">
                <timeperimage>50</timeperimage>
                <aspectratio align="center" aligny="center">stretch</aspectratio>
                <fadetime>10</fadetime>
                <imagepath>$VAR[Global_BusyLoader]</imagepath>
                <randomize>false</randomize>
            </control>
        </control>
        <control type="group">
            <visible>Container(1297).IsUpdating</visible>
            <include>Dialog_Busy</include>
        </control>

        <control type="group">
            <visible>!Container(1297).IsUpdating</visible>
            <include content="Home_Widget_Fullscreen_Info">
                <param name="id" value="1297" />
            </include>

            <include content="Topbar_Left">
                <param name="label" value="$INFO[Skin.String(screensaver.arctic.mirage.name)]" />
            </include>
        </control>
        <include condition="!Skin.HasSetting(DisableClock)">Topbar_Right</include>

        <control type="image" id="1298">
            <fadetime>800</fadetime>
            <width>1</width>
            <height>1</height>
            <top>-1000</top>
            <left>-1000</left>
            <texture />
        </control>

    </controls>
</window>
