<?xml version="1.0" encoding="UTF-8"?>
<includes>

    <include name="Shortcuts_Pallette_Open_OnClick">
        <definition>
            <onfocus>SetProperty(list_id,$PARAM[list_id])</onfocus>
            <onfocus>SetProperty(guid,$PARAM[guid])</onfocus>
            <onclick>SetProperty(disabled,$INFO[Container($PARAM[list_id]).ListItem.Property(disabled)])</onclick>
            <onclick>SetProperty(mode,$PARAM[mode])</onclick>
            <onclick>SetProperty(menu,$PARAM[menu])</onclick>
            <onclick>SetProperty(list_id,$PARAM[list_id])</onclick>
            <onclick>SetProperty(forced,$PARAM[forced])</onclick>
            <onclick>SetProperty(url,$PARAM[url])</onclick>
            <onclick>SetFocus(3999)</onclick>
        </definition>
    </include>

    <include name="Shortcuts_Pallette_LabelDividerLine">
        <param name="visible">true</param>
        <definition>
            <!-- <control type="group" id="$PARAM[id]">
                <height>80</height>
                <control type="label">
                    <height>40</height>
                    <bottom>0</bottom>
                    <textoffsetx>40</textoffsetx>
                    <label>$PARAM[label]</label>
                    <font>font_hint_black</font>
                </control>
            </control> -->
            <control type="grouplist" id="$PARAM[id]">
                <height>80</height>
                <left>20</left>
                <right>20</right>
                <orientation>horizontal</orientation>
                <visible>$PARAM[visible]</visible>
                <control type="image">
                    <height>1</height>
                    <centertop>60</centertop>
                    <width>40</width>
                    <texture colordiffuse="dialog_fg_12">common/white.png</texture>
                </control>
                <control type="label">
                    <left>20</left>
                    <width>auto</width>
                    <height>20</height>
                    <centertop>60</centertop>
                    <label>$PARAM[label]</label>
                    <font>font_hint_black</font>
                </control>
                <control type="image">
                    <left>20</left>
                    <height>1</height>
                    <centertop>60</centertop>
                    <width>1000</width>
                    <texture colordiffuse="dialog_fg_12">common/white.png</texture>
                </control>
            </control>
        </definition>
    </include>

    <include name="Shortcuts_Pallette">
        <include content="Object_Hidden_Button">
            <param name="id">3999</param>
            <animation effect="fade" start="0" end="0" time="400" reversible="false">Focus</animation>
            <onfocus>SetFocus(3000)</onfocus>
        </include>
        <control type="group">
            <include>Dimension_DialogSideMenu</include>
            <include>Animation_Right_Delay</include>
            <visible>ControlGroup(3000).HasFocus() | Control.HasFocus(3999) | ControlGroup(39000).HasFocus()</visible>
            <include content="Dialog_Dim_Side">
                <param name="slide_condition">True</param>
            </include>

            <!-- Bottom Layer -->
            <include content="Dialog_Background_Side">
                <param name="slide_condition">True</param>
                <param name="dialog_size">Dimension_DialogSideMenu</param>
                <!-- Side Buttons -->
                <include content="Dialog_Body">
                    <include content="Dialog_Side_Grouplist">
                        <param name="id">39000</param>
                        <onright>3000</onright>
                        <onleft condition="Integer.IsEqual(Window.Property(list_id),300)">300</onleft>
                        <onleft condition="Integer.IsEqual(Window.Property(list_id),302)">302</onleft>
                        <onleft condition="Integer.IsEqual(Window.Property(list_id),303)">303</onleft>
                        <onleft condition="Integer.IsEqual(Window.Property(list_id),304)">304</onleft>
                        <include>Shortcuts_Pallette_OnBack</include>
                        <include content="Dialog_Side_Button">
                            <param name="id">01</param>
                            <param name="baseid">39</param>
                            <param name="label">$LOCALIZE[15067]</param>
                            <param name="icon">special://skin/extras/icons/circle-xmark.png</param>
                            <onclick>Action(Close)</onclick>
                            <include>Shortcuts_Pallette_OnBack</include>
                        </include>

                        <!-- ======= -->
                        <!-- Move Up -->
                        <!-- ======= -->
                        <include content="Dialog_Side_Button">
                            <param name="id">07</param>
                            <param name="baseid">39</param>
                            <param name="label">$VAR[Shortcuts_Pallette_Up_Label]</param>
                            <param name="icon">$VAR[Shortcuts_Pallette_Up_Icon]</param>
                            <param name="visible">$EXP[Shortcuts_Pallette_Exp_HasMoreThanOne]</param>
                            <include>Shortcuts_Pallette_OnBack</include>
                            <onclick condition="!$EXP[Exp_IsUpdatingNode]">RunPlugin($INFO[Window.Property(url),,&amp;func=do_move&amp;&amp;move::-1&amp;&amp;window_prop::url])</onclick>
                        </include>

                        <!-- ========= -->
                        <!-- Move Down -->
                        <!-- ========= -->
                        <include content="Dialog_Side_Button">
                            <param name="id">08</param>
                            <param name="baseid">39</param>
                            <param name="label">$VAR[Shortcuts_Pallette_Down_Label]</param>
                            <param name="icon">$VAR[Shortcuts_Pallette_Down_Icon]</param>
                            <param name="visible">$EXP[Shortcuts_Pallette_Exp_HasMoreThanOne]</param>
                            <include>Shortcuts_Pallette_OnBack</include>
                            <onclick condition="!$EXP[Exp_IsUpdatingNode]">RunPlugin($INFO[Window.Property(url),,&amp;func=do_move&amp;&amp;move::1&amp;&amp;window_prop::url])</onclick>
                        </include>

                        <!-- ======= -->
                        <!-- Add New -->
                        <!-- ======= -->
                        <include content="Dialog_Side_Button">
                            <param name="id">06</param>
                            <param name="baseid">39</param>
                            <param name="label">$LOCALIZE[35261]</param>
                            <param name="icon">special://skin/extras/icons/circle-plus.png</param>
                            <param name="visible">!$EXP[Shortcuts_Pallette_Exp_IsAddItem]</param>
                            <include>Shortcuts_Pallette_OnBack</include>
                            <onclick condition="!$EXP[Exp_IsUpdatingNode]">SetFocus($INFO[Window.Property(list_id)])</onclick>
                            <onclick condition="!$EXP[Exp_IsUpdatingNode] + !Integer.IsEqual(Window.Property(list_id),304)">SetProperty(Shortcuts.Groupings.Links,Links,Home)</onclick>
                            <onclick condition="!$EXP[Exp_IsUpdatingNode] + !Integer.IsEqual(Window.Property(list_id),304)">RunPlugin($INFO[Window.Property(url),,&amp;func=do_new])</onclick>
                            <onclick condition="!$EXP[Exp_IsUpdatingNode] + Integer.IsEqual(Window.Property(list_id),304)">ClearProperty(Shortcuts.Groupings.Links,Home)</onclick>
                            <onclick condition="!$EXP[Exp_IsUpdatingNode] + Integer.IsEqual(Window.Property(list_id),304)">RunPlugin($INFO[Window.Property(url),,&amp;func=do_new&amp;&amp;use_rawpath::True])</onclick>
                        </include>


                        <!-- ======= -->
                        <!-- Disable -->
                        <!-- ======= -->
                        <include content="Dialog_Side_Button">
                            <param name="id">02</param>
                            <param name="baseid">39</param>
                            <param name="label">$LOCALIZE[24021]</param>
                            <param name="icon">special://skin/extras/icons/circle-cancel.png</param>
                            <param name="visible">!$EXP[Shortcuts_Pallette_Exp_IsAddItem] + String.IsEmpty(Window.Property(disabled))</param>
                            <include>Shortcuts_Pallette_OnBack</include>
                            <onclick condition="!$EXP[Exp_IsUpdatingNode]">RunPlugin($INFO[Window.Property(url),,&amp;func=do_toggle])</onclick>
                            <onclick condition="!$EXP[Exp_IsUpdatingNode]">SetProperty(disabled,True)</onclick>
                            <onclick condition="!$EXP[Exp_IsUpdatingNode]">SetFocus(3999)</onclick>
                        </include>
                        <!-- Disable: Enable -->
                        <include content="Dialog_Side_Button">
                            <param name="id">03</param>
                            <param name="baseid">39</param>
                            <param name="label">$LOCALIZE[24022]</param>
                            <param name="icon">special://skin/extras/icons/circle-check-regular.png</param>
                            <param name="visible">!$EXP[Shortcuts_Pallette_Exp_IsAddItem] + !String.IsEmpty(Window.Property(disabled))</param>
                            <include>Shortcuts_Pallette_OnBack</include>
                            <onclick condition="!$EXP[Exp_IsUpdatingNode]">RunPlugin($INFO[Window.Property(url),,&amp;func=do_toggle])</onclick>
                            <onclick condition="!$EXP[Exp_IsUpdatingNode]">ClearProperty(disabled)</onclick>
                            <onclick condition="!$EXP[Exp_IsUpdatingNode]">SetFocus(3999)</onclick>
                        </include>

                        <!-- ====== -->
                        <!-- Delete -->
                        <!-- ====== -->
                        <include content="Dialog_Side_Button">
                            <param name="id">04</param>
                            <param name="baseid">39</param>
                            <param name="label">$LOCALIZE[117]</param>
                            <param name="icon">special://skin/extras/icons/trash-can.png</param>
                            <param name="visible">String.IsEmpty(Window.Property(forced)) + !$EXP[Shortcuts_Pallette_Exp_IsAddItem]</param>
                            <include>Shortcuts_Pallette_OnBack</include>
                            <onclick condition="!$EXP[Exp_IsUpdatingNode]">SetProperty(Shortcuts.Groupings.Links,Links,Home)</onclick>
                            <onclick condition="!$EXP[Exp_IsUpdatingNode]">RunPlugin($INFO[Window.Property(url),,&amp;func=do_delete&amp;&amp;False])</onclick>
                            <onclick condition="!$EXP[Exp_IsUpdatingNode]">SetFocus($INFO[Window.Property(list_id)])</onclick>
                        </include>
                        <!-- Delete: Submenu List -->
                        <include content="Dialog_Side_Button">
                            <param name="id">05</param>
                            <param name="baseid">39</param>
                            <param name="label">$LOCALIZE[117]</param>
                            <param name="icon">special://skin/extras/icons/trash-can.png</param>
                            <param name="visible">Integer.IsEqual(Window.Property(list_id),302) + !String.IsEmpty(Container(300).ListItem.Property(submenulist_path))</param>
                            <include>Shortcuts_Pallette_OnBack</include>
                            <onclick condition="!$EXP[Exp_IsUpdatingNode]">RunPlugin($INFO[Container(300).ListItem.Property(url),,&amp;func=do_toggle&amp;&amp;submenulist_path])</onclick>
                            <onclick condition="!$EXP[Exp_IsUpdatingNode]">SetFocus($INFO[Window.Property(list_id)])</onclick>
                        </include>
                    </include>
                </include>
            </include>

            <include content="Dialog_Foreground_Side">
                <param name="dialog_size">Dimension_DialogSideMenu</param>
                <param name="slide_condition">True</param>
                <param name="lines_right">0</param>
                <param name="topline">true</param>
                <param name="subline">true</param>

                <!-- Header -->
                <include>Shortcuts_Pallette_Header</include>

                <!-- Content -->
                <include content="Dialog_Body">
                    <include content="Dialog_Body_Group">
                        <control type="grouplist" id="3000">
                            <orientation>vertical</orientation>
                            <include>Shortcuts_Pallette_OnBack</include>
                            <onleft>39000</onleft>

                            <include content="Shortcuts_Pallette_LabelDividerLine">
                                <param name="id">3901</param>
                                <param name="label">$LOCALIZE[31511] $LOCALIZE[33063]</param>
                            </include>

                            <!-- Shortcuts -->
                            <include content="Shortcuts_Pallette_Standard_Button">
                                <param name="id">08</param>
                                <param name="label">$LOCALIZE[31511]</param>
                                <param name="visible">String.IsEmpty(Window.Property(forced))</param>
                                <onclick condition="!$EXP[Exp_IsUpdatingNode] + !Integer.IsEqual(Window.Property(list_id),304)">SetProperty(Shortcuts.Groupings.Links,Links,Home)</onclick>
                                <onclick condition="!$EXP[Exp_IsUpdatingNode] + !Integer.IsEqual(Window.Property(list_id),304)">RunPlugin($INFO[Window.Property(url),,&amp;func=do_choose])</onclick>
                                <onclick condition="!$EXP[Exp_IsUpdatingNode] + Integer.IsEqual(Window.Property(list_id),304)">ClearProperty(Shortcuts.Groupings.Links,Home)</onclick>
                                <onclick condition="!$EXP[Exp_IsUpdatingNode] + Integer.IsEqual(Window.Property(list_id),304)">RunPlugin($INFO[Window.Property(url),,&amp;func=do_choose&amp;&amp;use_rawpath::True])</onclick>
                            </include>

                            <!-- Shortcuts: Submenu List -->
                            <include content="Shortcuts_Pallette_Standard_Button">
                                <param name="id">09</param>
                                <param name="label">$LOCALIZE[31511]</param>
                                <param name="icon">special://skin/extras/icons/share.png</param>
                                <param name="visible">Integer.IsEqual(Window.Property(list_id),302) + !String.IsEmpty(Container(300).ListItem.Property(submenulist_path))</param>
                                <onclick condition="!$EXP[Exp_IsUpdatingNode]">ClearProperty(Shortcuts.Groupings.Links,Home)</onclick>
                                <onclick condition="!$EXP[Exp_IsUpdatingNode]">RunPlugin($INFO[Container(300).ListItem.Property(url),,&amp;func=do_choose&amp;&amp;submenulist&amp;&amp;use_rawpath::True])</onclick>
                            </include>

                            <!-- Action -->
                            <include content="Shortcuts_Pallette_Standard_Button">
                                <param name="id">10</param>
                                <param name="label">Action</param>
                                <param name="icon">special://skin/extras/icons/terminal.png</param>
                                <param name="visible">String.IsEmpty(Window.Property(forced))</param>
                                <onclick condition="!$EXP[Exp_IsUpdatingNode] + !Integer.IsEqual(Window.Property(list_id),304)">SetProperty(Shortcuts.Groupings.Links,Links,Home)</onclick>
                                <onclick condition="!$EXP[Exp_IsUpdatingNode] + !Integer.IsEqual(Window.Property(list_id),304)">RunPlugin($INFO[Window.Property(url),,&amp;func=do_action])</onclick>
                                <onclick condition="!$EXP[Exp_IsUpdatingNode] + Integer.IsEqual(Window.Property(list_id),304)">ClearProperty(Shortcuts.Groupings.Links,Home)</onclick>
                                <onclick condition="!$EXP[Exp_IsUpdatingNode] + Integer.IsEqual(Window.Property(list_id),304)">RunPlugin($INFO[Window.Property(url),,&amp;func=do_action&amp;&amp;use_rawpath::True])</onclick>
                            </include>

                            <!-- Rename -->
                            <include content="Shortcuts_Pallette_Standard_Button">
                                <param name="id">11</param>
                                <param name="label">$LOCALIZE[118]</param>
                                <param name="icon">special://skin/extras/icons/pen-to-square.png</param>
                                <param name="visible">![Integer.IsEqual(Window.Property(list_id),302) + !String.IsEmpty(Container(300).ListItem.Property(submenulist_path))]</param>
                                <onclick condition="!$EXP[Exp_IsUpdatingNode]">RunPlugin($INFO[Window.Property(url),,&amp;func=do_edit])</onclick>
                            </include>

                            <!-- Icon -->
                            <include content="Shortcuts_Pallette_Standard_Button">
                                <param name="id">12</param>
                                <param name="label">$LOCALIZE[31274]</param>
                                <param name="icon">special://skin/extras/icons/images.png</param>
                                <param name="visible">$EXP[Shortcuts_Pallette_Exp_IsIconList]</param>
                                <onclick condition="!$EXP[Exp_IsUpdatingNode]">RunPlugin($INFO[Window.Property(url),,&amp;func=do_icon])</onclick>
                            </include>

                            <!-- Highlight Type -->
                            <include content="Shortcuts_Pallette_Standard_Button">
                                <param name="id">13</param>
                                <param name="label">$LOCALIZE[467]$INFO[Container(303).ListItem.Property(expression),: [CAPITALIZE],[/CAPITALIZE]]</param>
                                <param name="icon">special://skin/extras/icons/lightbulb.png</param>
                                <param name="visible">Integer.IsEqual(Window.Property(list_id),303)</param>
                                <onclick condition="!$EXP[Exp_IsUpdatingNode]">RunPlugin($INFO[Window.Property(url),,&amp;func=do_edit&amp;&amp;expression&amp;&amp;home&amp;movies&amp;tvshows&amp;music&amp;livetv&amp;addons&amp;pictures&amp;weather&amp;videos&amp;search&amp;none&amp;&amp;Highlight type&amp;&amp;True])</onclick>
                            </include>

                            <!-- Configure Hub -->
                            <include content="Shortcuts_Pallette_Standard_Button">
                                <param name="id">14</param>
                                <param name="label">$LOCALIZE[31281]</param>
                                <param name="icon">special://skin/extras/icons/screwdriver-wrench.png</param>
                                <param name="visible">[Integer.IsEqual(Window.Property(list_id),300) + [String.IsEqual(Container(300).ListItem.Property(path),ActivateWindow(Home)) | String.IsEqual(Container(300).ListItem.Property(path),ActivateWindow(1101)) | String.IsEqual(Container(300).ListItem.Property(path),ActivateWindow(1102)) | String.IsEqual(Container(300).ListItem.Property(path),ActivateWindow(1103)) | String.IsEqual(Container(300).ListItem.Property(path),ActivateWindow(1104)) | String.IsEqual(Container(300).ListItem.Property(path),ActivateWindow(1105)) | String.IsEqual(Container(300).ListItem.Property(path),ActivateWindow(1106)) | String.IsEqual(Container(300).ListItem.Property(path),ActivateWindow(1107)) | String.IsEqual(Container(300).ListItem.Property(path),ActivateWindow(1108)) | String.IsEqual(Container(300).ListItem.Property(path),ActivateWindow(1109))]] | [Integer.IsEqual(Window.Property(list_id),302) + [String.IsEqual(Container(302).ListItem.Property(path),ActivateWindow(Home)) | String.IsEqual(Container(302).ListItem.Property(path),ActivateWindow(1101)) | String.IsEqual(Container(302).ListItem.Property(path),ActivateWindow(1102)) | String.IsEqual(Container(302).ListItem.Property(path),ActivateWindow(1103)) | String.IsEqual(Container(302).ListItem.Property(path),ActivateWindow(1104)) | String.IsEqual(Container(302).ListItem.Property(path),ActivateWindow(1105)) | String.IsEqual(Container(302).ListItem.Property(path),ActivateWindow(1106)) | String.IsEqual(Container(302).ListItem.Property(path),ActivateWindow(1107)) | String.IsEqual(Container(302).ListItem.Property(path),ActivateWindow(1108)) | String.IsEqual(Container(302).ListItem.Property(path),ActivateWindow(1109))]] | [Integer.IsEqual(Window.Property(list_id),304) + [String.IsEqual(Container(304).ListItem.Property(path),ActivateWindow(Home)) | String.IsEqual(Container(304).ListItem.Property(path),ActivateWindow(1101)) | String.IsEqual(Container(304).ListItem.Property(path),ActivateWindow(1102)) | String.IsEqual(Container(304).ListItem.Property(path),ActivateWindow(1103)) | String.IsEqual(Container(304).ListItem.Property(path),ActivateWindow(1104)) | String.IsEqual(Container(304).ListItem.Property(path),ActivateWindow(1105)) | String.IsEqual(Container(304).ListItem.Property(path),ActivateWindow(1106)) | String.IsEqual(Container(304).ListItem.Property(path),ActivateWindow(1107)) | String.IsEqual(Container(304).ListItem.Property(path),ActivateWindow(1108)) | String.IsEqual(Container(304).ListItem.Property(path),ActivateWindow(1109))]] | [Integer.IsEqual(Window.Property(list_id),303) + [String.IsEqual(Container(303).ListItem.Property(path),ActivateWindow(Home)) | String.IsEqual(Container(303).ListItem.Property(path),ActivateWindow(1101)) | String.IsEqual(Container(303).ListItem.Property(path),ActivateWindow(1102)) | String.IsEqual(Container(303).ListItem.Property(path),ActivateWindow(1103)) | String.IsEqual(Container(303).ListItem.Property(path),ActivateWindow(1104)) | String.IsEqual(Container(303).ListItem.Property(path),ActivateWindow(1105)) | String.IsEqual(Container(303).ListItem.Property(path),ActivateWindow(1106)) | String.IsEqual(Container(303).ListItem.Property(path),ActivateWindow(1107)) | String.IsEqual(Container(303).ListItem.Property(path),ActivateWindow(1108)) | String.IsEqual(Container(303).ListItem.Property(path),ActivateWindow(1109))]]</param>

                                <include content="Shortcuts_Pallette_Hub_Configure_Onclick">
                                    <param name="id">300</param>
                                </include>
                                <include content="Shortcuts_Pallette_Hub_Configure_Onclick">
                                    <param name="id">302</param>
                                </include>
                                <include content="Shortcuts_Pallette_Hub_Configure_Onclick">
                                    <param name="id">303</param>
                                </include>
                                <include content="Shortcuts_Pallette_Hub_Configure_Onclick">
                                    <param name="id">304</param>
                                </include>

                                <onclick>SetFocus(340)</onclick>
                            </include>

                            <include content="Shortcuts_Pallette_LabelDividerLine">
                                <param name="id">3902</param>
                                <param name="label">$LOCALIZE[1034] $LOCALIZE[33063]</param>
                                <param name="visible">Integer.IsEqual(Window.Property(list_id),300)</param>
                            </include>

                            <include content="Shortcuts_Pallette_LabelDividerLine">
                                <param name="id">3903</param>
                                <param name="label">$LOCALIZE[31282] $LOCALIZE[33063]</param>
                                <param name="visible">Integer.IsEqual(Window.Property(list_id),304)</param>
                            </include>

                            <!-- ============== -->
                            <!-- Widget Options -->
                            <!-- ============== -->

                            <!-- Widgets: Submenu Widget: Edit Items -->
                            <include content="Shortcuts_Pallette_Standard_Button">
                                <param name="id">16</param>
                                <param name="label">$LOCALIZE[31516]</param>
                                <param name="visible">String.IsEqual(Container(304).ListItem.Property(path),Custom_Submenu) + Integer.IsEqual(Window.Property(list_id),304)</param>
                                <onclick>SetProperty(Shortcuts.EditMenu,menu=$INFO[Container(304).ListItem.Property(menu)],Home)</onclick>
                                <onclick>SetProperty(Shortcuts.EditMode,mode=submenu,Home)</onclick>
                                <onclick>SetProperty(Shortcuts.EditGUID,guid=$INFO[Container(304).ListItem.Property(guid)],Home)</onclick>
                                <onclick>ActivateWindow(1116)</onclick>
                            </include>
                            <!-- Widgets: Style -->
                            <include content="Shortcuts_Pallette_Standard_Button">
                                <param name="id">17</param>
                                <param name="control">button</param>
                                <param name="label">$LOCALIZE[736]</param>
                                <param name="visible">Integer.IsEqual(Window.Property(list_id),304)</param>
                                <label2>$INFO[Container(304).ListItem.Property(widget_style)]</label2>
                                <onclick>RunPlugin($INFO[Container(304).ListItem.Property(url),,&amp;func=do_edit&amp;&amp;widget_style&amp;&amp;Poster&amp;Landscape&amp;Square&amp;Banner&amp;Card&amp;Board&amp;Apps&amp;Icon&amp;Text&amp;&amp;Style&amp;&amp;True])</onclick>
                            </include>
                            <!-- Widgets: Sort by -->
                            <include content="Shortcuts_Pallette_Standard_Button">
                                <param name="id">18</param>
                                <param name="control">button</param>
                                <param name="label">$LOCALIZE[31016]</param>
                                <param name="visible">Integer.IsEqual(Window.Property(list_id),304)</param>
                                <label2>[CAPITALIZE]$INFO[Container(304).ListItem.Property(widget_sortby)][/CAPITALIZE]</label2>
                                <onclick>RunPlugin($INFO[Container(304).ListItem.Property(url),,&amp;func=do_edit&amp;&amp;widget_sortby&amp;&amp;default&amp;label&amp;random&amp;dateadded&amp;lastplayed&amp;playcount&amp;year&amp;rating&amp;userrating&amp;votes&amp;genre&amp;country&amp;studio&amp;playlist&amp;episodenumber&amp;season&amp;totalepisodes&amp;watchedepisodes&amp;tvshowstatus&amp;tvshowtitle&amp;file&amp;title&amp;track&amp;time&amp;artist&amp;album&amp;lastupdated&amp;lastused&amp;date&amp;&amp;Sort by&amp;&amp;True])</onclick>
                            </include>
                            <!-- Widgets: Sort order -->
                            <include content="Shortcuts_Pallette_Standard_Button">
                                <param name="id">19</param>
                                <param name="control">radiobutton</param>
                                <param name="label">$LOCALIZE[31517]</param>
                                <param name="visible">Integer.IsEqual(Window.Property(list_id),304) + !String.IsEmpty(Container(304).ListItem.Property(widget_sortby)) + !String.IsEqual(Container(304).ListItem.Property(widget_sortby),random)</param>
                                <selected>!String.IsEmpty(Container(304).ListItem.Property(widget_sortorder))</selected>
                                <onclick>RunPlugin($INFO[Container(304).ListItem.Property(url),,&amp;func=do_toggle&amp;&amp;widget_sortorder])</onclick>
                            </include>
                            <!-- Widgets: Limit -->
                            <include content="Shortcuts_Pallette_Standard_Button">
                                <param name="id">20</param>
                                <param name="control">button</param>
                                <param name="label">$LOCALIZE[31188]</param>
                                <param name="visible">Integer.IsEqual(Window.Property(list_id),304)</param>
                                <label2>$INFO[Container(304).ListItem.Property(widget_limit)]</label2>
                                <onclick>RunPlugin($INFO[Container(304).ListItem.Property(url),,&amp;func=do_numeric&amp;&amp;widget_limit&amp;&amp;heading::Limit])</onclick>
                            </include>
                            <!-- Widgets: Autoscroll -->
                            <include content="Shortcuts_Pallette_Standard_Button">
                                <param name="id">21</param>
                                <param name="control">radiobutton</param>
                                <param name="label">$LOCALIZE[31185]</param>
                                <param name="visible">Integer.IsEqual(Window.Property(list_id),304)</param>
                                <selected>!String.IsEmpty(Container(304).ListItem.Property(widget_autoscroll))</selected>
                                <onclick>RunPlugin($INFO[Container(304).ListItem.Property(url),,&amp;func=do_toggle&amp;&amp;widget_autoscroll])</onclick>
                            </include>


                            <!-- =============== -->
                            <!-- Submenu Options -->
                            <!-- =============== -->
                            <!-- Submenu: Choose dynamic list -->
                            <include content="Shortcuts_Pallette_Stacked_Button">
                                <param name="id">22</param>
                                <param name="label">$LOCALIZE[31421]</param>
                                <param name="sublabel">$INFO[Container(300).ListItem.Property(submenulist_path)]</param>
                                <param name="sublabel_visible">!String.ISEmpty(Container(300).ListItem.Property(submenulist_path))</param>
                                <param name="visible">Integer.IsEqual(Window.Property(list_id),300)</param>
                                <onclick>ClearProperty(Shortcuts.Groupings.Links,Home)</onclick>
                                <onclick condition="!String.IsEmpty(Container(300).ListItem.Property(submenulist_path))">RunPlugin($INFO[Container(300).ListItem.Property(url),,&amp;func=do_toggle&amp;&amp;submenulist_path])</onclick>
                                <onclick condition="String.IsEmpty(Container(300).ListItem.Property(submenulist_path))">RunPlugin($INFO[Container(300).ListItem.Property(url),,&amp;func=do_choose&amp;&amp;submenulist&amp;&amp;use_rawpath::True])</onclick>
                            </include>

                            <!-- Submenu: SubmenuList sort by -->
                            <include content="Shortcuts_Pallette_Standard_Button">
                                <param name="id">23</param>
                                <param name="label"> -- $LOCALIZE[31016]</param>
                                <param name="visible">Integer.IsEqual(Window.Property(list_id),300) + !String.IsEmpty(Container(300).ListItem.Property(submenulist_path))</param>
                                <label2>[CAPITALIZE]$INFO[Container(300).ListItem.Property(submenulist_sortby)][/CAPITALIZE]</label2>
                                <onclick>RunPlugin($INFO[Container(300).ListItem.Property(url),,&amp;func=do_edit&amp;&amp;submenulist_sortby&amp;&amp;default&amp;label&amp;random&amp;dateadded&amp;lastplayed&amp;playcount&amp;year&amp;rating&amp;userrating&amp;votes&amp;genre&amp;country&amp;studio&amp;playlist&amp;episodenumber&amp;season&amp;totalepisodes&amp;watchedepisodes&amp;tvshowstatus&amp;tvshowtitle&amp;file&amp;title&amp;track&amp;time&amp;artist&amp;album&amp;lastupdated&amp;lastused&amp;date&amp;&amp;Sort by&amp;&amp;True])</onclick>
                            </include>
                            <!-- Submenu: SubmenuList sort order -->
                            <include content="Shortcuts_Pallette_Standard_Button">
                                <param name="id">24</param>
                                <param name="control">radiobutton</param>
                                <param name="label"> -- $LOCALIZE[31517]</param>
                                <param name="visible">Integer.IsEqual(Window.Property(list_id),300) + !String.IsEmpty(Container(300).ListItem.Property(submenulist_sortby)) + !String.IsEqual(Container(300).ListItem.Property(submenulist_sortby),random) + !String.IsEmpty(Container(300).ListItem.Property(submenulist_path))</param>
                                <selected>!String.IsEmpty(Container(300).ListItem.Property(submenulist_sortorder))</selected>
                                <onclick>RunPlugin($INFO[Container(300).ListItem.Property(url),,&amp;func=do_toggle&amp;&amp;submenulist_sortorder])</onclick>
                            </include>
                            <!-- Submenu: SubmenuList limit -->
                            <include content="Shortcuts_Pallette_Standard_Button">
                                <param name="id">25</param>
                                <param name="label"> -- $LOCALIZE[31188]</param>
                                <param name="visible">Integer.IsEqual(Window.Property(list_id),300) + !String.IsEmpty(Container(300).ListItem.Property(submenulist_path))</param>
                                <label2>$INFO[Container(300).ListItem.Property(submenulist_limit)]</label2>
                                <onclick>RunPlugin($INFO[Container(300).ListItem.Property(url),,&amp;func=do_numeric&amp;&amp;submenulist_limit&amp;&amp;heading::Limit])</onclick>
                            </include>
                            <!-- Submenu: Edit items -->
                            <include content="Shortcuts_Pallette_Stacked_Button">
                                <param name="id">26</param>
                                <param name="label">$LOCALIZE[31537]</param>
                                <param name="sublabel">$LOCALIZE[31538]</param>
                                <param name="sublabel_visible">!String.ISEmpty(Container(300).ListItem.Property(submenulist_path))</param>
                                <param name="enable">String.IsEmpty(Container(300).ListItem.Property(submenulist_path))</param>
                                <param name="visible">Integer.IsEqual(Window.Property(list_id),300)</param>
                                <onclick>Action(Close)</onclick>
                                <onclick>SetFocus(302)</onclick>
                            </include>
                            <!-- Submenu: Use as widget -->
                            <include content="Shortcuts_Pallette_Standard_Button">
                                <param name="id">27</param>
                                <param name="control">radiobutton</param>
                                <param name="label">$LOCALIZE[31040]</param>
                                <param name="visible">Integer.IsEqual(Window.Property(list_id),300)</param>
                                <selected>String.IsEqual(Container(300).ListItem.Property(use_as_widget),True)</selected>
                                <onclick>RunPlugin($INFO[Container(300).ListItem.Property(url),,&amp;func=do_toggle&amp;&amp;use_as_widget])</onclick>
                            </include>
                            <!-- Submenu: Use as widget -->
                            <include content="Shortcuts_Pallette_Stacked_Button">
                                <param name="id">28</param>
                                <param name="control">radiobutton</param>
                                <param name="label">$LOCALIZE[31539]</param>
                                <param name="sublabel">$LOCALIZE[31540]</param>
                                <param name="sublabel_visible">!String.ISEmpty(Container(300).ListItem.Property(submenulist_path))</param>
                                <param name="enable">String.IsEmpty(Container(300).ListItem.Property(submenulist_path))</param>
                                <param name="visible">Integer.IsEqual(Window.Property(list_id),300) + String.IsEqual(Container(300).ListItem.Property(use_as_widget),True)</param>
                                <selected>String.IsEqual(Container(300).ListItem.Property(use_as_list),True) | !String.IsEmpty(Container(300).ListItem.Property(submenulist_path))</selected>
                                <onclick>RunPlugin($INFO[Container(300).ListItem.Property(url),,&amp;func=do_toggle&amp;&amp;use_as_list])</onclick>
                            </include>
                            <!-- Submenu: Widget style -->
                            <include content="Shortcuts_Pallette_Standard_Button">
                                <param name="id">29</param>
                                <param name="label"> -- $LOCALIZE[736]</param>
                                <param name="visible">Integer.IsEqual(Window.Property(list_id),300) + String.IsEqual(Container(300).ListItem.Property(use_as_widget),True)</param>
                                <label2>$INFO[Container(300).ListItem.Property(widget_style)]</label2>
                                <onclick>RunPlugin($INFO[Container(300).ListItem.Property(url),,&amp;func=do_edit&amp;&amp;widget_style&amp;&amp;Poster&amp;Landscape&amp;Square&amp;Banner&amp;Card&amp;Board&amp;Apps&amp;Icon&amp;Text&amp;&amp;Style&amp;&amp;True])</onclick>
                            </include>
                            <!-- Submenu: Widget sort by -->
                            <include content="Shortcuts_Pallette_Standard_Button">
                                <param name="id">30</param>
                                <param name="label"> -- $LOCALIZE[31016]</param>
                                <param name="visible">Integer.IsEqual(Window.Property(list_id),300) + String.IsEqual(Container(300).ListItem.Property(use_as_widget),True)</param>
                                <label2>[CAPITALIZE]$INFO[Container(300).ListItem.Property(widget_sortby)][/CAPITALIZE]</label2>
                                <onclick>RunPlugin($INFO[Container(300).ListItem.Property(url),,&amp;func=do_edit&amp;&amp;widget_sortby&amp;&amp;default&amp;label&amp;random&amp;dateadded&amp;lastplayed&amp;playcount&amp;year&amp;rating&amp;userrating&amp;votes&amp;genre&amp;country&amp;studio&amp;playlist&amp;episodenumber&amp;season&amp;totalepisodes&amp;watchedepisodes&amp;tvshowstatus&amp;tvshowtitle&amp;file&amp;title&amp;track&amp;time&amp;artist&amp;album&amp;lastupdated&amp;lastused&amp;date&amp;&amp;Sort by&amp;&amp;True])</onclick>
                            </include>
                            <!-- Submenu: Widget sort order -->
                            <include content="Shortcuts_Pallette_Standard_Button">
                                <param name="id">31</param>
                                <param name="control">radiobutton</param>
                                <param name="label"> -- $LOCALIZE[31517]</param>
                                <param name="visible">Integer.IsEqual(Window.Property(list_id),300) + !String.IsEmpty(Container(300).ListItem.Property(widget_sortby)) + !String.IsEqual(Container(300).ListItem.Property(widget_sortby),random) + String.IsEqual(Container(300).ListItem.Property(use_as_widget),True)</param>
                                <selected>!String.IsEmpty(Container(300).ListItem.Property(widget_sortorder))</selected>
                                <onclick>RunPlugin($INFO[Container(300).ListItem.Property(url),,&amp;func=do_toggle&amp;&amp;widget_sortorder])</onclick>
                            </include>
                            <!-- Submenu: Widget limit -->
                            <include content="Shortcuts_Pallette_Standard_Button">
                                <param name="id">32</param>
                                <param name="label"> -- $LOCALIZE[31188]</param>
                                <param name="visible">Integer.IsEqual(Window.Property(list_id),300) + String.IsEqual(Container(300).ListItem.Property(use_as_widget),True)</param>
                                <label2>$INFO[Container(300).ListItem.Property(widget_limit)]</label2>
                                <onclick>RunPlugin($INFO[Container(300).ListItem.Property(url),,&amp;func=do_numeric&amp;&amp;widget_limit&amp;&amp;heading::Limit])</onclick>
                            </include>
                            <!-- Submenu: Widget autoscroll -->
                            <include content="Shortcuts_Pallette_Standard_Button">
                                <param name="id">33</param>
                                <param name="control">radiobutton</param>
                                <param name="label"> -- $LOCALIZE[31185]</param>
                                <param name="visible">Integer.IsEqual(Window.Property(list_id),300) + String.IsEqual(Container(300).ListItem.Property(use_as_widget),True)</param>
                                <selected>!String.IsEmpty(Container(300).ListItem.Property(widget_autoscroll))</selected>
                                <onclick>RunPlugin($INFO[Container(300).ListItem.Property(url),,&amp;func=do_toggle&amp;&amp;widget_autoscroll])</onclick>
                            </include>

                        </control>
                    </include>
                </include>
            </include>

        </control>
    </include>

    <include name="Shortcuts_Pallette_Header">
        <control type="group">
            <include content="Dialog_Head">
                <param name="label">$INFO[Container(300).ListItem.Label]</param>
                <param name="sublabel">$INFO[Container(300).ListItem.Property(path)]</param>
                <param name="sublabel_include">true</param>
                <visible>Integer.IsEqual(Window.Property(list_id),300)</visible>
            </include>
            <include content="Dialog_Head">
                <param name="label">$INFO[Container(302).ListItem.Label]</param>
                <param name="sublabel">$INFO[Container(302).ListItem.Property(path)]</param>
                <param name="sublabel_include">true</param>
                <visible>Integer.IsEqual(Window.Property(list_id),302)</visible>
                <visible>String.IsEmpty(Container(300).ListItem.Property(submenulist_path))</visible>
            </include>
            <include content="Dialog_Head">
                <param name="label">$LOCALIZE[31003]</param>
                <param name="sublabel">$INFO[Container(300).ListItem.Property(submenulist_path)]</param>
                <param name="sublabel_include">true</param>
                <visible>Integer.IsEqual(Window.Property(list_id),302)</visible>
                <visible>!String.IsEmpty(Container(300).ListItem.Property(submenulist_path))</visible>
                <right>330</right>
            </include>
            <include content="Dialog_Head">
                <param name="label">$INFO[Container(303).ListItem.Label]</param>
                <param name="sublabel">$INFO[Container(303).ListItem.Property(path)]</param>
                <param name="sublabel_include">true</param>
                <visible>Integer.IsEqual(Window.Property(list_id),303)</visible>
            </include>
            <include content="Dialog_Head">
                <param name="label">$INFO[Container(304).ListItem.Label]</param>
                <param name="sublabel">$INFO[Container(304).ListItem.Property(path)]</param>
                <param name="sublabel_include">true</param>
                <visible>Integer.IsEqual(Window.Property(list_id),304)</visible>
            </include>
        </control>
    </include>

    <include name="Shortcuts_Pallette_Iconic_Button">
        <include content="Dialog_Side_Button">
            <param name="baseid">3</param>
            <param name="itemgap">0</param>
            <param name="vertical">false</param>
            <param name="id">$PARAM[id]</param>
            <param name="label">$PARAM[label]</param>
            <param name="icon">$PARAM[icon]</param>
            <param name="visible">$PARAM[visible]</param>
            <nested />
            <include>Shortcuts_Pallette_OnBack</include>
            <ondown>3008</ondown>
            <onup>3033</onup>
        </include>
    </include>

    <include name="Shortcuts_Pallette_Standard_Button">
        <include content="Settings_Button">
            <param name="id">30$PARAM[id]</param>
            <param name="control">$PARAM[control]</param>
            <label>$PARAM[label]</label>
            <visible>$PARAM[visible]</visible>
            <nested />
            <include>Shortcuts_Pallette_OnBack</include>
        </include>
    </include>

    <include name="Shortcuts_Pallette_Stacked_Button">
        <include content="Settings_Stacked_Button">
            <param name="dialog">true</param>
            <param name="id">30$PARAM[id]</param>
            <param name="groupid">31$PARAM[id]</param>
            <param name="control">button</param>
            <param name="toplabel">$PARAM[label]</param>
            <param name="sublabel">$PARAM[sublabel]</param>
            <param name="sublabel_visible">$PARAM[sublabel_visible]</param>
            <param name="enable">$PARAM[enable]</param>
            <visible>$PARAM[visible]</visible>
            <nested />
            <include>Shortcuts_Pallette_OnBack</include>
        </include>
    </include>

    <expression name="Shortcuts_Pallette_Exp_IsSubmenuList">[Integer.IsEqual(Window.Property(list_id),302) + !String.IsEmpty(Container(300).ListItem.Property(submenulist_path))]</expression>

    <expression name="Shortcuts_Pallette_Exp_HasMoreThanOne">[[[Integer.IsEqual(Window.Property(list_id),300) + Integer.IsGreater(Container(300).NumItems,1)] | [Integer.IsEqual(Window.Property(list_id),302) + Integer.IsGreater(Container(302).NumItems,1)] | [Integer.IsEqual(Window.Property(list_id),303) + Integer.IsGreater(Container(303).NumItems,1)] | [Integer.IsEqual(Window.Property(list_id),304) + Integer.IsGreater(Container(304).NumItems,1)]] + !$EXP[Shortcuts_Pallette_Exp_IsSubmenuList]]</expression>

    <expression name="Shortcuts_Pallette_Exp_IsAddItem">[[Integer.IsEqual(Window.Property(list_id),300) + Integer.IsEqual(Container(300).NumItems,1) + String.IsEmpty(Container(300).ListItem.Property(path))] | [Integer.IsEqual(Window.Property(list_id),302) + Integer.IsEqual(Container(302).NumItems,1) + String.IsEmpty(Container(302).ListItem.Property(path))] | [Integer.IsEqual(Window.Property(list_id),303) + Integer.IsEqual(Container(303).NumItems,1) + String.IsEmpty(Container(303).ListItem.Property(path))] | [Integer.IsEqual(Window.Property(list_id),304) + Integer.IsEqual(Container(304).NumItems,1) + String.IsEmpty(Container(304).ListItem.Property(path))] | $EXP[Shortcuts_Pallette_Exp_IsSubmenuList]]</expression>

    <expression name="Shortcuts_Pallette_Exp_IsIconList">[Integer.IsEqual(Window.Property(list_id),303)]</expression>

    <expression name="Shortcuts_Pallette_Exp_IsVertList">[Integer.IsEqual(Window.Property(list_id),303) | Integer.IsEqual(Window.Property(list_id),304)]</expression>

    <variable name="Shortcuts_Pallette_Up_Icon">
        <value condition="$EXP[Shortcuts_Pallette_Exp_IsVertList]">special://skin/extras/icons/circle-arrow-up.png</value>
        <value>special://skin/extras/icons/circle-arrow-left.png</value>
    </variable>

    <variable name="Shortcuts_Pallette_Down_Icon">
        <value condition="$EXP[Shortcuts_Pallette_Exp_IsVertList]">special://skin/extras/icons/circle-arrow-down.png</value>
        <value>special://skin/extras/icons/circle-arrow-right.png</value>
    </variable>

    <variable name="Shortcuts_Pallette_Up_Label">
        <value condition="$EXP[Shortcuts_Pallette_Exp_IsVertList]">$LOCALIZE[31007]</value>
        <value>$LOCALIZE[39162]</value>
    </variable>
    <variable name="Shortcuts_Pallette_Down_Label">
        <value condition="$EXP[Shortcuts_Pallette_Exp_IsVertList]">$LOCALIZE[31008]</value>
        <value>$LOCALIZE[39164]</value>
    </variable>

    <expression name="Exp_IsUpdatingNode">[[Integer.IsEqual(Window.Property(list_id),300) + Container(300).IsUpdating] | [Integer.IsEqual(Window.Property(list_id),302) + Container(302).IsUpdating] | [Integer.IsEqual(Window.Property(list_id),303) + Container(303).IsUpdating] | [Integer.IsEqual(Window.Property(list_id),304) + Container(304).IsUpdating]]</expression>

    <include name="Shortcuts_Pallette_Hub_Onclick">
        <onclick condition="Integer.IsEqual(Window.Property(list_id),$PARAM[id]) + String.IsEqual(Container($PARAM[id]).ListItem.Property(path),ActivateWindow($PARAM[window]))">SetProperty(categories_menu,menu=$PARAM[window]menu)</onclick>
        <onclick condition="Integer.IsEqual(Window.Property(list_id),$PARAM[id]) + String.IsEqual(Container($PARAM[id]).ListItem.Property(path),ActivateWindow($PARAM[window]))">SetProperty(hub_prefix,$PARAM[window])</onclick>
    </include>

    <include name="Shortcuts_Pallette_Hub_Configure_Onclick">
        <include content="Shortcuts_Pallette_Hub_Onclick">
            <param name="window">home</param>
            <param name="id">$PARAM[id]</param>
        </include>
        <include content="Shortcuts_Pallette_Hub_Onclick">
            <param name="window">1101</param>
            <param name="id">$PARAM[id]</param>
        </include>
        <include content="Shortcuts_Pallette_Hub_Onclick">
            <param name="window">1102</param>
            <param name="id">$PARAM[id]</param>
        </include>
        <include content="Shortcuts_Pallette_Hub_Onclick">
            <param name="window">1103</param>
            <param name="id">$PARAM[id]</param>
        </include>
        <include content="Shortcuts_Pallette_Hub_Onclick">
            <param name="window">1104</param>
            <param name="id">$PARAM[id]</param>
        </include>
        <include content="Shortcuts_Pallette_Hub_Onclick">
            <param name="window">1106</param>
            <param name="id">$PARAM[id]</param>
        </include>
        <include content="Shortcuts_Pallette_Hub_Onclick">
            <param name="window">1107</param>
            <param name="id">$PARAM[id]</param>
        </include>
        <include content="Shortcuts_Pallette_Hub_Onclick">
            <param name="window">1108</param>
            <param name="id">$PARAM[id]</param>
        </include>
        <include content="Shortcuts_Pallette_Hub_Onclick">
            <param name="window">1109</param>
            <param name="id">$PARAM[id]</param>
        </include>
    </include>

    <include name="Shortcuts_Pallette_OnBack">
        <onback condition="Integer.IsEqual(Window.Property(list_id),300)">300</onback>
        <onback condition="Integer.IsEqual(Window.Property(list_id),302)">302</onback>
        <onback condition="Integer.IsEqual(Window.Property(list_id),303)">303</onback>
        <onback condition="Integer.IsEqual(Window.Property(list_id),304)">304</onback>
    </include>

</includes>
