<?xml version="1.0" encoding="UTF-8"?>
<includes>
    <!-- Labels -->
    <variable name="Label_Title" containers="301,503,513,523,553,7000" null_id="True">
        <value condition="!String.IsEmpty({listitem}.TvShowTitle)">$INFO[{listitem}.TvShowTitle]</value>
        <value condition="!String.IsEmpty({listitem}.AlbumArtist) + [String.IsEqual({listitem}.DBType,song) | String.IsEqual({listitem}.DBType,album)]">$INFO[{listitem}.AlbumArtist]</value>
        <value condition="!String.IsEmpty({listitem}.Artist) + [String.IsEqual({listitem}.DBType,song) | String.IsEqual({listitem}.DBType,album) | String.IsEqual({listitem}.DBType,artist)]">$INFO[{listitem}.Artist]</value>
        <value condition="!String.IsEmpty({listitem}.Title)">$INFO[{listitem}.Title]</value>
        <value condition="!String.IsEmpty({listitem}.ChannelName)">$INFO[{listitem}.ChannelName]</value>
        <value condition="!String.IsEmpty({listitem}.ChannelNumberLabel)">$INFO[{listitem}.ChannelNumberLabel]</value>
        <value condition="!String.IsEmpty(Window.Property(TMDbHelper.WidgetContainer))">$VAR[Label_WidgetTitle]</value>
        <value condition="!String.IsEmpty({listitem}.Label)">$INFO[{listitem}.Label]</value>
        <value>$VAR[Label_TitleFallback]</value>
    </variable>

    <variable name="Label_Plot" containers="301,503,513,523,553,7000" null_id="True">
        <value condition="!String.IsEmpty({listitem}.Property(Album_Description))">$INFO[{listitem}.Property(Album_Description)]</value>
        <value condition="!String.IsEmpty({listitem}.Property(Artist_Description))">$INFO[{listitem}.Property(Artist_Description)]</value>
        <value condition="!String.IsEmpty({listitem}.AddonDescription)">$INFO[{listitem}.AddonDescription]</value>
        <value condition="String.IsEqual({listitem}.DBType,episode) + !String.IsEmpty({listitem}.Plot)">$INFO[{listitem}.Title,[B][COLOR=main_fg_100],[/COLOR][/B] ~ ]$INFO[{listitem}.Plot]</value>
        <value condition="!String.IsEmpty({listitem}.Plot)">$INFO[{listitem}.Plot]</value>
        <value condition="!String.IsEmpty({listitem}.Property(biography))">$INFO[{listitem}.Property(biography)]</value>
        <value condition="!String.IsEmpty(Window.Property(TMDbHelper.WidgetContainer))">$VAR[Label_WidgetPlot]</value>
        <value condition="!String.IsEmpty(Container(99952).ListItem.Property(Album_Description))">$INFO[Container(99952).ListItem.Property(Album_Description)]</value>
        <value condition="!String.IsEmpty(Container(99951).ListItem.Property(Artist_Description))">$INFO[Container(99952).ListItem.Property(Artist_Description)]</value>
        <value condition="!String.IsEmpty(Container(99950).ListItem.Plot)">$INFO[Container(99950).ListItem.Plot]</value>
        <value>$VAR[Def_PlotDetails_Fallback]</value>
    </variable>

    <variable name="Label_Landscape_Lower" containers="51,513" start="-20" end="20" types="listitem,listitemposition">
        <value condition="!String.IsEmpty({listitem}.Property(job))">$INFO[{listitem}.Property(job)]</value>
        <value condition="!String.IsEmpty({listitem}.Property(role))">$INFO[{listitem}.Property(role)]</value>
        <value condition="!String.IsEmpty({listitem}.Property(character))">$INFO[{listitem}.Property(character)]</value>
        <value condition="!String.IsEmpty({listitem}.Property(department))">$INFO[{listitem}.Property(department)]</value>
        <value condition="!String.IsEmpty({listitem}.ChannelNumberLabel) + !String.IsEmpty({listitem}.Title)">$INFO[{listitem}.ChannelName]</value>
        <value condition="!String.IsEmpty({listitem}.TvShowTitle) + !String.IsEqual({listitem}.Title,{listitem}.TVShowTitle) + !String.IsEqual({listitem}.DBType,tvshow)">$INFO[{listitem}.TvShowTitle]</value>
        <value condition="!String.IsEmpty({listitem}.Genre)">$INFO[{listitem}.Genre]</value>
        <value condition="!String.IsEmpty({listitem}.Premiered)">$INFO[{listitem}.Premiered]</value>
        <value condition="!String.IsEmpty({listitem}.Label2)">$INFO[{listitem}.Label2]</value>
    </variable>

</includes>