[
    {
        "label": "Artists",
        "path": "musicdb://artists/",
        "submenulist_path": "musicdb://artists/",
        "submenulist_target": "music",
        "submenulist_sortby": "label",
        "widget_style": "Square",
        "target": "music",
        "use_as_widget": "True"
    },
    {
        "label": "Albums",
        "path": "musicdb://albums/",
        "submenulist_path": "musicdb://albums/",
        "submenulist_target": "music",
        "submenulist_sortby": "label",
        "widget_style": "Square",
        "target": "music",
        "use_as_widget": "True"
    },
    {
        "label": "Genres",
        "path": "musicdb://genres/",
        "submenulist_path": "musicdb://genres/",
        "submenulist_target": "music",
        "submenulist_sortby": "label",
        "widget_style": "Square",
        "target": "music",
        "use_as_widget": "True"
    },
    {
        "label": "Top 100",
        "path": "library://music/top100/",
        "submenulist_path": "library://music/top100/",
        "submenulist_target": "music",
        "submenulist_sortby": "label",
        "widget_style": "Square",
        "target": "music",
        "use_as_widget": "True"
    },
    {
        "label": "Years",
        "path": "musicdb://years/",
        "submenulist_path": "musicdb://years/",
        "submenulist_target": "music",
        "submenulist_sortby": "label",
        "widget_style": "Square",
        "target": "music",
        "use_as_widget": "True"
    },
    {
        "label": "$LOCALIZE[39031]",
        "path": "ActivateWindow(Music,Files,return)",
        "submenulist_path": "library://music/",
        "submenulist_target": "music",
        "target": "",
        "widgets": [
            {
                "label": "Music",
                "path": "musicdb://",
                "widget_style": "Square",
                "target": "music"
            },
            {
                "label": "$LOCALIZE[1038]",
                "path": "addons://sources/audio/",
                "widget_style": "Square",
                "target": "music"
            }
        ]
    }
]