{
    "widget_id": "$MATH[{grouplist_item_x} * 1000 + 600 + 1]",
    "widget_group_id": "$MATH[{grouplist_item_x} * 1000 + 700 + 1]",
    "widget_selector_id": "$MATH[{grouplist_item_x} * 1000 + 419]",
    "widget_shortstack_id": "$MATH[{grouplist_item_x} * 1000 + 800 + 1]",
    "widget_prev_id": "$MATH[{grouplist_item_x} * 1000 + 600 + 1 - 1]",
    "widget_next_id": "$MATH[{grouplist_item_x} * 1000 + 600 + 1 + 1]",
    "widget_nextnext_id": "$MATH[{grouplist_item_x} * 1000 + 600 + 1 + 2]",
    "widget_nextnextnext_id": "$MATH[{grouplist_item_x} * 1000 + 600 + 1 + 3]",
    "widget_visible": "!String.IsEmpty(Window.Property(Item.{grouplist_item_x}302.SpecialFolderPath))",
    "widget_altvisible": "!String.IsEmpty(Window.Property(Item.{grouplist_item_x}302.SpecialFolderPath))",
    "widget_path": "$INFO[Window.Property(Item.{grouplist_item_x}302.SpecialFolderPath)]",
    "widget_label": "$INFO[Window.Property(Item.{grouplist_item_x}302.SpecialFolderLabel)]"
}