<?xml version="1.0" encoding="UTF-8"?>
<includes>

    <expression name="Exp_IsLightTheme">[String.IsEqual(Skin.CurrentColourTheme,Light ~UNDER CONSTRUCTION~)]</expression>

    <!-- ============== -->
    <!-- Home Side Menu -->
    <!-- ============== -->
    <expression name="Exp_HomeMenu_home">[Window.IsVisible(Home)]</expression>
    <expression name="Exp_HomeMenu_movies">[Container.Content(movies) | Container.Content(sets) | String.StartsWith(Container.FolderPath,videodb://movies/) | String.StartsWith(Container.FolderPath,library://video/movies/) | Window.IsVisible(1101)]</expression>
    <expression name="Exp_HomeMenu_tvshows">[Container.Content(tvshows) | Container.Content(seasons) | Container.Content(episodes) | String.StartsWith(Container.FolderPath,videodb://tvshows/) | String.StartsWith(Container.FolderPath,library://video/tvshows/) | Window.IsVisible(1102) | Window.IsVisible(1130) | Window.IsVisible(1131)]</expression>
    <expression name="Exp_HomeMenu_music">[Window.IsVisible(MyMusicNav.xml) | Window.IsVisible(1103) | Container.Content(musicvideos)]</expression>
    <expression name="Exp_HomeMenu_livetv">[$EXP[Exp_PVRWindows] | Window.IsVisible(1104)]</expression>
    <expression name="Exp_HomeMenu_addons">[Container.Content(addons) | Window.IsVisible(1132) | [Container.Content() + !String.IsEmpty(Container.PluginName)]]</expression>
    <expression name="Exp_HomeMenu_pictures">[Container.Content(images) | Window.IsVisible(MyPics.xml)]</expression>
    <expression name="Exp_HomeMenu_weather">[Window.IsVisible(MyWeather.xml)]</expression>
    <expression name="Exp_HomeMenu_videos">[Container.Content(videos) | [[Container.Content(playlists) | Container.Content(files) | [Container.Content() + String.IsEmpty(Container.PluginName)]] + Window.IsVisible(MyVideoNav.xml)]]</expression>
    <expression name="Exp_HomeMenu_search">[Window.IsVisible(1105)]</expression>
    <expression name="Exp_HomeMenu_settings">[$EXP[Exp_SettingsDialogs]]</expression>
    <expression name="Exp_HomeMenu_custom01">[[Skin.String(CustomShortcut.Custom01,ActivateWindow(1106)) + Window.IsVisible(1106)] | [Skin.String(CustomShortcut.Custom01,ActivateWindow(1107)) + Window.IsVisible(1107)] | [Skin.String(CustomShortcut.Custom01,ActivateWindow(1108)) + Window.IsVisible(1108)] | [Skin.String(CustomShortcut.Custom01,ActivateWindow(1109)) + Window.IsVisible(1109)]]</expression>
    <expression name="Exp_HomeMenu_custom02">[[Skin.String(CustomShortcut.Custom02,ActivateWindow(1106)) + Window.IsVisible(1106)] | [Skin.String(CustomShortcut.Custom02,ActivateWindow(1107)) + Window.IsVisible(1107)] | [Skin.String(CustomShortcut.Custom02,ActivateWindow(1108)) + Window.IsVisible(1108)] | [Skin.String(CustomShortcut.Custom02,ActivateWindow(1109)) + Window.IsVisible(1109)]]</expression>
    <expression name="Exp_HomeMenu_custom03">[[Skin.String(CustomShortcut.Custom03,ActivateWindow(1106)) + Window.IsVisible(1106)] | [Skin.String(CustomShortcut.Custom03,ActivateWindow(1107)) + Window.IsVisible(1107)] | [Skin.String(CustomShortcut.Custom03,ActivateWindow(1108)) + Window.IsVisible(1108)] | [Skin.String(CustomShortcut.Custom03,ActivateWindow(1109)) + Window.IsVisible(1109)]]</expression>
    <expression name="Exp_HomeMenu_custom04">[[Skin.String(CustomShortcut.Custom04,ActivateWindow(1106)) + Window.IsVisible(1106)] | [Skin.String(CustomShortcut.Custom04,ActivateWindow(1107)) + Window.IsVisible(1107)] | [Skin.String(CustomShortcut.Custom04,ActivateWindow(1108)) + Window.IsVisible(1108)] | [Skin.String(CustomShortcut.Custom04,ActivateWindow(1109)) + Window.IsVisible(1109)]]</expression>

    <expression name="Exp_HomeMenu_IsSelected">[[String.IsEqual(ListItem.Property(expression),home) + $EXP[Exp_HomeMenu_home]] | [String.IsEqual(ListItem.Property(expression),movies) + $EXP[Exp_HomeMenu_movies]] | [String.IsEqual(ListItem.Property(expression),tvshows) + $EXP[Exp_HomeMenu_tvshows]] | [String.IsEqual(ListItem.Property(expression),music) + $EXP[Exp_HomeMenu_music]] | [String.IsEqual(ListItem.Property(expression),livetv) + $EXP[Exp_HomeMenu_livetv]] | [String.IsEqual(ListItem.Property(expression),addons) + $EXP[Exp_HomeMenu_addons]] | [String.IsEqual(ListItem.Property(expression),pictures) + $EXP[Exp_HomeMenu_pictures]] | [String.IsEqual(ListItem.Property(expression),weather) + $EXP[Exp_HomeMenu_weather]] | [String.IsEqual(ListItem.Property(expression),videos) + $EXP[Exp_HomeMenu_videos]] | [String.IsEqual(ListItem.Property(expression),custom01) + $EXP[Exp_HomeMenu_custom01]] | [String.IsEqual(ListItem.Property(expression),custom02) + $EXP[Exp_HomeMenu_custom02]] | [String.IsEqual(ListItem.Property(expression),custom03) + $EXP[Exp_HomeMenu_custom03]] | [String.IsEqual(ListItem.Property(expression),custom04) + $EXP[Exp_HomeMenu_custom04]]]</expression>

    <expression name="Exp_HomeMenu_HasFocus">[Control.HasFocus(303) | Control.HasFocus(308) | Control.HasFocus(309)]</expression>


    <!-- ============== -->
    <!-- Standard Views -->
    <!-- ============== -->
    <expression name="Content_None_050">[Container.Content() + !$EXP[Exp_PVRWindows]]</expression>
    <expression name="Content_None_051">[Container.Content() + $EXP[Exp_PVRWindows]]</expression>
    <expression name="Content_None_052">[False]</expression>
    <expression name="Content_None_500">[False]</expression>
    <expression name="Content_None_512">[False]</expression>

    <expression name="Content_Movies_050">[False]</expression>
    <expression name="Content_Movies_051">[Container.Content(Movies) + Skin.String(Viewtype.Movies,Landscape)]</expression>
    <expression name="Content_Movies_052">[Container.Content(Movies) + !Skin.String(Viewtype.Movies,Landscape)]</expression>
    <expression name="Content_Movies_500">[False]</expression>
    <expression name="Content_Movies_512">[False]</expression>

    <expression name="Content_TVShows_050">[False]</expression>
    <expression name="Content_TVShows_051">[Container.Content(TVShows) + Skin.String(Viewtype.TVShows,Landscape)]</expression>
    <expression name="Content_TVShows_052">[Container.Content(TVShows) + !Skin.String(Viewtype.TVShows,Landscape)]</expression>
    <expression name="Content_TVShows_500">[False]</expression>
    <expression name="Content_TVShows_512">[False]</expression>

    <expression name="Content_Actors_050">[False]</expression>
    <expression name="Content_Actors_051">[False]</expression>
    <expression name="Content_Actors_052">[Container.Content(Actors)]</expression>
    <expression name="Content_Actors_500">[False]</expression>
    <expression name="Content_Actors_512">[False]</expression>

    <expression name="Content_Images_050">[False]</expression>
    <expression name="Content_Images_051">[Container.Content(Images)]</expression>
    <expression name="Content_Images_052">[False]</expression>
    <expression name="Content_Images_500">[False]</expression>
    <expression name="Content_Images_512">[False]</expression>

    <expression name="Content_Episodes_050">[False]</expression>
    <expression name="Content_Episodes_051">[Container.Content(Episodes)]</expression>
    <expression name="Content_Episodes_052">[False]</expression>
    <expression name="Content_Episodes_500">[False]</expression>
    <expression name="Content_Episodes_512">[False]</expression>

    <expression name="Content_Videos_050">[False]</expression>
    <expression name="Content_Videos_051">[Container.Content(Videos)]</expression>
    <expression name="Content_Videos_052">[False]</expression>
    <expression name="Content_Videos_500">[False]</expression>
    <expression name="Content_Videos_512">[False]</expression>

    <expression name="Content_Files_050">[False]</expression>
    <expression name="Content_Files_051">[Container.Content(Files)]</expression>
    <expression name="Content_Files_052">[False]</expression>
    <expression name="Content_Files_500">[False]</expression>
    <expression name="Content_Files_512">[False]</expression>

    <expression name="Content_Recordings_050">[False]</expression>
    <expression name="Content_Recordings_051">[Container.Content(Recordings)]</expression>
    <expression name="Content_Recordings_052">[False]</expression>
    <expression name="Content_Recordings_500">[False]</expression>
    <expression name="Content_Recordings_512">[False]</expression>

    <expression name="Content_Albums_050">[Container.Content(Albums)]</expression>
    <expression name="Content_Albums_051">[False]</expression>
    <expression name="Content_Albums_052">[False]</expression>
    <expression name="Content_Albums_500">[False]</expression>
    <expression name="Content_Albums_512">[False]</expression>

    <expression name="Content_Addons_050">[Container.Content(Addons)]</expression>
    <expression name="Content_Addons_051">[False]</expression>
    <expression name="Content_Addons_052">[False]</expression>
    <expression name="Content_Addons_500">[False]</expression>
    <expression name="Content_Addons_512">[False]</expression>

    <expression name="Content_Artists_050">[Container.Content(Artists)]</expression>
    <expression name="Content_Artists_051">[False]</expression>
    <expression name="Content_Artists_052">[False]</expression>
    <expression name="Content_Artists_500">[False]</expression>
    <expression name="Content_Artists_512">[False]</expression>

    <expression name="Content_Songs_050">[False]</expression>
    <expression name="Content_Songs_051">[False]</expression>
    <expression name="Content_Songs_052">[False]</expression>
    <expression name="Content_Songs_500">[Container.Content(Songs)]</expression>
    <expression name="Content_Songs_512">[False]</expression>

    <expression name="Content_Seasons_050">[False]</expression>
    <expression name="Content_Seasons_051">[False]</expression>
    <expression name="Content_Seasons_052">[Container.Content(Seasons) + Skin.String(Viewtype.Seasons,Poster)]</expression>
    <expression name="Content_Seasons_500">[False]</expression>
    <expression name="Content_Seasons_512">[Container.Content(Seasons) + !Skin.String(Viewtype.Seasons,Poster)]</expression>

    <expression name="Content_Sets_050">[False]</expression>
    <expression name="Content_Sets_051">[Container.Content(Sets) + Skin.String(Viewtype.Sets,Landscape)]</expression>
    <expression name="Content_Sets_052">[Container.Content(Sets) + Skin.String(Viewtype.Sets,Poster)]</expression>
    <expression name="Content_Sets_500">[False]</expression>
    <expression name="Content_Sets_512">[Container.Content(Sets) + !Skin.String(Viewtype.Sets,Poster) + !Skin.String(Viewtype.Sets,Landscape)]</expression>

    <expression name="Content_Genres_050">[False]</expression>
    <expression name="Content_Genres_051">[False]</expression>
    <expression name="Content_Genres_052">[False]</expression>
    <expression name="Content_Genres_500">[False]</expression>
    <expression name="Content_Genres_512">[Container.Content(Genres)]</expression>

    <expression name="Content_Years_050">[False]</expression>
    <expression name="Content_Years_051">[False]</expression>
    <expression name="Content_Years_052">[False]</expression>
    <expression name="Content_Years_500">[False]</expression>
    <expression name="Content_Years_512">[Container.Content(Years)]</expression>

    <expression name="Content_Studios_050">[False]</expression>
    <expression name="Content_Studios_051">[False]</expression>
    <expression name="Content_Studios_052">[False]</expression>
    <expression name="Content_Studios_500">[False]</expression>
    <expression name="Content_Studios_512">[Container.Content(Studios)]</expression>

    <expression name="Content_Directors_050">[False]</expression>
    <expression name="Content_Directors_051">[False]</expression>
    <expression name="Content_Directors_052">[False]</expression>
    <expression name="Content_Directors_500">[False]</expression>
    <expression name="Content_Directors_512">[Container.Content(Directors)]</expression>

    <expression name="Content_Tags_050">[False]</expression>
    <expression name="Content_Tags_051">[False]</expression>
    <expression name="Content_Tags_052">[False]</expression>
    <expression name="Content_Tags_500">[False]</expression>
    <expression name="Content_Tags_512">[Container.Content(Tags)]</expression>

    <expression name="Content_Countries_050">[False]</expression>
    <expression name="Content_Countries_051">[False]</expression>
    <expression name="Content_Countries_052">[False]</expression>
    <expression name="Content_Countries_500">[False]</expression>
    <expression name="Content_Countries_512">[Container.Content(Countries)]</expression>

    <expression name="Content_Playlists_050">[False]</expression>
    <expression name="Content_Playlists_051">[False]</expression>
    <expression name="Content_Playlists_052">[False]</expression>
    <expression name="Content_Playlists_500">[False]</expression>
    <expression name="Content_Playlists_512">[Container.Content(Playlists)]</expression>

    <!-- Square -->
    <expression name="Exp_View_050">[$EXP[Content_None_050] | $EXP[Content_Movies_050] | $EXP[Content_TVShows_050] | $EXP[Content_Actors_050] | $EXP[Content_Images_050] | $EXP[Content_Episodes_050] | $EXP[Content_Videos_050] | $EXP[Content_Files_050] | $EXP[Content_Recordings_050] | $EXP[Content_Albums_050] | $EXP[Content_Addons_050] | $EXP[Content_Artists_050] | $EXP[Content_Songs_050] | $EXP[Content_Seasons_050] | $EXP[Content_Sets_050] | $EXP[Content_Genres_050] | $EXP[Content_Years_050] | $EXP[Content_Studios_050] | $EXP[Content_Directors_050] | $EXP[Content_Tags_050] | $EXP[Content_Countries_050] | $EXP[Content_Playlists_050]]</expression>

    <!-- Landscape -->
    <expression name="Exp_View_051">[$EXP[Content_None_051] | $EXP[Content_Movies_051] | $EXP[Content_TVShows_051] | $EXP[Content_Actors_051] | $EXP[Content_Images_051] | $EXP[Content_Episodes_051] | $EXP[Content_Videos_051] | $EXP[Content_Files_051] | $EXP[Content_Recordings_051] | $EXP[Content_Albums_051] | $EXP[Content_Addons_051] | $EXP[Content_Artists_051] | $EXP[Content_Songs_051] | $EXP[Content_Seasons_051] | $EXP[Content_Sets_051] | $EXP[Content_Genres_051] | $EXP[Content_Years_051] | $EXP[Content_Studios_051] | $EXP[Content_Directors_051] | $EXP[Content_Tags_051] | $EXP[Content_Countries_051] | $EXP[Content_Playlists_051]]</expression>

    <!-- Poster -->
    <expression name="Exp_View_052">[$EXP[Content_None_052] | $EXP[Content_Movies_052] | $EXP[Content_TVShows_052] | $EXP[Content_Actors_052] | $EXP[Content_Images_052] | $EXP[Content_Episodes_052] | $EXP[Content_Videos_052] | $EXP[Content_Files_052] | $EXP[Content_Recordings_052] | $EXP[Content_Albums_052] | $EXP[Content_Addons_052] | $EXP[Content_Artists_052] | $EXP[Content_Songs_052] | $EXP[Content_Seasons_052] | $EXP[Content_Sets_052] | $EXP[Content_Genres_052] | $EXP[Content_Years_052] | $EXP[Content_Studios_052] | $EXP[Content_Directors_052] | $EXP[Content_Tags_052] | $EXP[Content_Countries_052] | $EXP[Content_Playlists_052]]</expression>

    <!-- Songlist -->
    <expression name="Exp_View_500">[$EXP[Content_None_500] | $EXP[Content_Movies_500] | $EXP[Content_TVShows_500] | $EXP[Content_Actors_500] | $EXP[Content_Images_500] | $EXP[Content_Episodes_500] | $EXP[Content_Videos_500] | $EXP[Content_Files_500] | $EXP[Content_Recordings_500] | $EXP[Content_Albums_500] | $EXP[Content_Addons_500] | $EXP[Content_Artists_500] | $EXP[Content_Songs_500] | $EXP[Content_Seasons_500] | $EXP[Content_Sets_500] | $EXP[Content_Genres_500] | $EXP[Content_Years_500] | $EXP[Content_Studios_500] | $EXP[Content_Directors_500] | $EXP[Content_Tags_500] | $EXP[Content_Countries_500] | $EXP[Content_Playlists_500]]</expression>

    <!-- Combined -->
    <expression name="Exp_View_512">[$EXP[Content_None_512] | $EXP[Content_Movies_512] | $EXP[Content_TVShows_512] | $EXP[Content_Actors_512] | $EXP[Content_Images_512] | $EXP[Content_Episodes_512] | $EXP[Content_Videos_512] | $EXP[Content_Files_512] | $EXP[Content_Recordings_512] | $EXP[Content_Albums_512] | $EXP[Content_Addons_512] | $EXP[Content_Artists_512] | $EXP[Content_Songs_512] | $EXP[Content_Seasons_512] | $EXP[Content_Sets_512] | $EXP[Content_Genres_512] | $EXP[Content_Years_512] | $EXP[Content_Studios_512] | $EXP[Content_Directors_512] | $EXP[Content_Tags_512] | $EXP[Content_Countries_512] | $EXP[Content_Playlists_512]]</expression>

    <!-- Discover -->
    <expression name="Exp_View_055">[Container.Content(files) + [String.IsEqual(Container.ListItem.Property(param.info),user_discover) | String.IsEqual(Container.Property(param.info),user_discover)]]</expression>

    <!-- Alphabet -->
    <expression name="Exp_AlphabetTypes_Only">[String.IsEqual(Container.SortMethod,$LOCALIZE[551]) | String.IsEqual(Container.SortMethod,$LOCALIZE[556]) | String.IsEqual(Container.SortMethod,$LOCALIZE[561]) | [String.IsEqual(Container.SortMethod,$LOCALIZE[557]) + Container.Content(artists)] | [String.IsEqual(Container.SortMethod,$LOCALIZE[558]) + Container.Content(albums)]]</expression>

    <!-- Scrollbar -->
    <expression name="Exp_AlphabetVisible">[Control.HasFocus(65) + $EXP[Exp_AlphabetTypes_Only] + !Skin.HasSetting(DisableAlphabetScrollbar)]</expression>

    <!-- Discover Wall -->
    <expression name="Exp_DiscoverFilter_Wall">[Control.IsVisible(55) + !Integer.IsEqual(Container(553).NumItems,0) + [[!Skin.String(Viewtype.Movies,Landscape) + String.IsEqual(Container(55).ListItemAbsolute(0).Property(Param.TMDb_Type),movie)] | [!Skin.String(Viewtype.TVShows,Landscape) + String.IsEqual(Container(55).ListItemAbsolute(0).Property(Param.TMDb_Type),tv)]] + !Skin.HasSetting(DisableDefaultExploreMenu) + !Skin.HasSetting(DisableMediaFilterWall)]</expression>

    <!-- Media Filter Wall -->
    <expression name="Exp_MediaFilter_Wall">[[Window.IsActive(mediafilter) | !String.IsEmpty(Window.Property(MediaFilterBase))] + [[!Skin.String(Viewtype.Movies,Landscape) + Container.Content(movies)] | [!Skin.String(Viewtype.TVShows,Landscape) + Container.Content(tvshows)]] + !Skin.HasSetting(DisableDefaultExploreMenu) + !Skin.HasSetting(DisableMediaFilterWall)]</expression>


    <!-- ================= -->
    <!-- Windows / Dialogs -->
    <!-- ================= -->
    <expression name="Exp_PVRWindows">[Window.IsVisible(MyPVRGuide.xml) | Window.IsVisible(MyPVRChannels.xml) | Window.IsVisible(MyPVRTimers.xml) | Window.IsVisible(MyPVRRecordings.xml) | Window.IsVisible(MyPVRSearch.xml)]</expression>

    <expression name="Exp_InfoDialogs">[Window.IsVisible(DialogVideoInfo.xml) | Window.IsVisible(DialogMusicInfo.xml) |  [Window.IsVisible(DialogPVRInfo.xml) + !Skin.HasSetting(Views.UseFullPVRGuide)]]</expression>

    <expression name="Exp_SettingsDialogs">[Window.IsVisible(filemanager) | Window.IsVisible(addonbrowser) | Window.IsVisible(SettingsCategory.xml) | Window.IsVisible(SkinSettings.xml) | Window.IsVisible(SettingsProfile.xml) | Window.IsVisible(SettingsSystemInfo.xml) | Window.IsVisible(EventLog.xml)]</expression>

    <expression name="Exp_SettingsDialogs_Next">[Window.Next(filemanager) | Window.Next(addonbrowser) | Window.Next(SettingsCategory.xml) | Window.Next(SkinSettings.xml) | Window.Next(SettingsProfile.xml) | Window.Next(SettingsSystemInfo.xml) | Window.Next(EventLog.xml) | Window.Next(1197)]</expression>

    <expression name="Exp_SettingsDialogs_Prev">[Window.Previous(filemanager) | Window.Previous(addonbrowser) | Window.Previous(SettingsCategory.xml) | Window.Previous(SkinSettings.xml) | Window.Previous(SettingsProfile.xml) | Window.Previous(SettingsSystemInfo.xml) | Window.Previous(EventLog.xml) | Window.Previous(1197)]</expression>


    <!-- =============== -->
    <!-- ListItem Status -->
    <!-- =============== -->
    <expression name="Exp_IsFolder">[String.IsEqual(ListItem.DBType,tvshow) | String.IsEqual(ListItem.DBType,season) | String.IsEqual(ListItem.DBType,set) | String.IsEqual(ListITem.DBType,artist)]</expression>

    <expression name="Exp_IsGenre">[String.IsEqual(ListItem.DBType,genre) | String.IsEqual(ListItem.Property(dbtype),genre)]</expression>

    <expression name="Exp_IsStudio">[String.IsEqual(ListItem.DBType,studio) | String.IsEqual(ListItem.Property(dbtype),studio)]</expression>

    <expression name="Exp_IsCountry">[String.IsEqual(ListItem.DBType,country) | String.IsEqual(ListItem.Property(dbtype),country)]</expression>

    <expression name="Exp_HasWatchedProgress">[!Skin.HasSetting(Indicator.DisableProgress) + [[ListItem.IsResumable + !Integer.IsEqual(ListItem.PercentPlayed,0)] | [!String.IsEmpty(ListItem.Property(WatchedProgress)) + !Integer.IsEqual(ListItem.Property(WatchedProgress),0)] | [!Integer.IsEqual(ListItem.Progress,0)]]]</expression>

    <expression name="Exp_IsPVRItem">[!String.IsEmpty(ListItem.ChannelNumberLabel) | String.IsEqual(ListItem.Path,pvr://channels/tv/)]</expression>


    <!-- === -->
    <!-- OSD -->
    <!-- === -->
    <expression name="Exp_OSD_HasPlaylist">[VideoPlayer.Content(episodes) | VideoPlayer.Content(livetv) | [VideoPlayer.Content(movies) + !Integer.IsEqual(VideoPlayer.PlaylistLength,1) + !Integer.IsEqual(VideoPlayer.PlaylistLength,0)]]</expression>

    <expression name="Exp_OSD_PVRChannelSwitch">[[VideoPlayer.Content(livetv) + !Window.Isvisible(videoosd)] + [!String.IsEmpty(PVR.ChannelNumberInput) | Player.ShowInfo]]</expression>

    <expression name="Exp_OSD_ExpandInfo">[Window.IsVisible(videobookmarks) | Window.IsVisible(pvrchannelguide) | Window.IsVisible(1140) | Window.IsVisible(1141) | Window.IsVisible(1142) | $EXP[Exp_OSD_FullScreenInfo] | Window.IsVisible(DialogPVRChannelsOSD.xml)]</expression>

    <expression name="Exp_OSD_FullScreenInfo">[Window.IsVisible(DialogFullScreenInfo.xml) | !String.IsEmpty(Window(Home).Property(OSD.FullScreenInfo)) | [System.IdleTime(3) + Skin.HasSetting(OSD.AutoInfoOnPause) + Player.Paused + !Window.IsActivate(videoosd)]]</expression>


    <!-- ==== -->
    <!-- Misc -->
    <!-- ==== -->
    <expression name="Exp_AutoCompletion_IsEnabled">[System.HasAddon(plugin.program.autocompletion) + System.AddonIsEnabled(plugin.program.autocompletion) + !Skin.HasSetting(Keyboard.DisableAutoCompletion)]</expression>

    <expression name="Exp_Video_IsNotPlaying">[!Player.HasVideo | Player.Paused | Skin.HasSetting(Background.VideoDisabled)]</expression>

    <expression name="Exp_Furniture_PVR">[[Window.IsVisible(MyPVRGuide.xml) | Window.IsVisible(MyPVRChannels.xml)] + !Window.IsVisible(DialogPVRInfo.xml)]</expression>

</includes>
