<?xml version="1.0" encoding="UTF-8"?>
<window>
    <defaultcontrol always="true">6001</defaultcontrol>
    <animation effect="fade" start="0" end="100" time="300" delay="200" condition="Window.IsVisible(DialogSeekBar.xml)">WindowOpen</animation>
    <animation effect="fade" start="0" end="100" time="300" delay="0" condition="!Window.IsVisible(DialogSeekBar.xml)">WindowOpen</animation>
    <animation effect="fade" end="0" start="100" time="300">WindowClose</animation>
    <onunload>ClearProperty(OSDArtistDetails,Home)</onunload>
    <onunload>CancelAlarm(osd_timeout,true)</onunload>
    <controls>


        <control type="group">

            <visible allowhiddenfocus="true">!Window.IsVisible(1142)</visible>
            <animation effect="fade" start="0" end="100" time="300" delay="0">Visible</animation>
            <animation effect="fade" end="0" start="100" time="150">Hidden</animation>


            <control type="group">

                <left>view_pad</left>
                <right>view_pad</right>

                <!-- Left Side Buttons -->
                <control type="grouplist" id="6091">
                    <centerbottom>80</centerbottom>
                    <height>120</height>
                    <left>-10</left>
                    <orientation>horizontal</orientation>
                    <itemgap>osd_itemgap</itemgap>
                    <onleft>6008</onleft>
                    <onright>6005</onright>

                    <ondown condition="!Window.IsVisible(script-cu-lrclyrics-main.xml)">ActivateWindow(1142)</ondown>

                    <!-- Button 1 -->
                    <control type="button" id="6001">
                        <onup>8200</onup>
                        <include>Defs_OSD_Button</include>
                        <onclick>PlayerControl(Play)</onclick>
                        <onleft>6008</onleft>
                        <onright>6002</onright>
                        <onfocus>ClearProperty(OSDArtistDetails,Home)</onfocus>
                        <onfocus condition="String.IsEmpty(Window(Home).Property(ResetScroll))">SetProperty(ResetScroll," ",home)</onfocus>
                        <onfocus condition="!String.IsEmpty(Window(Home).Property(ResetScroll))">ClearProperty(ResetScroll,home)</onfocus>
                    </control>
                    <include content="OSD_Button_Icon_Overlay">
                        <param name="icon">$VAR[Image_OSD_PlayPause]</param>
                        <param name="id">6001</param>
                        <param name="groupid">6101</param>
                        <param name="itemgap">osd_itemgap</param>
                    </include>

                    <!-- Button 2 -->
                    <control type="button" id="6002">
                        <onup>8200</onup>
                        <include>Defs_OSD_Button</include>
                        <onclick>CancelAlarm(osd_timeout,true)</onclick>
                        <onclick>PlayerControl(Previous)</onclick>
                        <onfocus>ClearProperty(OSDArtistDetails,Home)</onfocus>
                        <onfocus condition="String.IsEmpty(Window(Home).Property(ResetScroll))">SetProperty(ResetScroll," ",home)</onfocus>
                        <onfocus condition="!String.IsEmpty(Window(Home).Property(ResetScroll))">ClearProperty(ResetScroll,home)</onfocus>
                    </control>
                    <include content="OSD_Button_Icon_Overlay">
                        <param name="icon">special://skin/extras/icons/forward-step.png</param>
                        <param name="id">6002</param>
                        <param name="groupid">6102</param>
                        <param name="flipx">true</param>
                        <param name="itemgap">osd_itemgap</param>
                    </include>

                    <!-- Button 3 -->
                    <control type="button" id="6003">
                        <onup>8200</onup>
                        <include>Defs_OSD_Button</include>
                        <onclick>CancelAlarm(osd_timeout,true)</onclick>
                        <onclick>PlayerControl(Next)</onclick>
                        <onfocus>ClearProperty(OSDArtistDetails,Home)</onfocus>
                        <onfocus condition="String.IsEmpty(Window(Home).Property(ResetScroll))">SetProperty(ResetScroll," ",home)</onfocus>
                        <onfocus condition="!String.IsEmpty(Window(Home).Property(ResetScroll))">ClearProperty(ResetScroll,home)</onfocus>
                    </control>
                    <include content="OSD_Button_Icon_Overlay">
                        <param name="icon">special://skin/extras/icons/forward-step.png</param>
                        <param name="id">6003</param>
                        <param name="groupid">6103</param>
                        <param name="flipx">false</param>
                        <param name="itemgap">osd_itemgap</param>
                    </include>

                    <!-- Button 4 -->
                    <control type="button" id="6004">
                        <onup>8200</onup>
                        <include>Defs_OSD_Button</include>
                        <onclick>CancelAlarm(osd_timeout,true)</onclick>
                        <onclick>PlayerControl(Stop)</onclick>
                        <onfocus>ClearProperty(OSDArtistDetails,Home)</onfocus>
                        <onfocus condition="String.IsEmpty(Window(Home).Property(ResetScroll))">SetProperty(ResetScroll," ",home)</onfocus>
                        <onfocus condition="!String.IsEmpty(Window(Home).Property(ResetScroll))">ClearProperty(ResetScroll,home)</onfocus>
                    </control>
                    <include content="OSD_Button_Icon_Overlay">
                        <param name="icon">special://skin/extras/icons/stop.png</param>
                        <param name="id">6004</param>
                        <param name="groupid">6104</param>
                        <param name="flipx">false</param>
                        <param name="itemgap">osd_itemgap</param>
                    </include>
                </control>

                <!-- Right Side Buttons -->
                <control type="grouplist" id="6092">
                    <centerbottom>80</centerbottom>
                    <height>120</height>
                    <right>-10</right>
                    <orientation>horizontal</orientation>
                    <itemgap>osd_itemgap</itemgap>
                    <align>right</align>
                    <onleft>6004</onleft>
                    <onright>6001</onright>
                    <onup>SetFocus(9802)</onup>

                    <ondown condition="!Window.IsVisible(script-cu-lrclyrics-main.xml)">ActivateWindow(1142)</ondown>

                    <!-- Button 5 -->
                    <control type="button" id="6005">
                        <include>Defs_OSD_Button</include>
                        <onclick>CancelAlarm(osd_timeout,true)</onclick>
                        <onclick>Close</onclick>
                        <onclick>runscript(script.cu.lrclyrics)</onclick>
                        <onfocus>SetProperty(OSDArtistDetails,1,Home)</onfocus>
                    </control>
                    <include content="OSD_Button_Icon_Overlay">
                        <param name="icon">special://skin/extras/icons/microphone.png</param>
                        <param name="id">6005</param>
                        <param name="groupid">6105</param>
                        <param name="itemgap">osd_itemgap</param>
                    </include>

                    <!-- Button 6 -->
                    <control type="button" id="6006">
                        <include>Defs_OSD_Button</include>
                        <onclick>PlayerControl(Repeat)</onclick>
                        <onfocus>SetProperty(OSDArtistDetails,1,Home)</onfocus>
                    </control>
                    <include content="OSD_Button_Icon_Overlay">
                        <param name="icon">$VAR[Image_OSD_Repeat]</param>
                        <param name="id">6006</param>
                        <param name="groupid">6106</param>
                        <param name="itemgap">osd_itemgap</param>
                    </include>

                    <!-- Button 7 -->
                    <control type="button" id="6007">
                        <include>Defs_OSD_Button</include>
                        <onclick>PlayerControl(Random)</onclick>
                        <onfocus>SetProperty(OSDArtistDetails,1,Home)</onfocus>
                    </control>
                    <include content="OSD_Button_Icon_Overlay">
                        <param name="icon">$VAR[Image_OSD_Shuffle]</param>
                        <param name="id">6007</param>
                        <param name="groupid">6107</param>
                        <param name="itemgap">osd_itemgap</param>
                    </include>

                    <!-- Button 8 -->
                    <control type="button" id="6008">
                        <include>Defs_OSD_Button</include>
                        <onclick>CancelAlarm(osd_timeout,true)</onclick>
                        <onclick>SetProperty(CustomDialogSettingsTitle,[CAPITALIZE]$LOCALIZE[31460][/CAPITALIZE],Home)</onclick>
                        <onclick>SetProperty(CustomDialogSettingsItems,Items_Settings_MusicVisualisation,Home)</onclick>
                        <onclick>ActivateWindow(1118)</onclick>
                        <onfocus>SetProperty(OSDArtistDetails,1,Home)</onfocus>
                    </control>
                    <include content="OSD_Button_Icon_Overlay">
                        <param name="icon">special://skin/extras/icons/settings.png</param>
                        <param name="id">6008</param>
                        <param name="groupid">6108</param>
                        <param name="itemgap">osd_itemgap</param>
                    </include>

                </control>

                <control type="group">
                    <visible>!String.IsEmpty(Window(Home).Property(OSDArtistDetails))</visible>
                    <visible>!Window.IsVisible(1142)</visible>
                    <visible>!Window.IsVisible(script-cu-lrclyrics-main.xml)</visible>
                    <animation type="Visible" reversible="false">
                        <effect type="fade" start="0" end="100" time="600" delay="200" />
                    </animation>
                    <left>540</left>
                    <height>640</height>
                    <top>view_top</top>
                    <control type="textbox">
                        <font>font_midi_plot</font>
                        <textcolor>panel_fg_90</textcolor>
                        <label>$INFO[MusicPlayer.Property(Album_Description),,[CR]]$INFO[MusicPlayer.Property(Artist_Description)]$INFO[Window(Home).Property(ResetScroll)]</label>
                        <autoscroll delay="6000" time="3000" repeat="10000">!String.IsEmpty(Window(Home).Property(OSDArtistDetails)) + !Control.HasFocus(9802)</autoscroll>
                        <pagecontrol>9802</pagecontrol>
                        <bottom>-20</bottom>
                    </control>

                    <control type="group">
                        <centerright>-40</centerright>
                        <width>scrollbar_w</width>
                        <visible allowhiddenfocus="true">Control.HasFocus(9802)</visible>
                        <control type="scrollbar" id="9802">
                            <orientation>vertical</orientation>
                            <top>20</top>
                            <bottom>20</bottom>
                            <include>Texture_Scrollbar_V</include>
                            <texturesliderbackground colordiffuse="main_fg_12" border="4">scrollbar/scrollv_line.png</texturesliderbackground>
                            <onleft>SetFocus(6092)</onleft>
                            <onright>SetFocus(6092)</onright>
                            <ondown>SetFocus(6092)</ondown>
                            <onup>-</onup>
                            <onback>SetFocus(6092)</onback>
                        </control>
                    </control>
                </control>
            </control>
        </control>

        <control type="group">
            <left>view_osd_l</left>
            <right>view_osd_r</right>
            <height>112</height>
            <centerbottom>180</centerbottom>
            <control type="group">
                <left>-56</left>
                <right>-56</right>
                <control type="progress">
                    <texturebg colordiffuse="00ffffff">progress/slider_bg.png</texturebg>
                    <righttexture colordiffuse="panel_fg_100">progress/slider_nib.png</righttexture>
                    <lefttexture />
                    <midtexture />
                    <info>Player.Progress</info>
                    <visible>Control.HasFocus(8200)</visible>
                    <visible>!Pvr.IsPlayingTv</visible>
                </control>
                <control type="progress">
                    <texturebg colordiffuse="00ffffff">progress/slider_bg.png</texturebg>
                    <righttexture colordiffuse="panel_fg_100">progress/slider_nib.png</righttexture>
                    <lefttexture />
                    <midtexture />
                    <info>PVR.EpgEventProgress</info>
                    <visible>Control.HasFocus(8200)</visible>
                    <visible>Pvr.IsPlayingTv</visible>
                </control>
                <control type="slider" id="8200">
                    <info>Player.Progress</info>
                    <action>seek</action>
                    <texturesliderbar />
                    <textureslidernib />
                    <textureslidernibfocus />
                    <ondown>6091</ondown>
                </control>
            </control>
        </control>
    </controls>
</window>