<?xml version="1.0" encoding="UTF-8"?>
<window id="2600">
    <defaultcontrol always="true">8001</defaultcontrol>
    <menucontrol>9000</menucontrol>
    <onload>SetProperty(TMDbHelper.WidgetContainer,8000)</onload>
    <include content="_Action_Blur_Onload">
        <param name="sourceimage">Art(fanart)|Property(fanart)|Icon</param>
    </include>
    <controls>

        <include>Defs_TMDbHelper_Loader</include>
        <include>Background_Main</include>
        <include>Background_Transition</include>

        <include>Home_Fade</include>
        <control type="group">
            <include>Animation_View_WindowChange</include>
            <include>Weather</include>
        </control>
        <include>Home_Menu</include>
        <include>Furniture_Top</include>

        <control type="group">
            <visible>!Weather.IsFetched</visible>
            <include>Furniture_Busy</include>
        </control>

    </controls>

</window>
