<?xml version="1.0" encoding="UTF-8"?>
<includes>
    <include name="List_Button_Row">
        <param name="item_h" default="80" />
        <param name="itemlayout_h" default="120" />
        <param name="detailed" default="false" />
        <param name="orientation" default="horizontal" />
        <param name="controltype" default="fixedlist" />
        <param name="item_w" default="260" />
        <param name="itemlayout_w" default="300" />
        <param name="itemlayout_include" default="Layout_Button" />
        <definition>
            <include content="List_Core">
                <param name="id" value="$PARAM[id]" />
                <param name="detailed" value="$PARAM[detailed]" />
                <param name="orientation" value="$PARAM[orientation]" />
                <param name="controltype" value="$PARAM[controltype]" />
                <param name="item_w" value="$PARAM[item_w]" />
                <param name="item_h" value="$PARAM[item_h]" />
                <param name="itemlayout_w" value="$PARAM[itemlayout_w]" />
                <param name="itemlayout_h" value="$PARAM[itemlayout_h]" />
                <param name="itemlayout_include" value="$PARAM[itemlayout_include]" />
                <param name="offset_y" value="$PARAM[offset_y]" />
                <param name="context_button" value="$PARAM[context_button]" />
                <param name="icon">$PARAM[icon]</param>
                <nested />
                <movement>5</movement>
            </include>
        </definition>
    </include>

    <include name="List_Button_Wall">
        <param name="item_h" default="60" />
        <param name="itemlayout_h" default="100" />
        <param name="detailed" default="false" />
        <param name="orientation" default="vertical" />
        <param name="controltype" default="panel" />
        <param name="item_w" default="260" />
        <param name="itemlayout_w" default="300" />
        <param name="itemlayout_include" default="Layout_Button" />
        <definition>
            <include content="List_Core">
                <param name="id" value="$PARAM[id]" />
                <param name="detailed" value="$PARAM[detailed]" />
                <param name="orientation" value="$PARAM[orientation]" />
                <param name="controltype" value="$PARAM[controltype]" />
                <param name="item_w" value="$PARAM[item_w]" />
                <param name="item_h" value="$PARAM[item_h]" />
                <param name="itemlayout_w" value="$PARAM[itemlayout_w]" />
                <param name="itemlayout_h" value="$PARAM[itemlayout_h]" />
                <param name="itemlayout_include" value="$PARAM[itemlayout_include]" />
                <param name="offset_x" value="$PARAM[offset_x]" />
                <param name="offset_y" value="$PARAM[offset_y]" />
                <param name="context_button" value="$PARAM[context_button]" />
                <param name="icon">$PARAM[icon]</param>
                <nested />
                <movement>5</movement>
            </include>
        </definition>
    </include>

    <include name="List_Apps_Row">
        <param name="movement">5</param>
        <param name="item_h">140</param>
        <param name="itemlayout_h">180</param>
        <param name="item_w">260</param>
        <param name="itemlayout_w">300</param>
        <param name="diffuse">diffuse/landscape_w260_h140.png</param>
        <definition>
            <include content="List_Core">
                <param name="id">$PARAM[id]</param>
                <param name="orientation">horizontal</param>
                <param name="controltype">fixedlist</param>
                <param name="item_w">$PARAM[item_w]</param>
                <param name="item_h">$PARAM[item_h]</param>
                <param name="itemlayout_w">$PARAM[itemlayout_w]</param>
                <param name="itemlayout_h">$PARAM[itemlayout_h]</param>
                <param name="itemlayout_include">Layout_Apps</param>
                <param name="offset_y">$PARAM[offset_y]</param>
                <param name="context_button">$PARAM[context_button]</param>
                <param name="diffuse">$PARAM[diffuse]</param>
                <nested />
                <movement>$PARAM[movement]</movement>
            </include>
        </definition>
    </include>

    <include name="List_Reviews_Row">
        <param name="movement">1</param>
        <param name="item_h">view_poster_item_h</param>
        <param name="itemlayout_h">view_poster_itemlayout_h</param>
        <param name="item_w">860</param>
        <param name="itemlayout_w">900</param>
        <definition>
            <include content="List_Core">
                <param name="id">$PARAM[id]</param>
                <param name="orientation">horizontal</param>
                <param name="controltype">fixedlist</param>
                <param name="item_w">$PARAM[item_w]</param>
                <param name="item_h">$PARAM[item_h]</param>
                <param name="itemlayout_w">$PARAM[itemlayout_w]</param>
                <param name="itemlayout_h">$PARAM[itemlayout_h]</param>
                <param name="itemlayout_include">Layout_Reviews</param>
                <param name="offset_y">$PARAM[offset_y]</param>
                <param name="context_button">$PARAM[context_button]</param>
                <nested />
                <movement>$PARAM[movement]</movement>
            </include>
        </definition>
    </include>

    <include name="List_Tags_Wall">
        <param name="controltype" default="panel" />
        <param name="itemlayout_h" default="173.33" />
        <param name="itemlayout_w" default="450" />
        <param name="item_h" default="133.33" />
        <param name="item_w" default="410" />
        <param name="orientation" default="vertical" />
        <param name="itemlayout_include" default="Layout_IconButton" />
        <definition>
            <include content="List_Core">
                <param name="id" value="$PARAM[id]" />
                <param name="orientation" value="$PARAM[orientation]" />
                <param name="controltype" value="$PARAM[controltype]" />
                <param name="itemlayout_h" value="$PARAM[itemlayout_h]" />
                <param name="itemlayout_w" value="$PARAM[itemlayout_w]" />
                <param name="item_h" value="$PARAM[item_h]" />
                <param name="item_w" value="$PARAM[item_w]" />
                <param name="itemlayout_include" value="$PARAM[itemlayout_include]" />
                <param name="offset_y" value="40" />
                <param name="context_button" value="$PARAM[context_button]" />
                <nested />
            </include>
        </definition>
    </include>

    <!-- Unfixed -->

    <include name="List_EPGGrid">
        <param name="channelheight" default="grid_x08" />
        <param name="channelwidth" default="480" />
        <param name="include_channels" default="Layout_PVRGuide_Channels" />
        <param name="include_programs" default="Layout_PVRGuide_Programs" />
        <definition>
            <control type="epggrid" id="$PARAM[id]">
                <nested />
                <scrolltime tween="quadratic">300</scrolltime>
                <timeblocks>28</timeblocks>
                <rulerunit>6</rulerunit>
                <rulerlayout height="grid_x08" width="480">
                    <control type="label" id="2">
                        <top>20</top>
                        <height>grid_x04</height>
                        <width>480</width>
                        <align>left</align>
                        <aligny>top</aligny>
                        <font>font_statusbar</font>
                        <label>$INFO[ListItem.Label]</label>
                        <textcolor>main_fg_70</textcolor>
                    </control>
                </rulerlayout>
                <channellayout height="$PARAM[channelheight]" width="$PARAM[channelwidth]">
                    <include content="$PARAM[include_channels]">
                        <param name="detailed" value="$PARAM[detailed]" />
                        <param name="item_h" value="$PARAM[channelheight]" />
                    </include>
                </channellayout>
                <focusedchannellayout height="$PARAM[channelheight]" width="$PARAM[channelwidth]">
                    <include content="$PARAM[include_channels]">
                        <param name="selected" value="false" />
                        <param name="detailed" value="$PARAM[detailed]" />
                        <param name="item_h" value="$PARAM[channelheight]" />
                        <visible>Control.HasFocus(11)</visible>
                    </include>
                    <include content="$PARAM[include_channels]">
                        <param name="selected" value="true" />
                        <param name="detailed" value="$PARAM[detailed]" />
                        <param name="item_h" value="$PARAM[channelheight]" />
                        <visible>!Control.HasFocus(11)</visible>
                    </include>
                </focusedchannellayout>
                <itemlayout height="$PARAM[channelheight]" width="480">
                    <include content="$PARAM[include_programs]">
                        <param name="detailed" value="$PARAM[detailed]" />
                    </include>
                </itemlayout>
                <focusedlayout height="$PARAM[channelheight]" width="480">
                    <include content="$PARAM[include_programs]">
                        <param name="selected" value="false" />
                        <param name="visible" value="Control.HasFocus(11)" />
                        <param name="detailed" value="$PARAM[detailed]" />
                    </include>
                    <include content="$PARAM[include_programs]">
                        <param name="selected" value="true" />
                        <param name="visible" value="!Control.HasFocus(11)" />
                        <param name="detailed" value="$PARAM[detailed]" />
                    </include>
                </focusedlayout>
            </control>
        </definition>
    </include>

    <include name="List_BigPoster">
        <param name="context_button" default="false" />
        <definition>
            <include content="List_Poster_Row">
                <param name="id" value="$PARAM[id]" />
                <param name="focusedlayout_special" value="true" />
                <param name="movement" value="0" />
                <param name="offset_y" value="380" />
                <param name="context_button" value="$PARAM[context_button]" />
                <nested />
                <preloaditems>0</preloaditems>
                <focusposition>3</focusposition>
                <top>0</top>
                <left>-514.28</left>
                <focusedlayout width="514.28" height="760">
                    <control type="image">
                        <visible>$EXP[Exp_ShowBigPosterInfo]</visible>
                        <animation effect="fade" start="0" end="100" time="400" delay="400" reversible="false">Visible</animation>
                        <texture colordiffuse="panel_bg">background/blur2.png</texture>
                        <left>-1000</left>
                        <right>-2000</right>
                        <top>-1000</top>
                        <bottom>-1000</bottom>
                    </control>
                    <control type="group">
                        <left>80</left>
                        <top>200</top>
                        <control type="group">
                            <height>info_poster_h</height>
                            <width>info_poster_w</width>
                            <animation condition="Container($PARAM[id]).OnNext" effect="zoom" start="45.71368,47.0588" end="100" delay="0" time="350" tween="sine" easing="out" center="475,340" reversible="false">Focus</animation>
                            <animation condition="Container($PARAM[id]).OnNext" effect="zoom" start="100" end="45.71368,47.0588" delay="0" time="250" tween="sine" easing="out" center="0,340" reversible="false">UnFocus</animation>
                            <animation condition="Container($PARAM[id]).OnPrevious" effect="zoom" start="45.71368,47.0588" end="100" delay="0" time="350" tween="sine" easing="out" center="0,340" reversible="false">Focus</animation>
                            <animation condition="Container($PARAM[id]).OnPrevious" type="UnFocus" reversible="false">
                                <effect type="zoom" start="100" end="45.71368,47.0588" delay="0" time="250" tween="sine" easing="out" center="0,340" />
                                <effect type="slide" start="-257.14" end="0" delay="0" time="250" tween="sine" easing="out" center="0,340" />
                            </animation>
                            <include content="Layout_Poster">
                                <param name="item_h" value="info_poster_h" />
                                <param name="item_w" value="info_poster_w" />
                                <param name="fg_layer" value="false" />
                                <param name="diffuse" value="diffuse/poster_w475_h680.png" />
                            </include>
                            <control type="group">
                                <animation effect="zoom" start="0,0,info_poster_w,info_poster_h" end="100" time="250">Focus</animation>
                                <animation effect="zoom" end="0,0,info_poster_w,info_poster_h" start="100" time="250">UnFocus</animation>
                                <height>view_poster_item_h</height>
                                <bottom>0</bottom>
                                <right>50</right>
                                <width>217.14</width>
                                <include content="Layout_Poster">
                                    <param name="item_h" value="view_poster_item_h" />
                                    <param name="item_w" value="217.14" />
                                    <param name="bg_layer" value="false" />
                                </include>
                            </control>
                        </control>
                    </control>
                </focusedlayout>
            </include>
        </definition>
    </include>

    <include name="List_DialogSelect">
        <param name="item_height" default="grid_x08" />
        <param name="detailed" default="false" />
        <param name="itemlayout_include" default="Layout_DialogSelect" />
        <definition>
            <include content="List_Core">
                <param name="orientation" value="vertical" />
                <param name="controltype" value="list" />
                <param name="id" value="$PARAM[id]" />
                <param name="altfocus" value="$PARAM[altfocus]" />
                <param name="item_h" value="$PARAM[item_height]" />
                <param name="itemlayout_h" value="$PARAM[item_height]" />
                <param name="itemlayout_include" value="$PARAM[itemlayout_include]" />
                <param name="detailed" value="$PARAM[detailed]" />
                <param name="misc" value="$PARAM[misc]" />
                <param name="offset_x" value="0" />
                <param name="offset_y" value="0" />
                <nested />
            </include>
        </definition>
    </include>

    <include name="List_MediaList">
        <param name="item_h" default="grid_x08" />
        <param name="itemlayout_h" default="grid_x08" />
        <param name="detailed" default="[String.IsEqual(ListItem.DBType,movie) | String.IsEqual(ListItem.DBType,tvshow) | [String.IsEqual(ListItem.DBType,episode) + !String.IsEmpty(ListItem.Episode)] | String.IsEqual(ListItem.DBType,season) | String.IsEqual(ListItem.DBType,set) | String.IsEqual(ListItem.DBType,song)]" />
        <param name="itemlayout_include" default="Layout_MediaList" />
        <definition>
            <include content="List_Core">
                <param name="orientation" value="vertical" />
                <param name="controltype" value="list" />
                <param name="id" value="$PARAM[id]" />
                <param name="altfocus" value="$PARAM[altfocus]" />
                <param name="item_h" value="$PARAM[item_h]" />
                <param name="item_w" value="$PARAM[item_w]" />
                <param name="itemlayout_h" value="$PARAM[itemlayout_h]" />
                <param name="itemlayout_include" value="$PARAM[itemlayout_include]" />
                <param name="detailed" value="$PARAM[detailed]" />
                <param name="misc" value="$PARAM[misc]" />
                <param name="offset_x" value="0" />
                <param name="offset_y" value="0" />
                <nested />
            </include>
        </definition>
    </include>

    <include name="List_AddonBrowser">
        <param name="item_w" default="240" />
        <param name="item_h" default="300" />
        <param name="itemlayout_w" default="280" />
        <param name="itemlayout_h" default="340" />
        <definition>
            <include content="List_Core">
                <param name="orientation" value="vertical" />
                <param name="controltype" value="panel" />
                <param name="id" value="$PARAM[id]" />
                <param name="item_w" value="$PARAM[item_w]" />
                <param name="item_h" value="$PARAM[item_h]" />
                <param name="itemlayout_w" value="$PARAM[itemlayout_w]" />
                <param name="itemlayout_h" value="$PARAM[itemlayout_h]" />
                <param name="itemlayout_include" value="Layout_AddonBrowser" />
                <param name="context_button" value="$PARAM[context_button]" />
                <param name="detailed" value="$PARAM[detailed]" />
                <param name="offset_y" value="$PARAM[offset_y]" />
                <nested />
            </include>
        </definition>
    </include>

    <include name="List_AddonCategories">
        <param name="itemlayout_include" default="Layout_Iconic" />
        <param name="width" default="440" />
        <param name="height" default="grid_x08" />
        <param name="detailed" default="false" />
        <param name="orientation" default="vertical" />
        <param name="controltype" default="list" />
        <definition>
            <include content="List_Core">
                <param name="orientation" value="$PARAM[orientation]" />
                <param name="controltype" value="$PARAM[controltype]" />
                <param name="id" value="$PARAM[id]" />
                <param name="item_w" value="$PARAM[width]" />
                <param name="item_h" value="$PARAM[height]" />
                <param name="itemlayout_w" value="$PARAM[width]" />
                <param name="itemlayout_h" value="$PARAM[height]" />
                <param name="offset_x" default="0" />
                <param name="offset_y" default="0" />
                <param name="itemlayout_include" value="$PARAM[itemlayout_include]" />
                <param name="altfocus" value="$PARAM[altfocus]" />
                <param name="detailed" value="$PARAM[detailed]" />
                <param name="misc" value="$PARAM[misc]" />
                <nested />
            </include>
        </definition>
    </include>

    <include name="List_Infolist">
        <param name="orientation" default="vertical" />
        <param name="controltype" default="fixedlist" />
        <param name="item_h" default="160" />
        <param name="itemlayout_h" default="160" />
        <param name="itemlayout_include" default="Layout_Episode" />
        <definition>
            <include content="List_Core">
                <param name="orientation" value="$PARAM[orientation]" />
                <param name="controltype" value="$PARAM[controltype]" />
                <param name="id" value="$PARAM[id]" />
                <param name="item_h" value="$PARAM[item_h]" />
                <param name="itemlayout_h" value="$PARAM[itemlayout_h]" />
                <param name="itemlayout_include" value="$PARAM[itemlayout_include]" />
                <param name="context_button" value="$PARAM[context_button]" />
                <param name="offset_y" value="0" />
                <param name="offset_x" value="0" />
                <movement>1</movement>
                <focusposition>1</focusposition>
                <nested />
            </include>
        </definition>
    </include>


    <include name="List_PVRRecordings">
        <param name="orientation" default="vertical" />
        <param name="controltype" default="list" />
        <param name="item_h" default="120" />
        <param name="itemlayout_h" default="120" />
        <param name="itemlayout_include" default="Layout_PVRRecordings" />
        <param name="detailed" default="true" />
        <definition>
            <include content="List_Core">
                <param name="orientation" value="$PARAM[orientation]" />
                <param name="controltype" value="$PARAM[controltype]" />
                <param name="id" value="$PARAM[id]" />
                <param name="item_h" value="$PARAM[item_h]" />
                <param name="itemlayout_h" value="$PARAM[itemlayout_h]" />
                <param name="itemlayout_include" value="$PARAM[itemlayout_include]" />
                <param name="context_button" value="$PARAM[context_button]" />
                <param name="misc" value="$PARAM[misc]" />
                <param name="detailed" value="$PARAM[detailed]" />
                <param name="offset_y" value="0" />
                <param name="offset_x" value="0" />
                <param name="textcolor">$PARAM[textcolor]</param>
                <nested />
                <movement>3</movement>
                <focusposition>2</focusposition>
            </include>
        </definition>
    </include>

    <include name="List_Banner_Row">
        <param name="movement" default="0" />
        <definition>
            <include content="List_Core">
                <param name="orientation" value="horizontal" />
                <param name="controltype" value="fixedlist" />
                <param name="id" value="$PARAM[id]" />
                <param name="item_w" value="1760" />
                <param name="item_h" value="view_poster_item_h" />
                <param name="itemlayout_w" value="1800" />
                <param name="itemlayout_h" value="view_poster_itemlayout_h" />
                <param name="itemlayout_include" value="Layout_BigBanner" />
                <param name="offset_y" value="$PARAM[offset_y]" />
                <param name="offset_x" value="$PARAM[offset_x]" />
                <param name="context_button" value="$PARAM[context_button]" />
                <param name="detailed" value="$PARAM[detailed]" />
                <nested />
                <movement>$PARAM[movement]</movement>
            </include>
        </definition>
    </include>

    <include name="List_FeaturePoster_Row">
        <definition>
            <include content="List_Core">
                <param name="orientation" value="horizontal" />
                <param name="controltype" value="fixedlist" />
                <param name="id" value="$PARAM[id]" />
                <param name="item_w" value="320" />
                <param name="item_h" value="480" />
                <param name="itemlayout_w" value="360" />
                <param name="itemlayout_h" value="520" />
                <param name="itemlayout_include" value="Layout_Poster" />
                <param name="focusedlayout_special" value="$PARAM[focusedlayout_special]" />
                <param name="offset_y" value="$PARAM[offset_y]" />
                <param name="offset_x" value="$PARAM[offset_x]" />
                <param name="context_button" value="$PARAM[context_button]" />
                <param name="icon" value="$PARAM[icon]" />
                <param name="detailed" value="$PARAM[detailed]" />
                <param name="diffuse">diffuse/poster_w320_h480.png</param>
                <nested />
                <movement>4</movement>
            </include>
        </definition>
    </include>

    <include name="List_FeatureLandscape_Row">
        <param name="offset_y">grid_x08</param>
        <param name="offset_x">grid_x08</param>
        <definition>
            <include content="List_Core">
                <param name="orientation" value="horizontal" />
                <param name="controltype" value="fixedlist" />
                <param name="id" value="$PARAM[id]" />
                <param name="item_w" value="860" />
                <param name="item_h" value="480" />
                <param name="itemlayout_w" value="900" />
                <param name="itemlayout_h" value="520" />
                <param name="itemlayout_include" value="Layout_BigLandscape" />
                <param name="focusedlayout_special" value="$PARAM[focusedlayout_special]" />
                <param name="offset_y" value="$PARAM[offset_y]" />
                <param name="offset_x" value="$PARAM[offset_x]" />
                <param name="context_button" value="$PARAM[context_button]" />
                <param name="icon" value="$PARAM[icon]" />
                <param name="detailed" value="$PARAM[detailed]" />
                <param name="diffuse">diffuse/landscape_w860_h480.png</param>
                <nested />
                <movement>1</movement>
            </include>
        </definition>
    </include>

    <include name="List_Poster_Row">
        <param name="movement" default="6" />
        <param name="focusedlayout_special" default="false" />
        <definition>
            <include content="List_Core">
                <param name="orientation" value="horizontal" />
                <param name="controltype" value="fixedlist" />
                <param name="id" value="$PARAM[id]" />
                <param name="item_w" value="217.14" />
                <param name="item_h" value="view_poster_item_h" />
                <param name="itemlayout_w" value="257.14" />
                <param name="itemlayout_h" value="view_poster_itemlayout_h" />
                <param name="itemlayout_include" value="Layout_Poster" />
                <param name="focusedlayout_special" value="$PARAM[focusedlayout_special]" />
                <param name="offset_y" value="$PARAM[offset_y]" />
                <param name="offset_x" value="$PARAM[offset_x]" />
                <param name="context_button" value="$PARAM[context_button]" />
                <param name="icon" value="$PARAM[icon]" />
                <param name="detailed" value="$PARAM[detailed]" />
                <nested />
                <movement>$PARAM[movement]</movement>
            </include>
        </definition>
    </include>

    <include name="List_Poster_Wall">
        <param name="offset_y" default="view_top" />
        <param name="item_w" default="view_poster_item_w" />
        <param name="item_h" default="view_poster_item_h" />
        <param name="itemlayout_w" default="view_poster_itemlayout_w" />
        <param name="itemlayout_h" default="view_poster_itemlayout_h" />
        <definition>
            <include content="List_Core">
                <param name="orientation" value="vertical" />
                <param name="controltype" value="panel" />
                <param name="id" value="$PARAM[id]" />
                <param name="item_w" value="$PARAM[item_w]" />
                <param name="item_h" value="$PARAM[item_h]" />
                <param name="itemlayout_w" value="$PARAM[itemlayout_w]" />
                <param name="itemlayout_h" value="$PARAM[itemlayout_h]" />
                <param name="itemlayout_include" value="Layout_Poster" />
                <param name="context_button" value="$PARAM[context_button]" />
                <param name="offset_y" value="$PARAM[offset_y]" />
                <param name="detailed" value="$PARAM[detailed]" />
                <param name="misc" value="$PARAM[misc]" />
                <nested />
            </include>
        </definition>
    </include>

    <include name="List_BigLandscape_Row">
        <param name="movement" default="2" />
        <definition>
            <include content="List_Core">
                <param name="orientation" value="horizontal" />
                <param name="controltype" value="fixedlist" />
                <param name="id" value="$PARAM[id]" />
                <param name="item_w" value="560" />
                <param name="item_h" value="view_poster_item_h" />
                <param name="itemlayout_w" value="600" />
                <param name="itemlayout_h" value="view_poster_itemlayout_h" />
                <param name="itemlayout_include" value="Layout_BigLandscape" />
                <param name="icon" value="$PARAM[icon]" />
                <param name="context_button" value="$PARAM[context_button]" />
                <param name="textcolor" value="$PARAM[textcolor]" />
                <param name="offset_x" value="$PARAM[offset_x]" />
                <param name="offset_y" value="$PARAM[offset_y]" />
                <param name="shadow_colordiffuse" value="$PARAM[shadow_colordiffuse]" />
                <nested />
                <movement>$PARAM[movement]</movement>
            </include>
        </definition>
    </include>

    <include name="List_SmallLandscape_Row">
        <param name="movement" default="4" />
        <definition>
            <include content="List_Core">
                <param name="orientation" value="horizontal" />
                <param name="controltype" value="fixedlist" />
                <param name="id" value="$PARAM[id]" />
                <param name="item_w" value="320" />
                <param name="item_h" value="180" />
                <param name="itemlayout_w" value="360" />
                <param name="itemlayout_h" value="220" />
                <param name="itemlayout_include" value="Layout_BigLandscape" />
                <param name="icon" value="$PARAM[icon]" />
                <param name="context_button" value="$PARAM[context_button]" />
                <param name="textcolor" value="$PARAM[textcolor]" />
                <param name="offset_x" value="$PARAM[offset_x]" />
                <param name="offset_y" value="500" />
                <param name="shadow_colordiffuse" value="$PARAM[shadow_colordiffuse]" />
                <param name="diffuse">diffuse/landscape_w356_h200.png</param>
                <nested />
                <movement>$PARAM[movement]</movement>
            </include>
        </definition>
    </include>

    <include name="List_Landscape_Row">
        <param name="movement" default="3" />
        <definition>
            <include content="List_Core">
                <param name="orientation" value="horizontal" />
                <param name="controltype" value="fixedlist" />
                <param name="id" value="$PARAM[id]" />
                <param name="item_w" value="410" />
                <param name="item_h" value="view_poster_item_h" />
                <param name="itemlayout_w" value="450" />
                <param name="itemlayout_h" value="view_poster_itemlayout_h" />
                <param name="itemlayout_include" value="Layout_Landscape" />
                <param name="icon" value="$PARAM[icon]" />
                <param name="context_button" value="$PARAM[context_button]" />
                <param name="textcolor" value="$PARAM[textcolor]" />
                <param name="offset_x" value="$PARAM[offset_x]" />
                <param name="offset_y" value="$PARAM[offset_y]" />
                <param name="shadow_colordiffuse" value="$PARAM[shadow_colordiffuse]" />
                <nested />
                <movement>$PARAM[movement]</movement>
            </include>
        </definition>
    </include>

    <include name="List_BigLandscape_Wall">
        <param name="offset_y" default="view_top" />
        <param name="item_w" default="560" />
        <param name="item_h" default="view_poster_item_h" />
        <param name="itemlayout_w" default="600" />
        <param name="itemlayout_h" default="view_poster_itemlayout_h" />
        <definition>
            <include content="List_Core">
                <param name="orientation" value="vertical" />
                <param name="controltype" value="panel" />
                <param name="id" value="$PARAM[id]" />
                <param name="item_w" value="$PARAM[item_w]" />
                <param name="item_h" value="$PARAM[item_h]" />
                <param name="itemlayout_w" value="$PARAM[itemlayout_w]" />
                <param name="itemlayout_h" value="$PARAM[itemlayout_h]" />
                <param name="itemlayout_include" value="Layout_BigLandscape" />
                <param name="context_button" value="$PARAM[context_button]" />
                <param name="offset_y" value="$PARAM[offset_y]" />
                <param name="detailed" value="$PARAM[detailed]" />
                <param name="misc" value="$PARAM[misc]" />
                <nested />
            </include>
        </definition>
    </include>

    <include name="List_Landscape_Wall">
        <param name="offset_y" default="view_top" />
        <param name="item_w" default="410" />
        <param name="item_h" default="view_poster_item_h" />
        <param name="itemlayout_w" default="450" />
        <param name="itemlayout_h" default="view_poster_itemlayout_h" />
        <definition>
            <include content="List_Core">
                <param name="orientation" value="vertical" />
                <param name="controltype" value="panel" />
                <param name="id" value="$PARAM[id]" />
                <param name="item_w" value="$PARAM[item_w]" />
                <param name="item_h" value="$PARAM[item_h]" />
                <param name="itemlayout_w" value="$PARAM[itemlayout_w]" />
                <param name="itemlayout_h" value="$PARAM[itemlayout_h]" />
                <param name="itemlayout_include" value="Layout_Landscape" />
                <param name="context_button" value="$PARAM[context_button]" />
                <param name="offset_y" value="$PARAM[offset_y]" />
                <param name="offset_x" value="$PARAM[offset_x]" />
                <param name="detailed" value="$PARAM[detailed]" />
                <param name="misc" value="$PARAM[misc]" />
                <nested />
            </include>
        </definition>
    </include>

    <include name="List_Square_Row">
        <param name="movement" default="5" />
        <param name="item_w" default="260" />
        <param name="item_h" default="view_poster_item_h" />
        <param name="itemlayout_w" default="300" />
        <param name="itemlayout_h" default="view_poster_itemlayout_h" />
        <param name="orientation" default="horizontal" />
        <param name="controltype" default="fixedlist" />
        <definition>
            <include content="List_Core">
                <param name="orientation" value="$PARAM[orientation]" />
                <param name="controltype" value="$PARAM[controltype]" />
                <param name="id" value="$PARAM[id]" />
                <param name="item_w" value="$PARAM[item_w]" />
                <param name="item_h" value="$PARAM[item_h]" />
                <param name="itemlayout_w" value="$PARAM[itemlayout_w]" />
                <param name="itemlayout_h" value="$PARAM[itemlayout_h]" />
                <param name="offset_y" value="$PARAM[offset_y]" />
                <param name="itemlayout_include" value="Layout_Square" />
                <param name="context_button" value="$PARAM[context_button]" />
                <nested />
                <movement>$PARAM[movement]</movement>
            </include>
        </definition>
    </include>

    <include name="List_Square_Wall">
        <param name="offset_y" default="view_top" />
        <param name="item_w" default="260" />
        <param name="item_h" default="view_poster_item_h" />
        <param name="itemlayout_w" default="300" />
        <param name="itemlayout_h" default="view_poster_itemlayout_h" />
        <param name="itemlayout_include" default="Layout_Square" />
        <definition>
            <include content="List_Core">
                <param name="orientation" value="vertical" />
                <param name="controltype" value="panel" />
                <param name="id" value="$PARAM[id]" />
                <param name="item_w" value="$PARAM[item_w]" />
                <param name="item_h" value="$PARAM[item_h]" />
                <param name="itemlayout_w" value="$PARAM[itemlayout_w]" />
                <param name="itemlayout_h" value="$PARAM[itemlayout_h]" />
                <param name="itemlayout_include" value="$PARAM[itemlayout_include]" />
                <param name="context_button" value="$PARAM[context_button]" />
                <param name="offset_y" value="$PARAM[offset_y]" />
                <param name="detailed" value="$PARAM[detailed]" />
                <nested />
            </include>
        </definition>
    </include>

    <include name="List_Banner_Wall">
        <param name="offset_y" default="view_top" />
        <param name="item_w" default="860" />
        <param name="item_h" default="220" />
        <param name="itemlayout_w" default="900" />
        <param name="itemlayout_h" default="260" />
        <definition>
            <include content="List_Core">
                <param name="orientation" value="vertical" />
                <param name="controltype" value="panel" />
                <param name="id" value="$PARAM[id]" />
                <param name="item_w" value="$PARAM[item_w]" />
                <param name="item_h" value="$PARAM[item_h]" />
                <param name="itemlayout_w" value="$PARAM[itemlayout_w]" />
                <param name="itemlayout_h" value="$PARAM[itemlayout_h]" />
                <param name="itemlayout_include" value="Layout_Banner" />
                <param name="context_button" value="$PARAM[context_button]" />
                <param name="offset_y" value="$PARAM[offset_y]" />
                <param name="detailed" value="$PARAM[detailed]" />
                <nested />
            </include>
        </definition>
    </include>

    <include name="List_Core">
        <param name="orientation" default="horizontal" />
        <param name="controltype" default="list" />
        <param name="id" default="" />
        <param name="preloaditems" default="2" />
        <param name="tween" default="quadratic" />
        <param name="scrolltime" default="400" />
        <param name="viewtype" default="list" />
        <param name="offset_x" default="grid_x08" />
        <param name="offset_y" default="grid_x08" />
        <param name="itemlayout_w" default="" />
        <param name="itemlayout_h" default="" />
        <param name="item_w" default="" />
        <param name="item_h" default="" />
        <param name="itemlayout_include" default="" />
        <param name="focusedlayout_special" default="false" />
        <param name="altfocus" default="false" />
        <param name="detailed" default="false" />
        <param name="indicator" default="true" />
        <param name="context_button" default="false" />
        <definition>
            <control type="$PARAM[controltype]" id="$PARAM[id]">
                <nested />
                <orientation>$PARAM[orientation]</orientation>
                <preloaditems>$PARAM[preloaditems]</preloaditems>
                <scrolltime tween="$PARAM[tween]">$PARAM[scrolltime]</scrolltime>
                <itemlayout width="$PARAM[itemlayout_w]" height="$PARAM[itemlayout_h]">
                    <control type="group">
                        <left>$PARAM[offset_x]</left>
                        <right>-$PARAM[offset_x]</right>
                        <top>$PARAM[offset_y]</top>
                        <bottom>-$PARAM[offset_y]</bottom>
                        <include content="$PARAM[itemlayout_include]">
                            <param name="selected" value="false" />
                            <param name="item_w" value="$PARAM[item_w]" />
                            <param name="item_h" value="$PARAM[item_h]" />
                            <param name="misc" value="$PARAM[misc]" />
                            <param name="id" value="$PARAM[id]" />
                            <param name="detailed" value="$PARAM[detailed]" />
                            <param name="indicator" value="$PARAM[indicator]" />
                            <param name="diffuse" value="$PARAM[diffuse]" />
                            <param name="icon" value="$PARAM[icon]" />
                            <param name="textcolor" value="$PARAM[textcolor]" />
                            <param name="shadow_colordiffuse" value="$PARAM[shadow_colordiffuse]" />
                        </include>
                    </control>
                </itemlayout>
                <focusedlayout width="$PARAM[itemlayout_w]" height="$PARAM[itemlayout_h]" condition="!$PARAM[focusedlayout_special]">
                    <control type="group">
                        <left>$PARAM[offset_x]</left>
                        <right>-$PARAM[offset_x]</right>
                        <top>$PARAM[offset_y]</top>
                        <bottom>-$PARAM[offset_y]</bottom>
                        <control type="group">
                            <visible>!Control.HasFocus($PARAM[id]) + !$PARAM[altfocus]</visible>
                            <include content="$PARAM[itemlayout_include]">
                                <param name="selected" value="false" />
                                <param name="item_w" value="$PARAM[item_w]" />
                                <param name="item_h" value="$PARAM[item_h]" />
                                <param name="misc" value="$PARAM[misc]" />
                                <param name="id" value="$PARAM[id]" />
                                <param name="detailed" value="$PARAM[detailed]" />
                                <param name="indicator" value="$PARAM[indicator]" />
                                <param name="diffuse" value="$PARAM[diffuse]" />
                                <param name="icon" value="$PARAM[icon]" />
                                <param name="textcolor" value="$PARAM[textcolor]" />
                                <param name="shadow_colordiffuse" value="$PARAM[shadow_colordiffuse]" />
                            </include>
                        </control>
                        <control type="group">
                            <visible>Control.HasFocus($PARAM[id]) | $PARAM[altfocus]</visible>
                            <include content="$PARAM[itemlayout_include]">
                                <param name="selected" value="true" />
                                <param name="item_w" value="$PARAM[item_w]" />
                                <param name="item_h" value="$PARAM[item_h]" />
                                <param name="misc" value="$PARAM[misc]" />
                                <param name="id" value="$PARAM[id]" />
                                <param name="detailed" value="$PARAM[detailed]" />
                                <param name="indicator" value="$PARAM[indicator]" />
                                <param name="diffuse" value="$PARAM[diffuse]" />
                                <param name="icon" value="$PARAM[icon]" />
                                <param name="textcolor" value="$PARAM[textcolor]" />
                                <param name="shadow_colordiffuse" value="$PARAM[shadow_colordiffuse]" />
                            </include>
                        </control>
                    </control>
                </focusedlayout>
            </control>
        </definition>
    </include>
</includes>
