{
    "folder": "1080i",
    "output": "script-skinvariables-generator-includes-{skinuser}.xml",
    "header": "<?xml version=\"1.0\" encoding=\"UTF-8\"?>\n<includes>",
    "footer": "</includes>",
    "buildv": "0.0.3",
    "skinid": "skin.arctic.fuse",
    "getnfo": {},
    "addnfo": {},
    "global": {
        "parts_visible": {"template": "True"}
    },
    "genxml": [
        {"datafile": "generator/data/base/hubs_complex.xml"},
        {"datafile": "generator/data/base/hubs_widgetsonly.xml"},
        {"datafile": "generator/data/base/hubs_classichome.xml"},
        {"datafile": "generator/data/base/power_main.xml"},
        {"datafile": "generator/data/base/power_side.xml"},
        {"datafile": "generator/data/base/side_items.xml"},
        {"datafile": "generator/data/base/side_button.xml"},
        {"datafile": "generator/data/base/search_widgets.xml"},
        {"datafile": "generator/data/base/search_selector.xml"}
    ]
}



