<?xml version="1.0" encoding="UTF-8"?>
<includes>

    <variable name="Global_BusyLoader">
        <value>special://skin/extras/loader/waves/</value>
    </variable>    

    <include name="Global_Overlay">
        <control type="image">
            <include>Animation_FadeIn</include>
            <include condition="!Window.IsVisible(DialogButtonMenu.xml)">Animation_FadeOut</include>
            <include>Dimensions_Fullscreen</include>
            <texture border="2">common/dim-overlay.png</texture>
        </control>
    </include>

    <include name="Global_Videowindow">
        <control type="image" description="Background">
            <include>Dimensions_Fullscreen</include>
            <texture colordiffuse="black">common/white.png</texture>
        </control>
        <control type="videowindow">
            <visible>Player.HasVideo</visible>
            <include>Dimensions_Fullscreen</include>
        </control>
        <control type="image" description="Background">
            <include>Dimensions_Fullscreen</include>
            <texture colordiffuse="Background">common/bg.jpg</texture>
            <animation effect="fade" end="50" condition="true">Conditional</animation>
        </control>
    </include>

    <include name="Global_Videowindow_Hidden">
        <control type="videowindow">
            <visible>Player.HasVideo</visible>
            <include>Dimensions_Fullscreen</include>
        </control>
    </include>
    
    <include name="Global_Visualisation">
        <control type="group">
            <visible>String.IsEmpty(Window(10025).Property(PlayingBackgroundMedia)) + Player.HasAudio</visible>
            
            <control type="visualisation">
                <visible>Skin.HasSetting(OSDVisualisation.ShowFanart) | [!Skin.HasSetting(musicvis.fanartfallback) + [Skin.HasSetting(ArtistSlideShow.Disabled)]]</visible>
                <description>visualisation</description>
                <include>Dimensions_Fullscreen</include>
                <include>Animation_FadeIn</include>
                <include>Animation_FadeOut</include>
            </control>
            
            <control type="multiimage">
                <aspectratio>scale</aspectratio>
                <include>Dimensions_Fullscreen</include>
                <include>Defs_TimePerImage</include>
                <randomize>true</randomize>
                <fadetime>600</fadetime>
                <loop>true</loop>
                <imagepath background="true">$VAR[Image_ArtistFanartVis]</imagepath>
                <animation effect="fade" start="100" end="65" time="0" condition="Skin.HasSetting(OSDVisualisation.ShowFanart)">Conditional</animation>
                <animation effect="zoom" start="110" end="130" center="auto" time="10000" tween="sine" easing="inout" pulse="true" condition="Skin.HasSetting(ArtistSlideshow.Animate)">Conditional</animation>
                <animation effect="slide" start="-30,-30" end="30,30" time="6000" tween="sine" easing="inout" pulse="true" condition="Skin.HasSetting(ArtistSlideshow.Animate)">Conditional</animation>
                <include>Animation_FadeIn</include>
                <include>Animation_FadeOut</include>
            </control>

        </control>
    </include>

    <include name="Global_Background">
        <control type="multiimage" id="7975">
            <left>-2160</left>
            <width>1</width>
            <height>1</height>
            <include>Defs_TimePerImage</include>
            <randomize>true</randomize>
            <fadetime>600</fadetime>
            <imagepath background="true">$VAR[Global_Background_Image_Var]</imagepath>
            <visible>System.HasAddon(script.colorbox)</visible>
            <visible>![!System.HasAddon(script.colorbox) | Skin.HasSetting(DisableBlur)]</visible>
        </control>
        <include condition="!Skin.HasSetting(global.showvideo)">Global_Videowindow_Hidden</include>
        <include>Global_Background_Main</include>
    </include>

    <include name="Global_Background_Main">
        <include content="Global_Background_Artwork">
            <control type="group">
                <visible>!$EXP[Exp_GlobalBackground]</visible>
                <include condition="Skin.HasSetting(global.showvideo)">Global_Videowindow</include>
                <include condition="Skin.HasSetting(global.showvisualisation)">Global_Visualisation</include>
            </control>
        </include>
    </include>

    <include name="Global_Background_Artwork">
        <control type="group">
            <control type="image">
                <texture colordiffuse="Background">common/bg.jpg</texture>
            </control>
            <control type="multiimage">
                <include>Animation_FadeInOut</include>
                <include>Defs_TimePerImage</include>
                <randomize>true</randomize>
                <width>1920</width>
                <height>1080</height>
                <aspectratio>scale</aspectratio>
                <include condition="![!System.HasAddon(script.colorbox) | Skin.HasSetting(DisableBlur)]">Defs_Global_Fade_Blur</include>
                <fadetime>600</fadetime>
                <imagepath background="true">$VAR[Global_Background_Image]</imagepath>
                <animation effect="fade" end="50" condition="![!System.HasAddon(script.colorbox) | Skin.HasSetting(DisableBlur)]">Conditional</animation>
                <animation effect="fade" end="40" condition="[!System.HasAddon(script.colorbox) | Skin.HasSetting(DisableBlur)]">Conditional</animation>
                <visible>$EXP[Exp_GlobalBackground]</visible>
                <animation effect="fade" start="100" end="0" time="2000" tween="cubic" easing="inout" condition="Window.IsVisible(DialogBusy.xml) + [!System.HasAddon(script.colorbox) | Skin.HasSetting(DisableBlur)]">Conditional</animation>
            </control>
            <control type="group">
                <visible>Window.IsVisible(DialogBusy.xml)</visible>
                <visible>!$EXP[Exp_InfoVisible]</visible>
                <animation effect="fade" start="0" end="100" time="5000" tween="cubic" easing="inout" reversible="true">Visible</animation>
                <animation effect="fade" start="100" end="0" time="1000" tween="cubic" easing="inout" reversible="true">Hidden</animation>
                <animation effect="fade" start="100" end="0" time="1000" tween="cubic" easing="inout" reversible="false" condition="!Window.IsVisible(DialogBusy.xml)">Conditional</animation>
                <animation effect="fade" start="100" end="10" condition="true">Conditional</animation>
                <control type="multiimage">
                    <timeperimage>50</timeperimage>
                    <aspectratio align="center" aligny="center">stretch</aspectratio>
                    <fadetime>10</fadetime>
                    <imagepath>$VAR[Global_BusyLoader]</imagepath>
                    <randomize>false</randomize>
                </control>
            </control>
            <nested />
            <control type="image">
                <texture colordiffuse="$VAR[ColorHighlight4]" background="true">common/vignette-white.png</texture>
                <visible>[!System.HasAddon(script.colorbox) | Skin.HasSetting(DisableBlur)]</visible>
            </control>
            <control type="image">
                <texture background="true">common/vignette-full.png</texture>
                <visible>[!System.HasAddon(script.colorbox) | Skin.HasSetting(DisableBlur)]</visible>
            </control>
        </control>
    </include>

    <variable name="Global_Background_Image_NoFanart">
        <value condition="Window.IsVisible(Home) + !String.IsEmpty(Container(301).ListItem.Property(backgroundPlaylist))">$INFO[Container(3800).ListItem.Art(fanart)]</value>
        <value condition="Window.IsVisible(Home) + !String.IsEmpty(Container(301).ListItem.Property(Background))">$INFO[Container(301).ListItem.Property(Background)]</value>
        <value condition="!String.IsEmpty(Skin.String(fanart.fallback))">$INFO[Skin.String(fanart.fallback)]</value>
        <value>special://skin/extras/backgrounds/mountains3.jpg</value>
    </variable>

    <variable name="Global_Background_Image">
        <value condition="Skin.HasSetting(NoFanart)">$VAR[Global_Background_Image_NoFanart]</value>
        <value condition="![!System.HasAddon(script.colorbox) | Skin.HasSetting(DisableBlur)]">$INFO[Window(home).Property(ImageFilterFIVE)]</value>
        <value>$VAR[Global_Background_Image_Var]</value>
    </variable>

    <variable name="Global_Background_Image_Var">
        <value condition="Skin.HasSetting(NoFanart) | ListItem.IsParentFolder">$VAR[Global_Background_Image_NoFanart]</value>
        <value condition="![!System.HasAddon(script.colorbox) | Skin.HasSetting(DisableBlur)] + !Skin.HasSetting(EnableFanartBlur) + !String.IsEmpty(Container.ListItem.Art(season.poster))">$INFO[Container.ListItem.Art(season.poster)]</value>
        <value condition="![!System.HasAddon(script.colorbox) | Skin.HasSetting(DisableBlur)] + !Skin.HasSetting(EnableFanartBlur) + !String.IsEmpty(Container.ListItem.Art(poster))">$INFO[Container.ListItem.Art(poster)]</value>
        <value condition="![!System.HasAddon(script.colorbox) | Skin.HasSetting(DisableBlur)] + !Skin.HasSetting(EnableFanartBlur) + !String.IsEmpty(Container.ListItem.Art(tvshow.poster))">$INFO[Container.ListItem.Art(tvshow.poster)]</value>
        <value condition="![!System.HasAddon(script.colorbox) | Skin.HasSetting(DisableBlur)] + !Skin.HasSetting(EnableFanartBlur) + !String.IsEmpty(Container.ListItem.Art(thumb)) + !String.StartsWith(Container.ListItem.Art(thumb),special://skin/extras/icons/) + !String.StartsWith(Container.ListItem.Art(thumb),Default)">$INFO[Container.ListItem.Art(thumb)]</value>

        
        <!-- Next up -->
        <value condition="Window.IsVisible(script-nextup-notification-PostPlayInfo.xml)">$INFO[Window.Property(background)]</value>

        <!-- Settings Widget -->
        <value condition="Window.IsVisible(Home) + [String.IsEqual(Container(3700).ListItem.Property(list),Settings) | String.IsEqual(Container(301).ListItem.Property(widget),Settings)]">$VAR[Global_Background_Image_NoFanart]</value>

        <!-- Weather -->
        <value condition="[Window.IsVisible(weather) | [Window.IsVisible(Home) + [Control.HasFocus(9999) | String.IsEqual(Container(3700).ListItem.Property(list),Weather)]]] + System.HasAddon(resource.images.weatherfanart.multi)">$INFO[Window(Weather).Property(Current.FanartCode),resource://resource.images.weatherfanart.multi/,/]</value>


        <!-- Artwork Helper Extra Fanart -->
        <value condition="Skin.HasSetting(ArtworkHelper.EnableExtraFanart) + !Window.IsVisible(Home) + System.HasAddon(script.artwork.helper) + [String.IsEqual(ListItem.DBTYPE,movie) | String.IsEqual(ListItem.DBTYPE,set) | String.IsEqual(ListItem.DBTYPE,musicvideo) | String.IsEqual(ListItem.DBTYPE,tvshow)] + !String.IsEmpty(ListItem.DBID)">plugin://script.artwork.helper/multiimage/listitem/?refresh=$INFO[ListItem.DBID]&amp;&amp;arttype=fanart</value>
        <value condition="Skin.HasSetting(ArtworkHelper.EnableExtraFanart) + !Window.IsVisible(Home) + System.HasAddon(script.artwork.helper) + [String.IsEqual(ListItem.DBTYPE,movie) | String.IsEqual(ListItem.DBTYPE,set) | String.IsEqual(ListItem.DBTYPE,musicvideo) | String.IsEqual(ListItem.DBTYPE,tvshow)] + String.IsEmpty(ListItem.DBID)">plugin://script.artwork.helper/multiimage/listitem/?refresh=$INFO[ListItem.Label]&amp;&amp;arttype=fanart</value>
        <value condition="Skin.HasSetting(ArtworkHelper.EnableExtraFanart) + !Window.IsVisible(Home) + System.HasAddon(script.artwork.helper) + [String.IsEqual(ListItem.DBTYPE,season) | String.IsEqual(ListItem.DBTYPE,episode)] + !String.IsEmpty(ListItem.DBID)">plugin://script.artwork.helper/multiimage/listitem/?refresh=$INFO[ListItem.DBID]&amp;&amp;arttype=fanart</value>
        <value condition="Skin.HasSetting(ArtworkHelper.EnableExtraFanart) + !Window.IsVisible(Home) + System.HasAddon(script.artwork.helper) + [String.IsEqual(ListItem.DBTYPE,season) | String.IsEqual(ListItem.DBTYPE,episode)] + String.IsEmpty(ListItem.DBID)">plugin://script.artwork.helper/multiimage/listitem/?refresh=$INFO[ListItem.Label]&amp;&amp;arttype=fanart</value>
        <value condition="Skin.HasSetting(ArtworkHelper.EnableExtraFanart) + !Window.IsVisible(Home) + System.HasAddon(script.artwork.helper) + String.IsEqual(ListItem.DBTYPE,artist) + !String.IsEmpty(ListItem.DBID)">plugin://script.artwork.helper/multiimage/listitem/?refresh=$INFO[ListItem.DBID]&amp;&amp;arttype=fanart</value>
        <value condition="Skin.HasSetting(ArtworkHelper.EnableExtraFanart) + !Window.IsVisible(Home) + System.HasAddon(script.artwork.helper) + String.IsEqual(ListItem.DBTYPE,artist) + String.IsEmpty(ListItem.DBID)">plugin://script.artwork.helper/multiimage/listitem/?refresh=$INFO[ListItem.Label]&amp;&amp;arttype=fanart</value>
        <value condition="Skin.HasSetting(ArtworkHelper.EnableExtraFanart) + !Window.IsVisible(Home) + System.HasAddon(script.artwork.helper) + [String.IsEqual(ListItem.DBTYPE,album) | String.IsEqual(ListItem.DBTYPE,song)] + !String.IsEmpty(ListItem.DBID)">plugin://script.artwork.helper/multiimage/listitem/?refresh=$INFO[ListItem.DBID]&amp;&amp;arttype=fanart</value>
        <value condition="Skin.HasSetting(ArtworkHelper.EnableExtraFanart) + !Window.IsVisible(Home) + System.HasAddon(script.artwork.helper) + [String.IsEqual(ListItem.DBTYPE,album) | String.IsEqual(ListItem.DBTYPE,song)] + String.IsEmpty(ListItem.DBID)">plugin://script.artwork.helper/multiimage/listitem/?refresh=$INFO[ListItem.Label]&amp;&amp;arttype=fanart</value>

        <!-- Artwork Helper Extra Fanart Homescreen -->
        <value condition="Skin.HasSetting(ArtworkHelper.EnableExtraFanart) + !String.IsEmpty(ListItem.Art(fanart)) + Window.IsVisible(Home) + System.HasAddon(script.artwork.helper) + Window.IsVisible(DialogVideoInfo.xml) + [String.IsEqual(ListItem.DBTYPE,movie) | String.IsEqual(ListItem.DBTYPE,set) | String.IsEqual(ListItem.DBTYPE,musicvideo) |  String.IsEqual(ListItem.DBTYPE,tvshow)] + !String.IsEmpty(ListItem.DBID)">plugin://script.artwork.helper/multiimage/listitem/?refresh=$INFO[ListItem.DBID]&amp;&amp;arttype=fanart</value>
        <value condition="Skin.HasSetting(ArtworkHelper.EnableExtraFanart) + !String.IsEmpty(ListItem.Art(fanart)) + Window.IsVisible(Home) + System.HasAddon(script.artwork.helper) + Window.IsVisible(DialogVideoInfo.xml) + [String.IsEqual(ListItem.DBTYPE,movie) | String.IsEqual(ListItem.DBTYPE,set) | String.IsEqual(ListItem.DBTYPE,musicvideo) |  String.IsEqual(ListItem.DBTYPE,tvshow)] + String.IsEmpty(ListItem.DBID)">plugin://script.artwork.helper/multiimage/listitem/?refresh=$INFO[ListItem.Label]&amp;&amp;arttype=fanart</value>
        <value condition="Skin.HasSetting(ArtworkHelper.EnableExtraFanart) + !String.IsEmpty(ListItem.Art(fanart)) + Window.IsVisible(Home) + System.HasAddon(script.artwork.helper) + Window.IsVisible(DialogVideoInfo.xml) + [String.IsEqual(ListItem.DBTYPE,season) | String.IsEqual(ListItem.DBTYPE,episode)] + !String.IsEmpty(ListItem.DBID)">plugin://script.artwork.helper/multiimage/listitem/?refresh=$INFO[ListItem.DBID]&amp;&amp;arttype=fanart</value>
        <value condition="Skin.HasSetting(ArtworkHelper.EnableExtraFanart) + !String.IsEmpty(ListItem.Art(fanart)) + Window.IsVisible(Home) + System.HasAddon(script.artwork.helper) + Window.IsVisible(DialogVideoInfo.xml) + [String.IsEqual(ListItem.DBTYPE,season) | String.IsEqual(ListItem.DBTYPE,episode)] + String.IsEmpty(ListItem.DBID)">plugin://script.artwork.helper/multiimage/listitem/?refresh=$INFO[ListItem.Label]&amp;&amp;arttype=fanart</value>
        <value condition="Skin.HasSetting(ArtworkHelper.EnableExtraFanart) + String.IsEmpty(ListItem.Art(fanart)) + Window.IsVisible(Home) + System.HasAddon(script.artwork.helper) + Window.IsVisible(DialogVideoInfo.xml) + [String.IsEqual(ListItem.DBTYPE,season) | String.IsEqual(ListItem.DBTYPE,episode)] + !String.IsEmpty(ListItem.DBID)">plugin://script.artwork.helper/multiimage/listitem/?refresh=$INFO[ListItem.DBID]&amp;&amp;arttype=tvshow.fanart</value>
        <value condition="Skin.HasSetting(ArtworkHelper.EnableExtraFanart) + String.IsEmpty(ListItem.Art(fanart)) + Window.IsVisible(Home) + System.HasAddon(script.artwork.helper) + Window.IsVisible(DialogVideoInfo.xml) + [String.IsEqual(ListItem.DBTYPE,season) | String.IsEqual(ListItem.DBTYPE,episode)] + String.IsEmpty(ListItem.DBID)">plugin://script.artwork.helper/multiimage/listitem/?refresh=$INFO[ListItem.Label]&amp;&amp;arttype=tvshow.fanart</value>
        <value condition="Skin.HasSetting(ArtworkHelper.EnableExtraFanart) + !String.IsEmpty(ListItem.Art(fanart)) + Window.IsVisible(Home) + System.HasAddon(script.artwork.helper) + Window.IsVisible(DialogMusicInfo.xml) + String.IsEqual(ListItem.DBTYPE,artist) + !String.IsEmpty(ListItem.DBID)">plugin://script.artwork.helper/multiimage/listitem/?refresh=$INFO[ListItem.DBID]&amp;&amp;arttype=fanart</value>
        <value condition="Skin.HasSetting(ArtworkHelper.EnableExtraFanart) + !String.IsEmpty(ListItem.Art(fanart)) + Window.IsVisible(Home) + System.HasAddon(script.artwork.helper) + Window.IsVisible(DialogMusicInfo.xml) + String.IsEqual(ListItem.DBTYPE,artist) + String.IsEmpty(ListItem.DBID)">plugin://script.artwork.helper/multiimage/listitem/?refresh=$INFO[ListItem.Label]&amp;&amp;arttype=fanart</value>
        <value condition="Skin.HasSetting(ArtworkHelper.EnableExtraFanart) + !String.IsEmpty(ListItem.Art(fanart)) + Window.IsVisible(Home) + System.HasAddon(script.artwork.helper) + Window.IsVisible(DialogMusicInfo.xml) + [String.IsEqual(ListItem.DBTYPE,album) | String.IsEqual(ListItem.DBTYPE,song)] + !String.IsEmpty(ListItem.DBID)">plugin://script.artwork.helper/multiimage/listitem/?refresh=$INFO[ListItem.DBID]&amp;&amp;arttype=fanart</value>
        <value condition="Skin.HasSetting(ArtworkHelper.EnableExtraFanart) + !String.IsEmpty(ListItem.Art(fanart)) + Window.IsVisible(Home) + System.HasAddon(script.artwork.helper) + Window.IsVisible(DialogMusicInfo.xml) + [String.IsEqual(ListItem.DBTYPE,album) | String.IsEqual(ListItem.DBTYPE,song)] + String.IsEmpty(ListItem.DBID)">plugin://script.artwork.helper/multiimage/listitem/?refresh=$INFO[ListItem.Label]&amp;&amp;arttype=fanart</value>
        <value condition="Skin.HasSetting(ArtworkHelper.EnableExtraFanart) + String.IsEmpty(ListItem.Art(fanart)) + Window.IsVisible(Home) + System.HasAddon(script.artwork.helper) + Window.IsVisible(DialogMusicInfo.xml) + [String.IsEqual(ListItem.DBTYPE,album) | String.IsEqual(ListItem.DBTYPE,song)] + !String.IsEmpty(ListItem.DBID)">plugin://script.artwork.helper/multiimage/listitem/?refresh=$INFO[ListItem.DBID]&amp;&amp;arttype=artist.fanart</value>
        <value condition="Skin.HasSetting(ArtworkHelper.EnableExtraFanart) + String.IsEmpty(ListItem.Art(fanart)) + Window.IsVisible(Home) + System.HasAddon(script.artwork.helper) + Window.IsVisible(DialogMusicInfo.xml) + [String.IsEqual(ListItem.DBTYPE,album) | String.IsEqual(ListItem.DBTYPE,song)] + String.IsEmpty(ListItem.DBID)">plugin://script.artwork.helper/multiimage/listitem/?refresh=$INFO[ListItem.Label]&amp;&amp;arttype=artist.fanart</value>

        <value condition="Skin.HasSetting(ArtworkHelper.EnableExtraFanart) + !String.IsEmpty(Container.ListItem.Art(fanart)) + Window.IsVisible(Home) + System.HasAddon(script.artwork.helper) + [String.IsEqual(Container.ListItem.DBTYPE,movie) | String.IsEqual(Container.ListItem.DBTYPE,set) | String.IsEqual(Container.ListItem.DBTYPE,musicvideo) | String.IsEqual(Container.ListItem.DBTYPE,tvshow)] + !String.IsEmpty(Container.ListItem.DBID)">plugin://script.artwork.helper/multiimage/listitem/?refresh=$INFO[Container.ListItem.DBID]&amp;&amp;containerid=&amp;&amp;arttype=fanart</value>
        <value condition="Skin.HasSetting(ArtworkHelper.EnableExtraFanart) + !String.IsEmpty(Container.ListItem.Art(fanart)) + Window.IsVisible(Home) + System.HasAddon(script.artwork.helper) + [String.IsEqual(Container.ListItem.DBTYPE,movie) | String.IsEqual(Container.ListItem.DBTYPE,set) | String.IsEqual(Container.ListItem.DBTYPE,musicvideo) | String.IsEqual(Container.ListItem.DBTYPE,tvshow)] + String.IsEmpty(Container.ListItem.DBID)">plugin://script.artwork.helper/multiimage/listitem/?refresh=$INFO[Container.ListItem.Label]&amp;&amp;containerid=&amp;&amp;arttype=fanart</value>
        <value condition="Skin.HasSetting(ArtworkHelper.EnableExtraFanart) + !String.IsEmpty(Container.ListItem.Art(fanart)) + Window.IsVisible(Home) + System.HasAddon(script.artwork.helper) + [String.IsEqual(Container.ListItem.DBTYPE,season) | String.IsEqual(Container.ListItem.DBTYPE,episode)] + !String.IsEmpty(Container.ListItem.DBID)">plugin://script.artwork.helper/multiimage/listitem/?refresh=$INFO[Container.ListItem.DBID]&amp;&amp;containerid=&amp;&amp;arttype=fanart</value>
        <value condition="Skin.HasSetting(ArtworkHelper.EnableExtraFanart) + !String.IsEmpty(Container.ListItem.Art(fanart)) + Window.IsVisible(Home) + System.HasAddon(script.artwork.helper) + [String.IsEqual(Container.ListItem.DBTYPE,season) | String.IsEqual(Container.ListItem.DBTYPE,episode)] + String.IsEmpty(Container.ListItem.DBID)">plugin://script.artwork.helper/multiimage/listitem/?refresh=$INFO[Container.ListItem.Label]&amp;&amp;containerid=&amp;&amp;arttype=fanart</value>
        <value condition="Skin.HasSetting(ArtworkHelper.EnableExtraFanart) + String.IsEmpty(Container.ListItem.Art(fanart)) + Window.IsVisible(Home) + System.HasAddon(script.artwork.helper) + [String.IsEqual(Container.ListItem.DBTYPE,season) | String.IsEqual(Container.ListItem.DBTYPE,episode)] + !String.IsEmpty(Container.ListItem.DBID)">plugin://script.artwork.helper/multiimage/listitem/?refresh=$INFO[Container.ListItem.DBID]&amp;&amp;containerid=&amp;&amp;arttype=tvshow.fanart</value>
        <value condition="Skin.HasSetting(ArtworkHelper.EnableExtraFanart) + String.IsEmpty(Container.ListItem.Art(fanart)) + Window.IsVisible(Home) + System.HasAddon(script.artwork.helper) + [String.IsEqual(Container.ListItem.DBTYPE,season) | String.IsEqual(Container.ListItem.DBTYPE,episode)] + String.IsEmpty(Container.ListItem.DBID)">plugin://script.artwork.helper/multiimage/listitem/?refresh=$INFO[Container.ListItem.Label]&amp;&amp;containerid=&amp;&amp;arttype=tvshow.fanart</value>
        <value condition="Skin.HasSetting(ArtworkHelper.EnableExtraFanart) + !String.IsEmpty(Container.ListItem.Art(fanart)) + Window.IsVisible(Home) + System.HasAddon(script.artwork.helper) + [String.IsEqual(Container.ListItem.DBTYPE,album) | String.IsEqual(Container.ListItem.DBTYPE,song)] + !String.IsEmpty(Container.ListItem.DBID)">plugin://script.artwork.helper/multiimage/listitem/?refresh=$INFO[Container.ListItem.DBID]&amp;&amp;containerid=&amp;&amp;arttype=fanart</value>
        <value condition="Skin.HasSetting(ArtworkHelper.EnableExtraFanart) + !String.IsEmpty(Container.ListItem.Art(fanart)) + Window.IsVisible(Home) + System.HasAddon(script.artwork.helper) + [String.IsEqual(Container.ListItem.DBTYPE,album) | String.IsEqual(Container.ListItem.DBTYPE,song)] + String.IsEmpty(Container.ListItem.DBID)">plugin://script.artwork.helper/multiimage/listitem/?refresh=$INFO[Container.ListItem.Label]&amp;&amp;containerid=&amp;&amp;arttype=fanart</value>
        <value condition="Skin.HasSetting(ArtworkHelper.EnableExtraFanart) + String.IsEmpty(Container.ListItem.Art(fanart)) + Window.IsVisible(Home) + System.HasAddon(script.artwork.helper) + [String.IsEqual(Container.ListItem.DBTYPE,album) | String.IsEqual(Container.ListItem.DBTYPE,song)] + !String.IsEmpty(Container.ListItem.DBID)">plugin://script.artwork.helper/multiimage/listitem/?refresh=$INFO[Container.ListItem.DBID]&amp;&amp;containerid=&amp;&amp;arttype=artist.fanart</value>
        <value condition="Skin.HasSetting(ArtworkHelper.EnableExtraFanart) + String.IsEmpty(Container.ListItem.Art(fanart)) + Window.IsVisible(Home) + System.HasAddon(script.artwork.helper) + [String.IsEqual(Container.ListItem.DBTYPE,album) | String.IsEqual(Container.ListItem.DBTYPE,song)] + String.IsEmpty(Container.ListItem.DBID)">plugin://script.artwork.helper/multiimage/listitem/?refresh=$INFO[Container.ListItem.Label]&amp;&amp;containerid=&amp;&amp;arttype=artist.fanart</value>
        <value condition="Skin.HasSetting(ArtworkHelper.EnableExtraFanart) + !String.IsEmpty(Container.ListItem.Art(fanart)) + Window.IsVisible(Home) + System.HasAddon(script.artwork.helper) + [String.IsEqual(Container.ListItem.DBTYPE,artist)] + !String.IsEmpty(Container.ListItem.DBID)">plugin://script.artwork.helper/multiimage/listitem/?refresh=$INFO[Container.ListItem.DBID]&amp;&amp;containerid=&amp;&amp;arttype=fanart</value>
        <value condition="Skin.HasSetting(ArtworkHelper.EnableExtraFanart) + !String.IsEmpty(Container.ListItem.Art(fanart)) + Window.IsVisible(Home) + System.HasAddon(script.artwork.helper) + [String.IsEqual(Container.ListItem.DBTYPE,artist)] + String.IsEmpty(Container.ListItem.DBID)">plugin://script.artwork.helper/multiimage/listitem/?refresh=$INFO[Container.ListItem.Label]&amp;&amp;containerid=&amp;&amp;arttype=fanart</value>

        <!-- Fanart -->
        <value condition="!String.IsEmpty(ListItem.Art(fanart))">$INFO[ListItem.Art(fanart)]</value>
        <value condition="!String.IsEmpty(ListItem.Property(Fanart_Image))">$INFO[ListItem.Property(Fanart_Image)]</value>
        <value condition="!String.IsEmpty(ListItem.Property(Fanart))">$INFO[ListItem.Property(Fanart)]</value>

        <!-- Home Fanart Widgets -->
        <value condition="!String.IsEmpty(Container.ListItem.Art(fanart)) + Window.IsVisible(Home)">$INFO[Container.ListItem.Art(fanart)]</value>
        <value condition="!String.IsEmpty(Container.ListItem.Property(Fanart_Image)) + Window.IsVisible(Home)">$INFO[Container.ListItem.Property(Fanart_Image)]</value>
        <value condition="!String.IsEmpty(Container.ListItem.Property(Fanart)) + Window.IsVisible(Home)">$INFO[Container.ListItem.Property(Fanart)]</value>

        <!-- Home Fanart Fallbacks -->
        <value condition="!String.IsEmpty(Container.ListItem.Art(fanart)) + Window.IsVisible(Home)">$INFO[Container.ListItem.Art(fanart)]</value>
        <value condition="!String.IsEmpty(Container.ListItem.Property(Fanart_Image)) + Window.IsVisible(Home)">$INFO[Container.ListItem.Property(Fanart_Image)]</value>
        <value condition="!String.IsEmpty(Container.ListItem.Property(Fanart)) + Window.IsVisible(Home)">$INFO[Container.ListItem.Property(Fanart)]</value>

        <!-- Home Fanart Menu -->
        <value condition="Window.IsVisible(home) + !String.IsEmpty(Skin.String(HomeBackgroundImage)) + String.IsEmpty(Container(301).ListItem.Property(Background)) + String.IsEmpty(Container(301).ListItem.Property(backgroundPlaylist))">$INFO[Skin.String(HomeBackgroundImage)]</value>

        <!-- Submenu Hub -->
        <value condition="Window.IsVisible(1110) + !String.IsEmpty(Container(5610).ListItem.Art(fanart))">$INFO[Container(5610).ListItem.Art(fanart)]</value>

        <!-- Pictures -->
        <value condition="Window.IsVisible(MyPics.xml) + !String.IsEmpty(ListItem.FileNameAndPath)">$INFO[ListItem.FileNameAndPath]</value>

        <!-- Default -->
        <value>$VAR[Global_Background_Image_NoFanart]</value>
    </variable>
</includes>
