<?xml version="1.0" encoding="UTF-8"?>
<includes>

    <!-- Main Items Fade Out Delay -->
    <constant name="mf_faded_h_r">799</constant>
    <constant name="mf_faded_h_0">800</constant>
    <constant name="mf_faded_h_1">800</constant>
    <constant name="mf_faded_h_2">800</constant>
    <constant name="mf_faded_h_3">800</constant>
    <constant name="mf_faded_h_4">800</constant>
    <constant name="mf_faded_h_5">800</constant>
    <constant name="mf_faded_h_6">800</constant>
    <constant name="mf_faded_h_7">800</constant>
    <constant name="mf_faded_h_8">800</constant>
    <constant name="mf_faded_h_9">800</constant>

    <!-- Column Slide In Delay -->
    <constant name="mf_delay_v_0">0</constant>
    <constant name="mf_delay_v_1">40</constant>
    <constant name="mf_delay_v_2">80</constant>
    <constant name="mf_delay_v_3">120</constant>
    <constant name="mf_delay_v_4">160</constant>
    <constant name="mf_delay_v_5">200</constant>
    <constant name="mf_delay_v_6">240</constant>
    <constant name="mf_delay_v_7">280</constant>
    <constant name="mf_delay_v_8">320</constant>
    <constant name="mf_delay_v_9">360</constant>

    <!-- Column Transition Delay -->
    <constant name="mf_delay_h_0">0</constant>
    <constant name="mf_delay_h_1">40</constant>
    <constant name="mf_delay_h_2">80</constant>
    <constant name="mf_delay_h_3">120</constant>
    <constant name="mf_delay_h_4">160</constant>
    <constant name="mf_delay_h_5">200</constant>
    <constant name="mf_delay_h_6">240</constant>
    <constant name="mf_delay_h_7">280</constant>
    <constant name="mf_delay_h_8">320</constant>
    <constant name="mf_delay_h_9">360</constant>

    <!-- POSTER -->
    <!-- Positioning -->
    <!-- posx -->
    <constant name="mf_wp_end_x_0">200</constant>
    <constant name="mf_wp_end_x_1">440</constant>
    <constant name="mf_wp_end_x_2">680</constant>
    <constant name="mf_wp_end_x_3">920</constant>
    <constant name="mf_wp_end_x_4">1160</constant>
    <constant name="mf_wp_end_x_5">1400</constant>
    <constant name="mf_wp_end_x_6">1640</constant>
    <constant name="mf_wp_end_x_7">1880</constant>
    <constant name="mf_wp_end_x_8">2120</constant>
    <constant name="mf_wp_end_x_9">2360</constant>
    <constant name="-mf_wp_end_x_0">200</constant>
    <constant name="-mf_wp_end_x_1">-40</constant>
    <constant name="-mf_wp_end_x_2">-280</constant>
    <constant name="-mf_wp_end_x_3">-520</constant>
    <constant name="-mf_wp_end_x_4">-760</constant>
    <constant name="-mf_wp_end_x_5">-1000</constant>
    <constant name="-mf_wp_end_x_6">-1240</constant>
    <constant name="-mf_wp_end_x_7">-1480</constant>
    <constant name="-mf_wp_end_x_8">-1720</constant>
    <constant name="-mf_wp_end_x_9">-1960</constant>

    <!-- posy -->
    <constant name="mf_wp_end_y_1">252</constant>
    <constant name="mf_wp_end_y_2">586</constant>
    <constant name="mf_wp_end_y_r">586</constant>
    <!-- Top Row Start -->
    <!-- posy -->
    <constant name="mf_wp_start_y_1">334</constant>
    <!-- posx -->
    <constant name="mf_wp_start_x_1_0">0</constant>
    <constant name="mf_wp_start_x_1_1">240</constant>
    <constant name="mf_wp_start_x_1_2">480</constant>
    <constant name="mf_wp_start_x_1_3">720</constant>
    <constant name="mf_wp_start_x_1_4">960</constant>
    <constant name="mf_wp_start_x_1_5">1200</constant>
    <constant name="mf_wp_start_x_1_6">1440</constant>
    <constant name="mf_wp_start_x_1_7">1680</constant>
    <constant name="mf_wp_start_x_1_8">1920</constant>
    <constant name="mf_wp_start_x_1_9">2160</constant>
    <constant name="-mf_wp_start_x_1_0">0</constant>
    <constant name="-mf_wp_start_x_1_1">-240</constant>
    <constant name="-mf_wp_start_x_1_2">-480</constant>
    <constant name="-mf_wp_start_x_1_3">-720</constant>
    <constant name="-mf_wp_start_x_1_4">-960</constant>
    <constant name="-mf_wp_start_x_1_5">-1200</constant>
    <constant name="-mf_wp_start_x_1_6">-1440</constant>
    <constant name="-mf_wp_start_x_1_7">-1680</constant>
    <constant name="-mf_wp_start_x_1_8">-1920</constant>
    <constant name="-mf_wp_start_x_1_9">-2160</constant>
    <!-- Bottom Row Start -->
    <!-- posy -->
    <constant name="mf_wp_start_y_2">0</constant>
    <!-- posx -->
    <constant name="mf_wp_start_x_2_0">240</constant>
    <constant name="mf_wp_start_x_2_1">480</constant>
    <constant name="mf_wp_start_x_2_2">720</constant>
    <constant name="mf_wp_start_x_2_3">960</constant>
    <constant name="mf_wp_start_x_2_4">1200</constant>
    <constant name="mf_wp_start_x_2_5">1440</constant>
    <constant name="mf_wp_start_x_2_6">1680</constant>
    <constant name="mf_wp_start_x_2_7">1920</constant>
    <constant name="mf_wp_start_x_2_8">2160</constant>
    <constant name="mf_wp_start_x_2_9">2400</constant>
    <constant name="-mf_wp_start_x_2_0">240</constant>
    <constant name="-mf_wp_start_x_2_1">0</constant>
    <constant name="-mf_wp_start_x_2_2">-240</constant>
    <constant name="-mf_wp_start_x_2_3">-480</constant>
    <constant name="-mf_wp_start_x_2_4">-720</constant>
    <constant name="-mf_wp_start_x_2_5">-960</constant>
    <constant name="-mf_wp_start_x_2_6">-1200</constant>
    <constant name="-mf_wp_start_x_2_7">-1440</constant>
    <constant name="-mf_wp_start_x_2_8">-1680</constant>
    <constant name="-mf_wp_start_x_2_9">-1920</constant>


    <!-- LANDSCAPE -->
    <!-- Positioning -->
    <!-- posx -->
    <constant name="mf_wl_end_x_0">200</constant>
    <constant name="mf_wl_end_x_1">620</constant>
    <constant name="mf_wl_end_x_2">1040</constant>
    <constant name="mf_wl_end_x_3">1460</constant>
    <constant name="mf_wl_end_x_4">1880</constant>
    <constant name="mf_wl_end_x_5">2300</constant>
    <constant name="mf_wl_end_x_6">2720</constant>
    <constant name="mf_wl_end_x_7">3140</constant>
    <constant name="mf_wl_end_x_8">3560</constant>
    <constant name="mf_wl_end_x_9">3980</constant>
    <constant name="-mf_wl_end_x_0">200</constant>
    <constant name="-mf_wl_end_x_1">-220</constant>
    <constant name="-mf_wl_end_x_2">-640</constant>
    <constant name="-mf_wl_end_x_3">-1060</constant>
    <constant name="-mf_wl_end_x_4">-1480</constant>
    <constant name="-mf_wl_end_x_5">-1900</constant>
    <constant name="-mf_wl_end_x_6">-2320</constant>
    <constant name="-mf_wl_end_x_7">-2740</constant>
    <constant name="-mf_wl_end_x_8">-3160</constant>
    <constant name="-mf_wl_end_x_9">-3580</constant>
    <!-- posy -->
    <constant name="mf_wl_end_y_1">252</constant>
    <constant name="mf_wl_end_y_2">586</constant>
    <constant name="mf_wl_end_y_r">586</constant>
    <!-- Top Row Start -->
    <!-- posy -->
    <constant name="mf_wl_start_y_1">334</constant>
    <!-- posx -->
    <constant name="mf_wl_start_x_1_0">0</constant>
    <constant name="mf_wl_start_x_1_1">420</constant>
    <constant name="mf_wl_start_x_1_2">840</constant>
    <constant name="mf_wl_start_x_1_3">1260</constant>
    <constant name="mf_wl_start_x_1_4">1680</constant>
    <constant name="mf_wl_start_x_1_5">2100</constant>
    <constant name="mf_wl_start_x_1_6">2520</constant>
    <constant name="mf_wl_start_x_1_7">2940</constant>
    <constant name="mf_wl_start_x_1_8">3360</constant>
    <constant name="mf_wl_start_x_1_9">3780</constant>
    <constant name="-mf_wl_start_x_1_0">0</constant>
    <constant name="-mf_wl_start_x_1_1">-420</constant>
    <constant name="-mf_wl_start_x_1_2">-840</constant>
    <constant name="-mf_wl_start_x_1_3">-1260</constant>
    <constant name="-mf_wl_start_x_1_4">-1680</constant>
    <constant name="-mf_wl_start_x_1_5">-2100</constant>
    <constant name="-mf_wl_start_x_1_6">-2520</constant>
    <constant name="-mf_wl_start_x_1_7">-2940</constant>
    <constant name="-mf_wl_start_x_1_8">-3360</constant>
    <constant name="-mf_wl_start_x_1_9">-3780</constant>

    <!-- Bottom Row Start -->
    <!-- posy -->
    <constant name="mf_wl_start_y_2">0</constant>
    <!-- posx -->
    <constant name="mf_wl_start_x_2_0">420</constant>
    <constant name="mf_wl_start_x_2_1">840</constant>
    <constant name="mf_wl_start_x_2_2">1260</constant>
    <constant name="mf_wl_start_x_2_3">1680</constant>
    <constant name="mf_wl_start_x_2_4">2100</constant>
    <constant name="mf_wl_start_x_2_5">2520</constant>
    <constant name="mf_wl_start_x_2_6">2940</constant>
    <constant name="mf_wl_start_x_2_7">3360</constant>
    <constant name="mf_wl_start_x_2_8">3780</constant>
    <constant name="mf_wl_start_x_2_9">4200</constant>
    <constant name="-mf_wl_start_x_2_0">420</constant>
    <constant name="-mf_wl_start_x_2_1">0</constant>
    <constant name="-mf_wl_start_x_2_2">-420</constant>
    <constant name="-mf_wl_start_x_2_3">-840</constant>
    <constant name="-mf_wl_start_x_2_4">-1260</constant>
    <constant name="-mf_wl_start_x_2_5">-1680</constant>
    <constant name="-mf_wl_start_x_2_6">-2100</constant>
    <constant name="-mf_wl_start_x_2_7">-2520</constant>
    <constant name="-mf_wl_start_x_2_8">-2940</constant>
    <constant name="-mf_wl_start_x_2_9">-3360</constant>

    <include name="MediaWall_Poster">
        <param name="icon_base_var">Image_Poster</param>
        <param name="interchange_condition">[String.IsEmpty(Window.Property(MediaFilterSwap)) + !Window.IsVisible(DialogBusy.xml)]</param>
        <param name="interchange_animation_include">MediaWall_Interchange</param>
        <param name="visible">$EXP[Exp_FilterWall_IsMedia]</param>
        <param name="visible_animation_include">MediaWall_Visible</param>
        <param name="prefix">mf_wp</param>
        <param name="id">50</param>
        <param name="layout_include">Layout_Poster</param>
        <param name="item_w">view_poster_item_w</param>
        <param name="item_h">view_poster_item_h</param>
        <param name="selected">false</param>
        <definition>
            <include content="$PARAM[layout_include]">
                <param name="icon">$VAR[$PARAM[icon_base_var]_C$PARAM[id]_$PARAM[mod]$PARAM[pos]]</param>
                <param name="item_w">$PARAM[item_w]</param>
                <param name="item_h">$PARAM[item_h]</param>
                <param name="affix">_C$PARAM[id]_$PARAM[mod]$PARAM[pos]</param>
                <param name="listitem">Container($PARAM[id]).ListItem($PARAM[mod]$PARAM[pos])</param>
                <param name="selected">$PARAM[selected]</param>
                <param name="id">$PARAM[id]</param>

                <nested />

                <include content="Animation_ConditionalFade">
                    <param name="condition">String.IsEmpty(Container($PARAM[id]).ListItemNoWrap($PARAM[mod]$PARAM[pos]).CurrentItem)</param>
                </include>

                <left>$PARAM[mod]$PARAM[prefix]_end_x_$PARAM[col]</left>
                <top>$PARAM[prefix]_end_y_$PARAM[row]</top>
                <visible>$PARAM[visible]</visible>
                <visible>Control.IsVisible($PARAM[id])</visible>

                <include content="$PARAM[visible_animation_include]">
                    <param name="col">$PARAM[col]</param>
                    <param name="row">$PARAM[row]</param>
                    <param name="pos">$PARAM[pos]</param>
                    <param name="mod">$PARAM[mod]</param>
                    <param name="id">$PARAM[id]</param>
                    <param name="prefix">$PARAM[prefix]</param>
                </include>

                <include content="$PARAM[interchange_animation_include]">
                    <param name="col">$PARAM[col]</param>
                    <param name="row">$PARAM[row]</param>
                    <param name="pos">$PARAM[pos]</param>
                    <param name="mod">$PARAM[mod]</param>
                    <param name="id">$PARAM[id]</param>
                    <param name="interchange_condition">$PARAM[interchange_condition]</param>
                    <param name="visible">$PARAM[visible]</param>
                    <param name="prefix">$PARAM[prefix]</param>
                </include>

            </include>
        </definition>
    </include>

    <include name="MediaWall_Poster_Row">
        <param name="selected">false</param>
        <param name="enable_0">true</param>
        <param name="enable_1">true</param>
        <param name="enable_2">true</param>
        <param name="enable_3">true</param>
        <param name="enable_4">true</param>
        <param name="enable_5">true</param>
        <param name="enable_6">true</param>
        <param name="enable_7">true</param>
        <param name="enable_8">true</param>
        <param name="enable_9">true</param>
        <definition>

            <!-- Main Item -->
            <include content="MediaWall_Poster" condition="$PARAM[enable_0]">
                <param name="layout_include">$PARAM[layout_include]</param>
                <param name="item_w">$PARAM[item_w]</param>
                <param name="item_h">$PARAM[item_h]</param>
                <param name="prefix">$PARAM[prefix]</param>
                <param name="icon_base_var">$PARAM[icon_base_var]</param>
                <param name="interchange_condition">$PARAM[interchange_condition]</param>
                <param name="visible">$PARAM[visible]</param>
                <param name="visible_animation_include">$PARAM[visible_animation_include]</param>
                <param name="id">$PARAM[id]</param>
                <param name="pos">$PARAM[p_0]</param>
                <param name="row">$PARAM[row]</param>
                <param name="col">0</param>
                <animation effect="fade" start="100" end="0" condition="$PARAM[selected]">Conditional</animation>
            </include>
            <include content="MediaWall_Poster" condition="$PARAM[enable_0]">
                <param name="layout_include">$PARAM[layout_include]</param>
                <param name="item_w">$PARAM[item_w]</param>
                <param name="item_h">$PARAM[item_h]</param>
                <param name="prefix">$PARAM[prefix]</param>
                <param name="icon_base_var">$PARAM[icon_base_var]</param>
                <param name="interchange_condition">$PARAM[interchange_condition]</param>
                <param name="visible">$PARAM[visible]</param>
                <param name="visible_animation_include">$PARAM[visible_animation_include]</param>
                <param name="id">$PARAM[id]</param>
                <param name="pos">$PARAM[p_0]</param>
                <param name="row">$PARAM[row]</param>
                <param name="col">0</param>
                <param name="selected">true</param>
                <animation effect="fade" start="100" end="0" condition="![$PARAM[selected]]">Conditional</animation>
            </include>

            <!-- Positive -->
            <include content="MediaWall_Poster" condition="$PARAM[enable_1]">
                <param name="layout_include">$PARAM[layout_include]</param>
                <param name="item_w">$PARAM[item_w]</param>
                <param name="item_h">$PARAM[item_h]</param>
                <param name="prefix">$PARAM[prefix]</param>
                <param name="icon_base_var">$PARAM[icon_base_var]</param>
                <param name="interchange_condition">$PARAM[interchange_condition]</param>
                <param name="visible">$PARAM[visible]</param>
                <param name="visible_animation_include">$PARAM[visible_animation_include]</param>
                <param name="id">$PARAM[id]</param>
                <param name="pos">$PARAM[p_1]</param>
                <param name="row">$PARAM[row]</param>
                <param name="col">1</param>
                <param name="mod">$PARAM[mod]</param>
            </include>
            <include content="MediaWall_Poster" condition="$PARAM[enable_2]">
                <param name="layout_include">$PARAM[layout_include]</param>
                <param name="item_w">$PARAM[item_w]</param>
                <param name="item_h">$PARAM[item_h]</param>
                <param name="prefix">$PARAM[prefix]</param>
                <param name="icon_base_var">$PARAM[icon_base_var]</param>
                <param name="interchange_condition">$PARAM[interchange_condition]</param>
                <param name="visible">$PARAM[visible]</param>
                <param name="visible_animation_include">$PARAM[visible_animation_include]</param>
                <param name="id">$PARAM[id]</param>
                <param name="pos">$PARAM[p_2]</param>
                <param name="row">$PARAM[row]</param>
                <param name="col">2</param>
                <param name="mod">$PARAM[mod]</param>
            </include>
            <include content="MediaWall_Poster" condition="$PARAM[enable_3]">
                <param name="layout_include">$PARAM[layout_include]</param>
                <param name="item_w">$PARAM[item_w]</param>
                <param name="item_h">$PARAM[item_h]</param>
                <param name="prefix">$PARAM[prefix]</param>
                <param name="icon_base_var">$PARAM[icon_base_var]</param>
                <param name="interchange_condition">$PARAM[interchange_condition]</param>
                <param name="visible">$PARAM[visible]</param>
                <param name="visible_animation_include">$PARAM[visible_animation_include]</param>
                <param name="id">$PARAM[id]</param>
                <param name="pos">$PARAM[p_3]</param>
                <param name="row">$PARAM[row]</param>
                <param name="col">3</param>
                <param name="mod">$PARAM[mod]</param>
            </include>
            <include content="MediaWall_Poster" condition="$PARAM[enable_4]">
                <param name="layout_include">$PARAM[layout_include]</param>
                <param name="item_w">$PARAM[item_w]</param>
                <param name="item_h">$PARAM[item_h]</param>
                <param name="prefix">$PARAM[prefix]</param>
                <param name="icon_base_var">$PARAM[icon_base_var]</param>
                <param name="interchange_condition">$PARAM[interchange_condition]</param>
                <param name="visible">$PARAM[visible]</param>
                <param name="visible_animation_include">$PARAM[visible_animation_include]</param>
                <param name="id">$PARAM[id]</param>
                <param name="pos">$PARAM[p_4]</param>
                <param name="row">$PARAM[row]</param>
                <param name="col">4</param>
                <param name="mod">$PARAM[mod]</param>
            </include>
            <include content="MediaWall_Poster" condition="$PARAM[enable_5]">
                <param name="layout_include">$PARAM[layout_include]</param>
                <param name="item_w">$PARAM[item_w]</param>
                <param name="item_h">$PARAM[item_h]</param>
                <param name="prefix">$PARAM[prefix]</param>
                <param name="icon_base_var">$PARAM[icon_base_var]</param>
                <param name="interchange_condition">$PARAM[interchange_condition]</param>
                <param name="visible">$PARAM[visible]</param>
                <param name="visible_animation_include">$PARAM[visible_animation_include]</param>
                <param name="id">$PARAM[id]</param>
                <param name="pos">$PARAM[p_5]</param>
                <param name="row">$PARAM[row]</param>
                <param name="col">5</param>
                <param name="mod">$PARAM[mod]</param>
            </include>
            <include content="MediaWall_Poster" condition="$PARAM[enable_6]">
                <param name="layout_include">$PARAM[layout_include]</param>
                <param name="item_w">$PARAM[item_w]</param>
                <param name="item_h">$PARAM[item_h]</param>
                <param name="prefix">$PARAM[prefix]</param>
                <param name="icon_base_var">$PARAM[icon_base_var]</param>
                <param name="interchange_condition">$PARAM[interchange_condition]</param>
                <param name="visible">$PARAM[visible]</param>
                <param name="visible_animation_include">$PARAM[visible_animation_include]</param>
                <param name="id">$PARAM[id]</param>
                <param name="pos">$PARAM[p_6]</param>
                <param name="row">$PARAM[row]</param>
                <param name="col">6</param>
                <param name="mod">$PARAM[mod]</param>
            </include>
            <include content="MediaWall_Poster" condition="$PARAM[enable_7]">
                <param name="layout_include">$PARAM[layout_include]</param>
                <param name="item_w">$PARAM[item_w]</param>
                <param name="item_h">$PARAM[item_h]</param>
                <param name="prefix">$PARAM[prefix]</param>
                <param name="icon_base_var">$PARAM[icon_base_var]</param>
                <param name="interchange_condition">$PARAM[interchange_condition]</param>
                <param name="visible">$PARAM[visible]</param>
                <param name="visible_animation_include">$PARAM[visible_animation_include]</param>
                <param name="id">$PARAM[id]</param>
                <param name="pos">$PARAM[p_7]</param>
                <param name="row">$PARAM[row]</param>
                <param name="col">7</param>
                <param name="mod">$PARAM[mod]</param>
            </include>
            <include content="MediaWall_Poster" condition="$PARAM[enable_8]">
                <param name="layout_include">$PARAM[layout_include]</param>
                <param name="item_w">$PARAM[item_w]</param>
                <param name="item_h">$PARAM[item_h]</param>
                <param name="prefix">$PARAM[prefix]</param>
                <param name="icon_base_var">$PARAM[icon_base_var]</param>
                <param name="interchange_condition">$PARAM[interchange_condition]</param>
                <param name="visible">$PARAM[visible]</param>
                <param name="visible_animation_include">$PARAM[visible_animation_include]</param>
                <param name="id">$PARAM[id]</param>
                <param name="pos">$PARAM[p_8]</param>
                <param name="row">$PARAM[row]</param>
                <param name="col">8</param>
                <param name="mod">$PARAM[mod]</param>
            </include>
            <include content="MediaWall_Poster" condition="$PARAM[enable_9]">
                <param name="layout_include">$PARAM[layout_include]</param>
                <param name="item_w">$PARAM[item_w]</param>
                <param name="item_h">$PARAM[item_h]</param>
                <param name="prefix">$PARAM[prefix]</param>
                <param name="icon_base_var">$PARAM[icon_base_var]</param>
                <param name="interchange_condition">$PARAM[interchange_condition]</param>
                <param name="visible">$PARAM[visible]</param>
                <param name="visible_animation_include">$PARAM[visible_animation_include]</param>
                <param name="id">$PARAM[id]</param>
                <param name="pos">$PARAM[p_9]</param>
                <param name="row">$PARAM[row]</param>
                <param name="col">9</param>
                <param name="mod">$PARAM[mod]</param>
            </include>
        </definition>
    </include>

    <include name="MediaWall_All">
        <include content="MediaWall">
            <param name="id">50</param>
            <param name="icon_base_var">Image_Icon</param>
            <param name="layout_include">Layout_Square</param>
            <param name="item_w">view_poster_item_w</param>
            <param name="item_h">view_poster_item_h</param>
            <param name="prefix">mf_wp</param>
        </include>
        <include content="MediaWall">
            <param name="id">51</param>
            <param name="icon_base_var">Image_Landscape</param>
            <param name="layout_include">Layout_Landscape</param>
            <param name="item_w">view_landscape_item_w</param>
            <param name="item_h">view_landscape_item_h</param>
            <param name="prefix">mf_wl</param>
            <param name="enable_7">false</param>
            <param name="enable_8">false</param>
            <param name="enable_9">false</param>
        </include>
        <include content="MediaWall">
            <param name="id">52</param>
            <param name="icon_base_var">Image_Poster</param>
            <param name="layout_include">Layout_Poster</param>
            <param name="item_w">view_poster_item_w</param>
            <param name="item_h">view_poster_item_h</param>
            <param name="prefix">mf_wp</param>
        </include>

        <include content="MediaWall">
            <param name="id">503</param>
            <param name="icon_base_var">Image_Icon</param>
            <param name="layout_include">Layout_Square</param>
            <param name="item_w">view_poster_item_w</param>
            <param name="item_h">view_poster_item_h</param>
            <param name="prefix">mf_wp</param>
            <param name="visible">[$EXP[Exp_FilterWall_IsMedia] + Control.IsVisible(502)]</param>
        </include>
        <include content="MediaWall">
            <param name="id">513</param>
            <param name="icon_base_var">Image_Landscape</param>
            <param name="layout_include">Layout_Landscape</param>
            <param name="item_w">view_landscape_item_w</param>
            <param name="item_h">view_landscape_item_h</param>
            <param name="prefix">mf_wl</param>
            <param name="visible">[$EXP[Exp_FilterWall_IsMedia] + Control.IsVisible(512)]</param>
            <param name="enable_7">false</param>
            <param name="enable_8">false</param>
            <param name="enable_9">false</param>
        </include>
        <include content="MediaWall">
            <param name="id">523</param>
            <param name="icon_base_var">Image_Poster</param>
            <param name="layout_include">Layout_Poster</param>
            <param name="item_w">view_poster_item_w</param>
            <param name="item_h">view_poster_item_h</param>
            <param name="prefix">mf_wp</param>
            <param name="visible">[$EXP[Exp_FilterWall_IsMedia] + Control.IsVisible(522)]</param>
        </include>
    </include>

    <variable name="MediaWall_ScriptTypeDef">
        <value condition="$EXP[Exp_View_512] | $EXP[Exp_View_51]">"run_executebuiltin=special://skin/shortcuts/builtins/skinvariables-animation-wall-landscape.json"</value>
        <value>"run_executebuiltin=special://skin/shortcuts/builtins/skinvariables-animation-wall.json"</value>
    </variable>

    <include name="MediaWall_Reposition_Layout_Poster">
        <animation effect="slide" end="240" condition="String.IsEmpty(Container($PARAM[id]).listitemnowrap(12).currentitem) + !String.IsEmpty(Container($PARAM[id]).listitemnowrap(-2).currentitem)">Conditional</animation>
        <animation effect="slide" end="240" condition="String.IsEmpty(Container($PARAM[id]).listitemnowrap(10).currentitem) + !String.IsEmpty(Container($PARAM[id]).listitemnowrap(-4).currentitem)">Conditional</animation>
        <animation effect="slide" end="240" condition="String.IsEmpty(Container($PARAM[id]).listitemnowrap(8).currentitem) + !String.IsEmpty(Container($PARAM[id]).listitemnowrap(-6).currentitem)">Conditional</animation>
        <animation effect="slide" end="240" condition="String.IsEmpty(Container($PARAM[id]).listitemnowrap(6).currentitem) + !String.IsEmpty(Container($PARAM[id]).listitemnowrap(-8).currentitem)">Conditional</animation>
        <animation effect="slide" end="240" condition="String.IsEmpty(Container($PARAM[id]).listitemnowrap(4).currentitem) + !String.IsEmpty(Container($PARAM[id]).listitemnowrap(-10).currentitem)">Conditional</animation>
        <animation effect="slide" end="240" condition="String.IsEmpty(Container($PARAM[id]).listitemnowrap(2).currentitem) + !String.IsEmpty(Container($PARAM[id]).listitemnowrap(-12).currentitem)">Conditional</animation>


        <animation effect="slide" start="0" end="-view_poster_itemlayout_w" time="400" tween="quadratic" easing="out" condition="[String.IsEmpty(Container($PARAM[id]).listitemnowrap(12).currentitem) | !Container($PARAM[id]).OnNext] + !Control.HasFocus($PARAM[id]) + !Control.HasFocus(68)" reversible="false">Conditional</animation>
        <animation effect="slide" start="0" end="view_poster_itemlayout_w" time="400" tween="quadratic" easing="out" condition="[String.IsEmpty(Container($PARAM[id]).listitemnowrap(14).currentitem) | !Container($PARAM[id]).OnPrevious] + !Control.HasFocus($PARAM[id]) + !Control.HasFocus(68)" reversible="false">Conditional</animation>


        <animation effect="slide" start="0" end="-240" time="400" tween="cubic" easing="out" reversible="false" condition="!String.IsEmpty(Window.Property(WallSlideOut.$PARAM[id].-240))">Conditional</animation>
        <animation effect="slide" start="0" end="-480" time="400" tween="cubic" easing="out" reversible="false" condition="!String.IsEmpty(Window.Property(WallSlideOut.$PARAM[id].-480))">Conditional</animation>
        <animation effect="slide" start="0" end="-720" time="400" tween="cubic" easing="out" reversible="false" condition="!String.IsEmpty(Window.Property(WallSlideOut.$PARAM[id].-720))">Conditional</animation>
        <animation effect="slide" start="0" end="-960" time="400" tween="cubic" easing="out" reversible="false" condition="!String.IsEmpty(Window.Property(WallSlideOut.$PARAM[id].-960))">Conditional</animation>

        <animation effect="slide" end="0" start="-240" time="400" tween="cubic" easing="out" reversible="false" condition="!String.IsEmpty(Window.Property(WallSlideIn.$PARAM[id].-240))">Conditional</animation>
        <animation effect="slide" end="0" start="-480" time="400" tween="cubic" easing="out" reversible="false" condition="!String.IsEmpty(Window.Property(WallSlideIn.$PARAM[id].-480))">Conditional</animation>
        <animation effect="slide" end="0" start="-720" time="400" tween="cubic" easing="out" reversible="false" condition="!String.IsEmpty(Window.Property(WallSlideIn.$PARAM[id].-720))">Conditional</animation>
        <animation effect="slide" end="0" start="-960" time="400" tween="cubic" easing="out" reversible="false" condition="!String.IsEmpty(Window.Property(WallSlideIn.$PARAM[id].-960))">Conditional</animation>


        <animation effect="slide" start="0" end="240" time="400" tween="cubic" easing="out" reversible="false" condition="!String.IsEmpty(Window.Property(WallSlideOut.$PARAM[id].240))">Conditional</animation>
        <animation effect="slide" start="0" end="480" time="400" tween="cubic" easing="out" reversible="false" condition="!String.IsEmpty(Window.Property(WallSlideOut.$PARAM[id].480))">Conditional</animation>
        <animation effect="slide" start="0" end="720" time="400" tween="cubic" easing="out" reversible="false" condition="!String.IsEmpty(Window.Property(WallSlideOut.$PARAM[id].720))">Conditional</animation>
        <animation effect="slide" start="0" end="960" time="400" tween="cubic" easing="out" reversible="false" condition="!String.IsEmpty(Window.Property(WallSlideOut.$PARAM[id].960))">Conditional</animation>

        <animation effect="slide" end="0" start="240" time="400" tween="cubic" easing="out" reversible="false" condition="!String.IsEmpty(Window.Property(WallSlideIn.$PARAM[id].240))">Conditional</animation>
        <animation effect="slide" end="0" start="480" time="400" tween="cubic" easing="out" reversible="false" condition="!String.IsEmpty(Window.Property(WallSlideIn.$PARAM[id].480))">Conditional</animation>
        <animation effect="slide" end="0" start="720" time="400" tween="cubic" easing="out" reversible="false" condition="!String.IsEmpty(Window.Property(WallSlideIn.$PARAM[id].720))">Conditional</animation>
        <animation effect="slide" end="0" start="960" time="400" tween="cubic" easing="out" reversible="false" condition="!String.IsEmpty(Window.Property(WallSlideIn.$PARAM[id].960))">Conditional</animation>

    </include>

    <include name="MediaWall_Reposition_Layout_Square">
        <include content="MediaWall_Reposition_Layout_Poster">
            <param name="id">$PARAM[id]</param>
        </include>
    </include>

    <include name="MediaWall_Reposition_Layout_Landscape">
        <animation effect="slide" end="420" condition="String.IsEmpty(Container($PARAM[id]).listitemnowrap(6).currentitem) + !String.IsEmpty(Container($PARAM[id]).listitemnowrap(-2).currentitem)">Conditional</animation>
        <animation effect="slide" end="420" condition="String.IsEmpty(Container($PARAM[id]).listitemnowrap(4).currentitem) + !String.IsEmpty(Container($PARAM[id]).listitemnowrap(-4).currentitem)">Conditional</animation>
        <animation effect="slide" end="420" condition="String.IsEmpty(Container($PARAM[id]).listitemnowrap(2).currentitem) + !String.IsEmpty(Container($PARAM[id]).listitemnowrap(-6).currentitem)">Conditional</animation>
        <animation effect="slide" start="0" end="-view_landscape_itemlayout_w" time="400" tween="quadratic" easing="out" condition="[String.IsEmpty(Container($PARAM[id]).listitemnowrap(6).currentitem) | !Container($PARAM[id]).OnNext] + !Control.HasFocus($PARAM[id]) + !Control.HasFocus(68)" reversible="false">Conditional</animation>
        <animation effect="slide" start="0" end="view_landscape_itemlayout_w" time="400" tween="quadratic" easing="out" condition="[String.IsEmpty(Container($PARAM[id]).listitemnowrap(8).currentitem) | !Container($PARAM[id]).OnPrevious] + !Control.HasFocus($PARAM[id]) + !Control.HasFocus(68)" reversible="false">Conditional</animation>

        <animation effect="slide" start="0" end="-420" time="400" tween="cubic" easing="out" reversible="false" condition="!String.IsEmpty(Window.Property(WallSlideOut.$PARAM[id].-240))">Conditional</animation>
        <animation effect="slide" start="0" end="-840" time="400" tween="cubic" easing="out" reversible="false" condition="!String.IsEmpty(Window.Property(WallSlideOut.$PARAM[id].-480))">Conditional</animation>
        <animation effect="slide" start="0" end="-1260" time="400" tween="cubic" easing="out" reversible="false" condition="!String.IsEmpty(Window.Property(WallSlideOut.$PARAM[id].-720))">Conditional</animation>
        <animation effect="slide" start="0" end="-1680" time="400" tween="cubic" easing="out" reversible="false" condition="!String.IsEmpty(Window.Property(WallSlideOut.$PARAM[id].-960))">Conditional</animation>

        <animation effect="slide" end="0" start="-420" time="400" tween="cubic" easing="out" reversible="false" condition="!String.IsEmpty(Window.Property(WallSlideIn.$PARAM[id].-240))">Conditional</animation>
        <animation effect="slide" end="0" start="-840" time="400" tween="cubic" easing="out" reversible="false" condition="!String.IsEmpty(Window.Property(WallSlideIn.$PARAM[id].-480))">Conditional</animation>
        <animation effect="slide" end="0" start="-1260" time="400" tween="cubic" easing="out" reversible="false" condition="!String.IsEmpty(Window.Property(WallSlideIn.$PARAM[id].-720))">Conditional</animation>
        <animation effect="slide" end="0" start="-1680" time="400" tween="cubic" easing="out" reversible="false" condition="!String.IsEmpty(Window.Property(WallSlideIn.$PARAM[id].-960))">Conditional</animation>


        <animation effect="slide" start="0" end="420" time="400" tween="cubic" easing="out" reversible="false" condition="!String.IsEmpty(Window.Property(WallSlideOut.$PARAM[id].240))">Conditional</animation>
        <animation effect="slide" start="0" end="840" time="400" tween="cubic" easing="out" reversible="false" condition="!String.IsEmpty(Window.Property(WallSlideOut.$PARAM[id].480))">Conditional</animation>
        <animation effect="slide" start="0" end="1260" time="400" tween="cubic" easing="out" reversible="false" condition="!String.IsEmpty(Window.Property(WallSlideOut.$PARAM[id].720))">Conditional</animation>
        <animation effect="slide" start="0" end="1680" time="400" tween="cubic" easing="out" reversible="false" condition="!String.IsEmpty(Window.Property(WallSlideOut.$PARAM[id].960))">Conditional</animation>

        <animation effect="slide" end="0" start="420" time="400" tween="cubic" easing="out" reversible="false" condition="!String.IsEmpty(Window.Property(WallSlideIn.$PARAM[id].240))">Conditional</animation>
        <animation effect="slide" end="0" start="840" time="400" tween="cubic" easing="out" reversible="false" condition="!String.IsEmpty(Window.Property(WallSlideIn.$PARAM[id].480))">Conditional</animation>
        <animation effect="slide" end="0" start="1260" time="400" tween="cubic" easing="out" reversible="false" condition="!String.IsEmpty(Window.Property(WallSlideIn.$PARAM[id].720))">Conditional</animation>
        <animation effect="slide" end="0" start="1680" time="400" tween="cubic" easing="out" reversible="false" condition="!String.IsEmpty(Window.Property(WallSlideIn.$PARAM[id].960))">Conditional</animation>
    </include>

    <include name="MediaWall">
        <param name="id">52</param>
        <param name="icon_base_var">Image_Poster</param>
        <param name="layout_include">Layout_Poster</param>
        <param name="item_w">view_poster_item_w</param>
        <param name="item_h">view_poster_item_h</param>
        <param name="prefix">mf_wp</param>
        <definition>

            <control type="group" id="$PARAM[id]001">

                <include content="MediaWall_Reposition_$PARAM[layout_include]">
                    <param name="id">$PARAM[id]</param>
                </include>

                <!-- Positive -->
                <include content="MediaWall_Poster_Row">
                    <param name="layout_include">$PARAM[layout_include]</param>
                    <param name="item_w">$PARAM[item_w]</param>
                    <param name="item_h">$PARAM[item_h]</param>
                    <param name="prefix">$PARAM[prefix]</param>
                    <param name="icon_base_var">$PARAM[icon_base_var]</param>
                    <param name="interchange_condition">$PARAM[interchange_condition]</param>
                    <param name="visible">$PARAM[visible]</param>
                    <param name="visible_animation_include">$PARAM[visible_animation_include]</param>
                    <param name="selected">[Control.HasFocus(67) | Control.HasFocus($PARAM[id])] + String.IsEmpty(Window.Property(View.WallSwitchRow))</param>
                    <param name="id">$PARAM[id]</param>
                    <param name="row">1</param>
                    <param name="p_0">0</param>
                    <param name="p_1">2</param>
                    <param name="p_2">4</param>
                    <param name="p_3">6</param>
                    <param name="p_4">8</param>
                    <param name="p_5">10</param>
                    <param name="p_6">12</param>
                    <param name="p_7">14</param>
                    <param name="p_8">16</param>
                    <param name="p_9">18</param>
                    <param name="p_10">20</param>
                    <param name="enable_0">$PARAM[enable_0]</param>
                    <param name="enable_1">$PARAM[enable_1]</param>
                    <param name="enable_2">$PARAM[enable_2]</param>
                    <param name="enable_3">$PARAM[enable_3]</param>
                    <param name="enable_4">$PARAM[enable_4]</param>
                    <param name="enable_5">$PARAM[enable_5]</param>
                    <param name="enable_6">$PARAM[enable_6]</param>
                    <param name="enable_7">$PARAM[enable_7]</param>
                    <param name="enable_8">$PARAM[enable_8]</param>
                    <param name="enable_9">$PARAM[enable_9]</param>
                </include>

                <include content="MediaWall_Poster_Row">
                    <param name="layout_include">$PARAM[layout_include]</param>
                    <param name="item_w">$PARAM[item_w]</param>
                    <param name="item_h">$PARAM[item_h]</param>
                    <param name="prefix">$PARAM[prefix]</param>
                    <param name="icon_base_var">$PARAM[icon_base_var]</param>
                    <param name="interchange_condition">$PARAM[interchange_condition]</param>
                    <param name="visible">$PARAM[visible]</param>
                    <param name="visible_animation_include">$PARAM[visible_animation_include]</param>
                    <param name="selected">[Control.HasFocus(67) | Control.HasFocus($PARAM[id])] + !String.IsEmpty(Window.Property(View.WallSwitchRow))</param>
                    <param name="id">$PARAM[id]</param>
                    <param name="row">2</param>
                    <param name="p_0">1</param>
                    <param name="p_1">3</param>
                    <param name="p_2">5</param>
                    <param name="p_3">7</param>
                    <param name="p_4">9</param>
                    <param name="p_5">11</param>
                    <param name="p_6">13</param>
                    <param name="p_7">15</param>
                    <param name="p_8">17</param>
                    <param name="p_9">19</param>
                    <param name="p_10">21</param>
                    <param name="enable_0">$PARAM[enable_0]</param>
                    <param name="enable_1">$PARAM[enable_1]</param>
                    <param name="enable_2">$PARAM[enable_2]</param>
                    <param name="enable_3">$PARAM[enable_3]</param>
                    <param name="enable_4">$PARAM[enable_4]</param>
                    <param name="enable_5">$PARAM[enable_5]</param>
                    <param name="enable_6">$PARAM[enable_6]</param>
                    <param name="enable_7">$PARAM[enable_7]</param>
                    <param name="enable_8">$PARAM[enable_8]</param>
                    <param name="enable_9">$PARAM[enable_9]</param>
                </include>


                <!-- Negative -->
                <include content="MediaWall_Poster_Row">
                    <param name="layout_include">$PARAM[layout_include]</param>
                    <param name="item_w">$PARAM[item_w]</param>
                    <param name="item_h">$PARAM[item_h]</param>
                    <param name="prefix">$PARAM[prefix]</param>
                    <param name="icon_base_var">$PARAM[icon_base_var]</param>
                    <param name="interchange_condition">$PARAM[interchange_condition]</param>
                    <param name="visible">$PARAM[visible]</param>
                    <param name="visible_animation_include">$PARAM[visible_animation_include]</param>
                    <param name="selected">[Control.HasFocus(67) | Control.HasFocus($PARAM[id])] + String.IsEmpty(Window.Property(View.WallSwitchRow))</param>
                    <param name="id">$PARAM[id]</param>
                    <param name="mod">-</param>
                    <param name="row">1</param>
                    <param name="p_1">2</param>
                    <param name="p_2">4</param>
                    <param name="p_3">6</param>
                    <param name="p_4">8</param>
                    <param name="p_5">10</param>
                    <param name="p_6">12</param>
                    <param name="p_7">14</param>
                    <param name="p_8">16</param>
                    <param name="p_9">18</param>
                    <param name="p_10">20</param>
                    <param name="enable_0">false</param>
                    <param name="enable_1">$PARAM[enable_1]</param>
                    <param name="enable_2">$PARAM[enable_2]</param>
                    <param name="enable_3">$PARAM[enable_3]</param>
                    <param name="enable_4">$PARAM[enable_4]</param>
                    <param name="enable_5">$PARAM[enable_5]</param>
                    <param name="enable_6">$PARAM[enable_6]</param>
                    <param name="enable_7">$PARAM[enable_7]</param>
                    <param name="enable_8">$PARAM[enable_8]</param>
                    <param name="enable_9">$PARAM[enable_9]</param>
                </include>

                <include content="MediaWall_Poster_Row">
                    <param name="layout_include">$PARAM[layout_include]</param>
                    <param name="item_w">$PARAM[item_w]</param>
                    <param name="item_h">$PARAM[item_h]</param>
                    <param name="prefix">$PARAM[prefix]</param>
                    <param name="icon_base_var">$PARAM[icon_base_var]</param>
                    <param name="interchange_condition">$PARAM[interchange_condition]</param>
                    <param name="visible">$PARAM[visible]</param>
                    <param name="visible_animation_include">$PARAM[visible_animation_include]</param>
                    <param name="selected">[Control.HasFocus(67) | Control.HasFocus($PARAM[id])] + !String.IsEmpty(Window.Property(View.WallSwitchRow))</param>
                    <param name="id">$PARAM[id]</param>
                    <param name="mod">-</param>
                    <param name="row">2</param>
                    <param name="p_1">1</param>
                    <param name="p_2">3</param>
                    <param name="p_3">5</param>
                    <param name="p_4">7</param>
                    <param name="p_5">9</param>
                    <param name="p_6">11</param>
                    <param name="p_7">13</param>
                    <param name="p_8">15</param>
                    <param name="p_9">17</param>
                    <param name="p_10">19</param>
                    <param name="enable_0">false</param>
                    <param name="enable_1">$PARAM[enable_1]</param>
                    <param name="enable_2">$PARAM[enable_2]</param>
                    <param name="enable_3">$PARAM[enable_3]</param>
                    <param name="enable_4">$PARAM[enable_4]</param>
                    <param name="enable_5">$PARAM[enable_5]</param>
                    <param name="enable_6">$PARAM[enable_6]</param>
                    <param name="enable_7">$PARAM[enable_7]</param>
                    <param name="enable_8">$PARAM[enable_8]</param>
                    <param name="enable_9">$PARAM[enable_9]</param>
                </include>

            </control>
        </definition>
    </include>

    <include name="MediaWall_Discover">
        <include content="MediaWall" condition="Skin.HasSetting(Navigation.MediaFilterWall)">
            <param name="id">553</param>
            <param name="visible">$EXP[Exp_FilterWall_IsDiscover]</param>
            <param name="interchange_condition">[!Container(553).IsUpdating]</param>
        </include>
        <include content="List_Poster_Row">
            <param name="id">553</param>
            <onup>55</onup>
            <ondown>55</ondown>
            <onback>55</onback>
            <content>$VAR[Path_Discover_Content]</content>
            <height>divider_bottom</height>
            <bottom>40</bottom>
            <visible>Control.IsVisible(55)</visible>
            <include>MediaWall_View_Transition</include>
        </include>
    </include>

    <include name="MediaWall_Visible">
        <animation type="Visible" reversible="false">
            <effect type="fade" start="0" end="100" delay="0" time="0" />
            <effect type="slide" start="$PARAM[mod]$PARAM[prefix]_start_x_$PARAM[row]_$PARAM[col],$PARAM[prefix]_start_y_$PARAM[row]" end="0" time="400" tween="cubic" easing="out" />
            <!-- <effect type="slide" start="$PARAM[mod]$PARAM[prefix]_start_x_$PARAM[row]_$PARAM[col],$PARAM[prefix]_start_y_$PARAM[row]" end="0" time="400" delay="mf_delay_v_$PARAM[col]" tween="cubic" easing="out" /> -->
        </animation>

        <animation type="Hidden" reversible="false">
            <effect type="slide" end="$PARAM[mod]$PARAM[prefix]_start_x_$PARAM[row]_$PARAM[col],$PARAM[prefix]_start_y_$PARAM[row]" start="0" time="400" tween="cubic" easing="out" />
            <!-- <effect type="slide" end="$PARAM[mod]$PARAM[prefix]_start_x_$PARAM[row]_$PARAM[col],$PARAM[prefix]_start_y_$PARAM[row]" start="0" time="400" delay="mf_delay_h_$PARAM[col]" tween="cubic" easing="out" /> -->
            <effect type="fade" start="100" end="0" delay="mf_faded_h_$PARAM[col]" time="0" />
        </animation>
    </include>

    <include name="MediaWall_Interchange">
        <animation type="Conditional" reversible="false" condition="![$PARAM[interchange_condition]] ">
            <effect type="zoom" end="75" start="100" time="200" delay="mf_delay_h_$PARAM[col]" tween="quadratic" easing="out" center="auto" />
            <effect type="fade" end="0" start="100" time="200" delay="mf_delay_h_$PARAM[col]" tween="quadratic" easing="out" />
        </animation>

        <animation type="Conditional" reversible="false" condition="$PARAM[interchange_condition]">
            <effect type="zoom" start="75" end="100" time="200" delay="mf_delay_h_$PARAM[col]" tween="quadratic" easing="out" center="auto" />
            <effect type="fade" start="0" end="100" time="200" delay="mf_delay_h_$PARAM[col]" tween="quadratic" easing="out" />
        </animation>
    </include>

    <include name="MediaWall_View_Transition">
        <param name="condition">[$EXP[Exp_FilterWall_IsMedia] | $EXP[Exp_FilterWall_IsDiscover]]</param>
        <param name="delay">mf_faded_h_r</param>
        <definition>
            <animation effect="fade" start="0" end="100" delay="$PARAM[delay]" time="1" reversible="false" condition="!$PARAM[condition]">Conditional</animation>
            <animation effect="fade" start="100" end="0" time="0" delay="0" reversible="false" condition="$PARAM[condition]">Conditional</animation>
        </definition>
    </include>

    <include name="MediaWall_Info_Transition">
        <animation effect="fade" start="0" end="100" delay="200" time="400" reversible="false" condition="![$EXP[Exp_FilterWall_IsMedia] | $EXP[Exp_FilterWall_IsDiscover]]">Conditional</animation>
        <animation effect="fade" start="100" end="0" delay="0" time="200" reversible="false" condition="[$EXP[Exp_FilterWall_IsMedia] | $EXP[Exp_FilterWall_IsDiscover]]">Conditional</animation>
    </include>

</includes>