{
    "infolabels": {
        "path": "Container(211).ListItem.Property(path)"
    },
    "operations":[
        {
            "regex": {
                "path": {
                    "regex": "^ActivateWindow\\(.*?,",
                    "value": "",
                    "input": "{path}"
                }
            }
        },
        {
            "regex": {
                "path": {
                    "regex": ",return\\)$",
                    "value": "",
                    "input": "{path}"
                }
            }
        },
        {
            "regex": {
                "path": {
                    "regex": "\\)$",
                    "value": "",
                    "input": "{path}"
                }
            }
        },
        {
            "values": {
                "path": [
                    {
                        "rules": ["String.Contains(Container(211).ListItem.Property(path),videodb://)"],
                        "value": "{path}"
                    },
                    {
                        "rules": ["String.Contains(Container(211).ListItem.Property(path),musicdb://)"],
                        "value": "{path}"
                    },
                    {
                        "rules": ["String.Contains(Container(211).ListItem.Property(path),library://)"],
                        "value": "{path}"
                    },
                    {
                        "rules": ["String.Contains(Container(211).ListItem.Property(path),plugin://)"],
                        "value": "{path}"
                    },
                    {
                        "rules": ["String.Contains(Container(211).ListItem.Property(path),pvr://)"],
                        "value": "{path}"
                    },
                    {
                        "rules": ["String.Contains(Container(211).ListItem.Property(path),special://)"],
                        "value": "{path}"
                    },
                    {
                        "rules": ["String.Contains(Container(211).ListItem.Property(path),sources://)"],
                        "value": "{path}"
                    },
                    {
                        "rules": ["String.Contains(Container(211).ListItem.Property(path),addons://)"],
                        "value": "{path}"
                    },
                    ""
                ]
            }
        }
    ],
    "actions": [
        "SetProperty(SkinShortcuts.CustomShortcutPath,{path},Home)",
        "SendClick(312)"
    ]
}