<?xml version="1.0" encoding="UTF-8"?>
<includes>

    <!-- Menus -->
    <include name="SkinSettings_Items_Menus">
        <include content="Settings_Label" description="Configure">
            <param name="window">skinsettings</param>
            <param name="baseid">$PARAM[baseid]</param>
            <param name="id">001</param>
            <label>$LOCALIZE[24020]</label>
        </include>

        <include content="Settings_Button" description="Setup Wizard">
            <param name="dialog">false</param>
            <param name="window">skinsettings</param>
            <param name="baseid">$PARAM[baseid]</param>
            <param name="id">002</param>
            <param name="dialog">false</param>
            <param name="control">button</param>
            <label>$LOCALIZE[31449]</label>
            <onclick>ActivateWindow(1180)</onclick>
        </include>

        <include content="Settings_Button" description="Customise Widgets">
            <param name="dialog">false</param>
            <param name="window">skinsettings</param>
            <param name="baseid">$PARAM[baseid]</param>
            <param name="id">003</param>
            <param name="dialog">false</param>
            <label>$LOCALIZE[31496]</label>
            <onclick>ActivateWindow(1115)</onclick>
        </include>

        <include content="Settings_Button" description="Customise Search">
            <param name="dialog">false</param>
            <param name="window">skinsettings</param>
            <param name="baseid">$PARAM[baseid]</param>
            <param name="id">004</param>
            <param name="dialog">false</param>
            <label>$LOCALIZE[31275]</label>
            <onclick>SetProperty(Shortcuts.EditMenu,menu=searchmenu,Home)</onclick>
            <onclick>ClearProperty(Shortcuts.EditMode,Home)</onclick>
            <onclick>ClearProperty(Shortcuts.EditGUID,Home)</onclick>
            <onclick>ActivateWindow(1116)</onclick>
        </include>

        <include content="Settings_Button" description="Customise Options">
            <param name="dialog">false</param>
            <param name="window">skinsettings</param>
            <param name="baseid">$PARAM[baseid]</param>
            <param name="id">005</param>
            <param name="dialog">false</param>
            <label>$LOCALIZE[31086]</label>
            <onclick>SetProperty(CustomDialogSettingsTitle,[CAPITALIZE]$LOCALIZE[31086][/CAPITALIZE],Home)</onclick>
            <onclick>SetProperty(CustomDialogSettingsItems,Items_Settings_PowerMenuConfigure,Home)</onclick>
            <onclick>ActivateWindow(1118)</onclick>
        </include>

        <include content="Settings_Label" description="Label: Side Menu">
            <param name="window">skinsettings</param>
            <param name="baseid">$PARAM[baseid]</param>
            <param name="id">006</param>
            <param name="dialog">false</param>
            <label>$LOCALIZE[10000]</label>
        </include>

        <include content="Settings_Button" description="Expanded">
            <param name="dialog">false</param>
            <param name="window">skinsettings</param>
            <param name="baseid">$PARAM[baseid]</param>
            <param name="id">007</param>
            <param name="control">button</param>
            <label>$LOCALIZE[10000] > $LOCALIZE[736]</label>
            <label2>$VAR[Label_Setting_SideMenuStyle]</label2>
            <onclick>Skin.ToggleSetting(Home.ExpandedMenu)</onclick>
            <visible>String.IsEmpty(Skin.String(Hub.Home.ReplaceWindow))</visible>
            <visible>Skin.HasSetting(Hub.Home.DisableSubmenu)</visible>
        </include>

        <include content="Settings_Button" description="Left menu">
            <param name="dialog">false</param>
            <param name="window">skinsettings</param>
            <param name="baseid">$PARAM[baseid]</param>
            <param name="id">008</param>
            <param name="control">button</param>
            <label>$LOCALIZE[10000] > $LOCALIZE[15217] ($LOCALIZE[39162] / $LOCALIZE[31349])</label>
            <label2>$VAR[Label_Setting_LeftMenuStyle]</label2>
            <onclick>RunScript(script.skinvariables,run_dialog=select,preselect=$VAR[Label_Setting_LeftMenuStyle],heading=$LOCALIZE[10000] > $LOCALIZE[39162],separator=||,list=$LOCALIZE[31446]||$LOCALIZE[33061]||$LOCALIZE[1036]||$LOCALIZE[33063],"executebuiltin_0=Skin.SetString(Home.LeftMenu.Action,Bump)","executebuiltin_1=Skin.Reset(Home.LeftMenu.Action)","executebuiltin_2=Skin.SetString(Home.LeftMenu.Action,Favourites)","executebuiltin_3=Skin.SetString(Home.LeftMenu.Action,Options)")</onclick>
        </include>

        <include content="Settings_Button" description="Back menu">
            <param name="dialog">false</param>
            <param name="window">skinsettings</param>
            <param name="baseid">$PARAM[baseid]</param>
            <param name="id">009</param>
            <param name="dialog">false</param>
            <param name="control">button</param>
            <label>$LOCALIZE[10000] > $LOCALIZE[15217] ($LOCALIZE[31166])</label>
            <label2>$VAR[Label_Setting_Home_OnBack]</label2>
            <onclick condition="Skin.HasSetting(Home.DisableMenuOnBack)">Skin.Reset(Home.DisableMenuOnBack)</onclick>
            <onclick condition="!Skin.HasSetting(Home.DisableMenuOnBack)">RunScript(script.skinvariables,run_dialog=yesno,heading=$LOCALIZE[10000] > $LOCALIZE[31166],message=[B][COLOR=red][UPPERCASE]$LOCALIZE[14117][/UPPERCASE][/B][/COLOR][CR]$LOCALIZE[31277],yeslabel=$LOCALIZE[24021],nolabel=$LOCALIZE[222],"executebuiltin=Skin.SetBool(Home.DisableMenuOnBack)")</onclick>
        </include>

        <include content="Settings_Button" description="Sidemenu default focus">
            <param name="dialog">false</param>
            <param name="window">skinsettings</param>
            <param name="baseid">$PARAM[baseid]</param>
            <param name="id">010</param>
            <param name="dialog">false</param>
            <param name="control">button</param>
            <label>$LOCALIZE[10000] > $LOCALIZE[31144]</label>
            <label2>$VAR[Label_Setting_Home_FirstFocus]</label2>
            <onclick condition="Skin.HasSetting(SideMenu.FocusWidgetsFirst)">Skin.Reset(SideMenu.FocusWidgetsFirst)</onclick>
            <onclick condition="!Skin.HasSetting(SideMenu.FocusWidgetsFirst)">RunScript(script.skinvariables,run_dialog=yesno,heading=$LOCALIZE[31176],message=[B][COLOR=red][UPPERCASE]$LOCALIZE[14117][/UPPERCASE][/B][/COLOR][CR]$LOCALIZE[31276] $LOCALIZE[31277],yeslabel=$LOCALIZE[31103],nolabel=$LOCALIZE[31150],"executebuiltin=Skin.SetBool(SideMenu.FocusWidgetsFirst)")</onclick>
            <visible>String.IsEmpty(Skin.String(Hub.Home.ReplaceWindow))</visible>
            <visible>Skin.HasSetting(Hub.Home.DisableSubmenu)</visible>
        </include>

        <include content="Settings_Button" description="Search And Options">
            <param name="dialog">false</param>
            <param name="window">skinsettings</param>
            <param name="baseid">$PARAM[baseid]</param>
            <param name="id">011</param>
            <param name="dialog">false</param>
            <param name="control">button</param>
            <label>$LOCALIZE[10000] > $LOCALIZE[31151]</label>
            <label2>$VAR[Label_Setting_SearchStyle]</label2>

            <!-- Disabled (switch to Home) -->
            <onclick condition="Skin.HasSetting(SideMenu.DisableSearchAndOptions)">Skin.Reset(SideMenu.DisableSearchAndOptions)</onclick>
            <onclick condition="Skin.HasSetting(SideMenu.DisableSearchAndOptions)">Skin.Reset(HubsMenu.EnableSearchAndOptions)</onclick>

            <!-- Home (switch to Hubs+Home) -->
            <onclick condition="!Skin.HasSetting(SideMenu.DisableSearchAndOptions) + !Skin.HasSetting(HubsMenu.EnableSearchAndOptions)">Skin.Reset(SideMenu.DisableSearchAndOptions)</onclick>
            <onclick condition="!Skin.HasSetting(SideMenu.DisableSearchAndOptions) + !Skin.HasSetting(HubsMenu.EnableSearchAndOptions)">Skin.SetBool(HubsMenu.EnableSearchAndOptions)</onclick>

            <!-- Hubs+Home (switch to Disabled on warning otherwise switch back to Home only) -->
            <onclick condition="Skin.HasSetting(HubsMenu.EnableSearchAndOptions)">Skin.Reset(SideMenu.DisableSearchAndOptions)</onclick>
            <onclick condition="Skin.HasSetting(HubsMenu.EnableSearchAndOptions)">Skin.Reset(HubsMenu.EnableSearchAndOptions)</onclick>
            <onclick condition="Skin.HasSetting(HubsMenu.EnableSearchAndOptions)">RunScript(script.skinvariables,run_dialog=yesno,heading=$LOCALIZE[31151],message=[B][COLOR=red][UPPERCASE]$LOCALIZE[14117][/UPPERCASE][/B][/COLOR][CR]$LOCALIZE[31277],yeslabel=$LOCALIZE[24021],nolabel=$LOCALIZE[222],"executebuiltin=Skin.SetBool(SideMenu.DisableSearchAndOptions)||Skin.Reset(HubsMenu.EnableSearchAndOptions)")</onclick>

            <selected>!Skin.HasSetting(SideMenu.DisableSearchAndOptions)</selected>
        </include>
        <include content="Settings_Button" description="Replace search with discover">
            <param name="dialog">false</param>
            <param name="window">skinsettings</param>
            <param name="baseid">$PARAM[baseid]</param>
            <param name="id">012</param>
            <param name="dialog">false</param>
            <param name="control">radiobutton</param>
            <label>$LOCALIZE[10000] > $LOCALIZE[31445]</label>
            <onclick>Skin.ToggleSetting(SideMenu.SwapSearchForDiscover)</onclick>
            <selected>Skin.HasSetting(SideMenu.SwapSearchForDiscover)</selected>
            <visible>!Skin.HasSetting(SideMenu.DisableSearchAndOptions)</visible>
        </include>
        <include content="Settings_Button" description="Profile">
            <param name="dialog">false</param>
            <param name="window">skinsettings</param>
            <param name="baseid">$PARAM[baseid]</param>
            <param name="id">013</param>
            <param name="dialog">false</param>
            <param name="control">radiobutton</param>
            <label>$LOCALIZE[10000] > $LOCALIZE[31146]</label>
            <onclick>Skin.ToggleSetting(SideMenu.DisableProfileLogo)</onclick>
            <selected>!Skin.HasSetting(SideMenu.DisableProfileLogo)</selected>
            <visible>![Skin.HasSetting(SideMenu.DisableSearchAndOptions) + $EXP[Exp_HomeMenu_IsExpanded]]</visible>
            <visible>String.IsEmpty(Skin.String(Hub.Home.ReplaceWindow))</visible>
            <visible>Skin.HasSetting(Hub.Home.DisableSubmenu)</visible>
        </include>

        <include content="Settings_Button" description="Home Scroll Between">
            <param name="dialog">false</param>
            <param name="window">skinsettings</param>
            <param name="baseid">$PARAM[baseid]</param>
            <param name="id">014</param>
            <param name="control">radiobutton</param>
            <label>$LOCALIZE[10000] > $LOCALIZE[31253]</label>
            <onclick>Skin.ToggleSetting(Hub.Home.DisableMoveBetweenGroups)</onclick>
            <selected>!Skin.HasSetting(Hub.Home.DisableMoveBetweenGroups)</selected>
            <visible>String.IsEmpty(Skin.String(Hub.Home.ReplaceWindow))</visible>
            <visible>Skin.HasSetting(Hub.Home.DisableSubmenu)</visible>
        </include>

        <include content="Settings_Label" description="Label: Categories">
            <param name="window">skinsettings</param>
            <param name="baseid">$PARAM[baseid]</param>
            <param name="id">015</param>
            <param name="dialog">false</param>
            <label>$LOCALIZE[31150]</label>
        </include>

        <include content="Settings_Button" description="Categories Icon">
            <param name="dialog">false</param>
            <param name="window">skinsettings</param>
            <param name="baseid">$PARAM[baseid]</param>
            <param name="id">016</param>
            <param name="control">button</param>
            <label>$LOCALIZE[31150] > $LOCALIZE[736]</label>
            <label2>$VAR[Label_Setting_HubsMenuStyle]</label2>
            <onclick>Skin.ToggleSetting(Hubs.DisableTextCategories)</onclick>
        </include>

        <include content="Settings_Label" description="Label: Spotlight">
            <param name="window">skinsettings</param>
            <param name="baseid">$PARAM[baseid]</param>
            <param name="id">017</param>
            <param name="dialog">false</param>
            <label>$LOCALIZE[31105]</label>
        </include>

        <include content="Settings_Button" description="Spotlight button">
            <param name="dialog">false</param>
            <param name="window">skinsettings</param>
            <param name="baseid">$PARAM[baseid]</param>
            <param name="id">018</param>
            <param name="control">button</param>
            <label>$LOCALIZE[31105] > $LOCALIZE[31416]</label>
            <label2>$VAR[Label_Setting_Spotlight_UseMenuButton]</label2>
            <onclick>Skin.ToggleSetting(Spotlight.UseMenuButton)</onclick>
        </include>
    </include>

    <!-- Appearance -->
    <include name="SkinSettings_Items_Appearance">
        <include content="Settings_Label" description="LooknFeel Label">
            <param name="window">skinsettings</param>
            <param name="baseid">$PARAM[baseid]</param>
            <param name="id">001</param>
            <label>$LOCALIZE[24997]</label>
        </include>
        <include content="Settings_Button" description="Presets">
            <param name="dialog">false</param>
            <param name="window">skinsettings</param>
            <param name="baseid">$PARAM[baseid]</param>
            <param name="id">002</param>
            <label>$LOCALIZE[31241]</label>
            <label2>$VAR[Label_Setting_ColourPreset]</label2>
            <onclick>SetProperty(CustomDialogSettingsTitle,[CAPITALIZE]$LOCALIZE[31241][/CAPITALIZE],Home)</onclick>
            <onclick>SetProperty(CustomDialogSettingsItems,Items_Settings_ColourPresets,Home)</onclick>
            <onclick>ActivateWindow(1118)</onclick>
        </include>
        <include content="Settings_Button" description="Color Selector">
            <param name="dialog">false</param>
            <param name="window">skinsettings</param>
            <param name="baseid">$PARAM[baseid]</param>
            <param name="id">003</param>
            <label> - $LOCALIZE[31231]</label>
            <label2>$VAR[Label_Setting_ColourScheme]</label2>
            <onclick>SetProperty(CustomDialogSettingsTitle,[CAPITALIZE]$LOCALIZE[14078][/CAPITALIZE],Home)</onclick>
            <onclick>SetProperty(CustomDialogSettingsItems,Items_Settings_ColourHighlights,Home)</onclick>
            <onclick>ActivateWindow(1118)</onclick>
        </include>
        <include content="Settings_Button" description="Customise Window Background">
            <param name="dialog">false</param>
            <param name="window">skinsettings</param>
            <param name="baseid">$PARAM[baseid]</param>
            <param name="id">004</param>
            <label> - $LOCALIZE[31300]</label>
            <label2>$VAR[Label_Setting_ColourBackground]</label2>
            <onclick>SetProperty(CustomDialogSettingsTitle,[CAPITALIZE]$LOCALIZE[31300][/CAPITALIZE],Home)</onclick>
            <onclick>SetProperty(CustomDialogSettingsItems,Items_Settings_BackgroundImage,Home)</onclick>
            <onclick>ActivateWindow(1118)</onclick>
        </include>
        <include content="Settings_Button" description="Customise Dialog Background">
            <param name="dialog">false</param>
            <param name="window">skinsettings</param>
            <param name="baseid">$PARAM[baseid]</param>
            <param name="id">005</param>
            <label> - $LOCALIZE[31204]</label>
            <label2>$VAR[Label_Setting_ColourDialog]</label2>
            <onclick>SetProperty(CustomDialogSettingsTitle,[CAPITALIZE]$LOCALIZE[31204][/CAPITALIZE],Home)</onclick>
            <onclick>SetProperty(CustomDialogSettingsItems,Items_Settings_BackgroundDialogImage,Home)</onclick>
            <onclick>ActivateWindow(1118)</onclick>
        </include>
        <include content="Settings_Button" description="Customise Fanart Fallback Folder">
            <param name="dialog">false</param>
            <param name="window">skinsettings</param>
            <param name="baseid">$PARAM[baseid]</param>
            <param name="id">006</param>
            <label> - $LOCALIZE[31303]</label>
            <label2>$VAR[Label_Setting_FallbackImage]</label2>
            <onclick condition="!String.IsEmpty(Skin.String(Background.MultiImage))">Skin.Reset(Background.MultiImage)</onclick>
            <onclick condition="String.IsEmpty(Skin.String(Background.MultiImage))">Skin.SetPath(Background.MultiImage)</onclick>
        </include>
        <include content="Settings_Button" description="Customise Startup">
            <param name="dialog">false</param>
            <param name="window">skinsettings</param>
            <param name="baseid">$PARAM[baseid]</param>
            <param name="id">007</param>
            <label> - $LOCALIZE[31255]</label>
            <label2>$VAR[Label_Setting_StartUpImage]</label2>
            <onclick>SetProperty(CustomDialogSettingsTitle,[CAPITALIZE]$LOCALIZE[31255][/CAPITALIZE],Home)</onclick>
            <onclick>SetProperty(CustomDialogSettingsItems,Items_Settings_CustomStartup,Home)</onclick>
            <onclick>ActivateWindow(1118)</onclick>
        </include>
        <include content="Settings_Button" description="Background blur">
            <param name="dialog">false</param>
            <param name="window">skinsettings</param>
            <param name="baseid">$PARAM[baseid]</param>
            <param name="id">008</param>
            <param name="control">button</param>
            <label>$LOCALIZE[31331]</label>
            <label2>$VAR[Label_Setting_BackgroundBlur]</label2>

            <onclick>SetProperty(CustomDialogSettingsTitle,[CAPITALIZE]$LOCALIZE[31331][/CAPITALIZE],Home)</onclick>
            <onclick>SetProperty(CustomDialogSettingsItems,Items_Settings_BackgroundStyle,Home)</onclick>
            <onclick>ActivateWindow(1118)</onclick>
        </include>

        <include content="Settings_Button" description="Border Style">
            <param name="dialog">false</param>
            <param name="window">skinsettings</param>
            <param name="baseid">$PARAM[baseid]</param>
            <param name="id">009</param>
            <param name="control">button</param>
            <param name="reload">true</param>
            <label>$LOCALIZE[31093]</label>
            <label2>$VAR[Label_Setting_BorderStyle]</label2>

            <onclick condition="Skin.HasSetting(Glass.DarkPanels)">Skin.Reset(Glass.EnableBorders)</onclick>
            <onclick condition="Skin.HasSetting(Glass.DarkPanels)">Skin.Reset(Glass.DarkPanels)</onclick>

            <onclick condition="!Skin.HasSetting(Glass.EnableBorders)">Skin.SetBool(Glass.EnableBorders)</onclick>
            <onclick condition="!Skin.HasSetting(Glass.EnableBorders)">Skin.Reset(Glass.DarkPanels)</onclick>

            <onclick condition="Skin.HasSetting(Glass.EnableBorders) + !Skin.HasSetting(Glass.DarkPanels)">Skin.SetBool(Glass.EnableBorders)</onclick>
            <onclick condition="Skin.HasSetting(Glass.EnableBorders) + !Skin.HasSetting(Glass.DarkPanels)">Skin.SetBool(Glass.DarkPanels)</onclick>
        </include>
    </include>

    <!-- Viewtypes -->
    <include name="SkinSettings_Items_Viewtypes">



        <include content="Settings_Label" description="Viewtypes">
            <param name="window">skinsettings</param>
            <param name="baseid">$PARAM[baseid]</param>
            <param name="id">006</param>
            <label>$LOCALIZE[31044]</label>
        </include>
        <include content="Settings_Button" description="Configure Views">
            <param name="dialog">false</param>
            <param name="window">skinsettings</param>
            <param name="baseid">$PARAM[baseid]</param>
            <param name="id">007</param>
            <param name="control">button</param>
            <label>$LOCALIZE[31321]</label>
            <onclick>runscript(script.skinvariables,action=buildviews,configure)</onclick>
        </include>
        <include content="Settings_Button" description="Switch Wall Orientation">
            <param name="dialog">false</param>
            <param name="window">skinsettings</param>
            <param name="baseid">$PARAM[baseid]</param>
            <param name="id">008</param>
            <param name="control">button</param>
            <label>$LOCALIZE[31106] ([CAPITALIZE]$LOCALIZE[31082][/CAPITALIZE])</label>
            <label2>$VAR[Label_Settings_WallOrientation]</label2>
            <visible>String.IsEqual(Skin.AspectRatio,16:9)</visible>
            <onclick>Skin.ToggleSetting(View.SwitchWallOrientation)</onclick>
        </include>

        <include content="Settings_Button" description="Use Text based Card for Library">
            <param name="dialog">false</param>
            <param name="window">skinsettings</param>
            <param name="baseid">$PARAM[baseid]</param>
            <param name="id">009</param>
            <param name="control">button</param>
            <label>$LOCALIZE[31106] ($LOCALIZE[31423])</label>
            <label2>$VAR[Label_Settings_CardViewMode]</label2>
            <onclick>Skin.ToggleSetting(View.UseTextBasedCard)</onclick>
        </include>

        <include content="Settings_Button" description="Use Text based Board for Library">
            <param name="dialog">false</param>
            <param name="window">skinsettings</param>
            <param name="baseid">$PARAM[baseid]</param>
            <param name="id">010</param>
            <param name="control">button</param>
            <label>$LOCALIZE[31106] ($LOCALIZE[31424])</label>
            <label2>$VAR[Label_Settings_BoardViewMode]</label2>
            <onclick>Skin.ToggleSetting(View.UseTextBasedBoard)</onclick>
        </include>

        <include content="Settings_Button" description="Use Landscape only for FlixArt List Library">
            <param name="dialog">false</param>
            <param name="window">skinsettings</param>
            <param name="baseid">$PARAM[baseid]</param>
            <param name="id">011</param>
            <param name="control">button</param>
            <label>$LOCALIZE[31106] ($LOCALIZE[31480])</label>
            <label2>$VAR[Label_Settings_ListFlixArtViewMode]</label2>
            <onclick>Skin.ToggleSetting(View.DisableFlixArtListPoster)</onclick>
        </include>

        <include content="Settings_Button" description="Use Simple Text">
            <param name="dialog">false</param>
            <param name="window">skinsettings</param>
            <param name="baseid">$PARAM[baseid]</param>
            <param name="id">005</param>
            <param name="control">button</param>
            <label>$LOCALIZE[31292]</label>
            <label2>$VAR[Label_Settings_TextViewMode]</label2>
            <onclick>Skin.ToggleSetting(View.UseDetailedListLabels)</onclick>
        </include>

        <include content="Settings_Label" description="Widgets">
            <param name="window">skinsettings</param>
            <param name="baseid">$PARAM[baseid]</param>
            <param name="id">012</param>
            <label>$LOCALIZE[31103]</label>
        </include>

        <include content="Settings_Button" description="Blur background">
            <param name="dialog">false</param>
            <param name="window">skinsettings</param>
            <param name="baseid">$PARAM[baseid]</param>
            <param name="id">013</param>
            <param name="control">button</param>
            <label>$LOCALIZE[31466]</label>
            <label2>$VAR[Label_Settings_WidgetBlurBackground]</label2>
            <onclick>Skin.ToggleSetting(Widgets.DontHideArtworkOnClassic)</onclick>
        </include>
        <include content="Settings_Button" description="No Items Placeholder">
            <param name="dialog">false</param>
            <param name="window">skinsettings</param>
            <param name="baseid">$PARAM[baseid]</param>
            <param name="id">014</param>
            <param name="control">button</param>
            <label>$LOCALIZE[31519]</label>
            <label2>$VAR[Label_Settings_WidgetNoResults]</label2>
            <onclick condition="Skin.HasSetting(Widgets.DisableNoResultsItem)">Skin.Reset(Widgets.DisableNoResultsItem)</onclick>
            <onclick condition="!Skin.HasSetting(Widgets.DisableNoResultsItem)">RunScript(script.skinvariables,run_dialog=yesno,"heading=$LOCALIZE[31519]","message=[B][COLOR=red][UPPERCASE]$LOCALIZE[14117][/UPPERCASE][/B][/COLOR] - $LOCALIZE[31522] $LOCALIZE[31524] $LOCALIZE[31523]",yeslabel=$LOCALIZE[31162],nolabel=$LOCALIZE[222],defaultbutton=10,"executebuiltin=Skin.SetBool(Widgets.DisableNoResultsItem)")</onclick>
        </include>
        <include content="Settings_Button" description="Show More Items">
            <param name="dialog">false</param>
            <param name="window">skinsettings</param>
            <param name="baseid">$PARAM[baseid]</param>
            <param name="id">015</param>
            <param name="control">radiobutton</param>
            <label>$LOCALIZE[31091]</label>
            <onclick>Skin.ToggleSetting(Widgets.DisableShowMore)</onclick>
            <selected>!Skin.HasSetting(Widgets.DisableShowMore)</selected>
        </include>

        <include content="Settings_Button" description="Customise VideoOSD Widgets">
            <param name="dialog">false</param>
            <param name="window">skinsettings</param>
            <param name="baseid">$PARAM[baseid]</param>
            <param name="id">016</param>
            <param name="control">button</param>
            <label>$LOCALIZE[31203] [LOWERCASE]$LOCALIZE[31434] $LOCALIZE[31103][/LOWERCASE]</label>
            <onclick>SetProperty(CustomDialogSettingsItems,Items_Settings_VideoOSDWidgets,Home)</onclick>
            <onclick>SetProperty(CustomDialogSettingsTitle,$LOCALIZE[31430],Home)</onclick>
            <onclick>ActivateWindow(1118)</onclick>
        </include>

        <include content="Settings_Button" description="Customise VideoInfo Widgets">
            <param name="dialog">false</param>
            <param name="window">skinsettings</param>
            <param name="baseid">$PARAM[baseid]</param>
            <param name="id">017</param>
            <param name="control">button</param>
            <label>$LOCALIZE[31203] [LOWERCASE]$LOCALIZE[12003] $LOCALIZE[31103][/LOWERCASE]</label>
            <onclick>SetProperty(CustomDialogSettingsItems,Items_Settings_VideoInfoWidgets,Home)</onclick>
            <onclick>SetProperty(CustomDialogSettingsTitle,$LOCALIZE[31097],Home)</onclick>
            <onclick>ActivateWindow(1118)</onclick>
        </include>
    </include>

    <!-- Interface -->
    <include name="SkinSettings_Items_Interface">

        <include content="Settings_Label" description="Information">
            <param name="window">skinsettings</param>
            <param name="baseid">$PARAM[baseid]</param>
            <param name="id">001</param>
            <label>$LOCALIZE[14116]</label>
        </include>
        <include content="Settings_Button" description="Title">
            <param name="dialog">false</param>
            <param name="window">skinsettings</param>
            <param name="baseid">$PARAM[baseid]</param>
            <param name="id">002</param>
            <param name="control">button</param>
            <label>$LOCALIZE[369]</label>
            <label2>$VAR[Label_Setting_ForegroundLogo]</label2>
            <onclick>Skin.ToggleSetting(TMDbHelper.EnableCrop)</onclick>
        </include>
        <include content="Settings_Button" description="Infoline">
            <param name="dialog">false</param>
            <param name="window">skinsettings</param>
            <param name="baseid">$PARAM[baseid]</param>
            <param name="id">003</param>
            <param name="control">button</param>
            <label>$LOCALIZE[31178]</label>
            <label2>$VAR[Label_Setting_InfoLineStyle]</label2>
            <onclick>Skin.ToggleSetting(Info.EnablePillboxStyle)</onclick>
        </include>
        <include content="Settings_Button" description="Ratings">
            <param name="dialog">false</param>
            <param name="window">skinsettings</param>
            <param name="baseid">$PARAM[baseid]</param>
            <param name="id">004</param>
            <param name="control">button</param>
            <label>$LOCALIZE[31202]</label>
            <label2>$VAR[Label_Setting_RatingsStyle]</label2>
            <onclick>Skin.ToggleSetting(Furniture.EnableColourRatings)</onclick>
        </include>

        <include content="Settings_Label" description="Header">
            <param name="window">skinsettings</param>
            <param name="baseid">$PARAM[baseid]</param>
            <param name="id">005</param>
            <label>$LOCALIZE[31208]</label>
        </include>
        <include content="Settings_Button" description="Clock">
            <param name="dialog">false</param>
            <param name="window">skinsettings</param>
            <param name="baseid">$PARAM[baseid]</param>
            <param name="id">006</param>
            <param name="control">radiobutton</param>
            <param name="reload">true</param>
            <label>$LOCALIZE[31042]</label>
            <selected>Skin.HasSetting(Furniture.EnableClock)</selected>
            <onclick>Skin.ToggleSetting(Furniture.EnableClock)</onclick>
        </include>
        <include content="Settings_Button" description="Expand Clock">
            <param name="dialog">false</param>
            <param name="window">skinsettings</param>
            <param name="baseid">$PARAM[baseid]</param>
            <param name="id">007</param>
            <param name="control">radiobutton</param>
            <param name="reload">true</param>
            <label>$LOCALIZE[552]</label>
            <selected>Skin.HasSetting(Furniture.EnableExpandedClock)</selected>
            <visible>Skin.HasSetting(Furniture.EnableClock)</visible>
            <onclick>Skin.ToggleSetting(Furniture.EnableExpandedClock)</onclick>
        </include>
        <include content="Settings_Button" description="Now Playing">
            <param name="dialog">false</param>
            <param name="window">skinsettings</param>
            <param name="baseid">$PARAM[baseid]</param>
            <param name="id">008</param>
            <param name="control">radiobutton</param>
            <label>$LOCALIZE[31244]</label>
            <onclick>Skin.ToggleSetting(Furniture.EnableNowPlaying)</onclick>
            <selected>Skin.HasSetting(Furniture.EnableNowPlaying)</selected>
        </include>


        <include content="Settings_Label" description="Footer">
            <param name="window">skinsettings</param>
            <param name="baseid">$PARAM[baseid]</param>
            <param name="id">009</param>
            <label>$LOCALIZE[31239]</label>
        </include>
        <include content="Settings_Button" description="Footer: Right">
            <param name="dialog">false</param>
            <param name="window">skinsettings</param>
            <param name="baseid">$PARAM[baseid]</param>
            <param name="id">010</param>
            <param name="control">radiobutton</param>
            <label>$LOCALIZE[572]</label>
            <selected>!Skin.HasSetting(Furniture.BottomRight.Disable)</selected>
            <onclick>Skin.ToggleSetting(Furniture.BottomRight.Disable)</onclick>
        </include>
    </include>

    <!-- Behaviour -->
    <include name="SkinSettings_Items_Behaviour">
        <include content="Settings_Label" description="Widgets">
            <param name="window">skinsettings</param>
            <param name="baseid">$PARAM[baseid]</param>
            <param name="id">001</param>
            <label>$LOCALIZE[31103]</label>
        </include>
        <include content="Settings_Button" description="Autoscroll">
            <param name="dialog">false</param>
            <param name="window">skinsettings</param>
            <param name="baseid">$PARAM[baseid]</param>
            <param name="id">002</param>
            <param name="control">button</param>
            <label>$LOCALIZE[31187]</label>
            <label2>$INFO[Skin.String(AutoScrollTime)]</label2>
            <onclick>SetProperty(CustomDialogSettingsItems,Items_Settings_Autoscroll,Home)</onclick>
            <onclick>SetProperty(CustomDialogSettingsTitle,$LOCALIZE[31185],Home)</onclick>
            <onclick>ActivateWindow(1118)</onclick>
        </include>

        <include content="Settings_Label" description="Navigation">
            <param name="window">skinsettings</param>
            <param name="baseid">$PARAM[baseid]</param>
            <param name="id">003</param>
            <label>$LOCALIZE[31174]</label>
        </include>

        <include content="Settings_Button" description="OnBack">
            <param name="dialog">false</param>
            <param name="window">skinsettings</param>
            <param name="baseid">$PARAM[baseid]</param>
            <param name="id">004</param>
            <param name="control">button</param>
            <label>$LOCALIZE[31324] > $LOCALIZE[31166]</label>
            <label2>$VAR[Label_Settings_NavigationOnBack]</label2>
            <onclick condition="$EXP[Exp_Navigation_OnPrevious]">Skin.SetString(Navigation.OnBack,Parent)</onclick>
            <onclick condition="!$EXP[Exp_Navigation_OnPrevious]">Skin.SetString(Navigation.OnBack,Previous)</onclick>
        </include>

        <include content="Settings_Button" description="OnScroll">
            <param name="dialog">false</param>
            <param name="window">skinsettings</param>
            <param name="baseid">$PARAM[baseid]</param>
            <param name="id">005</param>
            <param name="control">button</param>
            <label>$LOCALIZE[31324] > $LOCALIZE[31457]</label>
            <label2>$VAR[Label_Settings_NavigationOnScroll]</label2>
            <onclick>Skin.ToggleSetting(Navigation.DisableAlphabetJump)</onclick>
        </include>

        <include content="Settings_Label" description="Labels">
            <param name="window">skinsettings</param>
            <param name="baseid">$PARAM[baseid]</param>
            <param name="id">006</param>
            <label>$LOCALIZE[31425]</label>
        </include>
        <include content="Settings_Button" description="Label scrolling">
            <param name="dialog">false</param>
            <param name="window">skinsettings</param>
            <param name="baseid">$PARAM[baseid]</param>
            <param name="id">007</param>
            <param name="control">radiobutton</param>
            <label>$LOCALIZE[31245]</label>
            <onclick>Skin.ToggleSetting(Labels.Autoscroll)</onclick>
            <selected>Skin.HasSetting(Labels.Autoscroll)</selected>
        </include>
        <include content="Settings_Button" description="Textbox scrolling">
            <param name="dialog">false</param>
            <param name="window">skinsettings</param>
            <param name="baseid">$PARAM[baseid]</param>
            <param name="id">008</param>
            <param name="control">radiobutton</param>
            <label>$LOCALIZE[31246]</label>
            <onclick>Skin.ToggleSetting(Textboxes.DisableAutoscroll)</onclick>
            <selected>!Skin.HasSetting(Textboxes.DisableAutoscroll)</selected>
        </include>
        <!-- Playback -->
        <include content="Settings_Label" description="Playback">
            <param name="window">skinsettings</param>
            <param name="baseid">$PARAM[baseid]</param>
            <param name="id">009</param>
            <label>$LOCALIZE[14086]</label>
        </include>
        <include content="Settings_Button" description="Autoclose OSD timeout">
            <param name="dialog">false</param>
            <param name="window">skinsettings</param>
            <param name="baseid">$PARAM[baseid]</param>
            <param name="id">010</param>
            <param name="control">button</param>
            <label>$LOCALIZE[31189]</label>
            <label2>$INFO[Skin.String(OSD_Timeout),,s]</label2>
            <onclick>Skin.SetNumeric(OSD_Timeout)</onclick>
        </include>
        <include content="Settings_Button" description="Autohide seekbar after pausing">
            <param name="dialog">false</param>
            <param name="window">skinsettings</param>
            <param name="baseid">$PARAM[baseid]</param>
            <param name="id">011</param>
            <param name="control">button</param>
            <label>$LOCALIZE[31165]</label>
            <label2>$VAR[Label_Setting_SeekbarPauseBehaviour]</label2>
            <onclick condition="Skin.HasSetting(OSD.AutoInfoOnPause)">Skin.SetBool(OSD.AutoHideOnPause)</onclick>
            <onclick condition="Skin.HasSetting(OSD.AutoInfoOnPause)">Skin.Reset(OSD.AutoInfoOnPause)</onclick>

            <onclick condition="Skin.HasSetting(OSD.AutoHideOnPause)">Skin.Reset(OSD.AutoHideOnPause)</onclick>
            <onclick condition="Skin.HasSetting(OSD.AutoHideOnPause)">Skin.Reset(OSD.AutoInfoOnPause)</onclick>

            <onclick condition="!Skin.HasSetting(OSD.AutoHideOnPause) + !Skin.HasSetting(OSD.AutoInfoOnPause)">Skin.SetBool(OSD.AutoInfoOnPause)</onclick>
        </include>
        <include content="Settings_Button" description="Seekbar times">
            <param name="dialog">false</param>
            <param name="window">skinsettings</param>
            <param name="baseid">$PARAM[baseid]</param>
            <param name="id">012</param>
            <param name="control">button</param>
            <label>$LOCALIZE[31355]</label>
            <label2>$VAR[Label_Setting_SeekbarTimeDisplay]</label2>
            <onclick condition="String.IsEmpty(Skin.String(Seekbar.TimeDisplay))">Skin.SetString(Seekbar.TimeDisplay,Remaining)</onclick>
            <onclick condition="Skin.String(Seekbar.TimeDisplay,Remaining)">Skin.SetString(Seekbar.TimeDisplay,Combined)</onclick>
            <onclick condition="Skin.String(Seekbar.TimeDisplay,Combined)">Skin.Reset(Seekbar.TimeDisplay)</onclick>
        </include>
        <include content="Settings_Button" description="Background video">
            <param name="dialog">false</param>
            <param name="window">skinsettings</param>
            <param name="baseid">$PARAM[baseid]</param>
            <param name="id">013</param>
            <param name="control">radiobutton</param>
            <label>$LOCALIZE[31069]</label>
            <selected>!Skin.HasSetting(Background.DisableVideo)</selected>
            <onclick>Skin.ToggleSetting(Background.DisableVideo)</onclick>
        </include>
        <include content="Settings_Button" description="Picture in picture">
            <param name="dialog">false</param>
            <param name="window">skinsettings</param>
            <param name="baseid">$PARAM[baseid]</param>
            <param name="id">014</param>
            <param name="control">radiobutton</param>
            <label>$LOCALIZE[31394]</label>
            <visible>Skin.HasSetting(Background.DisableVideo)</visible>
            <selected>!Skin.HasSetting(Background.DisablePIP)</selected>
            <onclick>Skin.ToggleSetting(Background.DisablePIP)</onclick>
        </include>

        <include content="Settings_Label" description="Background">
            <param name="window">skinsettings</param>
            <param name="baseid">$PARAM[baseid]</param>
            <param name="id">015</param>
            <label>$LOCALIZE[33068]</label>
        </include>
        <include content="Settings_Button" description="Extra fanart">
            <param name="dialog">false</param>
            <param name="window">skinsettings</param>
            <param name="baseid">$PARAM[baseid]</param>
            <param name="id">016</param>
            <param name="control">radiobutton</param>
            <label>$LOCALIZE[31436]</label>
            <visible>Skin.HasSetting(TMDbHelper.EnableBlur) + String.IsEmpty(Skin.String(Background.ArtworkStyle))</visible>
            <onclick>Skin.ToggleSetting(Background.ExtraFanart)</onclick>
            <selected>Skin.HasSetting(Background.ExtraFanart)</selected>
        </include>

        <include content="Settings_Label" description="Trailers">
            <param name="window">skinsettings</param>
            <param name="baseid">$PARAM[baseid]</param>
            <param name="id">017</param>
            <label>$LOCALIZE[31482]</label>
        </include>
        <include content="Settings_Button" description="Play trailer auto">
            <param name="dialog">false</param>
            <param name="window">skinsettings</param>
            <param name="baseid">$PARAM[baseid]</param>
            <param name="id">018</param>
            <param name="control">radiobutton</param>
            <label>$LOCALIZE[31481]</label>
            <onclick condition="Skin.HasSetting(Trailers.EnableAutoPlayback)">Skin.Reset(Trailers.EnableAutoPlayback)</onclick>
            <onclick condition="!Skin.HasSetting(Trailers.EnableAutoPlayback)">RunScript(script.skinvariables,run_dialog=yesno,"heading=$LOCALIZE[31481]","message=[B][COLOR=red][UPPERCASE]$LOCALIZE[14117][/UPPERCASE][/B][/COLOR] - $LOCALIZE[31351] $LOCALIZE[31352] $LOCALIZE[31367] $LOCALIZE[31360] $LOCALIZE[31361]",yeslabel=$LOCALIZE[24022],nolabel=$LOCALIZE[222],"executebuiltin=Skin.SetBool(Trailers.EnableAutoPlayback)")</onclick>
            <selected>Skin.HasSetting(Trailers.EnableAutoPlayback)</selected>
        </include>
        <include content="Settings_Button" description="Play trailer auto spotlight">
            <param name="dialog">false</param>
            <param name="window">skinsettings</param>
            <param name="baseid">$PARAM[baseid]</param>
            <param name="id">019</param>
            <param name="control">radiobutton</param>
            <label>$LOCALIZE[31481]: $LOCALIZE[31105]</label>
            <onclick condition="!Skin.HasSetting(Trailers.DisableAutoPlayback.Spotlight)">Skin.SetBool(Trailers.DisableAutoPlayback.Spotlight)</onclick>
            <onclick condition="Skin.HasSetting(Trailers.DisableAutoPlayback.Spotlight)">RunScript(script.skinvariables,run_dialog=yesno,"heading=$LOCALIZE[31481] ($LOCALIZE[31105])","message=[B][COLOR=red][UPPERCASE]$LOCALIZE[14117][/UPPERCASE][/B][/COLOR] - $LOCALIZE[31351] $LOCALIZE[31352] $LOCALIZE[31367] $LOCALIZE[31360] $LOCALIZE[31361]",yeslabel=$LOCALIZE[24022],nolabel=$LOCALIZE[222],"executebuiltin=Skin.Reset(Trailers.DisableAutoPlayback.Spotlight)")</onclick>
            <selected>!Skin.HasSetting(Trailers.DisableAutoPlayback.Spotlight)</selected>
            <visible>Skin.HasSetting(Trailers.EnableAutoPlayback)</visible>
        </include>
        <include content="Settings_Button" description="Play trailer auto widgets">
            <param name="dialog">false</param>
            <param name="window">skinsettings</param>
            <param name="baseid">$PARAM[baseid]</param>
            <param name="id">020</param>
            <param name="control">radiobutton</param>
            <label>$LOCALIZE[31481]: $LOCALIZE[31103]</label>
            <onclick condition="Skin.HasSetting(Trailers.EnableAutoPlayback.Widgets)">Skin.Reset(Trailers.EnableAutoPlayback.Widgets)</onclick>
            <onclick condition="!Skin.HasSetting(Trailers.EnableAutoPlayback.Widgets)">RunScript(script.skinvariables,run_dialog=yesno,"heading=$LOCALIZE[31481] ($LOCALIZE[31103])","message=[B][COLOR=red][UPPERCASE]$LOCALIZE[14117][/UPPERCASE][/B][/COLOR] - $LOCALIZE[31351] $LOCALIZE[31352] $LOCALIZE[31367] $LOCALIZE[31360] $LOCALIZE[31361]",yeslabel=$LOCALIZE[24022],nolabel=$LOCALIZE[222],"executebuiltin=Skin.SetBool(Trailers.EnableAutoPlayback.Widgets)")</onclick>
            <selected>Skin.HasSetting(Trailers.EnableAutoPlayback.Widgets)</selected>
            <visible>Skin.HasSetting(Trailers.EnableAutoPlayback)</visible>
        </include>
        <include content="Settings_Button" description="Play trailer auto library">
            <param name="dialog">false</param>
            <param name="window">skinsettings</param>
            <param name="baseid">$PARAM[baseid]</param>
            <param name="id">021</param>
            <param name="control">radiobutton</param>
            <label>$LOCALIZE[31481]: $LOCALIZE[14022]</label>
            <onclick condition="Skin.HasSetting(Trailers.EnableAutoPlayback.Library)">Skin.Reset(Trailers.EnableAutoPlayback.Library)</onclick>
            <onclick condition="!Skin.HasSetting(Trailers.EnableAutoPlayback.Library)">RunScript(script.skinvariables,run_dialog=yesno,"heading=$LOCALIZE[31481] ($LOCALIZE[14022])","message=[B][COLOR=red][UPPERCASE]$LOCALIZE[14117][/UPPERCASE][/B][/COLOR] - $LOCALIZE[31351] $LOCALIZE[31352] $LOCALIZE[31367] $LOCALIZE[31360] $LOCALIZE[31361]",yeslabel=$LOCALIZE[24022],nolabel=$LOCALIZE[222],"executebuiltin=Skin.SetBool(Trailers.EnableAutoPlayback.Library)")</onclick>
            <selected>Skin.HasSetting(Trailers.EnableAutoPlayback.Library)</selected>
            <visible>Skin.HasSetting(Trailers.EnableAutoPlayback)</visible>
        </include>
        <include content="Settings_Button" description="Play trailer auto information">
            <param name="dialog">false</param>
            <param name="window">skinsettings</param>
            <param name="baseid">$PARAM[baseid]</param>
            <param name="id">022</param>
            <param name="control">radiobutton</param>
            <label>$LOCALIZE[31481]: $LOCALIZE[14116]</label>
            <onclick condition="Skin.HasSetting(Trailers.EnableAutoPlayback.Info)">Skin.Reset(Trailers.EnableAutoPlayback.Info)</onclick>
            <onclick condition="!Skin.HasSetting(Trailers.EnableAutoPlayback.Info)">RunScript(script.skinvariables,run_dialog=yesno,"heading=$LOCALIZE[31481] ($LOCALIZE[14116])","message=[B][COLOR=red][UPPERCASE]$LOCALIZE[14117][/UPPERCASE][/B][/COLOR] - $LOCALIZE[31351] $LOCALIZE[31352] $LOCALIZE[31367] $LOCALIZE[31360] $LOCALIZE[31361]",yeslabel=$LOCALIZE[24022],nolabel=$LOCALIZE[222],"executebuiltin=Skin.SetBool(Trailers.EnableAutoPlayback.Info)")</onclick>
            <selected>Skin.HasSetting(Trailers.EnableAutoPlayback.Info)</selected>
        </include>
    </include>

    <!-- Details -->
    <include name="SkinSettings_Items_Details">
        <include content="Settings_Label" description="Info">
            <param name="window">skinsettings</param>
            <param name="baseid">$PARAM[baseid]</param>
            <param name="id">001</param>
            <label>$LOCALIZE[14116]</label>
        </include>
        <include content="Settings_Button" description="Use Native Cast">
            <param name="dialog">false</param>
            <param name="window">skinsettings</param>
            <param name="baseid">$PARAM[baseid]</param>
            <param name="id">002</param>
            <param name="control">radiobutton</param>
            <label>$LOCALIZE[31356]</label>
            <onclick>Skin.ToggleSetting(Info.UseLocalCast)</onclick>
            <selected>Skin.HasSetting(Info.UseLocalCast)</selected>
        </include>
        <include content="Settings_Button" description="Use additional info line tags">
            <param name="dialog">false</param>
            <param name="window">skinsettings</param>
            <param name="baseid">$PARAM[baseid]</param>
            <param name="id">003</param>
            <param name="control">button</param>
            <label>$LOCALIZE[31433]</label>
            <label2>$VAR[Label_Setting_AdditionalTags]</label2>
            <onclick>SetProperty(CustomDialogSettingsItems,Items_Settings_InfolineAdditionalTags,Home)</onclick>
            <onclick>SetProperty(CustomDialogSettingsTitle,$LOCALIZE[31433],Home)</onclick>
            <onclick>ActivateWindow(1118)</onclick>
        </include>
        <include content="Settings_Button" description="Infoline Extra">
            <param name="dialog">false</param>
            <param name="window">skinsettings</param>
            <param name="baseid">$PARAM[baseid]</param>
            <param name="id">004</param>
            <label>$LOCALIZE[31191]</label>
            <label2>$VAR[Label_Setting_OptionalInfoLine]</label2>
            <onclick>Skin.ToggleSetting(InfoLine.EndTime)</onclick>
        </include>

        <include content="Settings_Button" description="">
            <param name="dialog">false</param>
            <param name="window">skinsettings</param>
            <param name="baseid">$PARAM[baseid]</param>
            <param name="id">005</param>
            <param name="control">radiobutton</param>
            <label>$LOCALIZE[126]</label>
            <label2>$VAR[Label_Setting_PremiereStatus,       ,       ]</label2>

            <onclick>RunScript(script.skinvariables,run_dialog=select,preselect=$VAR[Label_Setting_PremiereStatus],heading=$LOCALIZE[126],separator=||,list=$LOCALIZE[13106]||$LOCALIZE[20343]: $LOCALIZE[10036]||$LOCALIZE[20343]: $LOCALIZE[31137]||$LOCALIZE[20342]: $LOCALIZE[10036]||$LOCALIZE[20342]: $LOCALIZE[31137]||$LOCALIZE[21475]: $LOCALIZE[10036]||$LOCALIZE[21475]: $LOCALIZE[31137],"executebuiltin_0=Skin.SetBool(CustomRating.TVShows.DisablePremiereStatus)||Skin.Reset(CustomRating.Movies.EnablePremiereStatus)||Skin.Reset(CustomRating.EnablePremiereStatusDates)","executebuiltin_1=Skin.Reset(CustomRating.TVShows.DisablePremiereStatus)||Skin.Reset(CustomRating.Movies.EnablePremiereStatus)||Skin.Reset(CustomRating.EnablePremiereStatusDates)","executebuiltin_2=Skin.Reset(CustomRating.TVShows.DisablePremiereStatus)||Skin.Reset(CustomRating.Movies.EnablePremiereStatus)||Skin.SetBool(CustomRating.EnablePremiereStatusDates)","executebuiltin_3=Skin.SetBool(CustomRating.TVShows.DisablePremiereStatus)||Skin.SetBool(CustomRating.Movies.EnablePremiereStatus)||Skin.Reset(CustomRating.EnablePremiereStatusDates)","executebuiltin_4=Skin.SetBool(CustomRating.TVShows.DisablePremiereStatus)||Skin.SetBool(CustomRating.Movies.EnablePremiereStatus)||Skin.SetBool(CustomRating.EnablePremiereStatusDates)","executebuiltin_5=Skin.Reset(CustomRating.TVShows.DisablePremiereStatus)||Skin.SetBool(CustomRating.Movies.EnablePremiereStatus)||Skin.Reset(CustomRating.EnablePremiereStatusDates)","executebuiltin_6=Skin.Reset(CustomRating.TVShows.DisablePremiereStatus)||Skin.SetBool(CustomRating.Movies.EnablePremiereStatus)||Skin.SetBool(CustomRating.EnablePremiereStatusDates)")</onclick>

            <selected>!Skin.HasSetting(CustomRating.TVShows.DisablePremiereStatus) | Skin.HasSetting(CustomRating.Movies.EnablePremiereStatus)</selected>
        </include>

        <include content="Settings_Label" description="Details">
            <param name="window">skinsettings</param>
            <param name="baseid">$PARAM[baseid]</param>
            <param name="id">006</param>
            <label>$LOCALIZE[342] $LOCALIZE[31202]</label>
        </include>

        <include content="Settings_Button" description="CustomDialog Ratings">
            <param name="dialog">false</param>
            <param name="window">skinsettings</param>
            <param name="baseid">$PARAM[baseid]</param>
            <param name="id">007</param>
            <label>$LOCALIZE[563] 01</label>
            <label2>$INFO[Skin.String(CustomRating.Movies.Item01)]</label2>
            <onclick>SetProperty(ConfigureRatingItem,Item01,Home)</onclick>
            <onclick>SetProperty(ConfigureRatingContent,Movies,Home)</onclick>
            <onclick>ActivateWindow(1119)</onclick>
        </include>

        <include content="Settings_Button" description="CustomDialog Ratings">
            <param name="dialog">false</param>
            <param name="window">skinsettings</param>
            <param name="baseid">$PARAM[baseid]</param>
            <param name="id">008</param>
            <label>$LOCALIZE[563] 02</label>
            <label2>$INFO[Skin.String(CustomRating.Movies.Item02)]</label2>
            <onclick>SetProperty(ConfigureRatingItem,Item02,Home)</onclick>
            <onclick>SetProperty(ConfigureRatingContent,Movies,Home)</onclick>
            <onclick>ActivateWindow(1119)</onclick>
        </include>

        <include content="Settings_Button" description="CustomDialog Ratings">
            <param name="dialog">false</param>
            <param name="window">skinsettings</param>
            <param name="baseid">$PARAM[baseid]</param>
            <param name="id">009</param>
            <label>$LOCALIZE[563] 03</label>
            <label2>$INFO[Skin.String(CustomRating.Movies.Item03)]</label2>
            <onclick>SetProperty(ConfigureRatingItem,Item03,Home)</onclick>
            <onclick>SetProperty(ConfigureRatingContent,Movies,Home)</onclick>
            <onclick>ActivateWindow(1119)</onclick>
        </include>

        <include content="Settings_Button" description="CustomDialog Ratings">
            <param name="dialog">false</param>
            <param name="window">skinsettings</param>
            <param name="baseid">$PARAM[baseid]</param>
            <param name="id">010</param>
            <label>$LOCALIZE[563] 04</label>
            <label2>$INFO[Skin.String(CustomRating.Movies.Item04)]</label2>
            <visible>!Skin.HasSetting(CustomRating.EnablePremiereStatusDates) | !Skin.HasSetting(CustomRating.Movies.EnablePremiereStatus)</visible>
            <onclick>SetProperty(ConfigureRatingItem,Item04,Home)</onclick>
            <onclick>SetProperty(ConfigureRatingContent,Movies,Home)</onclick>
            <onclick>ActivateWindow(1119)</onclick>
        </include>

        <include content="Settings_Button" description="CustomDialog Ratings">
            <param name="dialog">false</param>
            <param name="window">skinsettings</param>
            <param name="baseid">$PARAM[baseid]</param>
            <param name="id">011</param>
            <label>$LOCALIZE[563] 05</label>
            <label2>$INFO[Skin.String(CustomRating.Movies.Item05)]</label2>
            <visible>!Skin.HasSetting(CustomRating.Movies.EnablePremiereStatus)</visible>
            <onclick>SetProperty(ConfigureRatingItem,Item05,Home)</onclick>
            <onclick>SetProperty(ConfigureRatingContent,Movies,Home)</onclick>
            <onclick>ActivateWindow(1119)</onclick>
        </include>

        <include content="Settings_Button" description="CustomDialog Ratings">
            <param name="dialog">false</param>
            <param name="window">skinsettings</param>
            <param name="baseid">$PARAM[baseid]</param>
            <param name="id">012</param>
            <label>$LOCALIZE[563] 06</label>
            <label2>$INFO[Skin.String(CustomRating.Movies.Item06)]</label2>
            <visible>!Skin.HasSetting(CustomRating.Movies.EnablePremiereStatus)</visible>
            <onclick>SetProperty(ConfigureRatingItem,Item06,Home)</onclick>
            <onclick>SetProperty(ConfigureRatingContent,Movies,Home)</onclick>
            <onclick>ActivateWindow(1119)</onclick>
        </include>

        <include content="Settings_Label" description="Details">
            <param name="window">skinsettings</param>
            <param name="baseid">$PARAM[baseid]</param>
            <param name="id">013</param>
            <label>$LOCALIZE[20343] $LOCALIZE[31202]</label>
        </include>

        <include content="Settings_Button" description="CustomDialog Ratings">
            <param name="dialog">false</param>
            <param name="window">skinsettings</param>
            <param name="baseid">$PARAM[baseid]</param>
            <param name="id">014</param>
            <label>$LOCALIZE[563] 01</label>
            <label2>$INFO[Skin.String(CustomRating.TVShows.Item01)]</label2>
            <onclick>SetProperty(ConfigureRatingItem,Item01,Home)</onclick>
            <onclick>SetProperty(ConfigureRatingContent,TVShows,Home)</onclick>
            <onclick>ActivateWindow(1119)</onclick>
        </include>

        <include content="Settings_Button" description="CustomDialog Ratings">
            <param name="dialog">false</param>
            <param name="window">skinsettings</param>
            <param name="baseid">$PARAM[baseid]</param>
            <param name="id">015</param>
            <label>$LOCALIZE[563] 02</label>
            <label2>$INFO[Skin.String(CustomRating.TVShows.Item02)]</label2>
            <onclick>SetProperty(ConfigureRatingItem,Item02,Home)</onclick>
            <onclick>SetProperty(ConfigureRatingContent,TVShows,Home)</onclick>
            <onclick>ActivateWindow(1119)</onclick>
        </include>

        <include content="Settings_Button" description="CustomDialog Ratings">
            <param name="dialog">false</param>
            <param name="window">skinsettings</param>
            <param name="baseid">$PARAM[baseid]</param>
            <param name="id">016</param>
            <label>$LOCALIZE[563] 03</label>
            <label2>$INFO[Skin.String(CustomRating.TVShows.Item03)]</label2>
            <onclick>SetProperty(ConfigureRatingItem,Item03,Home)</onclick>
            <onclick>SetProperty(ConfigureRatingContent,TVShows,Home)</onclick>
            <onclick>ActivateWindow(1119)</onclick>
        </include>

        <include content="Settings_Button" description="CustomDialog Ratings">
            <param name="dialog">false</param>
            <param name="window">skinsettings</param>
            <param name="baseid">$PARAM[baseid]</param>
            <param name="id">017</param>
            <label>$LOCALIZE[563] 04</label>
            <label2>$INFO[Skin.String(CustomRating.TVShows.Item04)]</label2>
            <visible>!Skin.HasSetting(CustomRating.EnablePremiereStatusDates) | Skin.HasSetting(CustomRating.TVShows.DisablePremiereStatus)</visible>
            <onclick>SetProperty(ConfigureRatingItem,Item04,Home)</onclick>
            <onclick>SetProperty(ConfigureRatingContent,TVShows,Home)</onclick>
            <onclick>ActivateWindow(1119)</onclick>
        </include>

        <include content="Settings_Button" description="CustomDialog Ratings">
            <param name="dialog">false</param>
            <param name="window">skinsettings</param>
            <param name="baseid">$PARAM[baseid]</param>
            <param name="id">018</param>
            <label>$LOCALIZE[563] 05</label>
            <label2>$INFO[Skin.String(CustomRating.TVShows.Item05)]</label2>
            <visible>Skin.HasSetting(CustomRating.TVShows.DisablePremiereStatus)</visible>
            <onclick>SetProperty(ConfigureRatingItem,Item05,Home)</onclick>
            <onclick>SetProperty(ConfigureRatingContent,TVShows,Home)</onclick>
            <onclick>ActivateWindow(1119)</onclick>
        </include>

        <include content="Settings_Button" description="CustomDialog Ratings">
            <param name="dialog">false</param>
            <param name="window">skinsettings</param>
            <param name="baseid">$PARAM[baseid]</param>
            <param name="id">019</param>
            <label>$LOCALIZE[563] 06</label>
            <label2>$INFO[Skin.String(CustomRating.TVShows.Item06)]</label2>
            <visible>Skin.HasSetting(CustomRating.TVShows.DisablePremiereStatus)</visible>
            <onclick>SetProperty(ConfigureRatingItem,Item06,Home)</onclick>
            <onclick>SetProperty(ConfigureRatingContent,TVShows,Home)</onclick>
            <onclick>ActivateWindow(1119)</onclick>
        </include>

        <include content="Settings_Label" description="Details">
            <param name="window">skinsettings</param>
            <param name="baseid">$PARAM[baseid]</param>
            <param name="id">020</param>
            <label>$LOCALIZE[31235]</label>
        </include>

        <include content="Settings_Button" description="CustomDialog Indicators">
            <param name="dialog">false</param>
            <param name="window">skinsettings</param>
            <param name="baseid">$PARAM[baseid]</param>
            <param name="id">021</param>
            <label>$LOCALIZE[31234]</label>
            <onclick>SetProperty(CustomDialogSettingsItems,Items_Settings_Indicators,Home)</onclick>
            <onclick>SetProperty(CustomDialogSettingsTitle,$LOCALIZE[31235],Home)</onclick>
            <onclick>ActivateWindow(1118)</onclick>
        </include>

        <include content="Settings_Label" description="Details">
            <param name="window">skinsettings</param>
            <param name="baseid">$PARAM[baseid]</param>
            <param name="id">025</param>
            <label>$LOCALIZE[31491]</label>
        </include>

        <include content="Settings_Button" description="TMDbHelper for PVR">
            <param name="dialog">false</param>
            <param name="window">skinsettings</param>
            <param name="baseid">$PARAM[baseid]</param>
            <param name="id">026</param>
            <param name="control">radiobutton</param>
            <label>PVR > $LOCALIZE[31435]</label>
            <onclick>Skin.ToggleSetting(TMDbHelper.DisablePVR)</onclick>
            <selected>!Skin.HasSetting(TMDbHelper.DisablePVR)</selected>
        </include>
    </include>

    <!-- Other -->
    <include name="SkinSettings_Items_Other">
        <include content="Settings_Label" description="Mouse and Keyboard">
            <param name="window">skinsettings</param>
            <param name="baseid">$PARAM[baseid]</param>
            <param name="id">001</param>
            <label>$LOCALIZE[14125]</label>
        </include>
        <include content="Settings_Button" description="">
            <param name="dialog">false</param>
            <param name="window">skinsettings</param>
            <param name="baseid">$PARAM[baseid]</param>
            <param name="id">002</param>
            <param name="control">button</param>
            <label>$LOCALIZE[31171]</label>
            <label2>$VAR[Label_Settings_KeyboardSize]</label2>
            <onclick>Skin.ToggleSetting(Keyboard.MiniSized)</onclick>
        </include>
        <include content="Settings_Button" description="">
            <param name="dialog">false</param>
            <param name="window">skinsettings</param>
            <param name="baseid">$PARAM[baseid]</param>
            <param name="id">003</param>
            <param name="control">button</param>
            <param name="reload">true</param>
            <label>$LOCALIZE[31094]</label>
            <label2>$INFO[Skin.String(Mouse.PointerSize)]</label2>
            <onclick condition="Skin.String(Mouse.PointerSize,32px) | String.IsEmpty(Skin.String(Mouse.PointerSize))">Skin.SetString(Mouse.PointerSize,48px)</onclick>
            <onclick condition="Skin.String(Mouse.PointerSize,48px)">Skin.SetString(Mouse.PointerSize,64px)</onclick>
            <onclick condition="Skin.String(Mouse.PointerSize,64px)">Skin.SetString(Mouse.PointerSize,32px)</onclick>
        </include>

        <include content="Settings_Label" description="Startup">
            <param name="window">skinsettings</param>
            <param name="baseid">$PARAM[baseid]</param>
            <param name="id">004</param>
            <label>$LOCALIZE[12999]</label>
        </include>
        <include content="Settings_Button" description="Startup Init Screen">
            <param name="dialog">false</param>
            <param name="window">skinsettings</param>
            <param name="baseid">$PARAM[baseid]</param>
            <param name="id">005</param>
            <param name="control">radiobutton</param>
            <label>$LOCALIZE[31428]</label>
            <onclick>Skin.ToggleSetting(Startup.WaitForLoad)</onclick>
            <selected>Skin.HasSetting(Startup.WaitForLoad)</selected>
        </include>
        <include content="Settings_Button" description="Startup Init Screen Hubs">
            <param name="dialog">false</param>
            <param name="window">skinsettings</param>
            <param name="baseid">$PARAM[baseid]</param>
            <param name="id">006</param>
            <param name="control">radiobutton</param>
            <label> - $LOCALIZE[31114]</label>
            <visible>Skin.HasSetting(Startup.WaitForLoad)</visible>
            <onclick>Skin.ToggleSetting(Startup.WaitForLoad.DisableForHubs)</onclick>
            <selected>!Skin.HasSetting(Startup.WaitForLoad.DisableForHubs)</selected>
        </include>
        <include content="Settings_Button" description="Startup Init Screen Library">
            <param name="dialog">false</param>
            <param name="window">skinsettings</param>
            <param name="baseid">$PARAM[baseid]</param>
            <param name="id">007</param>
            <param name="control">radiobutton</param>
            <label> - $LOCALIZE[14022]</label>
            <visible>Skin.HasSetting(Startup.WaitForLoad)</visible>
            <onclick>Skin.ToggleSetting(Startup.WaitForLoad.EnableForLibrary)</onclick>
            <selected>Skin.HasSetting(Startup.WaitForLoad.EnableForLibrary)</selected>
        </include>
        <include content="Settings_Button" description="Widget profiles">
            <param name="dialog">false</param>
            <param name="window">skinsettings</param>
            <param name="baseid">$PARAM[baseid]</param>
            <param name="id">008</param>
            <param name="control">radiobutton</param>
            <label>$LOCALIZE[31506] ($LOCALIZE[31507])</label>
            <onclick>Skin.Reset(SkinVariables.SkinUser.Name)</onclick>
            <onclick>Skin.Reset(SkinVariables.SkinUser.Icon)</onclick>
            <onclick>Skin.Reset(SkinVariables.SkinUser)</onclick>
            <onclick>Skin.ToggleSetting(SkinUserLogin.Disabled)</onclick>
            <selected>!Skin.HasSetting(SkinUserLogin.Disabled)</selected>
        </include>
        <include content="Settings_Button" description="Widget profiles">
            <param name="dialog">false</param>
            <param name="window">skinsettings</param>
            <param name="baseid">$PARAM[baseid]</param>
            <param name="id">009</param>
            <param name="control">radiobutton</param>
            <label>$LOCALIZE[31505]</label>
            <onclick>Skin.ToggleSetting(SkinUserLogin.StartupLoginScreen)</onclick>
            <selected>Skin.HasSetting(SkinUserLogin.StartupLoginScreen)</selected>
            <visible>!Skin.HasSetting(SkinUserLogin.Disabled)</visible>
        </include>
    </include>

    <!-- Expert -->
    <include name="SkinSettings_Items_Expert">
        <include content="Settings_Label" description="Expert">
            <param name="window">skinsettings</param>
            <param name="baseid">$PARAM[baseid]</param>
            <param name="id">001</param>
            <label>$LOCALIZE[10039]</label>
        </include>
        <include content="Settings_Button" description="Nuke Everything">
            <param name="dialog">false</param>
            <param name="window">skinsettings</param>
            <param name="baseid">$PARAM[baseid]</param>
            <param name="id">002</param>
            <label>$LOCALIZE[31374]</label>
            <onclick>SetProperty(StartupReplaceWindow,skinsettings,Home)</onclick>
            <onclick>Skin.ResetSettings</onclick>
            <onclick>ActivateWindow(1198)</onclick>
        </include>
        <include content="Settings_Button" description="Nuke Search History">
            <param name="dialog">false</param>
            <param name="window">skinsettings</param>
            <param name="baseid">$PARAM[baseid]</param>
            <param name="id">003</param>
            <label>$LOCALIZE[31376]</label>
            <visible>!String.IsEmpty(Skin.String(SearchHistory))</visible>
            <onclick>Skin.Reset(SearchHistory)</onclick>
        </include>
        <include content="Settings_Button" description="Mouse widget control">
            <param name="dialog">false</param>
            <param name="window">skinsettings</param>
            <param name="baseid">$PARAM[baseid]</param>
            <param name="id">004</param>
            <param name="control">radiobutton</param>
            <param name="reload">true</param>
            <label>$LOCALIZE[31036]</label>
            <onclick>Skin.ToggleSetting(MouseTouchMode)</onclick>
            <selected>Skin.HasSetting(MouseTouchMode)</selected>
        </include>
        <include content="Settings_Button" description="Holiday Theme">
            <param name="dialog">false</param>
            <param name="window">skinsettings</param>
            <param name="baseid">$PARAM[baseid]</param>
            <param name="id">005</param>
            <param name="control">radiobutton</param>
            <label>$LOCALIZE[31510]</label>
            <onclick>Skin.ToggleSetting(EnableHolidayTheme)</onclick>
            <selected>Skin.HasSetting(EnableHolidayTheme)</selected>
        </include>
        <include content="Settings_Button" description="Holiday Theme: Winter Frost">
            <param name="dialog">false</param>
            <param name="window">skinsettings</param>
            <param name="baseid">$PARAM[baseid]</param>
            <param name="id">006</param>
            <param name="control">radiobutton</param>
            <param name="reload">true</param>
            <label>$LOCALIZE[31116]</label>
            <onclick>Skin.ToggleSetting(HolidayMode.Frost)</onclick>
            <selected>Skin.HasSetting(HolidayMode.Frost)</selected>
            <visible>Skin.HasSetting(EnableHolidayTheme)</visible>
            <enable>!Skin.HasSetting(HolidayMode.Australia)</enable>
        </include>
        <include content="Settings_Button" description="Holiday Theme: Australian Summer">
            <param name="dialog">false</param>
            <param name="window">skinsettings</param>
            <param name="baseid">$PARAM[baseid]</param>
            <param name="id">007</param>
            <param name="control">radiobutton</param>
            <label>$LOCALIZE[31115]</label>
            <onclick>Skin.ToggleSetting(HolidayMode.Australia)</onclick>
            <selected>Skin.HasSetting(HolidayMode.Australia)</selected>
            <visible>Skin.HasSetting(EnableHolidayTheme)</visible>
        </include>


        <include content="Settings_Label" description="Dependencies">
            <param name="window">skinsettings</param>
            <param name="baseid">$PARAM[baseid]</param>
            <param name="id">008</param>
            <label>$LOCALIZE[39024]</label>
        </include>
        <include content="Settings_Button">
            <param name="dialog">false</param>
            <param name="window">skinsettings</param>
            <param name="baseid">$PARAM[baseid]</param>
            <param name="id">009</param>
            <param name="control">radiobutton</param>
            <label>plugin.video.themoviedb.helper</label>
            <label2>$INFO[System.AddonVersion(plugin.video.themoviedb.helper),v,       ]</label2>
            <onclick condition="!System.HasAddon(plugin.video.themoviedb.helper)">InstallAddon(plugin.video.themoviedb.helper)</onclick>
            <onclick condition="!System.AddonIsEnabled(plugin.video.themoviedb.helper) + System.HasAddon(plugin.video.themoviedb.helper)">EnableAddon(plugin.video.themoviedb.helper)</onclick>
            <onclick condition="System.AddonIsEnabled(plugin.video.themoviedb.helper) + System.HasAddon(plugin.video.themoviedb.helper)">Addon.OpenSettings(plugin.video.themoviedb.helper)</onclick>
            <selected>System.AddonIsEnabled(plugin.video.themoviedb.helper) + System.HasAddon(plugin.video.themoviedb.helper)</selected>
        </include>

        <include content="Settings_Button">
            <param name="dialog">false</param>
            <param name="window">skinsettings</param>
            <param name="baseid">$PARAM[baseid]</param>
            <param name="id">010</param>
            <param name="control">radiobutton</param>
            <label>script.skinvariables</label>
            <label2>$INFO[System.AddonVersion(script.skinvariables),v,       ]</label2>
            <onclick condition="!System.HasAddon(script.skinvariables)">InstallAddon(script.skinvariables)</onclick>
            <onclick condition="!System.AddonIsEnabled(script.skinvariables) + System.HasAddon(script.skinvariables)">EnableAddon(script.skinvariables)</onclick>
            <onclick condition="System.AddonIsEnabled(script.skinvariables) + System.HasAddon(script.skinvariables)">Addon.OpenSettings(script.skinvariables)</onclick>
            <selected>System.AddonIsEnabled(script.skinvariables) + System.HasAddon(script.skinvariables)</selected>
        </include>

        <include content="Settings_Button">
            <param name="dialog">false</param>
            <param name="window">skinsettings</param>
            <param name="baseid">$PARAM[baseid]</param>
            <param name="id">011</param>
            <param name="control">radiobutton</param>
            <label>script.texturemaker</label>
            <label2>$INFO[System.AddonVersion(script.texturemaker),v,       ]</label2>
            <onclick condition="!System.HasAddon(script.texturemaker)">InstallAddon(script.texturemaker)</onclick>
            <onclick condition="!System.AddonIsEnabled(script.texturemaker) + System.HasAddon(script.texturemaker)">EnableAddon(script.texturemaker)</onclick>
            <onclick condition="System.AddonIsEnabled(script.texturemaker) + System.HasAddon(script.texturemaker)">Addon.OpenSettings(script.texturemaker)</onclick>
            <selected>System.AddonIsEnabled(script.texturemaker) + System.HasAddon(script.texturemaker)</selected>
        </include>

        <include content="Settings_Button">
            <param name="dialog">false</param>
            <param name="window">skinsettings</param>
            <param name="baseid">$PARAM[baseid]</param>
            <param name="id">012</param>
            <param name="control">radiobutton</param>
            <label>script.artistslideshow</label>
            <label2>$INFO[System.AddonVersion(script.artistslideshow),v,       ]</label2>
            <onclick condition="!System.HasAddon(script.artistslideshow)">InstallAddon(script.artistslideshow)</onclick>
            <onclick condition="!System.AddonIsEnabled(script.artistslideshow) + System.HasAddon(script.artistslideshow)">EnableAddon(script.artistslideshow)</onclick>
            <onclick condition="System.AddonIsEnabled(script.artistslideshow) + System.HasAddon(script.artistslideshow)">Addon.OpenSettings(script.artistslideshow)</onclick>
            <selected>System.AddonIsEnabled(script.artistslideshow) + System.HasAddon(script.artistslideshow)</selected>
        </include>

        <include content="Settings_Button">
            <param name="dialog">false</param>
            <param name="window">skinsettings</param>
            <param name="baseid">$PARAM[baseid]</param>
            <param name="id">013</param>
            <param name="control">radiobutton</param>
            <label>resource.images.arctic.waves</label>
            <label2>$INFO[System.AddonVersion(resource.images.arctic.waves),v,       ]</label2>
            <onclick condition="!System.HasAddon(resource.images.arctic.waves)">InstallAddon(resource.images.arctic.waves)</onclick>
            <onclick condition="!System.AddonIsEnabled(resource.images.arctic.waves) + System.HasAddon(resource.images.arctic.waves)">EnableAddon(resource.images.arctic.waves)</onclick>
            <onclick condition="System.AddonIsEnabled(resource.images.arctic.waves) + System.HasAddon(resource.images.arctic.waves)">Addon.OpenSettings(resource.images.arctic.waves)</onclick>
            <selected>System.AddonIsEnabled(resource.images.arctic.waves) + System.HasAddon(resource.images.arctic.waves)</selected>
        </include>

        <include content="Settings_Button">
            <param name="dialog">false</param>
            <param name="window">skinsettings</param>
            <param name="baseid">$PARAM[baseid]</param>
            <param name="id">014</param>
            <param name="control">radiobutton</param>
            <label>resource.images.weatherfanart.multi</label>
            <label2>$INFO[System.AddonVersion(resource.images.weatherfanart.multi),v,       ]</label2>
            <onclick condition="!System.HasAddon(resource.images.weatherfanart.multi)">InstallAddon(resource.images.weatherfanart.multi)</onclick>
            <onclick condition="!System.AddonIsEnabled(resource.images.weatherfanart.multi) + System.HasAddon(resource.images.weatherfanart.multi)">EnableAddon(resource.images.weatherfanart.multi)</onclick>
            <onclick condition="System.AddonIsEnabled(resource.images.weatherfanart.multi) + System.HasAddon(resource.images.weatherfanart.multi)">Addon.OpenSettings(resource.images.weatherfanart.multi)</onclick>
            <selected>System.AddonIsEnabled(resource.images.weatherfanart.multi) + System.HasAddon(resource.images.weatherfanart.multi)</selected>
        </include>

        <include content="Settings_Button">
            <param name="dialog">false</param>
            <param name="window">skinsettings</param>
            <param name="baseid">$PARAM[baseid]</param>
            <param name="id">015</param>
            <param name="control">radiobutton</param>
            <label>resource.images.moviecountryicons.maps</label>
            <label2>$INFO[System.AddonVersion(resource.images.moviecountryicons.maps),v,       ]</label2>
            <onclick condition="!System.HasAddon(resource.images.moviecountryicons.maps)">InstallAddon(resource.images.moviecountryicons.maps)</onclick>
            <onclick condition="!System.AddonIsEnabled(resource.images.moviecountryicons.maps) + System.HasAddon(resource.images.moviecountryicons.maps)">EnableAddon(resource.images.moviecountryicons.maps)</onclick>
            <onclick condition="System.AddonIsEnabled(resource.images.moviecountryicons.maps) + System.HasAddon(resource.images.moviecountryicons.maps)">Addon.OpenSettings(resource.images.moviecountryicons.maps)</onclick>
            <selected>System.AddonIsEnabled(resource.images.moviecountryicons.maps) + System.HasAddon(resource.images.moviecountryicons.maps)</selected>
        </include>

        <include content="Settings_Button">
            <param name="dialog">false</param>
            <param name="window">skinsettings</param>
            <param name="baseid">$PARAM[baseid]</param>
            <param name="id">016</param>
            <param name="control">radiobutton</param>
            <label>resource.images.studios.white</label>
            <label2>$INFO[System.AddonVersion(resource.images.studios.white),v,       ]</label2>
            <onclick condition="!System.HasAddon(resource.images.studios.white)">InstallAddon(resource.images.studios.white)</onclick>
            <onclick condition="!System.AddonIsEnabled(resource.images.studios.white) + System.HasAddon(resource.images.studios.white)">EnableAddon(resource.images.studios.white)</onclick>
            <onclick condition="System.AddonIsEnabled(resource.images.studios.white) + System.HasAddon(resource.images.studios.white)">Addon.OpenSettings(resource.images.studios.white)</onclick>
            <selected>System.AddonIsEnabled(resource.images.studios.white) + System.HasAddon(resource.images.studios.white)</selected>
        </include>

        <include content="Settings_Button">
            <param name="dialog">false</param>
            <param name="window">skinsettings</param>
            <param name="baseid">$PARAM[baseid]</param>
            <param name="id">017</param>
            <param name="control">radiobutton</param>
            <label>service.upnext</label>
            <label2>$INFO[System.AddonVersion(service.upnext),v,       ]</label2>
            <onclick condition="!System.HasAddon(service.upnext)">InstallAddon(service.upnext)</onclick>
            <onclick condition="!System.AddonIsEnabled(service.upnext) + System.HasAddon(service.upnext)">EnableAddon(service.upnext)</onclick>
            <onclick condition="System.AddonIsEnabled(service.upnext) + System.HasAddon(service.upnext)">Addon.OpenSettings(service.upnext)</onclick>
            <selected>System.AddonIsEnabled(service.upnext) + System.HasAddon(service.upnext)</selected>
        </include>

        <include content="Settings_Label" description="Debug">
            <param name="window">skinsettings</param>
            <param name="baseid">$PARAM[baseid]</param>
            <param name="id">018</param>
            <label>$LOCALIZE[14260]</label>
        </include>
        <include content="Settings_Button" description="Debug Info">
            <param name="dialog">false</param>
            <param name="window">skinsettings</param>
            <param name="baseid">$PARAM[baseid]</param>
            <param name="id">019</param>
            <param name="control">radiobutton</param>
            <label>$LOCALIZE[19033]</label>
            <onclick>Skin.ToggleSetting(DebugInfo)</onclick>
            <selected>Skin.HasSetting(DebugInfo)</selected>
        </include>
        <include content="Settings_Button" description="Debug Grid">
            <param name="dialog">false</param>
            <param name="window">skinsettings</param>
            <param name="baseid">$PARAM[baseid]</param>
            <param name="id">020</param>
            <param name="control">radiobutton</param>
            <label>$LOCALIZE[31223]</label>
            <onclick>Skin.ToggleSetting(DebugGrid)</onclick>
            <selected>Skin.HasSetting(DebugGrid)</selected>
        </include>

        <include content="Settings_Button" description="Test DialogNumeric.xml">
            <param name="dialog">false</param>
            <param name="window">skinsettings</param>
            <param name="baseid">$PARAM[baseid]</param>
            <param name="id">091</param>
            <param name="control">button</param>
            <label>DialogNumeric.xml</label>
            <onclick>Runscript(script.skinvariables,run_dialog=numeric,heading=Heading,type=3)</onclick>
        </include>
        <include content="Settings_Button" description="Test DialogKeyboard.xml">
            <param name="dialog">false</param>
            <param name="window">skinsettings</param>
            <param name="baseid">$PARAM[baseid]</param>
            <param name="id">092</param>
            <param name="control">button</param>
            <label>DialogKeyboard.xml</label>
            <onclick>Runscript(script.skinvariables,run_dialog=input,heading=Heading)</onclick>
        </include>
        <include content="Settings_Button" description="Test DialogConfirm.xml">
            <param name="dialog">false</param>
            <param name="window">skinsettings</param>
            <param name="baseid">$PARAM[baseid]</param>
            <param name="id">093</param>
            <param name="control">button</param>
            <label>DialogConfirm.xml</label>
            <label2>YesNoCustom</label2>
            <onclick>Runscript(script.skinvariables,run_dialog=yesnocustom,heading=Heading,message=Message)</onclick>
        </include>
        <include content="Settings_Button" description="Test DialogConfirm.xml">
            <param name="dialog">false</param>
            <param name="window">skinsettings</param>
            <param name="baseid">$PARAM[baseid]</param>
            <param name="id">094</param>
            <param name="control">button</param>
            <label>DialogConfirm.xml</label>
            <label2>Progress</label2>
            <onclick>Runscript(script.skinvariables,run_progressdialog,heading=Heading,message=Message,polling=0.025)</onclick>
        </include>
        <include content="Settings_Button" description="Test DialogExtendedProgress.xml">
            <param name="dialog">false</param>
            <param name="window">skinsettings</param>
            <param name="baseid">$PARAM[baseid]</param>
            <param name="id">095</param>
            <param name="control">button</param>
            <label>DialogExtendedProgress.xml</label>
            <label2>Standard</label2>
            <onclick>Runscript(script.skinvariables,run_progressdialog,background,heading=Heading,message=Message,polling=0.025)</onclick>
        </include>
        <include content="Settings_Button" description="Test DialogExtendedProgress.xml">
            <param name="dialog">false</param>
            <param name="window">skinsettings</param>
            <param name="baseid">$PARAM[baseid]</param>
            <param name="id">096</param>
            <param name="control">button</param>
            <label>DialogExtendedProgress.xml</label>
            <label2>Busy</label2>
            <onclick>ActivateWindow(busydialognocancel)</onclick>
            <onclick>Runscript(script.skinvariables,run_progressdialog,background,heading=Heading,message=Message,polling=0.05)</onclick>
            <onclick>AlarmClock(closebusy,Dialog.Close(busydialognocancel),00:03,silent)</onclick>
        </include>
    </include>

    <!-- Thanks -->
    <include name="SkinSettings_Items_Thanks">
        <include content="Settings_Label" description="Thanks">
            <param name="window">skinsettings</param>
            <param name="baseid">$PARAM[baseid]</param>
            <param name="id">001</param>
            <label>$LOCALIZE[31350]</label>
        </include>
        <control type="textbox" id="$PARAM[baseid]002">
            <font>font_mini_plot</font>
            <textcolor>main_fg_70</textcolor>
            <top>20</top>
            <height>600</height>
            <autoscroll delay="6000" time="3000" repeat="10000">true</autoscroll>
            <label>$LOCALIZE[31095][CR](AR) taiseer999, (DE) peat80  jamal2362, (PT) Havokdan, (IT) seppiola, (UA) dmt1z, (FR) Bindou, (ES) gtkingbuild, (RU) StellaLupus, (FI) Lam4hound, (ZH) kalifun[CR][CR]To all my amazing supporters on Ko-fi, thank-you![CR][CR]A special thanks and happy new year to this month's supporters. Cheers![CR]anon ugug FattyKidd Muaad_Badurdeen Георги_Антонов Bindou Rinicko booyakafoo Blacky Ivan George masked__rider Luca Adamosoborne83</label>
            <left>40</left>
            <right>40</right>
            <visible>Container(10000).HasFocus($PARAM[baseid])</visible>
        </control>
    </include>

</includes>