<?xml version="1.0" encoding="UTF-8"?>
<includes>

    <include name="Furniture_Topbar_Group">
        <control type="group">
            <nested />
            <include>Dimension_Topbar</include>
        </control>
    </include>

    <include name="Furniture_Bottombar_Group">
        <control type="group">
            <nested />
            <include>Dimension_Bottombar</include>
        </control>
    </include>

    <include name="Furniture_Top">
        <param name="label">[CAPITALIZE]$VAR[Label_Header_Main][/CAPITALIZE]</param>
        <param name="enabled">true</param>
        <param name="clock">Skin.HasSetting(Furniture.EnableClock.TopLeft)</param>
        <param name="clock_toplabel">$INFO[System.Time]</param>
        <param name="minify">true</param>
        <definition>
            <include content="Furniture_Topbar_Group" condition="$PARAM[enabled]">
                <nested />
                <include content="Furniture_Gutters">
                    <include content="Furniture_Clock" condition="$PARAM[clock] + !Skin.HasSetting(Furniture.TopLeftClock.LabelOnly)">
                        <param name="minify">$PARAM[minify]</param>
                        <param name="flipx">false</param>
                        <param name="toplabel">$PARAM[clock_toplabel]</param>
                        <param name="bottomlabel">$PARAM[label]</param>
                        <param name="topshadowcolor">main_bg_30</param>
                        <param name="bottomshadowcolor">main_bg_30</param>
                        <param name="bottomcolor">main_fg_90</param>
                        <param name="topfont">font_mini</param>
                        <param name="bottomfont">font_tiny</param>
                        <param name="centerfont">font_mini</param>
                    </include>
                    <include content="Furniture_ClockLabel" condition="$PARAM[clock] + Skin.HasSetting(Furniture.TopLeftClock.LabelOnly)">
                        <param name="minify">$PARAM[minify]</param>
                        <param name="flipx">false</param>
                        <param name="toplabel">$PARAM[clock_toplabel]</param>
                        <param name="bottomlabel">$PARAM[label]</param>
                        <param name="topshadowcolor">main_bg_30</param>
                        <param name="bottomshadowcolor">main_bg_30</param>
                        <param name="bottomcolor">main_fg_90</param>
                        <param name="topfont">font_mini_black</param>
                        <param name="bottomfont">font_tiny</param>
                        <param name="centerfont">font_mini_black</param>
                    </include>
                    <include content="Furniture_MainLabel" condition="!$PARAM[clock]">
                        <param name="id">$PARAM[id]</param>
                        <param name="textcolor">$PARAM[textcolor]</param>
                        <aligny>center</aligny>
                        <label>$PARAM[label]</label>
                    </include>
                </include>
            </include>
        </definition>
    </include>

    <include name="Furniture_Bottom_Right">
        <definition>
            <include content="Furniture_Bottombar_Group">
                <include content="Furniture_Gutters">

                    <control type="group">
                        <visible>!Player.HasMedia | Skin.HasSetting(Furniture.DisableNowPlaying)</visible>
                        <include content="Info_Studio" condition="![Skin.HasSetting(Furniture.EnableClock) | $EXP[Exp_Furniture_PVR]]">
                            <centertop>50%</centertop>
                        </include>
                        <include content="Furniture_Clock" condition="Skin.HasSetting(Furniture.EnableClock)">
                            <param name="flipx">true</param>
                        </include>
                    </control>

                    <control type="group">
                        <visible>Player.HasMedia + !Skin.HasSetting(Furniture.DisableNowPlaying)</visible>
                        <right>-20</right>
                        <height>80</height>
                        <centertop>50%</centertop>
                        <control type="group">
                            <width>80</width>
                            <right>0</right>
                            <include content="Info_Codec_LabelIcon">
                                <param name="icon">$VAR[Image_NowPlaying_PlayPause]</param>
                                <centerleft>50%</centerleft>
                            </include>
                            <control type="image">
                                <bordersize>-4</bordersize>
                                <texture colordiffuse="$VAR[ColorHighlight]">$INFO[Player.Progress,progress/circle/p,.png]</texture>
                                <aspectratio align="center" aligny="center">keep</aspectratio>
                            </control>
                            <control type="image">
                                <bordersize>-4</bordersize>
                                <texture colordiffuse="$VAR[ColorGradient]">$INFO[Player.Progress,progress/circle/p,.png]</texture>
                                <animation effect="fade" end="66" condition="true">Conditional</animation>
                                <aspectratio align="center" aligny="center">keep</aspectratio>
                                <include content="Defs_Progress_Colorfade">
                                    <param name="id">933</param>
                                </include>
                            </control>
                            <control type="progress" id="933">
                                <height>1</height>
                                <width>1</width>
                                <left>-1000</left>
                                <texturebg />
                                <lefttexture />
                                <midtexture />
                                <righttexture />
                                <info>Player.Progress</info>
                                <visible>false</visible>
                            </control>
                        </control>
                        <control type="group">
                            <right>80</right>
                            <control type="label">
                                <height>10</height>
                                <top>22</top>
                                <label>$VAR[Label_NowPlayingTitle]</label>
                                <align>right</align>
                                <font>font_mini_black</font>
                                <textcolor>main_fg_90</textcolor>
                            </control>
                            <control type="label">
                                <height>10</height>
                                <bottom>22</bottom>
                                <label>$VAR[Label_NowPlayingSubLabel,, • ]$INFO[Player.Time]$INFO[Player.Duration, / ,]</label>
                                <align>right</align>
                                <font>font_tiny</font>
                                <textcolor>main_fg_70</textcolor>
                            </control>
                        </control>
                    </control>
                </include>
            </include>
        </definition>
    </include>

    <include name="Furniture_Bottom_Left">
        <param name="enabled">true</param>
        <definition>
            <include content="Furniture_Bottombar_Group" condition="$PARAM[enabled]">
                <include content="Furniture_Gutters">
                    <include content="Info_Media" condition="!$EXP[Exp_Furniture_PVR]">
                        <param name="align">left</param>
                        <param name="container">$PARAM[container]</param>
                    </include>
                </include>
                <nested />
            </include>
        </definition>
    </include>

    <include name="Furniture_Bottom">
        <include>Furniture_Bottom_Left</include>
        <include>Furniture_Bottom_Right</include>
    </include>

    <include name="Furniture_Gutters">
        <control type="group">
            <top>view_gutter</top>
            <bottom>view_gutter</bottom>
            <nested />
        </control>
    </include>

    <include name="Furniture_MainLabel">
        <param name="textcolor">main_fg_100</param>
        <definition>
            <control type="label" id="$PARAM[id]">
                <nested />
                <font>font_midi_black</font>
                <textcolor>$PARAM[textcolor]</textcolor>
            </control>
        </definition>
    </include>

    <include name="Furniture_MenuLabel">
        <param name="textcolor">main_fg_100</param>
        <definition>
            <control type="label" id="$PARAM[id]">
                <nested />
                <font>font_main_black</font>
                <textcolor>$PARAM[textcolor]</textcolor>
            </control>
        </definition>
    </include>

    <include name="Furniture_MiniLabel">
        <param name="textcolor">main_fg_70</param>
        <definition>
            <control type="label" id="$PARAM[id]">
                <nested />
                <font>font_mini</font>
                <textcolor>$PARAM[textcolor]</textcolor>
            </control>
        </definition>
    </include>

    <include name="Furniture_BusyIcon">
        <param name="hasspinner">false</param>
        <param name="hasprogress">false</param>
        <param name="haslabel">true</param>
        <param name="hasicon">true</param>
        <param name="spinspinner">false</param>
        <param name="icon">special://skin/extras/icons/kodi.png</param>
        <definition>
            <control type="group">
                <description>Busy animation</description>
                <height>80</height>
                <width>80</width>
                <nested />
                <include content="Info_Codec_LabelIcon" condition="$PARAM[hasicon]">
                    <param name="icon">$PARAM[icon]</param>
                    <centerleft>50%</centerleft>
                </include>
                <include content="Object_Control" condition="$PARAM[hasspinner]">
                    <param name="control">group</param>
                    <description>Busy animation</description>
                    <animation effect="rotate" condition="$PARAM[spinspinner]" start="0" end="360" loop="true" time="1000" center="auto">Conditional</animation>
                    <control type="image">
                        <bordersize>-4</bordersize>
                        <texture colordiffuse="$VAR[ColorHighlight]">dialog/loading-spinner.png</texture>
                        <aspectratio>keep</aspectratio>
                    </control>
                    <control type="image">
                        <bordersize>-4</bordersize>
                        <texture colordiffuse="$VAR[ColorGradient]">dialog/loading-spinner.png</texture>
                        <aspectratio>keep</aspectratio>
                        <animation effect="fade" condition="$PARAM[spinspinner]" start="0" end="100" pulse="true" time="1000">Conditional</animation>
                    </control>
                </include>
                <include content="Object_Control" condition="$PARAM[hasprogress]">
                    <param name="control">group</param>
                    <description>Busy animation</description>
                    <animation effect="rotate" condition="$PARAM[spinspinner]" start="0" end="360" loop="true" time="2000" center="auto">Conditional</animation>
                    <description>Busy animation</description>
                    <control type="image">
                        <bordersize>-4</bordersize>
                        <texture colordiffuse="$VAR[ColorHighlight]">$INFO[$PARAM[progress],progress/circle/p,.png]</texture>
                        <aspectratio align="center" aligny="center">keep</aspectratio>
                    </control>
                    <control type="image">
                        <bordersize>-4</bordersize>
                        <texture colordiffuse="$VAR[ColorGradient]">$INFO[$PARAM[progress],progress/circle/p,.png]</texture>
                        <animation effect="fade" end="66" condition="true">Conditional</animation>
                        <aspectratio align="center" aligny="center">keep</aspectratio>
                        <include content="Defs_Progress_Colorfade">
                            <param name="id">$PARAM[progress_id]</param>
                        </include>
                    </control>
                </include>
            </control>
        </definition>
    </include>

    <include name="Furniture_Busy">
        <param name="mainlabel">$LOCALIZE[20186]</param>
        <param name="minilabel">$LOCALIZE[31023]...</param>
        <param name="hasspinner">false</param>
        <param name="hasprogress">false</param>
        <param name="haslabel">true</param>
        <param name="hasicon">true</param>
        <param name="spinspinner">false</param>
        <!-- <param name="spinspinner">Window.IsVisible(DialogBusy.xml)</param> -->
        <definition>
            <control type="group">
                <centertop>100</centertop>
                <height>80</height>
                <width>480</width>
                <!-- <left>60</left> -->
                <right>60</right>
                <control type="group">
                    <!-- <top>-320</top> -->
                    <include content="Dialog_Background_Blur">
                        <param name="flipy">true</param>
                        <param name="aspectratio">scale</param>
                        <param name="diffuse">diffuse/dialog_w480_h80.png</param>
                        <param name="border">0</param>
                    </include>
                    <control type="image">
                        <texture colordiffuse="dialog_fg_12" border="20">common/dialog.png</texture>
                    </control>
                </control>

                <include content="Furniture_BusyIcon">
                    <param name="hasspinner">$PARAM[hasspinner]</param>
                    <param name="hasprogress">$PARAM[hasprogress]</param>
                    <param name="haslabel">$PARAM[haslabel]</param>
                    <param name="hasicon">$PARAM[hasicon]</param>
                    <param name="spinspinner">$PARAM[spinspinner]</param>
                    <param name="icon">$PARAM[icon]</param>
                    <param name="progress">$PARAM[progress]</param>
                    <param name="progress_id">$PARAM[progress_id]</param>
                    <right>0</right>
                </include>

                <nested />

                <control type="label" id="$PARAM[mainlabel_id]">
                    <height>10</height>
                    <top>22</top>
                    <left>20</left>
                    <right>80</right>
                    <align>left</align>
                    <label>$PARAM[mainlabel]</label>
                    <font>font_mini_black</font>
                    <!-- <textcolor>main_fg_90</textcolor>
                    <shadowcolor>main_bg_70</shadowcolor> -->
                    <textcolor>dialog_fg_90</textcolor>
                </control>
                <control type="label" id="$PARAM[minilabel_id]">
                    <height>10</height>
                    <bottom>22</bottom>
                    <left>20</left>
                    <right>80</right>
                    <align>left</align>
                    <label>$PARAM[minilabel]</label>
                    <font>font_tiny</font>
                    <!-- <textcolor>main_fg_70</textcolor>
                    <shadowcolor>main_bg_70</shadowcolor> -->
                    <textcolor>dialog_fg_70</textcolor>
                </control>
            </control>
        </definition>
    </include>

    <include name="Furniture_ClockLabel">
        <param name="flipx">true</param>
        <param name="toplabel">$INFO[System.Time]</param>
        <param name="bottomlabel">$INFO[System.Date]</param>
        <param name="topcolor">main_fg_90</param>
        <param name="bottomcolor">main_fg_70</param>
        <param name="minify">!Skin.HasSetting(Furniture.ExpandClock)</param>
        <param name="topfont">font_mini_black</param>
        <param name="bottomfont">font_tiny</param>
        <param name="centerfont">font_mini</param>
        <definition>
            <control type="group">
                <include content="Object_Left" condition="!$PARAM[flipx]">
                    <param name="left">0</param>
                </include>
                <include content="Object_Right" condition="$PARAM[flipx]">
                    <param name="right">0</param>
                </include>
                <height>80</height>
                <centertop>50%</centertop>
                <control type="group">
                    <control type="label">
                        <height>10</height>
                        <centertop>50%</centertop>
                        <label>$PARAM[toplabel]</label>
                        <include content="Object_Align" condition="!$PARAM[flipx]">
                            <param name="align">left</param>
                        </include>
                        <include content="Object_Align" condition="$PARAM[flipx]">
                            <param name="align">right</param>
                        </include>
                        <font>$PARAM[centerfont]</font>
                        <textcolor>$PARAM[bottomcolor]</textcolor>
                        <shadowcolor>$PARAM[bottomshadowcolor]</shadowcolor>
                        <visible>[$PARAM[minify]]</visible>
                        <include content="Animation_Fade_Out">
                            <param name="type">Hidden</param>
                        </include>
                    </control>
                    <control type="label">
                        <height>10</height>
                        <top>22</top>
                        <label>$PARAM[toplabel]</label>
                        <include content="Object_Align" condition="!$PARAM[flipx]">
                            <param name="align">left</param>
                        </include>
                        <include content="Object_Align" condition="$PARAM[flipx]">
                            <param name="align">right</param>
                        </include>
                        <font>$PARAM[topfont]</font>
                        <textcolor>$PARAM[topcolor]</textcolor>
                        <shadowcolor>$PARAM[topshadowcolor]</shadowcolor>
                        <visible>![$PARAM[minify]]</visible>
                        <include content="Animation_Fade_In">
                            <param name="type">Visible</param>
                        </include>
                    </control>
                    <control type="label">
                        <height>10</height>
                        <bottom>22</bottom>
                        <label>$PARAM[bottomlabel]</label>
                        <include content="Object_Align" condition="!$PARAM[flipx]">
                            <param name="align">left</param>
                        </include>
                        <include content="Object_Align" condition="$PARAM[flipx]">
                            <param name="align">right</param>
                        </include>
                        <font>$PARAM[bottomfont]</font>
                        <textcolor>$PARAM[bottomcolor]</textcolor>
                        <shadowcolor>$PARAM[bottomshadowcolor]</shadowcolor>
                        <visible>![$PARAM[minify]]</visible>
                        <include content="Animation_Fade_In">
                            <param name="type">Visible</param>
                        </include>
                    </control>
                </control>
            </control>
        </definition>
    </include>

    <include name="Furniture_Clock">
        <param name="flipx">true</param>
        <param name="toplabel">$INFO[System.Time]</param>
        <param name="bottomlabel">$INFO[System.Date]</param>
        <param name="topcolor">main_fg_90</param>
        <param name="bottomcolor">main_fg_70</param>
        <param name="minify">!Skin.HasSetting(Furniture.ExpandClock)</param>
        <param name="topfont">font_mini_black</param>
        <param name="bottomfont">font_tiny</param>
        <param name="centerfont">font_mini</param>
        <definition>
            <control type="group">
                <include content="Object_Left" condition="!$PARAM[flipx]">
                    <param name="left">-20</param>
                </include>
                <include content="Object_Right" condition="$PARAM[flipx]">
                    <param name="right">-20</param>
                </include>
                <height>80</height>
                <centertop>50%</centertop>
                <control type="group">
                    <width>80</width>
                    <include content="Object_Left" condition="!$PARAM[flipx]">
                        <param name="left">0</param>
                    </include>
                    <include content="Object_Right" condition="$PARAM[flipx]">
                        <param name="right">0</param>
                    </include>
                    <include content="Info_Codec_LabelIcon">
                        <param name="icon">special://skin/extras/icons/_none.png</param>
                        <param name="bordersize">12</param>
                        <centerleft>50%</centerleft>
                    </include>
                    <control type="group">
                        <centerleft>50%</centerleft>
                        <centertop>50%</centertop>
                        <width>40</width>
                        <height>40</height>
                        <control type="image">
                            <texture diffuse="clock/minute_diffuse.png" colordiffuse="main_bg_100">$INFO[System.Time(mm),clock/minutes/,.png]</texture>
                        </control>
                        <control type="image">
                            <texture diffuse="clock/hour_diffuse.png" colordiffuse="main_bg_100">$INFO[System.Time(h),clock/hours/,.png]</texture>
                        </control>
                        <control type="image">
                            <centerleft>50%</centerleft>
                            <centertop>50%</centertop>
                            <width>8</width>
                            <height>8</height>
                            <texture colordiffuse="main_bg_100">common/circle.png</texture>
                        </control>
                    </control>

                </control>
                <control type="group">
                    <include content="Object_Left" condition="!$PARAM[flipx]">
                        <param name="left">80</param>
                    </include>
                    <include content="Object_Right" condition="$PARAM[flipx]">
                        <param name="right">80</param>
                    </include>
                    <control type="label">
                        <height>10</height>
                        <centertop>50%</centertop>
                        <label>$PARAM[toplabel]</label>
                        <include content="Object_Align" condition="!$PARAM[flipx]">
                            <param name="align">left</param>
                        </include>
                        <include content="Object_Align" condition="$PARAM[flipx]">
                            <param name="align">right</param>
                        </include>
                        <font>$PARAM[centerfont]</font>
                        <textcolor>$PARAM[bottomcolor]</textcolor>
                        <shadowcolor>$PARAM[bottomshadowcolor]</shadowcolor>
                        <visible>[$PARAM[minify]]</visible>
                        <include content="Animation_Fade_Out">
                            <param name="type">Hidden</param>
                        </include>
                    </control>
                    <control type="label">
                        <height>10</height>
                        <top>22</top>
                        <label>$PARAM[toplabel]</label>
                        <include content="Object_Align" condition="!$PARAM[flipx]">
                            <param name="align">left</param>
                        </include>
                        <include content="Object_Align" condition="$PARAM[flipx]">
                            <param name="align">right</param>
                        </include>
                        <font>$PARAM[topfont]</font>
                        <textcolor>$PARAM[topcolor]</textcolor>
                        <shadowcolor>$PARAM[topshadowcolor]</shadowcolor>
                        <visible>![$PARAM[minify]]</visible>
                        <include content="Animation_Fade_In">
                            <param name="type">Visible</param>
                        </include>
                    </control>
                    <control type="label">
                        <height>10</height>
                        <bottom>22</bottom>
                        <label>$PARAM[bottomlabel]</label>
                        <include content="Object_Align" condition="!$PARAM[flipx]">
                            <param name="align">left</param>
                        </include>
                        <include content="Object_Align" condition="$PARAM[flipx]">
                            <param name="align">right</param>
                        </include>
                        <font>$PARAM[bottomfont]</font>
                        <textcolor>$PARAM[bottomcolor]</textcolor>
                        <shadowcolor>$PARAM[bottomshadowcolor]</shadowcolor>
                        <visible>![$PARAM[minify]]</visible>
                        <include content="Animation_Fade_In">
                            <param name="type">Visible</param>
                        </include>
                    </control>
                </control>
            </control>
        </definition>
    </include>

</includes>
