[
    {
        "icon": "special://skin/extras/icons/favourites2.png",
        "label": "$LOCALIZE[1036]",
        "path": "ActivateWindow(1160)",
        "target": ""
    },
    {
        "icon": "special://skin/extras/icons/filebox.png",
        "label": "$LOCALIZE[7]",
        "path": "ActivateWindow(filemanager)",
        "target": ""
    },
    {
        "icon": "special://skin/extras/icons/addon.png",
        "label": "$LOCALIZE[31492]",
        "path": "ActivateWindow(1132)",
        "target": ""
    },
    {
        "icon": "special://skin/extras/icons/addons.png",
        "label": "$LOCALIZE[10040]",
        "path": "ActivateWindow(addonbrowser)",
        "target": ""
    },
    {
        "icon": "special://skin/extras/icons/configure.png",
        "label": "Configure TMDbHelper",
        "path": "RunPlugin(plugin://plugin.video.themoviedb.helper/?info=dir_settings)",
        "target": ""
    },
    {
        "icon": "special://skin/extras/icons/shapes.png",
        "label": "Configure Hubs and Menus",
        "path": "RunScript(script.skinvariables,\"run_executebuiltin=SetProperty(CustomDialogSettingsTitle,[CAPITALIZE]$LOCALIZE[31086][/CAPITALIZE],Home)||SetProperty(CustomDialogSettingsItems,Items_Settings_AllMenuConfigure,Home)||sleep=0.4||ActivateWindow(1118)\")",
        "target": ""
    }
]