<?xml version="1.0" encoding="UTF-8"?>
<window>
    <animation effect="fade" start="0" end="100" time="300">WindowOpen</animation>
    <animation effect="fade" end="0" start="100" time="300">WindowClose</animation>
    <onload>CancelAlarm(osd_timeout,true)</onload>
    <controls>
        <include content="Object_Control">
            <param name="control">image</param>
            <texture colordiffuse="panel_bg_70">background/floor.png</texture>
        </include>
        <control type="group">
            <left>view_side</left>
            <include content="Dialog_Background_Blur">
                <include content="Animation_SlideIn_Dialog">
                    <param name="windowopen_delay">200</param>
                </include>
                <include content="Object_Height" condition="VideoPlayer.Content(livetv)">
                    <param name="height">740</param>
                </include>
                <include>OSD_Stream_Selector_Divider</include>
                <height>490</height>
                <width>1080</width>
                <left>-40</left>
                <bottom>160</bottom>
                <!-- <control type="image">
                    <bottom>-16</bottom>
                    <centerleft>60</centerleft>
                    <height>16</height>
                    <width>16</width>
                    <texture colordiffuse="dialog_nib" flipy="true">arrows/arrow-menu-up.png</texture>
                </control> -->
                <include content="Object_MenuHeader">
                    <param name="label">[CAPITALIZE]$LOCALIZE[10116][/CAPITALIZE]</param>
                </include>
                <control type="grouplist">
                    <top>140</top>
                    <left>40</left>
                    <right>40</right>
                    <itemgap>10</itemgap>
                    <orientation>vertical</orientation>
                    <control type="textbox">
                        <height>80</height>
                        <aligny>center</aligny>
                        <autoscroll>false</autoscroll>
                        <align>right</align>
                        <font>font_mini</font>
                        <textcolor>dialog_fg_90</textcolor>
                        <label>$INFO[PVR.ActStreamServiceName,[B]$LOCALIZE[19099][/B][CR]]</label>
                        <visible>VideoPlayer.Content(livetv)</visible>
                    </control>
                    <control type="textbox">
                        <height>80</height>
                        <aligny>center</aligny>
                        <autoscroll>false</autoscroll>
                        <align>right</align>
                        <font>font_mini</font>
                        <textcolor>dialog_fg_90</textcolor>
                        <label>$INFO[PVR.ActStreamProviderName,[B]$LOCALIZE[19101][/B][CR]]</label>
                        <visible>VideoPlayer.Content(livetv)</visible>
                    </control>
                    <control type="textbox">
                        <height>80</height>
                        <aligny>center</aligny>
                        <autoscroll>false</autoscroll>
                        <align>right</align>
                        <font>font_mini</font>
                        <textcolor>dialog_fg_90</textcolor>
                        <label>$INFO[PVR.ActStreamBer,[B]$LOCALIZE[19010][/B][CR]]</label>
                        <visible>VideoPlayer.Content(livetv)</visible>
                    </control>
                    <control type="textbox">
                        <height>80</height>
                        <aligny>center</aligny>
                        <autoscroll>false</autoscroll>
                        <align>right</align>
                        <font>font_mini</font>
                        <textcolor>dialog_fg_90</textcolor>
                        <label>$INFO[PVR.ActStreamUnc,[B]$LOCALIZE[19011][/B][CR]]</label>
                        <visible>VideoPlayer.Content(livetv)</visible>
                    </control>
                    <control type="textbox">
                        <height>80</height>
                        <aligny>center</aligny>
                        <autoscroll>false</autoscroll>
                        <align>right</align>
                        <font>font_mini</font>
                        <textcolor>dialog_fg_90</textcolor>
                        <label>$INFO[PVR.ActStreamMux,[B]$LOCALIZE[19100][/B][CR]]</label>
                        <visible>VideoPlayer.Content(livetv)</visible>
                    </control>
                    <control type="textbox">
                        <height>80</height>
                        <aligny>center</aligny>
                        <autoscroll>false</autoscroll>
                        <align>right</align>
                        <font>font_mini</font>
                        <textcolor>dialog_fg_90</textcolor>
                        <label>$INFO[PVR.ActStreamStatus,[B]$LOCALIZE[19007][/B][CR]]</label>
                        <visible>VideoPlayer.Content(livetv)</visible>
                    </control>

                    <control type="textbox">
                        <height>80</height>
                        <aligny>center</aligny>
                        <autoscroll>false</autoscroll>
                        <align>right</align>
                        <font>font_mini</font>
                        <textcolor>dialog_fg_90</textcolor>
                        <label>$INFO[Player.Process(videodecoder),[B]$LOCALIZE[31216][/B][CR]]$VAR[Label_VideoHWDecoder, (,)]</label>
                        <visible>!VideoPlayer.Content(livetv)</visible>
                    </control>
                    <control type="textbox">
                        <height>80</height>
                        <aligny>center</aligny>
                        <autoscroll>false</autoscroll>
                        <align>right</align>
                        <font>font_mini</font>
                        <textcolor>dialog_fg_90</textcolor>
                        <label>$INFO[Player.Process(pixformat),[B]$LOCALIZE[31217][/B][CR]]</label>
                        <visible>!VideoPlayer.Content(livetv)</visible>
                    </control>
                    <control type="textbox">
                        <height>80</height>
                        <aligny>center</aligny>
                        <autoscroll>false</autoscroll>
                        <align>right</align>
                        <font>font_mini</font>
                        <textcolor>dialog_fg_90</textcolor>
                        <label>$INFO[Player.Process(deintmethod),[B]$LOCALIZE[16038][/B][CR]]</label>
                        <visible>!VideoPlayer.Content(livetv)</visible>
                    </control>
                </control>
                <control type="grouplist">
                    <top>140</top>
                    <left>40</left>
                    <right>40</right>
                    <itemgap>10</itemgap>
                    <orientation>vertical</orientation>
                    <control type="textbox">
                        <height>80</height>
                        <aligny>center</aligny>
                        <autoscroll>false</autoscroll>
                        <align>left</align>
                        <font>font_mini</font>
                        <textcolor>dialog_fg_90</textcolor>
                        <label>$INFO[PVR.ActStreamDevice,[B]$LOCALIZE[19006][/B][CR]]</label>
                        <visible>VideoPlayer.Content(livetv)</visible>
                    </control>
                    <control type="textbox">
                        <height>80</height>
                        <aligny>center</aligny>
                        <autoscroll>false</autoscroll>
                        <align>left</align>
                        <font>font_mini</font>
                        <textcolor>dialog_fg_90</textcolor>
                        <label>$INFO[PVR.ActStreamEncryptionName,[B]$LOCALIZE[19015][/B][CR]]</label>
                        <visible>VideoPlayer.Content(livetv)</visible>
                    </control>
                    <control type="textbox">
                        <height>80</height>
                        <aligny>center</aligny>
                        <autoscroll>false</autoscroll>
                        <align>left</align>
                        <font>font_mini</font>
                        <textcolor>dialog_fg_90</textcolor>
                        <label>$INFO[PVR.ActStreamSignal,[B]$LOCALIZE[19008][/B][CR]]</label>
                        <visible>VideoPlayer.Content(livetv)</visible>
                    </control>
                    <control type="group">
                        <height>40</height>
                        <control type="progress">
                            <top>0</top>
                            <width>400</width>
                            <height>18</height>
                            <info>PVR.ActStreamProgrSignal</info>
                        </control>
                        <visible>VideoPlayer.Content(livetv)</visible>
                    </control>
                    <control type="textbox">
                        <height>80</height>
                        <aligny>center</aligny>
                        <autoscroll>false</autoscroll>
                        <align>left</align>
                        <font>font_mini</font>
                        <textcolor>dialog_fg_90</textcolor>
                        <label>$INFO[PVR.ActStreamSNR,[B]$LOCALIZE[19009][/B][CR]]</label>
                        <visible>VideoPlayer.Content(livetv)</visible>
                    </control>
                    <control type="group">
                        <height>30</height>
                        <control type="progress">
                            <top>0</top>
                            <width>400</width>
                            <height>18</height>
                            <info>PVR.ActStreamProgrSNR</info>
                        </control>
                        <visible>VideoPlayer.Content(livetv)</visible>
                    </control>
                    <control type="textbox">
                        <height>80</height>
                        <aligny>center</aligny>
                        <autoscroll>false</autoscroll>
                        <align>left</align>
                        <font>font_mini</font>
                        <textcolor>dialog_fg_90</textcolor>
                        <label>$INFO[PVR.ActStreamClient,[B]$LOCALIZE[19012][/B][CR]]</label>
                        <visible>VideoPlayer.Content(livetv)</visible>
                    </control>

                    <control type="textbox">
                        <height>80</height>
                        <aligny>center</aligny>
                        <autoscroll>false</autoscroll>
                        <align>left</align>
                        <font>font_mini</font>
                        <textcolor>dialog_fg_90</textcolor>
                        <label>$INFO[Player.Process(videowidth),[B]$LOCALIZE[38031][/B][CR],x]$INFO[Player.Process(videoheight),, $LOCALIZE[31261]]$INFO[Player.Process(videodar),$COMMA , $LOCALIZE[31260]]$INFO[Player.Process(videofps),$COMMA , $LOCALIZE[31259]]</label>
                        <visible>!VideoPlayer.Content(livetv)</visible>
                    </control>
                    <control type="textbox">
                        <height>80</height>
                        <aligny>center</aligny>
                        <autoscroll>false</autoscroll>
                        <align>left</align>
                        <font>font_mini</font>
                        <textcolor>dialog_fg_90</textcolor>
                        <label>[B]$LOCALIZE[460][/B][CR]$INFO[Player.Process(audiochannels),,$COMMA ]$INFO[Player.Process(audiodecoder)]$INFO[Player.Process(audiobitspersample),$COMMA , $LOCALIZE[31263]]$INFO[Player.Process(audiosamplerate),$COMMA , $LOCALIZE[31262]]</label>
                        <visible>!VideoPlayer.Content(livetv)</visible>
                    </control>
                    <control type="textbox">
                        <height>80</height>
                        <aligny>center</aligny>
                        <autoscroll>false</autoscroll>
                        <align>left</align>
                        <font>font_mini</font>
                        <textcolor>dialog_fg_90</textcolor>
                        <label>$INFO[System.Memory(used.percent),[B]$LOCALIZE[31256][/B][CR]$LOCALIZE[31257]: ,  ]$INFO[System.CpuUsage,$LOCALIZE[31258]: ,]</label>
                        <visible>!VideoPlayer.Content(livetv)</visible>
                    </control>
                </control>
            </include>
            <control type="grouplist">
                <centerbottom>100</centerbottom>
                <right>view_pad</right>
                <include>OSD_Codecs</include>
            </control>
        </control>



    </controls>        
</window>
