<?xml version="1.0" encoding="UTF-8"?>
<window type="window" id="1120">
    <defaultcontrol>6000</defaultcontrol>
    <onload>SetFocus(300,0,absolute)</onload>
    <onload condition="Window.Previous(1114) | Window.Previous(1121)">SetFocus(399)</onload>
    <onload condition="![Window.Previous(1114) | Window.Previous(1121)]">SetFocus(6000)</onload>
    <controls>
        <include>Defs_TMDbHelper_Loader</include>
        <include>Background_ExtraFanart</include>
        <include>Background_Main</include>

        <control type="grouplist" id="6000">
            <onup>300</onup>
            <ondown>330</ondown>
            <animation type="Conditional" condition="Control.IsVisible(340)" reversible="false">
                <effect type="slide" end="0,20" time="60" tween="sine" />
                <effect type="slide" end="0,-20" time="180" tween="sine" delay="80" />
            </animation>
            <animation type="Conditional" condition="Control.IsVisible(330)" reversible="false">
                <effect type="slide" end="0,-20" time="60" tween="sine" />
                <effect type="slide" end="0,20" time="180" tween="sine" delay="80" />
            </animation>
            <orientation>vertical</orientation>

            <animation type="WindowOpen" reversible="false" condition="Window.Previous(1121)">
                <effect type="fade" start="0" end="100" time="300" delay="0" tween="sine" easing="out"/>
                <effect type="slide" start="-320" end="0" time="400" delay="0" tween="cubic" easing="out" />
            </animation>
            <animation type="WindowClose" reversible="false" condition="Window.Next(1121)">
                <effect type="fade" start="100" end="0" time="300" delay="0" tween="sine" easing="out" />
                <effect type="slide" start="0" end="-320" time="300" delay="0" tween="cubic" easing="out" />
            </animation>

            <animation type="WindowOpen" reversible="false" condition="Window.Previous(1114)">
                <effect type="fade" start="0" end="100" time="300" delay="0" tween="sine" easing="out"/>
                <effect type="slide" start="320" end="0" time="400" delay="0" tween="cubic" easing="out" />
            </animation>
            <animation type="WindowClose" reversible="false" condition="Window.Next(1114)">
                <effect type="fade" start="100" end="0" time="300" delay="0" tween="sine" easing="out" />
                <effect type="slide" start="0" end="320" time="300" delay="0" tween="cubic" easing="out" />
            </animation>

            <animation type="WindowOpen" reversible="false" condition="!Window.Previous(1122) + !Window.Previous(1121) + !Window.Previous(1120) + !Window.Previous(1114)">
                <effect type="fade" start="0" end="100" time="400" delay="400" tween="sine" easing="out"/>
            </animation>
            <animation type="WindowClose" reversible="false" condition="!Window.Next(1122) + !Window.Next(1121) + !Window.Next(1120) + !Window.Next(1114)">
                <effect type="fade" start="100" end="0" time="400" delay="0" tween="sine" easing="out"/>
            </animation>


            <include>Animation_Common</include>
            <visible>!$EXP[Exp_InfoDialogs]</visible>
            <visible>String.IsEmpty(Window(Home).Property(TMDbHelper.HideView))</visible>
            <control type="group" id="6100">
                <height>widget_tbump_h</height>
            </control>

            <include content="Widget_Submenu">
                <param name="groupid" value="4901" />
                <param name="id" value="4900" />
                <param name="spacerid" value="4902" />
                <param name="buttonid" value="4903" />
                <param name="detailed">false</param>
                <param name="infowidget" value="false" />
                <param name="label" value="TMDbHelper" />
                <param name="include" value="List_Button_Row" />
                <content target="videos">plugin://plugin.video.themoviedb.helper/?info=dir_movie</content>
            </include>

            <include content="Widget_SideStack">
                <param name="id">5000</param>
                <param name="groupid">5001</param>
                <param name="nodeid">5002</param>
                <param name="grouplistid">5003</param>
                <param name="label">Trakt</param>
                <param name="target">videos</param>
                <param name="infowidget">true</param>
                <onback condition="!Integer.IsEqual(Container(5000).ListItem.CurrentItem,1)">6000</onback>
                <onback condition="!Integer.IsEqual(Container(5000).ListItem.CurrentItem,1)">SetFocus(5000,0,absolute)</onback>
                <onback condition="Integer.IsEqual(Container(5000).ListItem.CurrentItem,1)">SetFocus(4900)</onback>
                <onback condition="Integer.IsEqual(Container(5000).ListItem.CurrentItem,1)">399</onback>
                <!-- <animation effect="slide" start="0" end="-450" condition="Integer.IsLess(Container(5000).NumItems,3)">Conditional</animation> -->
                <onfocus>SetProperty(Slide.WidgetContainer,5000)</onfocus>
                <onunfocus>ClearProperty(Slide.WidgetContainer)</onunfocus>
            </include>
            <include content="Widget_SideStack">
                <param name="id">5100</param>
                <param name="groupid">5101</param>
                <param name="nodeid">5102</param>
                <param name="grouplistid">5103</param>
                <param name="label">$LOCALIZE[515]</param>
                <param name="target">videos</param>
                <param name="infowidget">true</param>
                <onback condition="!Integer.IsEqual(Container(5100).ListItem.CurrentItem,1)">6000</onback>
                <onback condition="!Integer.IsEqual(Container(5100).ListItem.CurrentItem,1)">SetFocus(5100,0,absolute)</onback>
                <onback condition="Integer.IsEqual(Container(5100).ListItem.CurrentItem,1)">SetFocus(4900)</onback>
                <onback condition="Integer.IsEqual(Container(5100).ListItem.CurrentItem,1)">399</onback>
                <!-- <animation effect="slide" start="0" end="-450" condition="Integer.IsLess(Container(5100).NumItems,3)">Conditional</animation> -->
                <onfocus>SetProperty(Slide.WidgetContainer,5100)</onfocus>
                <onunfocus>ClearProperty(Slide.WidgetContainer)</onunfocus>
            </include>
            <include content="Widget_SideStack">
                <param name="id">5200</param>
                <param name="groupid">5201</param>
                <param name="nodeid">5202</param>
                <param name="grouplistid">5203</param>
                <param name="label">[CAPITALIZE]$LOCALIZE[31020][/CAPITALIZE]</param>
                <param name="target">videos</param>
                <param name="infowidget">true</param>
                <onback condition="!Integer.IsEqual(Container(5200).ListItem.CurrentItem,1)">6000</onback>
                <onback condition="!Integer.IsEqual(Container(5200).ListItem.CurrentItem,1)">SetFocus(5200,0,absolute)</onback>
                <onback condition="Integer.IsEqual(Container(5200).ListItem.CurrentItem,1)">SetFocus(4900)</onback>
                <onback condition="Integer.IsEqual(Container(5200).ListItem.CurrentItem,1)">399</onback>
                <!-- <animation effect="slide" start="0" end="-450" condition="Integer.IsLess(Container(5200).NumItems,3)">Conditional</animation> -->
                <onfocus>SetProperty(Slide.WidgetContainer,5200)</onfocus>
                <onunfocus>ClearProperty(Slide.WidgetContainer)</onunfocus>
            </include>
            <include content="Widget_SideStack">
                <param name="id">5300</param>
                <param name="groupid">5301</param>
                <param name="nodeid">5302</param>
                <param name="grouplistid">5303</param>
                <param name="label">$LOCALIZE[19101]</param>
                <param name="target">videos</param>
                <param name="infowidget">true</param>
                <onback condition="!Integer.IsEqual(Container(5300).ListItem.CurrentItem,1)">6000</onback>
                <onback condition="!Integer.IsEqual(Container(5300).ListItem.CurrentItem,1)">SetFocus(5300,0,absolute)</onback>
                <onback condition="Integer.IsEqual(Container(5300).ListItem.CurrentItem,1)">SetFocus(4900)</onback>
                <onback condition="Integer.IsEqual(Container(5300).ListItem.CurrentItem,1)">399</onback>
                <!-- <animation effect="slide" start="0" end="-450" condition="Integer.IsLess(Container(5300).NumItems,3)">Conditional</animation> -->
                <onfocus>SetProperty(Slide.WidgetContainer,5300)</onfocus>
                <onunfocus>ClearProperty(Slide.WidgetContainer)</onunfocus>
            </include>
            <include content="Widget_SideStack">
                <param name="id">5400</param>
                <param name="groupid">5401</param>
                <param name="nodeid">5402</param>
                <param name="grouplistid">5403</param>
                <param name="label">$LOCALIZE[345]</param>
                <param name="target">videos</param>
                <param name="infowidget">true</param>
                <onback condition="!Integer.IsEqual(Container(5400).ListItem.CurrentItem,1)">6000</onback>
                <onback condition="!Integer.IsEqual(Container(5400).ListItem.CurrentItem,1)">SetFocus(5400,0,absolute)</onback>
                <onback condition="Integer.IsEqual(Container(5400).ListItem.CurrentItem,1)">SetFocus(4900)</onback>
                <onback condition="Integer.IsEqual(Container(5400).ListItem.CurrentItem,1)">399</onback>
                <!-- <animation effect="slide" start="0" end="-450" condition="Integer.IsLess(Container(5400).NumItems,3)">Conditional</animation> -->
                <onfocus>SetProperty(Slide.WidgetContainer,5400)</onfocus>
                <onunfocus>ClearProperty(Slide.WidgetContainer)</onunfocus>
            </include>
            <include content="Widget_SideStack">
                <param name="id">5500</param>
                <param name="groupid">5501</param>
                <param name="nodeid">5502</param>
                <param name="grouplistid">5503</param>
                <param name="label">Academy Awards</param>
                <param name="target">videos</param>
                <param name="infowidget">true</param>
                <onback condition="!Integer.IsEqual(Container(5500).ListItem.CurrentItem,1)">6000</onback>
                <onback condition="!Integer.IsEqual(Container(5500).ListItem.CurrentItem,1)">SetFocus(5500,0,absolute)</onback>
                <onback condition="Integer.IsEqual(Container(5500).ListItem.CurrentItem,1)">SetFocus(4900)</onback>
                <onback condition="Integer.IsEqual(Container(5500).ListItem.CurrentItem,1)">399</onback>
                <!-- <animation effect="slide" start="0" end="-450" condition="Integer.IsLess(Container(5500).NumItems,3)">Conditional</animation> -->
                <onfocus>SetProperty(Slide.WidgetContainer,5500)</onfocus>
                <onunfocus>ClearProperty(Slide.WidgetContainer)</onunfocus>
            </include>
        </control>

        <include content="Widget_SideStack_NodeList">
            <param name="id">5000</param>
            <param name="nodeid">5002</param>
            <content>
                <item>
                    <label>$LOCALIZE[31306]</label>
                    <property name="folderpath">plugin://plugin.video.themoviedb.helper/?info=trakt_watchlist&amp;tmdb_type=movie&amp;fanarttv=false&amp;cacheonly=true</property>
                    <onclick>ActivateWindow(videos,plugin://plugin.video.themoviedb.helper/?info=trakt_watchlist&amp;tmdb_type=movie,return)</onclick>
                </item>
                <item>
                    <label>$LOCALIZE[575]</label>
                    <property name="folderpath">plugin://plugin.video.themoviedb.helper/?info=trakt_inprogress&amp;tmdb_type=movie&amp;fanarttv=false&amp;cacheonly=true</property>
                    <onclick>ActivateWindow(videos,plugin://plugin.video.themoviedb.helper/?info=trakt_inprogress&amp;tmdb_type=movie,return)</onclick>
                </item>
                <item>
                    <label>$LOCALIZE[31307]</label>
                    <property name="folderpath">plugin://plugin.video.themoviedb.helper/?info=trakt_history&amp;tmdb_type=movie&amp;fanarttv=false&amp;cacheonly=true</property>
                    <onclick>ActivateWindow(videos,plugin://plugin.video.themoviedb.helper/?info=trakt_history&amp;tmdb_type=movie,return)</onclick>
                </item>
                <item>
                    <label>$LOCALIZE[31018]</label>
                    <property name="folderpath">plugin://plugin.video.themoviedb.helper/?info=trakt_recommendations&amp;tmdb_type=movie&amp;fanarttv=false&amp;cacheonly=true</property>
                    <onclick>ActivateWindow(videos,plugin://plugin.video.themoviedb.helper/?info=trakt_recommendations&amp;tmdb_type=movie,return)</onclick>
                </item>
            </content>
        </include>
        <include content="Widget_SideStack_NodeList">
            <param name="id">5100</param>
            <param name="nodeid">5102</param>
            <content sortby="label" sortorder="ascending" target="videos">plugin://plugin.video.themoviedb.helper/?info=genres&amp;tmdb_type=movie&amp;fanarttv=false&amp;cacheonly=true</content>
        </include>
        <include content="Widget_SideStack_NodeList">
            <param name="id">5200</param>
            <param name="nodeid">5202</param>
            <content>
                <item>
                    <label>$LOCALIZE[31166]</label>
                    <property name="folderpath">plugin://plugin.video.themoviedb.helper/?info=popular&amp;tmdb_type=movie&amp;fanarttv=false&amp;cacheonly=true</property>
                    <onclick>ActivateWindow(videos,plugin://plugin.video.themoviedb.helper/?info=popular&amp;tmdb_type=movie,return)</onclick>
                </item>
                <item>
                    <label>$LOCALIZE[31091]</label>
                    <property name="folderpath">plugin://plugin.video.themoviedb.helper/?info=top_rated&amp;tmdb_type=movie&amp;fanarttv=false&amp;cacheonly=true</property>
                    <onclick>ActivateWindow(videos,plugin://plugin.video.themoviedb.helper/?info=top_rated&amp;tmdb_type=movie,return)</onclick>
                </item>
                <item>
                    <label>$LOCALIZE[31310]</label>
                    <property name="folderpath">plugin://plugin.video.themoviedb.helper/?info=trending_week&amp;tmdb_type=movie&amp;fanarttv=false&amp;cacheonly=true</property>
                    <onclick>ActivateWindow(videos,plugin://plugin.video.themoviedb.helper/?info=trending_week&amp;tmdb_type=movie,return)</onclick>
                </item>
                <item>
                    <label>$LOCALIZE[31312]</label>
                    <property name="folderpath">plugin://plugin.video.themoviedb.helper/?info=now_playing&amp;tmdb_type=movie&amp;fanarttv=false&amp;cacheonly=true</property>
                    <onclick>ActivateWindow(videos,plugin://plugin.video.themoviedb.helper/?info=now_playing&amp;tmdb_type=movie,return)</onclick>
                </item>
                <item>
                    <label>$LOCALIZE[31313]</label>
                    <property name="folderpath">plugin://plugin.video.themoviedb.helper/?info=upcoming&amp;tmdb_type=movie&amp;fanarttv=false&amp;cacheonly=true</property>
                    <onclick>ActivateWindow(videos,plugin://plugin.video.themoviedb.helper/?info=upcoming&amp;tmdb_type=movie,return)</onclick>
                </item>
            </content>
        </include>
        <include content="Widget_SideStack_NodeList">
            <param name="id">5300</param>
            <param name="nodeid">5302</param>
            <content target="videos">plugin://plugin.video.themoviedb.helper/?info=watch_providers&amp;tmdb_type=movie&amp;fanarttv=false&amp;cacheonly=true</content>
        </include>
        <include content="Widget_SideStack_NodeList">
            <param name="id">5400</param>
            <param name="nodeid">5402</param>
            <content>
                <item>
                    <label>2020-2029</label>
                    <property name="folderpath">plugin://plugin.video.themoviedb.helper/?info=discover&amp;primary_release_date.gte=2020-01-01&amp;sort_by=popularity.desc&amp;tmdb_type=movie&amp;with_id=True&amp;fanarttv=false&amp;cacheonly=true</property>
                    <onclick>ActivateWindow(videos,plugin://plugin.video.themoviedb.helper/?info=discover&amp;primary_release_date.gte=2020-01-01&amp;sort_by=popularity.desc&amp;tmdb_type=movie&amp;with_id=True,return)</onclick>
                </item>
                <item>
                    <label>2010-2019</label>
                    <property name="folderpath">plugin://plugin.video.themoviedb.helper/?info=discover&amp;primary_release_date.gte=2010-01-01&amp;primary_release_date.lte=2020-01-01&amp;sort_by=popularity.desc&amp;tmdb_type=movie&amp;with_id=True&amp;fanarttv=false&amp;cacheonly=true</property>
                    <onclick>ActivateWindow(videos,plugin://plugin.video.themoviedb.helper/?info=discover&amp;primary_release_date.gte=2010-01-01&amp;primary_release_date.lte=2020-01-01&amp;sort_by=popularity.desc&amp;tmdb_type=movie&amp;with_id=True,return)</onclick>
                </item>
                <item>
                    <label>2000-2009</label>
                    <property name="folderpath">plugin://plugin.video.themoviedb.helper/?info=discover&amp;primary_release_date.gte=2000-01-01&amp;primary_release_date.lte=2010-01-01&amp;sort_by=popularity.desc&amp;tmdb_type=movie&amp;with_id=True&amp;fanarttv=false&amp;cacheonly=true</property>
                    <onclick>ActivateWindow(videos,plugin://plugin.video.themoviedb.helper/?info=discover&amp;primary_release_date.gte=2000-01-01&amp;primary_release_date.lte=2010-01-01&amp;sort_by=popularity.desc&amp;tmdb_type=movie&amp;with_id=True,return)</onclick>
                </item>
                <item>
                    <label>1990-1999</label>
                    <property name="folderpath">plugin://plugin.video.themoviedb.helper/?info=discover&amp;primary_release_date.gte=1990-01-01&amp;primary_release_date.lte=2000-01-01&amp;sort_by=popularity.desc&amp;tmdb_type=movie&amp;with_id=True&amp;fanarttv=false&amp;cacheonly=true</property>
                    <onclick>ActivateWindow(videos,plugin://plugin.video.themoviedb.helper/?info=discover&amp;primary_release_date.gte=1990-01-01&amp;primary_release_date.lte=2000-01-01&amp;sort_by=popularity.desc&amp;tmdb_type=movie&amp;with_id=True,return)</onclick>
                </item>
                <item>
                    <label>1980-1989</label>
                    <property name="folderpath">plugin://plugin.video.themoviedb.helper/?info=discover&amp;primary_release_date.gte=1980-01-01&amp;primary_release_date.lte=1990-01-01&amp;sort_by=popularity.desc&amp;tmdb_type=movie&amp;with_id=True&amp;fanarttv=false&amp;cacheonly=true</property>
                    <onclick>ActivateWindow(videos,plugin://plugin.video.themoviedb.helper/?info=discover&amp;primary_release_date.gte=1980-01-01&amp;primary_release_date.lte=1990-01-01&amp;sort_by=popularity.desc&amp;tmdb_type=movie&amp;with_id=True,return)</onclick>
                </item>
                <item>
                    <label>1970-1979</label>
                    <property name="folderpath">plugin://plugin.video.themoviedb.helper/?info=discover&amp;primary_release_date.gte=1970-01-01&amp;primary_release_date.lte=1980-01-01&amp;sort_by=popularity.desc&amp;tmdb_type=movie&amp;with_id=True&amp;fanarttv=false&amp;cacheonly=true</property>
                    <onclick>ActivateWindow(videos,plugin://plugin.video.themoviedb.helper/?info=discover&amp;primary_release_date.gte=1970-01-01&amp;primary_release_date.lte=1980-01-01&amp;sort_by=popularity.desc&amp;tmdb_type=movie&amp;with_id=True,return)</onclick>
                </item>
                <item>
                    <label>1960-1969</label>
                    <property name="folderpath">plugin://plugin.video.themoviedb.helper/?info=discover&amp;primary_release_date.gte=1960-01-01&amp;primary_release_date.lte=1970-01-01&amp;sort_by=popularity.desc&amp;tmdb_type=movie&amp;with_id=True&amp;fanarttv=false&amp;cacheonly=true</property>
                    <onclick>ActivateWindow(videos,plugin://plugin.video.themoviedb.helper/?info=discover&amp;primary_release_date.gte=1960-01-01&amp;primary_release_date.lte=1970-01-01&amp;sort_by=popularity.desc&amp;tmdb_type=movie&amp;with_id=True,return)</onclick>
                </item>
                <item>
                    <label>1950-1959</label>
                    <property name="folderpath">plugin://plugin.video.themoviedb.helper/?info=discover&amp;primary_release_date.gte=1950-01-01&amp;primary_release_date.lte=1960-01-01&amp;sort_by=popularity.desc&amp;tmdb_type=movie&amp;with_id=True&amp;fanarttv=false&amp;cacheonly=true</property>
                    <onclick>ActivateWindow(videos,plugin://plugin.video.themoviedb.helper/?info=discover&amp;primary_release_date.gte=1950-01-01&amp;primary_release_date.lte=1960-01-01&amp;sort_by=popularity.desc&amp;tmdb_type=movie&amp;with_id=True,return)</onclick>
                </item>
                <item>
                    <label>1940-1949</label>
                    <property name="folderpath">plugin://plugin.video.themoviedb.helper/?info=discover&amp;primary_release_date.gte=1940-01-01&amp;primary_release_date.lte=1950-01-01&amp;sort_by=popularity.desc&amp;tmdb_type=movie&amp;with_id=True&amp;fanarttv=false&amp;cacheonly=true</property>
                    <onclick>ActivateWindow(videos,plugin://plugin.video.themoviedb.helper/?info=discover&amp;primary_release_date.gte=1940-01-01&amp;primary_release_date.lte=1950-01-01&amp;sort_by=popularity.desc&amp;tmdb_type=movie&amp;with_id=True,return)</onclick>
                </item>
                <item>
                    <label>1930-1939</label>
                    <property name="folderpath">plugin://plugin.video.themoviedb.helper/?info=discover&amp;primary_release_date.gte=1930-01-01&amp;primary_release_date.lte=1940-01-01&amp;sort_by=popularity.desc&amp;tmdb_type=movie&amp;with_id=True&amp;fanarttv=false&amp;cacheonly=true</property>
                    <onclick>ActivateWindow(videos,plugin://plugin.video.themoviedb.helper/?info=discover&amp;primary_release_date.gte=1930-01-01&amp;primary_release_date.lte=1940-01-01&amp;sort_by=popularity.desc&amp;tmdb_type=movie&amp;with_id=True,return)</onclick>
                </item>
                <item>
                    <label>1880-1929</label>
                    <property name="folderpath">plugin://plugin.video.themoviedb.helper/?info=discover&amp;primary_release_date.lte=1930-01-01&amp;sort_by=popularity.desc&amp;tmdb_type=movie&amp;with_id=True&amp;fanarttv=false&amp;cacheonly=true</property>
                    <onclick>ActivateWindow(videos,plugin://plugin.video.themoviedb.helper/?info=discover&amp;primary_release_date.lte=1930-01-01&amp;sort_by=popularity.desc&amp;tmdb_type=movie&amp;with_id=True,return)</onclick>
                </item>
            </content>
        </include>
        <include content="Widget_SideStack_NodeList">
            <param name="id">5500</param>
            <param name="nodeid">5502</param>
            <content target="videos">plugin://plugin.video.themoviedb.helper/?info=dir_tvdb_award_categories&amp;tvdb_id=1</content>
        </include>

        <include content="Object_WallFade">
            <param name="id" value="6000" />
            <param name="direction_buttons">true</param>
            <visible>!$EXP[Exp_InfoDialogs]</visible>
            <visible>String.IsEmpty(Window(Home).Property(TMDbHelper.HideView))</visible>
            <include>Animation_FadeIn</include>
            <include>Animation_FadeOut</include>
        </include>

        <control type="button" id="330">
            <width>1</width>
            <height>1</height>
            <left>-1000</left>
            <onfocus>SetFocus(6000)</onfocus>
            <onclick>SetFocus(6000)</onclick>
            <visible allowhiddenfocus="true">Control.HasFocus(330)</visible>
            <animation effect="fade" time="300" start="0" end="0">Focus</animation>
        </control>
        <control type="button" id="340">
            <width>1</width>
            <height>1</height>
            <left>-1000</left>
            <onfocus>SetFocus(6000)</onfocus>
            <onclick>SetFocus(6000)</onclick>
            <visible allowhiddenfocus="true">Control.HasFocus(340)</visible>
            <animation effect="fade" time="300" start="0" end="0">Focus</animation>
        </control>
        <control type="group">
            <visible>!$EXP[Exp_InfoDialogs]</visible>
            <include>Furniture_Top_Right</include>
        </control>
        <include content="Hub_Menu">
            <include content="Object_Hidden_Button">
                <param name="id" value="399" />
                <onright>Control.Move(300,1)</onright>
                <onright>ReplaceWindow(1121)</onright>
                <onleft>ActivateWindow(1114)</onleft>
                <ondown>6000</ondown>
            </include>
        </include>
    </controls>
</window>