<?xml version="1.0" encoding="UTF-8"?>
<window>
    <defaultcontrol always="true">21</defaultcontrol>
    <controls>
        <include>Object_Overlay</include>
        <include content="Dialog_Background">
            <include>Animation_SlideIn_Dialog</include>
            <include>Dimension_DialogNumeric</include>
            <include content="Dialog_Header">
                <param name="id" value="1" />
            </include>
            <control type="group">
                <top>grid_x16</top>
                <include>Dialog_Overlay_V</include>
                <include>Object_Separator_V</include>
            </control>
            <include content="Dialog_Group_NoHeader">
                <control type="group">
                    <height>grid_x08</height>
                    <control type="image">
                        <texture colordiffuse="dialog_fg_12" border="12">common/box.png</texture>
                    </control>
                    <include content="Object_Keyboard_Button" description="Display">
                        <param name="id" value="4" />
                        <param name="control" value="label" />
                        <align>center</align>
                        <textoffset>40</textoffset>
                        <width>100%</width>
                        <disabledcolor>dialog_fg_30</disabledcolor>
                    </include>
                </control>
                <control type="group">
                    <top>grid_x16</top>
                    <control type="grouplist">
                        <orientation>vertical</orientation>
                        <itemgap>keyboard_pad</itemgap>
                        <control type="grouplist" description="Row 1">
                            <orientation>horizontal</orientation>
                            <itemgap>keyboard_pad</itemgap>
                            <height>grid_x08</height>
                            <onright>23</onright>
                            <include content="Object_Keyboard_Button" description="Number">
                                <param name="id" value="17" />
                                <label>$NUMBER[7]</label>
                                <ondown>14</ondown>
                            </include>
                            <include content="Object_Keyboard_Button" description="Number">
                                <param name="id" value="18" />
                                <label>$NUMBER[8]</label>
                                <ondown>15</ondown>
                            </include>
                            <include content="Object_Keyboard_Button" description="Number">
                                <param name="id" value="19" />
                                <label>$NUMBER[9]</label>
                                <ondown>16</ondown>
                            </include>
                        </control>

                        <control type="grouplist" description="Row 2">
                            <orientation>horizontal</orientation>
                            <itemgap>keyboard_pad</itemgap>
                            <height>grid_x08</height>
                            <onright>21</onright>
                            <include content="Object_Keyboard_Button" description="Number">
                                <param name="id" value="14" />
                                <label>$NUMBER[4]</label>
                                <onup>17</onup>
                                <ondown>11</ondown>
                            </include>
                            <include content="Object_Keyboard_Button" description="Number">
                                <param name="id" value="15" />
                                <label>$NUMBER[5]</label>
                                <onup>18</onup>
                                <ondown>12</ondown>
                            </include>
                            <include content="Object_Keyboard_Button" description="Number">
                                <param name="id" value="16" />
                                <label>$NUMBER[6]</label>
                                <onup>19</onup>
                                <ondown>13</ondown>
                            </include>
                        </control>

                        <control type="grouplist" description="Row 3">
                            <orientation>horizontal</orientation>
                            <itemgap>keyboard_pad</itemgap>
                            <height>grid_x08</height>
                            <onright>21</onright>
                            <include content="Object_Keyboard_Button" description="Number">
                                <param name="id" value="11" />
                                <label>$NUMBER[1]</label>
                                <onup>14</onup>
                                <ondown>10</ondown>
                            </include>
                            <include content="Object_Keyboard_Button" description="Number">
                                <param name="id" value="12" />
                                <label>$NUMBER[2]</label>
                                <onup>15</onup>
                                <ondown>10</ondown>
                            </include>
                            <include content="Object_Keyboard_Button" description="Number">
                                <param name="id" value="13" />
                                <label>$NUMBER[3]</label>
                                <onup>16</onup>
                                <ondown>20</ondown>
                            </include>
                        </control>

                        <control type="grouplist" description="Row 4">
                            <orientation>horizontal</orientation>
                            <itemgap>keyboard_pad</itemgap>
                            <height>grid_x08</height>
                            <onright>22</onright>

                            <include content="Object_Keyboard_Button" description="Number">
                                <param name="id" value="10" />
                                <label>$NUMBER[0]</label>
                                <width>keyboard_double_w</width>
                                <onup>12</onup>
                            </include>
                            <include content="Object_Keyboard_Button" description="Left">
                                <param name="id" value="20" />
                                <font>font_small_iconic</font>
                                <label>&#xe006;</label>
                                <onup>13</onup>
                            </include>
                        </control>
                    </control>
                    <control type="grouplist">
                        <right>0</right>
                        <orientation>vertical</orientation>
                        <width>grid_x08</width>
                        <itemgap>keyboard_pad</itemgap>
                        <include content="Object_Keyboard_Button" description="Back">
                            <param name="id" value="23" />
                            <height>grid_x08</height>
                            <label>&#xe00a;</label>
                            <font>font_small_iconic</font>
                            <onleft>19</onleft>
                        </include>
                        <include content="Object_Keyboard_Button" description="OK">
                            <param name="id" value="21" />
                            <height>keyboard_double_w</height>
                            <label>&#xe024;</label>
                            <font>font_small_iconic</font>
                            <onleft>13</onleft>
                        </include>
                        <include content="Object_Keyboard_Button" description="Right">
                            <param name="id" value="22" />
                            <font>font_small_iconic</font>
                            <height>grid_x08</height>
                            <label>&#xe005;</label>
                            <onleft>20</onleft>
                        </include>
                    </control>
                </control>

            </include>
        </include>
    </controls>
</window>
