<?xml version="1.0" encoding="UTF-8"?>
<includes>

    <!-- 2160 x 1080 -->

    <constant name="dialog_full_side">480</constant>
    <constant name="alphabet_w">69.63</constant>
    <constant name="view_wrap_r">0</constant>
    <constant name="keyboard_shadow_x">-480</constant>

    <constant name="view_settings_itemlayout_w">480</constant>
    <constant name="-view_settings_itemlayout_w">-480</constant>
    <constant name="view_settings_item_w">440</constant>
    <constant name="-view_settings_item_w">-440</constant>

    <constant name="view_listwall_itemlayout_w">653.33</constant>
    <constant name="-view_listwall_itemlayout_w">-653.33</constant>

    <constant name="view_addonbrowser_itemlayout_w">680</constant>
    <constant name="-view_addonbrowser_itemlayout_w">-680</constant>
    <constant name="view_addonbrowser_item_w">640</constant>
    <constant name="-view_addonbrowser_item_w">-640</constant>

</includes>