<?xml version="1.0" encoding="UTF-8"?>
<includes>
    <include name="View_MediaWindows_ID">
        <views>50,500,501,502,504,507,508,51,510,511,512,514,517,52,520,522,524,540,550,558,57,570,572,574,58,580,590</views>
    </include>

    <include name="View_Furniture_Top">
        <param name="powermenu_button">false</param>
        <definition>
            <control type="group">
                <visible>!$EXP[Exp_InfoDialogs]</visible>
                <visible>!Window.IsVisible(1120)</visible>
                <visible>!Window.IsVisible(DialogAddonSettings.xml)</visible>
                <visible>!Window.IsVisible(DialogGameControllers.xml)</visible>
                <visible>!Window.IsVisible(DialogPVRChannelManager.xml)</visible>
                <visible>!Window.IsVisible(DialogPVRGroupManager.xml)</visible>
                <visible>!Window.IsVisible(script-skinshortcuts.xml)</visible>
                <include>Furniture_Top_Left</include>
                <include>Furniture_Top_Right</include>
                <include content="Object_Control" condition="$PARAM[powermenu_button]">
                    <param name="control">button</param>
                    <texturenofocus />
                    <texturefocus />
                    <font />
                    <width>60</width>
                    <height>60</height>
                    <onclick>ActivateWindow(shutdownmenu)</onclick>
                    <right>80</right>
                    <centertop>100</centertop>
                </include>
            </control>
        </definition>
    </include>

    <include name="View_Furniture_Scrollbar_V">
        <control type="group">
            <nested />
            <width>view_pad</width>
            <bottom>view_top</bottom>
            <control type="scrollbar" id="61">
                <onright>50</onright>
                <orientation>vertical</orientation>
                <width>8</width>
                <centerleft>50%</centerleft>
                <include content="Object_TextureSliderBackground" condition="!Skin.String(DividerStyle,Fade)">
                    <param name="colordiffuse">00ffffff</param>
                    <param name="border">4</param>
                    <param name="texture">scrollbar/scrollv_line.png</param>
                </include>
                <texturesliderbackground colordiffuse="main_fg_12" border="4">scrollbar/scrollv_line.png</texturesliderbackground>
                <texturesliderbar colordiffuse="00ffffff" border="4">scrollbar/scrollv_line.png</texturesliderbar>
                <include>Texture_Scrollbar_V</include>
                <visible allowhiddenfocus="true">Control.HasFocus(61)</visible>
            </control>
        </control>
    </include>

    <include name="View_Furniture_Discover">
        <control type="group">
            <visible>![$EXP[Exp_View_Special]]</visible>
            <visible>Control.IsVisible(590)</visible>
            <include content="List_Poster_Row">
                <param name="detailed" value="String.IsEqual(ListItem.DBType,video)" />
                <param name="id" value="591" />
                <height>divider_bottom</height>
                <bottom>40</bottom>
                <onup>SetFocus(590)</onup>
                <ondown>SetFocus(590)</ondown>
                <content target="videos">$VAR[Path_DiscoverWidget]</content>
                <visible allowhiddenfocus="true">!Container(591).IsUpdating</visible>
                <onfocus>SetProperty(TMDbHelper.WidgetContainer,591,Home)</onfocus>
            </include>
            <include content="Info_Panel">
                <param name="plotwidth" value="info_plot_w" />
                <param name="plotheight" value="info_plot_h" />
                <param name="container" value="Container(591)." />
                <param name="line_id" value="99591" />
                <top>view_top</top>
                <width>info_panel_w</width>
                <left>view_pad</left>
            </include>
            <include content="List_Button_Row">
                <param name="id" value="590" />
                <param name="itemlayout_h" value="120" />
                <param name="item_h" value="80" />
                <param name="itemlayout_w" value="360" />
                <param name="item_w" value="320" />
                <movement>4</movement>
                <preloaditems>2</preloaditems>
                <height>240</height>
                <bottom>0</bottom>
                <onup>591</onup>
                <ondown condition="Container(590).HasNext">SetFocus(590,5)</ondown>
                <ondown condition="!Container(590).HasNext">SetFocus(590,0,absolute)</ondown>
                <onfocus>SetProperty(TMDbHelper.WidgetContainer,591,Home)</onfocus>
                <visible>!$EXP[Exp_View_Special]</visible>
            </include>
        </control>

    </include>

    <include name="View_Visibility_Common">
        <param name="animation_include">Animation_Common</param>
        <param name="visible_infodialogs">!$EXP[Exp_InfoDialogs]</param>
        <param name="visible_widgets">!Integer.IsEqual(Container.NumItems,0)</param>
        <definition>
            <visible>$PARAM[visible_infodialogs]</visible>
            <visible>$PARAM[visible_widgets]</visible>
            <animation effect="fade" start="100" end="0" time="200" condition="Window.IsVisible(1120)">Conditional</animation>
            <visible>String.IsEmpty(Window(Home).Property(TMDbHelper.HideView))</visible>
            <include>$PARAM[animation_include]</include>
        </definition>
    </include>

    <include name="View_Main_MyPlaylist">
        <control type="group">
            <include>Animation_Foreground_SlideUp</include>
            <include content="View_List_PlayList">
                <param name="id" value="50" />
                <param name="viewtype_label" value="$LOCALIZE[559]" />
                <param name="isviewtype" value="false" />
                <param name="flipside" value="!Skin.HasSetting(Lists.FlipSide)" />
            </include>
            <control type="group">
                <width>view_pad</width>
                <top>view_top</top>
                <bottom>view_top</bottom>
                <control type="scrollbar" id="61">
                    <onright>50</onright>
                    <orientation>vertical</orientation>
                    <width>8</width>
                    <centerleft>50%</centerleft>
                    <include content="Object_TextureSliderBackground" condition="!Skin.String(DividerStyle,Fade)">
                        <param name="colordiffuse">00ffffff</param>
                        <param name="border">4</param>
                        <param name="texture">scrollbar/scrollv_line.png</param>
                    </include>
                    <texturesliderbackground colordiffuse="main_fg_12" border="4">scrollbar/scrollv_line.png</texturesliderbackground>
                    <texturesliderbar colordiffuse="00ffffff" border="4">scrollbar/scrollv_line.png</texturesliderbar>
                    <include>Texture_Scrollbar_V</include>
                    <visible allowhiddenfocus="true">Control.HasFocus(61)</visible>
                </control>
            </control>
            <control type="group">
                <include>Furniture_Bottom_Left</include>
                <include>Furniture_Bottom_Right</include>
            </control>
        </control>
    </include>

    <include name="View_Main_Standard">
        <control type="group">
            <include>Animation_Foreground_FadeInOut</include>
            <include>View_Furniture_Row_Top</include>
            <include>View_Furniture_Combined_Top</include>
            <control type="group">
                <visible>$EXP[Exp_RowViews] | $EXP[Exp_CombinedViews]</visible>
                <include condition="!Skin.String(BackgroundStyle,Fanart) + Skin.String(ForegroundStyle,ClearArt)">View_ClearArt</include>
            </control>
        </control>
        <control type="group">
            <include>Animation_Foreground_SlideUp</include>
            <control type="group">
                <include>View_Furniture_List_Bottom</include>
                <include>View_Furniture_Wall_Bottom</include>
                <include>View_Furniture_Row_Bottom</include>
                <include>View_Furniture_Combined_Bottom</include>
                <include>View_Furniture_Discover</include>
            </control>
            <control type="group">
                <visible>!$EXP[Exp_ScrollViews]</visible>
                <visible>!$EXP[Exp_AlphabetVisible]</visible>
                <visible>!$EXP[Exp_CombinedViews]</visible>
                <visible>$EXP[Exp_View_Special]</visible>
                <animation type="Visible" reversible="false">
                    <effect type="fade" start="0" end="100" time="300" delay="300"/>
                </animation>
                <include>Furniture_Bottom_Left</include>
                <include>Furniture_Bottom_Right</include>
            </control>
        </control>
    </include>

    <include name="View_Main">
        <param name="include_views" default="View_Main_Standard" />
        <definition>
            <include>Background_ExtraFanart</include>
            <control type="button" id="99996">
                <texturefocus />
                <texturenofocus />
                <font />
                <width>1</width>
                <height>1</height>
                <include content="Action_Recommendations_OnFocus">
                    <onfocus>ClearProperty(Path.Cast,1120)</onfocus>
                    <onfocus>ClearProperty(Path.Crew,1120)</onfocus>
                    <onfocus>ClearProperty(Path.Posters,1120)</onfocus>
                    <onfocus>ClearProperty(Path.Fanart,1120)</onfocus>
                    <onfocus>SetFocus(50)</onfocus>
                </include>
            </control>
            <control type="list" id="99999">
                <width>1</width>
                <height>1</height>
                <left>-1000</left>
                <itemlayout width="1" height="1" />
                <focusedlayout width="1" height="1" />
                <content>$VAR[Path_FolderDetails]</content>
                <visible>!String.IsEmpty(ListItem.FolderPath)</visible>
                <visible>ListItem.IsFolder</visible>
                <visible>String.IsEmpty(ListItem.Property(Addon.ID)) + String.IsEmpty(Container.PluginName)</visible>
                <visible>!$EXP[Exp_CombinedViews]</visible>
            </control>
            <include content="Background_Main">

            </include>

            <control type="group">
                <include>View_Visibility_Common</include>
                <include>$PARAM[include_views]</include>
            </control>

            <include>View_Furniture_Top</include>


        </definition>
    </include>
</includes>