<?xml version="1.0" encoding="UTF-8"?>
<includes>
    <include name="View_Furniture_Wall_Bottom">
        <include content="Object_Control" condition="$EXP[Exp_View_500_Include] | $EXP[Exp_View_510_Include] | $EXP[Exp_View_520_Include] | $EXP[Exp_View_540_Include] | $EXP[Exp_View_570_Include] | $EXP[Exp_View_580_Include]">
            <param name="control" value="group" />
            <visible>$EXP[Exp_WallViews]</visible>
            <include content="View_Row_Divider">
                <param name="isrounded" value="true" />
                <height>920</height>
            </include>
            <include condition="$EXP[Exp_View_500_Include]">View_500_Wall_Square_Vertical</include>
            <include condition="$EXP[Exp_View_510_Include]">View_510_Wall_Landscape_Vertical</include>
            <include condition="$EXP[Exp_View_520_Include]">View_520_Wall_Poster_Vertical</include>
            <include condition="$EXP[Exp_View_540_Include]">View_540_Wall_Tags_Vertical</include>
            <include condition="$EXP[Exp_View_570_Include]">View_570_Wall_BigLandscape_Vertical</include>
            <include condition="$EXP[Exp_View_580_Include]">View_580_Wall_BigPoster_Vertical</include>
            <control type="group">
                <top>view_top</top>
                <bottom>view_top</bottom>

                <control type="group">
                    <left>-1</left>
                    <width>view_pad</width>
                    <control type="scrollbar" id="61">
                        <onright>50</onright>
                        <orientation>vertical</orientation>
                        <width>8</width>
                        <centerleft>50%</centerleft>
                        <include content="Object_Include" condition="!Skin.String(DividerStyle,Fade)">
                            <texturesliderbackground colordiffuse="00ffffff" border="4">scrollbar/scrollv_line.png</texturesliderbackground>
                        </include>
                        <texturesliderbackground colordiffuse="main_fg_12" border="4">scrollbar/scrollv_line.png</texturesliderbackground>
                        <texturesliderbar colordiffuse="00ffffff" border="4">scrollbar/scrollv_line.png</texturesliderbar>
                        <include>Texture_Scrollbar_V</include>
                        <visible allowhiddenfocus="true">Control.HasFocus(61)</visible>
                    </control>
                </control>

                <!-- <include content="Object_Control" condition="!Skin.HasSetting(DisableAlphabetScrollbar)">
                    <param name="control" value="group" />
                    <width>view_pad</width>
                    <include content="Object_Control" condition="!Skin.HasSetting(DisableAlphabetScrollbar)">
                        <param name="control" value="grouplist" />
                        <orientation>vertical</orientation>
                        <centerleft>50%</centerleft>
                        <width>40</width>
                        <itemgap>9</itemgap>
                        <visible>![String.IsEqual(ListItem.SortLetter,M) | String.IsEqual(ListItem.SortLetter,N) | String.IsEqual(ListItem.SortLetter,O) | String.IsEqual(ListItem.SortLetter,P) | String.IsEqual(ListItem.SortLetter,Q) | String.IsEqual(ListItem.SortLetter,R) | String.IsEqual(ListItem.SortLetter,S) | String.IsEqual(ListItem.SortLetter,T) | String.IsEqual(ListItem.SortLetter,U) | String.IsEqual(ListItem.SortLetter,V) | String.IsEqual(ListItem.SortLetter,W) | String.IsEqual(ListItem.SortLetter,X) | String.IsEqual(ListItem.SortLetter,Y) | String.IsEqual(ListItem.SortLetter,Z)]</visible>
                        <include>Object_AlphabetNumber</include>
                        <include content="Object_AlphabetLetter"><param name="letter" value="A" /></include>
                        <include content="Object_AlphabetLetter"><param name="letter" value="B" /></include>
                        <include content="Object_AlphabetLetter"><param name="letter" value="C" /></include>
                        <include content="Object_AlphabetLetter"><param name="letter" value="D" /></include>
                        <include content="Object_AlphabetLetter"><param name="letter" value="E" /></include>
                        <include content="Object_AlphabetLetter"><param name="letter" value="F" /></include>
                        <include content="Object_AlphabetLetter"><param name="letter" value="G" /></include>
                        <include content="Object_AlphabetLetter"><param name="letter" value="H" /></include>
                        <include content="Object_AlphabetLetter"><param name="letter" value="I" /></include>
                        <include content="Object_AlphabetLetter"><param name="letter" value="J" /></include>
                        <include content="Object_AlphabetLetter"><param name="letter" value="K" /></include>
                        <include content="Object_AlphabetLetter"><param name="letter" value="L" /></include>
                        <include content="Object_AlphabetLetter"><param name="letter" value="M" /></include>
                    </include>
                    <include content="Object_Control" condition="!Skin.HasSetting(DisableAlphabetScrollbar)">
                        <param name="control" value="grouplist" />
                        <orientation>vertical</orientation>
                        <centerleft>50%</centerleft>
                        <width>40</width>
                        <itemgap>9</itemgap>
                        <visible>[String.IsEqual(ListItem.SortLetter,M) | String.IsEqual(ListItem.SortLetter,N) | String.IsEqual(ListItem.SortLetter,O) | String.IsEqual(ListItem.SortLetter,P) | String.IsEqual(ListItem.SortLetter,Q) | String.IsEqual(ListItem.SortLetter,R) | String.IsEqual(ListItem.SortLetter,S) | String.IsEqual(ListItem.SortLetter,T) | String.IsEqual(ListItem.SortLetter,U) | String.IsEqual(ListItem.SortLetter,V) | String.IsEqual(ListItem.SortLetter,W) | String.IsEqual(ListItem.SortLetter,X) | String.IsEqual(ListItem.SortLetter,Y) | String.IsEqual(ListItem.SortLetter,Z)]</visible>
                        <include content="Object_AlphabetLetter"><param name="letter" value="M" /></include>
                        <include content="Object_AlphabetLetter"><param name="letter" value="N" /></include>
                        <include content="Object_AlphabetLetter"><param name="letter" value="O" /></include>
                        <include content="Object_AlphabetLetter"><param name="letter" value="P" /></include>
                        <include content="Object_AlphabetLetter"><param name="letter" value="Q" /></include>
                        <include content="Object_AlphabetLetter"><param name="letter" value="R" /></include>
                        <include content="Object_AlphabetLetter"><param name="letter" value="S" /></include>
                        <include content="Object_AlphabetLetter"><param name="letter" value="T" /></include>
                        <include content="Object_AlphabetLetter"><param name="letter" value="U" /></include>
                        <include content="Object_AlphabetLetter"><param name="letter" value="V" /></include>
                        <include content="Object_AlphabetLetter"><param name="letter" value="W" /></include>
                        <include content="Object_AlphabetLetter"><param name="letter" value="X" /></include>
                        <include content="Object_AlphabetLetter"><param name="letter" value="Y" /></include>
                        <include content="Object_AlphabetLetter"><param name="letter" value="Z" /></include>
                    </include>
                </include> -->
            </control>
        </include>
    </include>

    <include name="View_Wall_Vertical">
        <include content="$PARAM[include]">
            <param name="id" value="$PARAM[id]" />
            <param name="offset_y" value="40" />
            <param name="misc" value="$PARAM[misc]" />
            <param name="context_button" value="true" />
            <nested />
            <top>160</top>
            <bottom>180</bottom>
            <preloaditems>0</preloaditems>
            <visible>$EXP[Exp_View_Special]</visible>
            <visible>$EXP[Exp_View_$PARAM[id]]</visible>
            <viewtype label="$PARAM[viewtype_label]">icon</viewtype>
            <onright>menu</onright>
            <onleft>61</onleft>
            <pagecontrol>61</pagecontrol>
            <onfocus>ClearProperty(TMDbHelper.WidgetContainer,Home)</onfocus>
        </include>
    </include>

    <include name="View_520_Wall_Poster_Vertical">
        <control type="group">
            <visible>Control.IsVisible(520)</visible>
            <include content="View_Wall_Vertical">
                <param name="id" value="520" />
                <param name="misc" value="20" />
                <param name="include" value="List_Poster_Wall" />
                <param name="viewtype_label" value="$LOCALIZE[31115]" />
            </include>
        </control>
    </include>

    <include name="View_580_Wall_BigPoster_Vertical">
        <control type="group">
            <visible>Control.IsVisible(580)</visible>

            <include content="View_Wall_Vertical">
                <param name="id" value="580" />
                <param name="misc" value="20" />
                <param name="include" value="List_Poster_Wall" />
                <param name="viewtype_label" value="$LOCALIZE[31128]" />
                <right>475</right>
            </include>
            <include content="Object_BigPoster">
                <param name="diffuse" value="diffuse/poster_w475_h680.png" />
                <right>view_pad</right>
                <top>view_top</top>
                <bottom>view_top</bottom>
                <width>475</width>
            </include>
        </control>
    </include>

    <include name="View_570_Wall_BigLandscape_Vertical">
        <control type="group">
            <visible>Control.IsVisible(570)</visible>
            <include content="View_Wall_Vertical">
                <param name="id" value="570" />
                <param name="include" value="List_BigLandscape_Wall" />
                <param name="viewtype_label" value="$LOCALIZE[31150]" />
                <param name="misc" value="20" />
            </include>
        </control>
    </include>

    <include name="View_510_Wall_Landscape_Vertical">
        <control type="group">
            <visible>Control.IsVisible(510)</visible>
            <include content="View_Wall_Vertical">
                <param name="id" value="510" />
                <param name="include" value="List_Landscape_Wall" />
                <param name="viewtype_label" value="$LOCALIZE[31116]" />
                <param name="misc" value="20" />
            </include>
        </control>
    </include>

    <include name="View_500_Wall_Square_Vertical">
        <control type="group">
            <visible>Control.IsVisible(500)</visible>
            <include content="View_Wall_Vertical">
                <param name="id" value="500" />
                <param name="include" value="List_Square_Wall" />
                <param name="viewtype_label" value="$LOCALIZE[31117]" />
            </include>
        </control>
    </include>

    <include name="View_540_Wall_Tags_Vertical">
        <control type="group">
            <visible>Control.IsVisible(540)</visible>
            <include content="List_Tags_Wall">
                <param name="id" value="540" />
                <preloaditems>0</preloaditems>
                <height>540</height>
                <bottom>180</bottom>
                <visible>$EXP[Exp_View_Special]</visible>
                <visible>$EXP[Exp_View_540]</visible>
                <viewtype label="$LOCALIZE[20459]">list</viewtype>
                <pagecontrol>61</pagecontrol>
                <onleft>61</onleft>
                <onright>menu</onright>
            </include>
        </control>
    </include>

</includes>