<?xml version="1.0" encoding="UTF-8"?>
<window>
    <defaultcontrol always="true">11</defaultcontrol>

    <controls>

        <include>Dialog_Dim_Overlay</include>

        <control type="group">
            <include>Dimension_DialogWideMenu</include>
            <include>Animation_Right_Delay</include>
            <!-- Bottom Layer -->
            <include content="Dialog_Background_Side">
                <param name="slide_condition">True</param>
                <param name="dialog_size">Dimension_DialogWideMenu</param>
                <!-- Side Buttons -->
                <control type="group">
                    <include>Dimension_Dialog_Body</include>
                    <control type="grouplist" id="9000">
                        <include>Dialog_Side_Grouplist_Def</include>
                        <onleft>11</onleft>
                        <include content="Dialog_Side_Button">
                            <param name="id">02</param>
                            <param name="label">$LOCALIZE[186]</param>
                            <param name="icon">special://skin/extras/icons/circle-check.png</param>
                            <onclick>SendClick(18)</onclick>
                        </include>
                        <include content="Dialog_Side_Button">
                            <param name="id">03</param>
                            <param name="label">$LOCALIZE[222]</param>
                            <param name="icon">special://skin/extras/icons/circle-xmark.png</param>
                            <onclick>SendClick(19)</onclick>
                        </include>
                    </control>
                </control>
            </include>

            <include content="Dialog_Foreground_Side">
                <param name="dialog_size">Dimension_DialogWideMenu</param>
                <param name="slide_condition">True</param>
                <param name="lines_right">0</param>
                <param name="topline">true</param>
                <param name="subline">true</param>

                <!-- Header -->
                <include content="Dialog_Head">
                    <param name="id">2</param>
                </include>
                <include>Dialog_Head_CloseButton</include>

                <!-- Content -->
                <control type="group">
                    <include>Dimension_Dialog_Body</include>
                    <control type="group">
                        <include>Dimension_Dialog_Body_Group</include>
                        <include content="Object_Keyboard_Button" description="Text Entry">
                            <param name="id">12</param>
                            <param name="control">edit</param>
                            <width>100%</width>
                            <ondown>11</ondown>
                            <textoffsetx>40</textoffsetx>
                            <height>80</height>
                        </include>
                        <control type="image">
                            <centertop>100</centertop>
                            <texture colordiffuse="main_fg_12">common/white.png</texture>
                            <height>1</height>
                            <left>20</left>
                            <right>20</right>
                        </control>
                        <control type="group">
                            <top>120</top>
                            <include content="List_DialogSelect">
                                <param name="id">10</param>
                                <param name="altfocus">Control.HasFocus(10) | Control.HasFocus(11) | Control.HasFocus(13) | Control.HasFocus(14) | Control.HasFocus(9001)</param>
                                <param name="itemlayout_include">Layout_DialogBasic</param>
                                <param name="misc">160</param>
                                <onleft>13</onleft>
                                <onright>11</onright>
                                <onup>12</onup>
                                <bottom>160</bottom>
                            </include>

                            <control type="grouplist">
                                <orientation>horizontal</orientation>
                                <height>80</height>
                                <align>right</align>
                                <right>40</right>
                                <itemgap>20</itemgap>
                                <onright>9000</onright>
                                <onup condition="Integer.IsEqual(Container(10).CurrentItem,1)">12</onup>
                                <onup condition="!Integer.IsEqual(Container(10).CurrentItem,1)">Control.Move(10,-1)</onup>
                                <ondown condition="!String.IsEmpty(Container(10).ListItemNoWrap(1).Label)">Control.Move(10,1)</ondown>
                                <animation effect="slide" start="0" end="0,80" condition="Container(10).Position(1)">Conditional</animation>
                                <animation effect="slide" start="0" end="0,160" condition="Container(10).Position(2)">Conditional</animation>
                                <animation effect="slide" start="0" end="0,240" condition="Container(10).Position(3)">Conditional</animation>
                                <animation effect="slide" start="0" end="0,320" condition="Container(10).Position(4)">Conditional</animation>
                                <animation effect="slide" start="0" end="0,400" condition="Container(10).Position(5)">Conditional</animation>
                                <animation effect="slide" start="0" end="0,480" condition="Container(10).Position(6)">Conditional</animation>
                                <animation effect="slide" start="0" end="0,560" condition="Container(10).Position(7)">Conditional</animation>
                                <animation effect="slide" start="0" end="0,640" condition="Container(10).Position(8)">Conditional</animation>
                                <visible allowhiddenfocus="true">Control.HasFocus(10) | Control.HasFocus(11) | Control.HasFocus(13) | Control.HasFocus(14) | Control.HasFocus(9001)</visible>
                                <control type="button" id="14">
                                    <width>32</width>
                                    <height>32</height>
                                    <centertop>50%</centertop>
                                    <hitrect x="-24" y="-24" w="80" h="80" />
                                    <texturenofocus colordiffuse="$VAR[ColorSelected_30]">buttons/cross.png</texturenofocus>
                                    <texturefocus colordiffuse="$VAR[ColorSelected]">buttons/cross.png</texturefocus>
                                    <font />
                                    <textcolor>00ffffff</textcolor>
                                    <selectedcolor>00ffffff</selectedcolor>
                                    <focusedcolor>00ffffff</focusedcolor>
                                    <visible>Control.IsEnabled(14)</visible>
                                </control>
                                <control type="button" id="13">
                                    <width>32</width>
                                    <height>32</height>
                                    <centertop>50%</centertop>
                                    <hitrect x="-24" y="-24" w="80" h="80" />
                                    <texturenofocus colordiffuse="$VAR[ColorSelected_30]">buttons/plus.png</texturenofocus>
                                    <texturefocus colordiffuse="$VAR[ColorSelected]">buttons/plus.png</texturefocus>
                                    <font />
                                    <textcolor>00ffffff</textcolor>
                                    <selectedcolor>00ffffff</selectedcolor>
                                    <focusedcolor>00ffffff</focusedcolor>
                                    <visible>Control.IsEnabled(13)</visible>
                                </control>
                                <control type="togglebutton" id="9001">
                                    <width>32</width>
                                    <height>32</height>
                                    <centertop>50%</centertop>
                                    <hitrect x="-24" y="-24" w="80" h="80" />
                                    <texturenofocus colordiffuse="$VAR[ColorSelected_30]">buttons/editname.png</texturenofocus>
                                    <texturefocus colordiffuse="$VAR[ColorSelected]">buttons/editname.png</texturefocus>
                                    <alttexturefocus colordiffuse="$VAR[ColorSelected]">buttons/editname.png</alttexturefocus>
                                    <alttexturenofocus colordiffuse="$VAR[ColorSelected]">buttons/editname.png</alttexturenofocus>
                                    <font />
                                    <usealttexture>Control.HasFocus(10)</usealttexture>
                                    <textcolor>00ffffff</textcolor>
                                    <selectedcolor>00ffffff</selectedcolor>
                                    <focusedcolor>00ffffff</focusedcolor>
                                    <onfocus>SetFocus(10)</onfocus>
                                </control>
                                <control type="button" id="11">
                                    <width>32</width>
                                    <height>32</height>
                                    <centertop>50%</centertop>
                                    <hitrect x="-24" y="-24" w="80" h="80" />
                                    <texturenofocus colordiffuse="$VAR[ColorSelected_30]">buttons/browse.png</texturenofocus>
                                    <texturefocus colordiffuse="$VAR[ColorSelected]">buttons/browse.png</texturefocus>
                                    <font />
                                    <textcolor>00ffffff</textcolor>
                                    <selectedcolor>00ffffff</selectedcolor>
                                    <focusedcolor>00ffffff</focusedcolor>
                                    <visible>Control.IsEnabled(11)</visible>
                                </control>
                            </control>
                        </control>
                    </control>
                </control>
            </include>

        </control>
    </controls>
</window>
