<?xml version="1.0" encoding="UTF-8"?>
<window>
    <zorder>0</zorder>
    <visible>!Player.HasGame</visible>
    <visible>!Window.IsActive(DialogPlayerProcessInfo.xml)</visible>
    <visible>Window.IsActive(VideoFullScreen.xml) | Window.IsActive(MusicVisualisation.xml)</visible>
    <visible>Window.IsActive(videoosd) | Window.IsActive(musicosd) | Player.Caching | Player.ShowInfo | Player.Seeking | Player.HasPerformedSeek(2) | [Player.Paused + [!System.IdleTime(3) | !Skin.HasSetting(OSD.AutoHideOnPause)]] | Player.Forwarding | Player.Rewinding | Window.IsActive(DialogFullScreenInfo.xml) | !String.IsEmpty(Player.SeekNumeric) | !String.IsEmpty(PVR.ChannelNumberInput) | Window.IsVisible(script-cu-lrclyrics-main.xml) | Window.IsVisible(1143) | Window.IsVisible(script-upnext-stillwatching.xml) | Window.ISVisible(script-upnext-upnext.xml)</visible>
    <visible>!Window.IsVisible(DialogSlider.xml)</visible>
    <onload condition="Player.Paused + !String.IsEmpty(Window(Home).Property(OSDExtendedInfo))">PlayerControl(Play)</onload>
    <onload condition="Player.Paused + !String.IsEmpty(Window(Home).Property(OSDExtendedInfo))">ClearProperty(OSDExtendedInfo,Home)</onload>
    <controls>

        <control type="group">
            <visible>Window.IsActive(VideoFullScreen.xml) | Window.IsActive(MusicVisualisation.xml)</visible>
            <control type="image">
                <texture colordiffuse="7f000000">common/white.png</texture>
                <visible>[!String.IsEmpty(Window(Home).Property(OSDArtistDetails)) + !Window.IsVisible(1142)] | Window.IsVisible(script-cu-lrclyrics-main.xml)</visible>
                <include>Animation_OSD_Fullscreen_Change</include>
            </control>

            <control type="image">
                <texture colordiffuse="panel_bg_70">background/combined_flixart.png</texture>
                <include>Animation_OSD_Fullscreen_Change</include>
            </control>

            <control type="group">
                <include>Animation_OSD_Fullscreen_Change</include>
                <include condition="VideoPlayer.IsFullscreen">OSD_VideoSeekBar</include>
                <include condition="!VideoPlayer.IsFullscreen">OSD_MusicSeekBar</include>
            </control>
        </control>

    </controls>
</window>