<?xml version="1.0" encoding="UTF-8"?>
<includes>

    <!-- ========== -->
    <!-- TMDBHelper -->
    <!-- ========== -->
    <expression name="Exp_TMDbHelper_IsData">[Skin.HasSetting(TMDbHelper.Service)]</expression>
    <expression name="Exp_TMDbHelper_IsBlur">[Skin.HasSetting(TMDbHelper.EnableBlur)]</expression>
    <expression name="Exp_TMDbHelper_IsCrop">[Skin.HasSetting(TMDbHelper.EnableCrop)]</expression>


    <!-- ============== -->
    <!-- Colour Schemes -->
    <!-- ============== -->
    <expression name="Exp_DialogTheme_IsAdaptive">[$EXP[Exp_TMDbHelper_IsBlur] + Skin.String(Background.DialogImage,Adaptive)]</expression>

    <expression name="Exp_ColourHighlight_IsAqua">[String.IsEqual(Skin.String(focuscolor.name),ff00b8d4) + Skin.HasSetting(RevertSelectedText)]</expression>
    <expression name="Exp_ColourHighlight_IsTropical">[String.IsEqual(Skin.String(focuscolor.name),fff4511e) + Skin.HasSetting(RevertSelectedText)]</expression>

    <expression name="Exp_ColourHighlight_IsWhite">[String.IsEmpty(Skin.String(focuscolor.name)) + !Skin.HasSetting(RevertSelectedText)]</expression>
    <expression name="Exp_ColourHighlight_IsMiami">[String.IsEqual(Skin.String(focuscolor.name),ffe91e63) + Skin.HasSetting(RevertSelectedText)]</expression>

    <expression name="Exp_ColourHighlight_IsBlue">[String.IsEqual(Skin.String(focuscolor.name),ff0091ea) + Skin.HasSetting(RevertSelectedText)]</expression>
    <expression name="Exp_ColourHighlight_IsPurple">[String.IsEqual(Skin.String(focuscolor.name),ff5528a8) + Skin.HasSetting(RevertSelectedText)]</expression>
    <expression name="Exp_ColourHighlight_IsCustom">[![$EXP[Exp_ColourHighlight_IsAqua] | $EXP[Exp_ColourHighlight_IsTropical] | $EXP[Exp_ColourHighlight_IsMiami] | $EXP[Exp_ColourHighlight_IsWhite] | $EXP[Exp_ColourHighlight_IsBlue] | $EXP[Exp_ColourHighlight_IsPurple]]]</expression>

    <expression name="Exp_ColourPreset_BrightWhite">[$EXP[Exp_ColourHighlight_IsWhite] + [String.IsEmpty(Skin.String(Background.DialogImage)) | Skin.String(Background.DialogImage,Adaptive)] + [Skin.String(Background.Image,special://skin/extras/backgrounds/blur/purple_blur.jpg) | String.IsEmpty(Skin.String(Background.Image))]]</expression>
    <expression name="Exp_ColourPreset_MiamiVaporwave">[$EXP[Exp_ColourHighlight_IsMiami] + [String.IsEmpty(Skin.String(Background.DialogImage)) | Skin.String(Background.DialogImage,Adaptive)] + [Skin.String(Background.Image,special://skin/extras/backgrounds/blur/purple_blur.jpg) | String.IsEmpty(Skin.String(Background.Image))]]</expression>
    <expression name="Exp_ColourPreset_AquaClassic">[$EXP[Exp_ColourHighlight_IsAqua] + [Skin.String(Background.DialogImage,Green) | Skin.String(Background.DialogImage,Adaptive)] + Skin.String(Background.Image,special://skin/extras/backgrounds/blur/green_blur.jpg)]</expression>
    <expression name="Exp_ColourPreset_TropicalSunset">[$EXP[Exp_ColourHighlight_IsTropical] + [Skin.String(Background.DialogImage,Blush) | Skin.String(Background.DialogImage,Adaptive)] + Skin.String(Background.Image,special://skin/extras/backgrounds/blur/pink_blur.jpg)]</expression>
    <expression name="Exp_ColourPreset_BlueSlate">[$EXP[Exp_ColourHighlight_IsBlue] + [Skin.String(Background.DialogImage,Slate) | Skin.String(Background.DialogImage,Adaptive)] + Skin.String(Background.Image,special://skin/extras/backgrounds/blur/slate_blur.jpg)]</expression>
    <expression name="Exp_ColourPreset_MidnightPurple">[$EXP[Exp_ColourHighlight_IsPurple] + [Skin.String(Background.DialogImage,Coal) | Skin.String(Background.DialogImage,Adaptive)] + Skin.String(Background.Image,special://skin/extras/backgrounds/blur/coal_blur.jpg)]</expression>

    <variable name="Exp_Var_ColourPreset_BrightWhite">
        <value condition="$EXP[Exp_ColourPreset_BrightWhite]">True</value>
    </variable>
    <variable name="Exp_Var_ColourPreset_MiamiVaporwave">
        <value condition="$EXP[Exp_ColourPreset_MiamiVaporwave]">True</value>
    </variable>
    <variable name="Exp_Var_ColourPreset_AquaClassic">
        <value condition="$EXP[Exp_ColourPreset_AquaClassic]">True</value>
    </variable>
    <variable name="Exp_Var_ColourPreset_TropicalSunset">
        <value condition="$EXP[Exp_ColourPreset_TropicalSunset]">True</value>
    </variable>
    <variable name="Exp_Var_ColourPreset_BlueSlate">
        <value condition="$EXP[Exp_ColourPreset_BlueSlate]">True</value>
    </variable>
    <variable name="Exp_Var_ColourPreset_MidnightPurple">
        <value condition="$EXP[Exp_ColourPreset_MidnightPurple]">True</value>
    </variable>

    <expression name="Exp_Navigation_OnParent">[Skin.String(Navigation.OnBack,Parent)]</expression>
    <expression name="Exp_Navigation_OnPrevious">[Skin.String(Navigation.OnBack,Previous) | String.IsEmpty(Skin.String(Navigation.OnBack))]</expression>


    <!-- ==== -->
    <!-- Hubs -->
    <!-- ==== -->

    <expression name="Exp_Hubs_Spotlight_HasItems">[!Integer.IsEqual(Container(301).NumItems,0) | Container(301).IsUpdating]</expression>

    <expression name="Exp_Hubs_Spotlight_SlideDown">[Integer.IsEqual(Window.Property(TMDBHelper.WidgetContainer),301)]</expression>
    <expression name="Exp_Hubs_Spotlight_ShowButtons">[ControlGroup(310).HasFocus()]</expression>


    <!-- ============== -->
    <!-- Standard Views -->
    <!-- ============== -->

    <expression name="Exp_InfoDialogs_WidgetsGroup_HasFocus">[ControlGroup(5000).HasFocus()]</expression>

    <expression name="Exp_IsAlphabetStrip">[!Skin.HasSetting(Navigation.DisableAlphabetJump) + !Window.IsVisible(MyPlaylist.xml) + [String.IsEqual(Container.SortMethod,$LOCALIZE[20376]) | String.IsEqual(Container.SortMethod,$LOCALIZE[556]) | String.IsEqual(Container.SortMethod,$LOCALIZE[551]) | String.IsEqual(Container.SortMethod,$LOCALIZE[21899]) | String.IsEqual(Container.SortMethod,$LOCALIZE[557]) | String.IsEqual(Container.SortMethod,$LOCALIZE[558]) | String.IsEqual(Container.SortMethod,$LOCALIZE[578])]]</expression>

    <expression name="Exp_PVRGuide_NoFocus">[Control.HasFocus(28) | Control.HasFocus(11)]</expression>

    <expression name="Exp_View_IsMedia">[Window.IsVisible(videos) | Window.IsVisible(music) | Window.IsVisible(programs) | Window.IsVisible(pictures) | Window.IsVisible(games) | $EXP[Exp_PVRWindows]]</expression>

    <!-- Scrollbar -->
    <expression name="Exp_BackgroundArtwork_IsHidden">[[![$EXP[Exp_InfoDialogs] | Window.IsVisible(1190)] + [Window.IsVisible(favouritesbrowser) | Window.IsVisible(weather) | !String.IsEmpty(Window.Property(Background.HideArtwork))]] | [[$EXP[Exp_InfoDialogs] | Window.IsVisible(1190)]]]</expression>

    <expression name="Exp_BackgroundArtwork_IsOverlay">[$EXP[Exp_BackgroundArtwork_IsHidden] | [!$EXP[Exp_InfoDialogs] + !String.IsEmpty(Window(Home).Property(Background.ShowOverlay))] | $EXP[Exp_InfoDialogs] | $EXP[Exp_PlainBackgroundWindows]]</expression>

    <expression name="Exp_BackgroundArtwork_IsSimple">[$EXP[Exp_PlainBackgroundWindows] | [Window.IsMedia + [[Window.IsVisible(DialogBusy.xml) + Integer.IsEqual(Container.NumItems,0)]]]]</expression>

    <expression name="Exp_FurnitureBusy_AnimationCond_DialogExtendedProgressBar">[Window.IsActive(DialogNotification.xml) | Window.IsActive(DialogBusy.xml) | Window.IsActive(DialogVolumeBar.xml)]</expression>
    <expression name="Exp_FurnitureBusy_AnimationCond_DialogNotification">[Window.IsActive(DialogExtendedProgressBar.xml) | Window.IsActive(DialogBusy.xml) | Window.IsActive(DialogVolumeBar.xml)]</expression>
    <expression name="Exp_FurnitureBusy_AnimationCond_DialogBusy">[Window.IsActive(DialogExtendedProgressBar.xml) | Window.IsActive(DialogNotification.xml) | Window.IsActive(DialogVolumeBar.xml)]</expression>
    <expression name="Exp_FurnitureBusy_AnimationCond_DialogVolumeBar">[Window.IsActive(DialogExtendedProgressBar.xml) | Window.IsActive(DialogNotification.xml) | Window.IsActive(DialogBusy.xml)]</expression>

    <!-- ================= -->
    <!-- Windows / Dialogs -->
    <!-- ================= -->
    <expression name="Exp_PVRWindows">[Window.IsVisible(MyPVRGuide.xml) | Window.IsVisible(MyPVRChannels.xml) | Window.IsVisible(MyPVRTimers.xml) | Window.IsVisible(MyPVRRecordings.xml) | Window.IsVisible(MyPVRSearch.xml)]</expression>

    <expression name="Exp_InfoDialogs">[Window.IsVisible(DialogVideoInfo.xml) | Window.IsVisible(DialogMusicInfo.xml)]</expression>

    <expression name="Exp_PlainBackgroundWindows">[Window.IsVisible(SettingsCategory.xml) | Window.IsVisible(SkinSettings.xml) | Window.IsVisible(SettingsProfile.xml) | Window.IsVisible(SettingsSystemInfo.xml) | Window.IsVisible(addonbrowser) | Window.IsVisible(filemanager) | Window.IsVisible(1115) | Window.IsVisible(Settings.xml) | Window.IsVisible(eventlog) | Window.IsVisible(SettingsScreenCalibration.xml) | Window.IsVisible(MyMusicPlaylistEditor.xml)]</expression>

    <!-- =============== -->
    <!-- ListItem Status -->
    <!-- =============== -->
    <expression name="Exp_IsGenre">[String.IsEqual(ListItem.DBType,genre) | String.IsEqual(ListItem.Property(dbtype),genre)]</expression>

    <expression name="Exp_IsStudio">[String.IsEqual(ListItem.DBType,studio) | String.IsEqual(ListItem.Property(dbtype),studio)]</expression>

    <expression name="Exp_IsCountry">[String.IsEqual(ListItem.DBType,country) | String.IsEqual(ListItem.Property(dbtype),country)]</expression>

    <expression name="Exp_HasWatchedProgress">[!Skin.HasSetting(Indicator.DisableProgress) + [[ListItem.IsResumable + !Integer.IsEqual(ListItem.PercentPlayed,0) + !Integer.IsEqual(ListItem.PercentPlayed,100)] | [!String.IsEmpty(ListItem.Property(WatchedProgress)) + !Integer.IsEqual(ListItem.Property(WatchedProgress),0) + !Integer.IsEqual(ListItem.Property(WatchedProgress),100)] | [!Integer.IsEqual(ListItem.Progress,0) + !Integer.IsEqual(ListItem.Progress,100)]]]</expression>

    <expression name="Exp_IsPVRItem">[!String.IsEmpty(ListItem.ChannelNumberLabel) | String.IsEqual(ListItem.Path,pvr://channels/tv/)]</expression>


    <!-- === -->
    <!-- OSD -->
    <!-- === -->
    <expression name="Exp_OSD_HasPlaylist">[VideoPlayer.Content(episodes) | VideoPlayer.Content(livetv) | [VideoPlayer.Content(movies) + !Integer.IsEqual(VideoPlayer.PlaylistLength,1) + !Integer.IsEqual(VideoPlayer.PlaylistLength,0)]]</expression>

    <expression name="Exp_OSD_PVRChannelSwitch">[VideoPlayer.Content(livetv) + [!String.IsEmpty(PVR.ChannelNumberInput) | Player.ShowInfo]]</expression>

    <expression name="Exp_OSD_DelayInfo_Timing">[[System.IdleTime(3)] | [System.IdleTime(2) + Skin.String(OSD.AutoOnPause.Delay,2s)] | [System.IdleTime(1) + Skin.String(OSD.AutoOnPause.Delay,1s)] | [System.IdleTime(0) + Skin.String(OSD.AutoOnPause.Delay,0s)]]</expression>

    <expression name="Exp_OSD_DelayInfo">[$EXP[Exp_OSD_DelayInfo_Timing] + Skin.String(OSD.AutoOnPause,Info) + Player.Paused]</expression>

    <expression name="Exp_OSD_QuickInfo">[$EXP[Exp_OSD_PVRChannelSwitch] | Window.IsActive(fullscreeninfo) | $EXP[Exp_OSD_DelayInfo]]</expression>

    <expression name="Exp_OSD_HideControls">[Window.IsActive(1140) | Window.IsActive(1141) | Window.IsActive(1142) | Window.IsActive(videobookmarks) | Window.IsActive(pvrosdguide) | Window.IsActive(pvrosdchannels) | Window.IsActive(script-upnext-stillwatching.xml) | Window.IsActive(script-upnext-upnext.xml)]</expression>

    <!-- ==== -->
    <!-- Misc -->
    <!-- ==== -->
    <expression name="Exp_AutoCompletion_IsEnabled">[System.HasAddon(plugin.program.autocompletion) + System.AddonIsEnabled(plugin.program.autocompletion) + !Skin.HasSetting(Keyboard.DisableAutoCompletion)]</expression>

    <expression name="Exp_Video_IsNotPlaying">[![Player.HasVideo | [Player.HasAudio + !Skin.HasSetting(Background.Visualisation.Disabled) + Visualisation.Enabled]] | Player.Paused | Skin.HasSetting(Background.DisableVideo) | Window.IsVisible(1123)]</expression>

    <expression name="Exp_Christmas_Theme">[System.Date(12-01,01-07) + Skin.HasSetting(EnableHolidayTheme) + [[!Window.IsVisible(visualisation) + !VideoPlayer.IsFullscreen] | Window.IsActive(fullscreeninfo)]]</expression>

    <expression name="Exp_Halloween_Theme">[System.Date(10-30,11-01) + Skin.HasSetting(EnableHolidayTheme) + [[!Window.IsVisible(visualisation) + !VideoPlayer.IsFullscreen] | Window.IsActive(fullscreeninfo)]]</expression>

</includes>
