<?xml version="1.0" encoding="UTF-8"?>
<includes>

    <include name="DialogSelect_Viewtypes">
        <include>Dialog_Dim_Overlay</include>
        <control type="group">
            <include>Dimension_DialogSideMenu</include>
            <include>Animation_Right_Delay</include>

            <include content="Dialog_Foreground_Side">
                <param name="dialog_size">Dimension_DialogSideMenu</param>
                <param name="lines_right">0</param>
                <param name="topline">true</param>
                <param name="subline">true</param>

                <!-- Header -->
                <include content="Dialog_Head">
                    <param name="id">1</param>
                </include>
                <include>Dialog_Head_CloseButton</include>

                <!-- Content -->
                <control type="group">
                    <include>Dimension_Dialog_Body</include>
                    <control type="group">
                        <include>Dimension_Dialog_Body_Group</include>
                        <include content="List_DialogSelect">
                            <param name="id">3</param>
                            <param name="textcolor">dialog_fg</param>
                            <pagecontrol>61</pagecontrol>
                            <onleft>Close</onleft>
                            <onright condition="Control.IsVisible(9001)">9001</onright>
                            <onright condition="!Control.IsVisible(9001)">9000</onright>
                        </include>
                        <control type="group">
                            <height>40</height>
                            <right>20</right>
                            <bottom>-60</bottom>
                            <control type="label">
                                <aligny>center</aligny>
                                <align>right</align>
                                <font>font_hint_black</font>
                                <textcolor>main_fg_30</textcolor>
                                <label>$INFO[Container(3).NumItems,, $LOCALIZE[31022]]</label>
                            </control>
                        </control>
                    </control>

                    <include content="Dialog_Scrollbar">
                        <param name="id">61</param>
                        <onleft condition="Control.IsVisible(9001)">9001</onleft>
                        <onleft condition="!Control.IsVisible(9001)">9000</onleft>
                    </include>

                </control>
            </include>

        </control>

        <control type="group">
            <include>Animation_Right_Delay</include>
            <control type="group">
                <include content="Dialog_Preview_Def" condition="![String.IsEqual(Skin.AspectRatio,4:3) | String.IsEqual(Skin.AspectRatio,3:2) | String.IsEqual(Skin.AspectRatio,16:10)]">
                    <param name="icon">$INFO[Container(3).ListItem.Icon]</param>
                    <param name="height">680</param>
                    <param name="width">1147</param>
                    <param name="right">640</param>
                    <param name="diffuse">diffuse/landscape_w1140_h680.png</param>
                </include>

                <include content="Dialog_Preview_Def" condition="[String.IsEqual(Skin.AspectRatio,4:3) | String.IsEqual(Skin.AspectRatio,3:2) | String.IsEqual(Skin.AspectRatio,16:10)]">
                    <param name="icon">$INFO[Container(3).ListItem.Icon]</param>
                    <param name="height">560</param>
                    <param name="width">933</param>
                    <param name="right">640</param>
                    <param name="diffuse">diffuse/landscape_w720_h405.png</param>
                </include>

            </control>
        </control>
    </include>

    <include name="DialogSelect_Standard">
        <include>Dialog_Dim_Overlay</include>

        <control type="group">
            <visible>!Skin.HasSetting(Dialog.DisableArtworkPreview)</visible>
            <include>Animation_Right_Delay</include>
            <control type="group">
                <include content="Dialog_Preview_Def">
                    <param name="icon">$INFO[Container(6).ListItem.Icon]</param>
                </include>
                <visible>Control.IsVisible(6)</visible>
                <visible>String.IsEqual(Control.GetLabel(1),$LOCALIZE[13511]) | String.IsEqual(Control.GetLabel(1),$LOCALIZE[20437])</visible>
                <animation effect="slide" end="0,200" condition="Container(6).Position(4) | Container(6).Position(5) | Container(6).Position(6) | Container(6).Position(7)">Conditional</animation>
            </control>
        </control>

        <control type="group">
            <include>Dimension_DialogWideMenu</include>
            <include>Animation_Right_Delay</include>

            <!-- Bottom Layer -->
            <include content="Dialog_Background_Side">
                <param name="slide_condition">True</param>
                <param name="dialog_size">Dimension_DialogWideMenu</param>
                <!-- Side Buttons -->
                <control type="group">
                    <include>Dimension_Dialog_Body</include>
                    <include condition="[Window.IsActive(gamevideofilter) | Window.IsActive(gamestretchmode) | Window.IsActive(gamesaves) | Window.IsActive(gamevideorotation) | Window.IsActive(ingamesaves)]">DialogSelect_SideButtons_Games</include>
                    <include condition="![Window.IsActive(gamevideofilter) | Window.IsActive(gamestretchmode) | Window.IsActive(gamesaves) | Window.IsActive(gamevideorotation) | Window.IsActive(ingamesaves)]">DialogSelect_SideButtons_Standard</include>
                </control>
            </include>

            <include content="Dialog_Foreground_Side">
                <param name="dialog_size">Dimension_DialogWideMenu</param>
                <param name="slide_condition">True</param>
                <param name="lines_right">0</param>
                <param name="topline">true</param>
                <param name="subline">true</param>

                <!-- Header -->
                <include content="Dialog_Head">
                    <param name="label">$VAR[Label_ProfileName]</param>
                    <param name="visible">!Control.IsVisible(6)</param>
                </include>
                <include content="Dialog_Head">
                    <param name="id">0</param>
                    <param name="label">$INFO[Control.GetLabel(1)]</param>
                    <param name="visible">Control.IsVisible(6)</param>
                </include>
                <include>Dialog_Head_CloseButton</include>

                <!-- Content -->
                <control type="group">
                    <include>Dimension_Dialog_Body</include>
                    <control type="group">
                        <include>Dimension_Dialog_Body_Group</include>
                        <include content="List_DialogSelect">
                            <param name="id">3</param>
                            <param name="textcolor">dialog_fg</param>
                            <pagecontrol>61</pagecontrol>
                            <onleft>Close</onleft>
                            <onright condition="Control.IsVisible(9001)">9001</onright>
                            <onright condition="!Control.IsVisible(9001)">9000</onright>
                        </include>
                        <include content="List_DialogSelect" condition="![[Window.IsActive(gamevideofilter) | Window.IsActive(gamestretchmode) | Window.IsActive(gamesaves) | Window.IsActive(gamevideorotation) | Window.IsActive(ingamesaves)]]">
                            <param name="id">6</param>
                            <param name="detailed">True</param>
                            <param name="item_height">100</param>
                            <param name="textcolor">dialog_fg</param>
                            <pagecontrol>62</pagecontrol>
                            <onleft>Close</onleft>
                            <onright condition="Control.IsVisible(9001)">9001</onright>
                            <onright condition="!Control.IsVisible(9001)">9000</onright>
                        </include>
                        <include content="List_DialogSelect" condition="[Window.IsActive(gamevideofilter) | Window.IsActive(gamestretchmode) | Window.IsActive(gamesaves) | Window.IsActive(gamevideorotation) | Window.IsActive(ingamesaves)]">
                            <param name="id">10811</param>
                            <param name="itemlayout_include">Layout_GameFilter</param>
                            <param name="item_height">100</param>
                            <param name="textcolor">dialog_fg</param>
                            <pagecontrol>63</pagecontrol>
                            <onleft>Close</onleft>
                            <onright condition="Control.IsVisible(9001)">9001</onright>
                            <onright condition="!Control.IsVisible(9001)">9000</onright>
                        </include>
                        <control type="group">
                            <height>40</height>
                            <right>20</right>
                            <bottom>-60</bottom>
                            <control type="label">
                                <aligny>center</aligny>
                                <align>right</align>
                                <font>font_hint_black</font>
                                <textcolor>main_fg_30</textcolor>
                                <label>$INFO[Container(3).NumItems,, $LOCALIZE[31022]]</label>
                                <visible>Control.IsVisible(3)</visible>
                            </control>
                            <control type="label">
                                <aligny>center</aligny>
                                <align>right</align>
                                <font>font_hint_black</font>
                                <textcolor>main_fg_30</textcolor>
                                <label>$INFO[Container(6).NumItems,, $LOCALIZE[31022]]</label>
                                <visible>Control.IsVisible(6)</visible>
                            </control>
                        </control>
                    </control>

                    <include content="Dialog_Scrollbar">
                        <param name="id">61</param>
                        <param name="slide_condition">True</param>
                        <visible>Control.IsVisible(3)</visible>
                        <onleft condition="Control.IsVisible(9001)">9001</onleft>
                        <onleft condition="!Control.IsVisible(9001)">9000</onleft>
                    </include>

                    <include content="Dialog_Scrollbar">
                        <param name="id">62</param>
                        <param name="slide_condition">True</param>
                        <visible>Control.IsVisible(6)</visible>
                        <onleft condition="Control.IsVisible(9001)">9001</onleft>
                        <onleft condition="!Control.IsVisible(9001)">9000</onleft>
                    </include>

                    <include content="Dialog_Scrollbar">
                        <param name="id">63</param>
                        <param name="slide_condition">True</param>
                        <visible>Control.IsVisible(10811)</visible>
                        <onleft condition="Control.IsVisible(9001)">9001</onleft>
                        <onleft condition="!Control.IsVisible(9001)">9000</onleft>
                    </include>
                </control>
            </include>

        </control>
    </include>

    <include name="DialogSelect_SideButtons_Games">
        <control type="grouplist" id="9000">
            <include>Dialog_Side_Grouplist_Def</include>
            <onleft>10811</onleft>
            <include content="Dialog_Side_Button">
                <param name="id">01</param>
                <param name="label">$LOCALIZE[15067]</param>
                <param name="icon">special://skin/extras/icons/circle-xmark.png</param>
                <onclick>Close</onclick>
            </include>
        </control>
    </include>

    <variable name="DialogSelect_SideButtons_Label_5">
        <value condition="String.IsEqual(Control.GetLabel(5),$LOCALIZE[21335])">$LOCALIZE[744]</value>
        <value condition="String.IsEqual(Control.GetLabel(5),$LOCALIZE[13516])">$LOCALIZE[467]</value>
        <value condition="String.IsEqual(Control.GetLabel(5),$LOCALIZE[21452])">$LOCALIZE[15019]</value>
        <value>$INFO[Control.GetLabel(5)]</value>
    </variable>
    <variable name="DialogSelect_SideButtons_Image_5">
        <value condition="String.IsEqual(Control.GetLabel(5),$LOCALIZE[21335])">special://skin/extras/icons/filebox.png</value>
        <value condition="String.IsEqual(Control.GetLabel(5),$LOCALIZE[186])">special://skin/extras/icons/circle-check.png</value>
        <value>special://skin/extras/icons/circle-plus.png</value>
    </variable>

    <variable name="DialogSelect_SideButtons_Label_8">
        <value condition="String.IsEqual(Control.GetLabel(5),$LOCALIZE[21335])">$LOCALIZE[14022]</value>
        <value>$INFO[Control.GetLabel(8)]</value>
    </variable>
    <variable name="DialogSelect_SideButtons_Image_8">
        <value condition="String.IsEqual(Control.GetLabel(5),$LOCALIZE[21335])">special://skin/extras/icons/book.png</value>
        <value condition="String.IsEqual(Control.GetLabel(8),$LOCALIZE[186])">special://skin/extras/icons/circle-check.png</value>
        <value>special://skin/extras/icons/circle-plus.png</value>
    </variable>


    <include name="DialogSelect_SideButtons_Standard">
        <control type="grouplist" id="9000">
            <include>Dialog_Side_Grouplist_Def</include>
            <onright condition="Control.IsVisible(61)">61</onright>
            <onright condition="Control.IsVisible(62)">62</onright>
            <onright condition="Control.IsVisible(63)">63</onright>
            <onleft condition="Control.IsVisible(3)">3</onleft>
            <onleft condition="Control.IsVisible(6)">6</onleft>
            <include>Items_DialogSelect_Standard</include>
        </control>
    </include>

    <include name="DialogSelect_SideButtons_Artwork">
        <include content="Dialog_Side_Button">
            <param name="id">06</param>
            <param name="label">$LOCALIZE[1000]</param>
            <param name="icon">special://skin/extras/icons/image.png</param>
            <param name="visible">[String.IsEqual(Control.GetLabel(1),$LOCALIZE[13511]) | String.IsEqual(Control.GetLabel(1),$LOCALIZE[20437]) | String.IsEqual(Control.GetLabel(1),$LOCALIZE[13521])]</param>
            <param name="control">radiobutton</param>
            <param name="radiocross">true</param>
            <selected>!Skin.HasSetting(Dialog.DisableArtworkPreview)</selected>
            <onclick>Skin.ToggleSetting(Dialog.DisableArtworkPreview)</onclick>
        </include>
    </include>

    <include name="DialogVideoManager_Main">
        <definition>
            <include>Dialog_Dim_Overlay</include>

            <control type="group">
                <include>Dimension_DialogFullMenu</include>
                <include>Animation_Right_Delay</include>

                <!-- Bottom Layer -->
                <include content="Dialog_Background_Side">
                    <param name="slide_condition">!Integer.IsEqual(Container(9000).NumItems,0)</param>
                    <param name="dialog_size">Dimension_DialogFullMenu</param>
                    <!-- Side Buttons -->
                    <control type="group">
                        <include>Dimension_Dialog_Body</include>
                        <control type="grouplist" id="9000">
                            <include>Dialog_Side_Grouplist_Def</include>
                            <onleft>7000</onleft>
                            <onright>62</onright>
                            <include>$PARAM[include_sidegrouplist_items]</include>
                        </control>
                    </control>
                </include>

                <include content="Dialog_Foreground_Side">
                    <param name="dialog_size">Dimension_DialogFullMenu</param>
                    <param name="slide_condition">!Integer.IsEqual(Container(9000).NumItems,0)</param>
                    <param name="lines_right">476</param>
                    <param name="topline">true</param>
                    <param name="subline">true</param>

                    <!-- Header -->
                    <include content="Dialog_Head">
                        <param name="id">0</param>
                        <param name="label">$PARAM[label_header]</param>
                    </include>

                    <!-- Content -->
                    <control type="group">
                        <include>Dimension_Dialog_Body</include>
                        <control type="group">
                            <include>Dimension_Dialog_Body_Group</include>

                            <include content="DialogInfo_PlotBox_Artwork">
                                <param name="poster_icon">$PARAM[poster_icon]</param>
                                <param name="poster_visible">True</param>
                                <param name="square_icon">-</param>
                                <param name="landscape_icon">$PARAM[landscape_icon]</param>
                            </include>

                            <control type="group" id="7000">
                                <right>496</right>
                                <control type="group">
                                    <include content="List_DialogSelect">
                                        <param name="id">$PARAM[id]</param>
                                        <param name="detailed">True</param>
                                        <param name="item_height">100</param>
                                        <param name="textcolor">dialog_fg</param>
                                        <param name="altfocus">true</param>
                                        <param name="itemlayout_include">Layout_DialogVersions</param>
                                        <onright condition="Control.IsVisible(9001)">9001</onright>
                                        <onright condition="!Control.IsVisible(9001)">9000</onright>
                                        <onright>62</onright>
                                        <right>-20</right>
                                        <pagecontrol>62</pagecontrol>
                                    </include>
                                    <control type="group">
                                        <height>40</height>
                                        <bottom>-60</bottom>
                                        <control type="label">
                                            <left>20</left>
                                            <aligny>center</aligny>
                                            <align>left</align>
                                            <font>font_hint_black</font>
                                            <textcolor>main_fg_30</textcolor>
                                            <label>$INFO[Container($PARAM[id]).ListItem.FileName]</label>
                                            <haspath>true</haspath>
                                        </control>
                                        <control type="label">
                                            <aligny>center</aligny>
                                            <align>right</align>
                                            <font>font_hint_black</font>
                                            <textcolor>main_fg_30</textcolor>
                                            <label>$INFO[Container($PARAM[id]).NumItems,, $LOCALIZE[31022]]</label>
                                        </control>
                                    </control>
                                </control>
                            </control>
                        </control>
                        <include content="Dialog_Scrollbar">
                            <param name="id">62</param>
                            <onleft>7000</onleft>
                        </include>
                    </control>
                </include>

            </control>
        </definition>
    </include>

    <include name="DialogSelect_VideoVersions">
        <include>Dialog_Dim_Overlay</include>
        <control type="group">
            <include>Animation_SlideIn_Dialog</include>
            <control type="group">
                <include>Dimension_DialogVersionSelect</include>
                <control type="group">
                    <include content="Dialog_Background_Blur">
                        <param name="diffuse">diffuse/dialog_w1120_h400.png</param>
                    </include>
                    <include content="Dialog_Head">
                        <param name="top">40</param>
                        <param name="left">40</param>
                    </include>
                    <control type="group">
                        <include content="Dialog_Overlay_Mode_Glass">
                            <param name="flipped">false</param>
                        </include>
                        <bottom>-40</bottom>
                        <control type="image">
                            <top>120</top>
                            <height>1</height>
                            <texture colordiffuse="dialog_fg_12">common/white.png</texture>
                            <left>40</left>
                            <right>40</right>
                        </control>
                        <control type="image">
                            <bottom>160</bottom>
                            <height>1</height>
                            <texture colordiffuse="dialog_fg_12">common/white.png</texture>
                            <left>40</left>
                            <right>40</right>
                        </control>
                        <control type="scrollbar" id="61">
                            <centerbottom>160</centerbottom>
                            <height>scrollbar_w</height>
                            <orientation>horizontal</orientation>
                            <left>40</left>
                            <right>40</right>
                            <texturesliderbackground colordiffuse="main_fg_12" border="4">scrollbar/scrollh_line.png</texturesliderbackground>
                            <texturesliderbackground />
                            <texturesliderbar colordiffuse="main_logo" border="4">scrollbar/scrollh.png</texturesliderbar>
                            <include>Texture_Scrollbar_H</include>
                            <onup>6</onup>
                        </control>
                        <control type="group">
                            <top>80</top>
                            <include content="List_Core">
                                <param name="orientation">horizontal</param>
                                <param name="control">fixedlist</param>
                                <param name="id">6</param>
                                <param name="item_w">295</param>
                                <param name="item_h">440</param>
                                <param name="itemlayout_w">335</param>
                                <param name="itemlayout_h">480</param>
                                <param name="itemlayout_include">Layout_VersionPoster</param>
                                <movement>1</movement>
                                <param name="offset_x">40</param>
                                <focusposition>1</focusposition>
                                <pagecontrol>61</pagecontrol>
                                <ondown>61</ondown>
                                <animation effect="slide" end="-167.5" condition="Integer.IsEqual(Container(6).NumItems,2)">Conditional</animation>
                            </include>
                        </control>
                        <control type="grouplist">
                            <height>80</height>
                            <centerbottom>80</centerbottom>
                            <orientation>horizontal</orientation>
                            <align>center</align>
                            <itemgap>10</itemgap>
                            <include content="Info_Line_VideoQuality_Resolution">
                                <param name="visible">true</param>
                                <param name="colordiffuse">main_fg_90</param>
                                <param name="is_4k">[Integer.IsGreater(Container(6).ListItem.VideoResolution,1080) | String.IsEqual(Container(6).ListItem.VideoResolution,4K)]</param>
                                <param name="is_fhd">[Integer.IsGreater(Container(6).ListItem.VideoResolution,720)]</param>
                                <param name="is_hd">[Integer.IsEqual(Container(6).ListItem.VideoResolution,720)]</param>
                                <param name="is_sd">[!String.IsEmpty(Container(6).ListItem.VideoResolution)]</param>
                            </include>
                            <include content="Info_Line_VideoQuality_HDRType">
                                <param name="visible">true</param>
                                <param name="colordiffuse">main_fg_90</param>
                                <param name="is_dolbyvision">[String.IsEqual(Container(6).ListItem.HdrType,dolbyvision)]</param>
                                <param name="is_hdr">[String.IsEqual(Container(6).ListItem.HdrType,hdr10)]</param>
                                <param name="is_hlg">[String.IsEqual(Container(6).ListItem.HdrType,hlg)]</param>
                            </include>
                            <include content="Info_Line_VideoQuality_Object">
                                <param name="colordiffuse">main_fg_90</param>
                                <param name="label">$INFO[Container(6).ListItem.VideoCodec]</param>
                                <param name="visible">!String.IsEmpty(Container(6).ListItem.VideoCodec)</param>
                            </include>
                            <include content="Info_Line_VideoQuality_Object">
                                <param name="colordiffuse">main_fg_90</param>
                                <param name="label">$INFO[Container(6).ListItem.VideoAspect,,:1]</param>
                                <param name="visible">!String.IsEmpty(Container(6).ListItem.VideoAspect)</param>
                            </include>
                            <include content="Info_Line_AudioChannels">
                                <param name="colordiffuse">main_fg_90</param>
                                <param name="listitem_audiochannels">Container(6).ListItem.AudioChannels</param>
                                <param name="visible">!String.IsEmpty(Container(6).ListItem.AudioChannels)</param>
                            </include>
                            <include content="Info_Line_VideoQuality_Object">
                                <param name="colordiffuse">main_fg_90</param>
                                <param name="label">$INFO[Container(6).ListItem.AudioCodec]</param>
                                <param name="visible">!String.IsEmpty(Container(6).ListItem.AudioCodec)</param>
                            </include>
                            <include content="Info_Line_VideoQuality_Object">
                                <param name="colordiffuse">main_fg_90</param>
                                <param name="label">$LOCALIZE[248]: $INFO[Container(6).ListItem.Property(AudioLanguage.1)]$INFO[Container(6).ListItem.Property(AudioLanguage.2), | ,]$INFO[Container(6).ListItem.Property(AudioLanguage.3), | ,]</param>
                                <param name="visible">!String.IsEmpty(Container(6).ListItem.Property(AudioLanguage.1)) + String.IsEmpty(Container(6).ListItem.Property(AudioLanguage.4))</param>
                            </include>
                            <include content="Info_Line_VideoQuality_Object">
                                <param name="colordiffuse">main_fg_90</param>
                                <param name="label">$LOCALIZE[248]: $INFO[Container(6).ListItem.Property(AudioLanguage.1)]$INFO[Container(6).ListItem.Property(AudioLanguage.2), | ,]$INFO[Container(6).ListItem.Property(AudioLanguage.3), | ,] +</param>
                                <param name="visible">!String.IsEmpty(Container(6).ListItem.Property(AudioLanguage.1)) + !String.IsEmpty(Container(6).ListItem.Property(AudioLanguage.4))</param>
                            </include>
                            <include content="Info_Line_VideoQuality_Object">
                                <param name="colordiffuse">main_fg_90</param>
                                <param name="label">$LOCALIZE[459]: $INFO[Container(6).ListItem.Property(SubtitleLanguage.1)]$INFO[Container(6).ListItem.Property(SubtitleLanguage.2), | ,]$INFO[Container(6).ListItem.Property(SubtitleLanguage.3), | ,]</param>
                                <param name="visible">!String.IsEmpty(Container(6).ListItem.Property(SubtitleLanguage.1)) + String.IsEmpty(Container(6).ListItem.Property(SubtitleLanguage.1))</param>
                            </include>
                            <include content="Info_Line_VideoQuality_Object">
                                <param name="colordiffuse">main_fg_90</param>
                                <param name="label">$LOCALIZE[459]: $INFO[Container(6).ListItem.Property(SubtitleLanguage.1)]$INFO[Container(6).ListItem.Property(SubtitleLanguage.2), | ,]$INFO[Container(6).ListItem.Property(SubtitleLanguage.3), | ,] +</param>
                                <param name="visible">!String.IsEmpty(Container(6).ListItem.Property(SubtitleLanguage.1)) + !String.IsEmpty(Container(6).ListItem.Property(SubtitleLanguage.1))</param>
                            </include>
                        </control>
                    </control>
                </control>

            </control>
        </control>
        <include content="Object_Hidden_List">
            <param name="id">3</param>
        </include>
        <control type="label" id="1">
            <visible>false</visible>
        </control>
    </include>

</includes>
