<?xml version="1.0" encoding="UTF-8"?>
<includes>

    <include file="Includes_Home.xml" />
    <include file="Includes_MediaWall.xml" />
    <include file="Includes_MediaFilter.xml" />
    <include file="Includes_Transitions.xml" />
    <include file="Includes_ObjectWall.xml" />
    <include file="Includes_Settings.xml" />
    <include file="Includes_Hubs.xml" />
    <include file="Includes_Spotlight.xml" />
    <include file="Includes_Categories.xml" />
    <include file="Includes_Background.xml" />
    <include file="Includes_TouchMode_Overrides.xml" condition="Skin.HasSetting(Navigation.TouchMode)" />
    <include file="Includes_Constants_FlixArt_Large.xml" condition="Skin.String(Skin.FlixArt.Size,Large)" />
    <include file="Includes_Constants_FlixArt_ExtraLarge.xml" condition="Skin.String(Skin.FlixArt.Size,ExtraLarge)" />
    <include file="Includes_Constants_4x3.xml" condition="String.IsEqual(Skin.AspectRatio,4:3)" />
    <include file="Includes_Constants_3x2.xml" condition="String.IsEqual(Skin.AspectRatio,3:2)" />
    <include file="Includes_Constants_16x10.xml" condition="String.IsEqual(Skin.AspectRatio,16:10)" />
    <include file="Includes_Constants_17x9.xml" condition="String.IsEqual(Skin.AspectRatio,17:9)" />
    <include file="Includes_Constants_18x9.xml" condition="String.IsEqual(Skin.AspectRatio,18:9)" />
    <include file="Includes_Constants_19.5x9.xml" condition="String.IsEqual(Skin.AspectRatio,19.5:9)" />
    <include file="Includes_Constants_21x9.xml" condition="String.IsEqual(Skin.AspectRatio,21:9)" />
    <include file="Includes_Constants.xml" />
    <include file="Includes_Expressions.xml" />
    <include file="Includes_Colors.xml" />
    <include file="Includes_Defaults.xml" />
    <include file="Includes_Dimensions.xml" />
    <include file="Includes_Labels.xml" />
    <include file="Includes_Images.xml" />
    <include file="Includes_MPAA.xml" />
    <include file="Includes_Dialogs.xml" />
    <include file="Includes_Keyboard.xml" />
    <include file="Includes_Keyboard_Mini.xml" />
    <include file="Includes_ButtonMenu.xml" />

    <include file="Includes_DialogInfo.xml" />
    <include file="Includes_DialogSelect.xml" />
    <include file="Includes_Furniture.xml" />
    <include file="Includes_Items.xml" />
    <include file="Includes_Textures.xml" />
    <include file="Includes_Objects.xml" />
    <include file="Includes_Info.xml" />
    <include file="Includes_OSD.xml" />
    <include file="Includes_OSD_CastInfo.xml" />
    <include file="Includes_Actions.xml" />
    <include file="Includes_Animations.xml" />
    <include file="Includes_Weather.xml" />
    <include file="Includes_Lists.xml" />
    <include file="Includes_Layouts.xml" />
    <include file="Includes_Widgets.xml" />
    <include file="Includes_NextAired.xml" />
    <include file="Includes_Paths.xml" />

    <include file="Includes_Views.xml" />
    <include file="Includes_Views_List.xml" />
    <include file="Includes_Views_Row.xml" />
    <include file="Includes_Views_Combined.xml" />
    <include file="Includes_Views_PVR.xml" />

    <include file="Includes_Search_View.xml" />
    <include file="Includes_Search_Filter.xml" />

    <include file="Includes_Shortcuts_Pallette.xml" />
    <include file="Includes_Shortcuts_Options.xml" />
    <include file="Includes_Shortcuts_Window.xml" />

    <include file="script-skinvariables-images-includes.xml" />
    <include file="script-skinvariables-labels-includes.xml" />
    <include file="script-skinvariables-generator-includes-.xml" condition="String.IsEmpty(Skin.String(SkinVariables.SkinUser))" />
    <include file="script-skinvariables-skinusers.xml" condition="!String.IsEmpty(Skin.String(SkinVariables.SkinUser))" />
    <include file="script-skinvariables-generator-textures-includes.xml" />
    <include file="script-skinvariables-includes.xml" />
    <include file="script-skinviewtypes-includes.xml" />

    <include file="Includes_Overlay.xml" />
    <include file="Includes_Views_Fallbacks.xml" />
</includes>
