<?xml version="1.0" encoding="UTF-8"?>
<window>
    <include content="Action_SettingsCategories_Onload">
        <param name="defaultcontrol">3</param>
    </include>
    <controls>


        <include content="Background_Main">
            <param name="plain_background">true</param>
        </include>
        <include content="Background_Transition">
            <param name="windowopen_condition">!$EXP[Exp_SettingsDialogs_Prev]</param>
            <param name="windowclose_condition">!$EXP[Exp_SettingsDialogs_Next]</param>
        </include>



        <include content="Settings_Dialog">
            <include content="DialogInfo_ButtonGroup_Basic">
                <param name="id">30000</param>
                <param name="dim_visible">false</param>
                <onright>3</onright>
                <onleft>SetFocus(30040)</onleft>
                <include content="Settings_Side_Button">
                    <param name="id">01</param>
                    <param name="label">$LOCALIZE[15067]</param>
                    <param name="icon">special://skin/extras/icons/circle-xmark.png</param>
                    <onclick>PreviousMenu</onclick>
                </include>
                <include content="Settings_Side_Button">
                    <param name="id">02</param>
                    <param name="label">$LOCALIZE[33061]</param>
                    <param name="icon">special://skin/extras/icons/bars.png</param>
                    <onclick>SetFocus(30040)</onclick>
                </include>
            </include>
            <include content="Settings_Main_Group">
                <include content="Settings_Left_Group">
                    <include content="Settings_Left_Content">
                        <control type="list" id="3">
                            <onleft>30000</onleft>
                            <!-- <onup>30032</onup> -->
                            <onright>5</onright>
                            <!-- <ondown>-</ondown> -->
                            <pagecontrol>61</pagecontrol>
                            <right>40</right>
                            <itemlayout height="80">
                                <control type="label">
                                    <textoffsetx>40</textoffsetx>
                                    <label>$INFO[ListItem.Label]</label>
                                </control>
                            </itemlayout>
                            <focusedlayout height="80">
                                <control type="label">
                                    <visible>[ControlGroup(30000).HasFocus() | ControlGroup(30030).HasFocus() | ControlGroup(30040).HasFocus() | ControlGroup(30700).HasFocus()]</visible>
                                    <textoffsetx>40</textoffsetx>
                                    <label>$INFO[ListItem.Label]</label>
                                </control>
                                <control type="group">
                                    <visible>![ControlGroup(30000).HasFocus() | ControlGroup(30030).HasFocus() | ControlGroup(30040).HasFocus() | ControlGroup(30700).HasFocus()]</visible>
                                    <control type="image">
                                        <include>Texture_Menu_Highlight_H</include>
                                    </control>
                                    <control type="label">
                                        <include>Color_SelectedText</include>
                                        <textoffsetx>40</textoffsetx>
                                        <label>$INFO[ListItem.Label]</label>
                                    </control>
                                </control>
                            </focusedlayout>
                            <content>
                                <item id="1">
                                    <label>$LOCALIZE[31177]</label>
                                </item>
                                <item id="2">
                                    <label>$LOCALIZE[480]</label>
                                </item>
                                <item id="3">
                                    <label>$LOCALIZE[31044]</label>
                                </item>
                                <item id="4">
                                    <label>$LOCALIZE[31174]</label>
                                </item>
                                <item id="5">
                                    <label>$LOCALIZE[31180]</label>
                                </item>
                                <item id="6">
                                    <label>$LOCALIZE[31186]</label>
                                </item>
                                <item id="7">
                                    <label>$LOCALIZE[33029]</label>
                                </item>
                                <item id="8">
                                    <label>$LOCALIZE[10039]</label>
                                </item>
                                <item id="9">
                                    <label>$LOCALIZE[31350]</label>
                                </item>
                            </content>
                        </control>
                    </include>
                </include>
                <include content="Settings_Right_Group">
                    <param name="arrow_prev_visible">Container(5).HasPrevious</param>
                    <param name="arrow_next_visible">Container(5).HasNext</param>
                    <include content="Settings_Right_Grouplist">
                        <param name="id">5</param>
                        <onleft>3</onleft>

                        <include content="Settings_Label" description="Configure">
                            <param name="id">1000</param>
                            <label>$LOCALIZE[24020]</label>
                            <visible>Container(3).HasFocus(1)</visible>
                        </include>
                        <include content="Items_Settings_AllMenuConfigure">
                            <param name="baseid">10</param>
                            <param name="visible">Container(3).HasFocus(1)</param>
                            <param name="dialog">false</param>
                        </include>

                        <!-- Appearance -->
                        <include content="Settings_Label" description="LooknFeel Label">
                            <param name="id">2000</param>
                            <label>$LOCALIZE[24997]</label>
                            <visible>Container(3).HasFocus(2)</visible>
                        </include>
                        <include content="Settings_Button" description="Color Theme Selector">
                            <param name="id">2001</param>
                            <label>$LOCALIZE[31197]</label>
                            <label2>$VAR[Label_Setting_CurrentSkinTheme]</label2>
                            <visible>Container(3).HasFocus(2)</visible>
                            <onclick>SetProperty(CustomDialogSettingsTitle,[CAPITALIZE]$LOCALIZE[31197][/CAPITALIZE],Home)</onclick>
                            <onclick>SetProperty(CustomDialogSettingsItems,Items_Settings_ColourThemes,Home)</onclick>
                            <onclick>ActivateWindow(1118)</onclick>
                        </include>
                        <include content="Settings_Button" description="Presets">
                            <param name="id">2002</param>
                            <label>$LOCALIZE[31241]</label>
                            <label2>$VAR[Label_Setting_ColourPreset]</label2>
                            <visible>Container(3).HasFocus(2)</visible>
                            <onclick>SetProperty(CustomDialogSettingsTitle,[CAPITALIZE]$LOCALIZE[31241][/CAPITALIZE],Home)</onclick>
                            <onclick>SetProperty(CustomDialogSettingsItems,Items_Settings_ColourPresets,Home)</onclick>
                            <onclick>ActivateWindow(1118)</onclick>
                        </include>
                        <include content="Settings_Button" description="Color Selector">
                            <param name="id">2003</param>
                            <label> - $LOCALIZE[31231]</label>
                            <label2>$VAR[Label_Setting_ColourScheme]</label2>
                            <visible>Container(3).HasFocus(2)</visible>
                            <onclick>SetProperty(CustomDialogSettingsTitle,[CAPITALIZE]$LOCALIZE[14078][/CAPITALIZE],Home)</onclick>
                            <onclick>SetProperty(CustomDialogSettingsItems,Items_Settings_ColourHighlights,Home)</onclick>
                            <onclick>ActivateWindow(1118)</onclick>
                        </include>
                        <include content="Settings_Button" description="Customise Background">
                            <param name="id">2004</param>
                            <label> - $LOCALIZE[31361]</label>
                            <label2>$VAR[Label_Setting_ColourBackground]</label2>
                            <visible>Container(3).HasFocus(2)</visible>
                            <onclick>SetProperty(CustomDialogSettingsTitle,[CAPITALIZE]$LOCALIZE[31361][/CAPITALIZE],Home)</onclick>
                            <onclick>SetProperty(CustomDialogSettingsItems,Items_Settings_BackgroundImage,Home)</onclick>
                            <onclick>ActivateWindow(1118)</onclick>
                        </include>
                        <include content="Settings_Button" description="Customise Dialog Background">
                            <param name="id">2005</param>
                            <label> - $LOCALIZE[31204]</label>
                            <label2>$VAR[Label_Setting_ColourDialog]</label2>
                            <visible>Container(3).HasFocus(2)</visible>
                            <onclick>SetProperty(CustomDialogSettingsTitle,[CAPITALIZE]$LOCALIZE[31204][/CAPITALIZE],Home)</onclick>
                            <onclick>SetProperty(CustomDialogSettingsItems,Items_Settings_BackgroundDialogImage,Home)</onclick>
                            <onclick>ActivateWindow(1118)</onclick>
                            <enable>!$EXP[Exp_DialogTheme_IsLight]</enable>
                        </include>
                        <include content="Settings_Button" description="Customise Startup">
                            <param name="id">2006</param>
                            <label> - $LOCALIZE[31255]</label>
                            <label2>$VAR[Label_Setting_StartUpImage]</label2>
                            <visible>Container(3).HasFocus(2)</visible>
                            <onclick>SetProperty(CustomDialogSettingsTitle,[CAPITALIZE]$LOCALIZE[31255][/CAPITALIZE],Home)</onclick>
                            <onclick>SetProperty(CustomDialogSettingsItems,Items_Settings_CustomStartup,Home)</onclick>
                            <onclick>ActivateWindow(1118)</onclick>
                        </include>
                        <include content="Settings_Button" description="Background blur">
                            <param name="id">2012</param>
                            <param name="control">button</param>
                            <label>$LOCALIZE[31331]</label>
                            <label2>$VAR[Label_Setting_BackgroundBlur]</label2>

                            <onclick>SetProperty(CustomDialogSettingsTitle,[CAPITALIZE]$LOCALIZE[31331][/CAPITALIZE],Home)</onclick>
                            <onclick>SetProperty(CustomDialogSettingsItems,Items_Settings_BackgroundStyle,Home)</onclick>
                            <onclick>ActivateWindow(1118)</onclick>
                            <visible>Container(3).HasFocus(2)</visible>
                        </include>
                        <include content="Settings_Button" description="Title logos">
                            <param name="id">2013</param>
                            <param name="control">button</param>
                            <label>$LOCALIZE[31272]</label>
                            <label2>$VAR[Label_Setting_ForegroundLogo]</label2>
                            <onclick>Skin.ToggleSetting(TMDbHelper.EnableCrop)</onclick>
                            <onclick>ReloadSkin()</onclick>
                            <onclick>AlarmClock(refocusblura,SetFocus(3,1,absolute),00:00,silent)</onclick>
                            <onclick>AlarmClock(refocusblurb,SetFocus(2013),00:00,silent)</onclick>
                            <visible>Container(3).HasFocus(2)</visible>
                        </include>
                        <include content="Settings_Button" description="Colour ratings">
                            <param name="id">2014</param>
                            <param name="control">button</param>
                            <label>$LOCALIZE[31459]</label>
                            <label2>$VAR[Label_Setting_RatingsStyle]</label2>
                            <onclick>Skin.ToggleSetting(Furniture.EnableColourRatings)</onclick>
                            <visible>Container(3).HasFocus(2)</visible>
                        </include>
                        <include content="Settings_Button" description="Colour codecs">
                            <param name="id">2015</param>
                            <param name="control">button</param>
                            <label>$LOCALIZE[31207]</label>
                            <label2>$VAR[Label_Setting_CodecStyle]</label2>
                            <onclick>Skin.ToggleSetting(Furniture.EnableColourCodecs)</onclick>
                            <visible>Container(3).HasFocus(2)</visible>
                        </include>
                        <include content="Settings_Button" description="Info line style">
                            <param name="id">2016</param>
                            <param name="control">button</param>
                            <label>Info line style</label>
                            <label2>$VAR[Label_Setting_InfoLineStyle]</label2>
                            <onclick>Skin.ToggleSetting(Info.EnablePillboxStyle)</onclick>
                            <visible>Container(3).HasFocus(2)</visible>
                        </include>

                        <include content="Settings_Button" description="Spotlight Style">
                            <param name="id">2017</param>
                            <param name="control">button</param>
                            <label>$LOCALIZE[31474]</label>
                            <label2>$VAR[Label_Setting_SpotlightStyle]</label2>
                            <visible>Container(3).HasFocus(2)</visible>
                            <onclick>Skin.ToggleSetting(Background.EnableSpotlightFanart)</onclick>
                        </include>
                        <include content="Settings_Label" description="Background">
                            <param name="id">2110</param>
                            <label>$LOCALIZE[33068]</label>
                            <visible>Container(3).HasFocus(2)</visible>
                        </include>
                        <include content="Settings_Button" description="Background video">
                            <param name="id">2111</param>
                            <param name="control">radiobutton</param>
                            <label>$LOCALIZE[31069]</label>
                            <visible>Container(3).HasFocus(2)</visible>
                            <selected>!Skin.HasSetting(Background.VideoDisabled)</selected>
                            <onclick>Skin.ToggleSetting(Background.VideoDisabled)</onclick>
                        </include>
                        <include content="Settings_Button" description="Background episode thumb">
                            <param name="id">2112</param>
                            <param name="control">radiobutton</param>
                            <label>$LOCALIZE[31367]</label>
                            <visible>Container(3).HasFocus(2)</visible>
                            <onclick>Skin.ToggleSetting(Background.DisableEpisodeThumb)</onclick>
                            <selected>!Skin.HasSetting(Background.DisableEpisodeThumb)</selected>
                        </include>

                        <!-- Viewtypes -->
                        <include content="Settings_Label" description="Viewtypes">
                            <param name="id">3010</param>
                            <label>$LOCALIZE[31044]</label>
                            <visible>Container(3).HasFocus(3)</visible>
                        </include>
                        <include content="Settings_Button" description="Configure Views">
                            <param name="id">3011</param>
                            <param name="control">button</param>
                            <label>$LOCALIZE[31321]</label>
                            <visible>Container(3).HasFocus(3)</visible>
                            <onclick>runscript(script.skinvariables,action=buildviews,configure)</onclick>
                        </include>

                        <include content="Settings_Label" description="Combined viewtype style">
                            <param name="id">3020</param>
                            <label>$LOCALIZE[736]</label>
                            <visible>Container(3).HasFocus(3)</visible>
                        </include>
                        <include content="Settings_Button" description="Alternative combined">
                            <param name="id">3021</param>
                            <param name="control">button</param>
                            <label>$LOCALIZE[31136]</label>
                            <label2>$VAR[Label_Setting_CombinedStyle]</label2>
                            <visible>Container(3).HasFocus(3)</visible>
                            <visible>!Skin.HasSetting(Navigation.TouchMode)</visible>
                            <onclick>Skin.ToggleSetting(Views.UseAltCombined)</onclick>
                        </include>
                        <include content="Settings_Button" description="PVR Style combined">
                            <param name="id">3022</param>
                            <param name="control">button</param>
                            <label>$LOCALIZE[31182]</label>
                            <label2>$VAR[Label_Setting_EPGChannelsStyle]</label2>
                            <visible>Container(3).HasFocus(3)</visible>
                            <onclick>Skin.ToggleSetting(Views.UseHalfPVRGuide)</onclick>
                        </include>

                        <include content="Settings_Label" description="Widgets">
                            <param name="id">3040</param>
                            <label>$LOCALIZE[31103]</label>
                            <visible>Container(3).HasFocus(3)</visible>
                        </include>
                        <include content="Settings_Button" description="Show More Items">
                            <param name="id">3041</param>
                            <param name="control">radiobutton</param>
                            <label>$LOCALIZE[31448]</label>
                            <visible>Container(3).HasFocus(3)</visible>
                            <onclick>Skin.ToggleSetting(Widgets.DisableShowMore)</onclick>
                            <selected>!Skin.HasSetting(Widgets.DisableShowMore)</selected>
                        </include>
                        <include content="Settings_Button" description="Show text labels on board widgets">
                            <param name="id">3042</param>
                            <param name="control">radiobutton</param>
                            <label>$LOCALIZE[31278]</label>
                            <visible>Container(3).HasFocus(3)</visible>
                            <onclick>Skin.ToggleSetting(Widgets.BoardLabels)</onclick>
                            <selected>Skin.HasSetting(Widgets.BoardLabels)</selected>
                        </include>

                        <!-- Navigation -->
                        <include content="Settings_Label" description="Spotlight">
                            <param name="id">4011</param>
                            <label>$LOCALIZE[31105]</label>
                            <visible>Container(3).HasFocus(4)</visible>
                        </include>
                        <include content="Settings_Button" description="Spotlight OnInfo">
                            <param name="id">4014</param>
                            <param name="control">button</param>
                            <label>$LOCALIZE[31105] > $LOCALIZE[29915]</label>
                            <label2>$INFO[Skin.String(Movement.Spotlight.OnInfo)]</label2>
                            <onclick>RunScript(script.skinvariables,run_dialog=select,heading=$LOCALIZE[31105] > OnInfo,separator=||,list=Menu||Info,preselect=$INFO[Skin.String(Movement.Spotlight.OnInfo)],"executebuiltin=Skin.SetString(Movement.Spotlight.OnInfo,{v})")</onclick>
                            <visible>Container(3).HasFocus(4)</visible>
                        </include>

                        <include content="Settings_Label" description="Focus">
                            <param name="id">4030</param>
                            <label>$LOCALIZE[31150]</label>
                            <visible>Container(3).HasFocus(4)</visible>
                        </include>
                        <include content="Settings_Button" description="Categories focus second position">
                            <param name="id">4031</param>
                            <param name="control">radiobutton</param>
                            <label>$LOCALIZE[31489]</label>
                            <onclick>Skin.ToggleSetting(Categories.UseSecondPositionFocus)</onclick>
                            <selected>Skin.HasSetting(Categories.UseSecondPositionFocus)</selected>
                            <visible>Container(3).HasFocus(4)</visible>
                        </include>

                        <include content="Settings_Label" description="Content">
                            <param name="id">4021</param>
                            <label>$LOCALIZE[31324]</label>
                            <visible>Container(3).HasFocus(4)</visible>
                        </include>

                        <include content="Settings_Button" description="OnUp">
                            <param name="id">4022</param>
                            <param name="control">button</param>
                            <label>$LOCALIZE[31324] > $LOCALIZE[31007]</label>
                            <label2>$INFO[Skin.String(Navigation.OnUp)]</label2>
                            <visible>Container(3).HasFocus(4)</visible>
                            <onclick condition="Skin.String(Navigation.OnUp,Search)">Skin.SetString(Navigation.OnUp,Bump)</onclick>
                            <onclick condition="!Skin.String(Navigation.OnUp,Search)">Skin.SetString(Navigation.OnUp,Search)</onclick>
                        </include>
                        <include content="Settings_Button" description="OnDown">
                            <param name="id">4023</param>
                            <param name="control">button</param>
                            <label>$LOCALIZE[31324] > $LOCALIZE[31008]</label>
                            <label2>$INFO[Skin.String(Navigation.OnDown)]</label2>
                            <visible>Container(3).HasFocus(4)</visible>
                            <onclick condition="Skin.String(Navigation.OnDown,Explore)">Skin.SetString(Navigation.OnDown,Bump)</onclick>
                            <onclick condition="!Skin.String(Navigation.OnDown,Explore)">Skin.SetString(Navigation.OnDown,Explore)</onclick>
                        </include>
                        <include content="Settings_Button" description="OnLeftRight">
                            <param name="id">4024</param>
                            <param name="control">button</param>
                            <label>$LOCALIZE[31324] > $LOCALIZE[31161]</label>
                            <label2>$INFO[Skin.String(Navigation.OnLeftRight)]</label2>
                            <visible>Container(3).HasFocus(4)</visible>
                            <onclick condition="Skin.String(Navigation.OnLeftRight,Bump) | String.IsEmpty(Skin.String(Navigation.OnLeftRight))">Skin.SetString(Navigation.OnLeftRight,Loop)</onclick>
                            <onclick condition="Skin.String(Navigation.OnLeftRight,Loop)">Skin.SetString(Navigation.OnLeftRight,Wrap)</onclick>
                            <onclick condition="Skin.String(Navigation.OnLeftRight,Wrap)">Skin.SetString(Navigation.OnLeftRight,Bump)</onclick>
                        </include>

                        <include content="Settings_Button" description="OnBack">
                            <param name="id">4025</param>
                            <param name="control">button</param>
                            <label>$LOCALIZE[31324] > $LOCALIZE[31166]</label>
                            <label2>$INFO[Skin.String(Navigation.OnBack)]</label2>
                            <visible>Container(3).HasFocus(4)</visible>
                            <onclick condition="Skin.String(Navigation.OnBack,Menu)">Skin.SetString(Navigation.OnBack,Previous)</onclick>
                            <onclick condition="Skin.String(Navigation.OnBack,Previous) | String.IsEmpty(Skin.String(Navigation.OnBack))">Skin.SetString(Navigation.OnBack,Menu)</onclick>
                        </include>

                        <include content="Settings_Button" description="Library Filter Wall">
                            <param name="id">4029</param>
                            <param name="control">radiobutton</param>
                            <label>$LOCALIZE[31324] > $LOCALIZE[31167] > $LOCALIZE[587]</label>
                            <visible>Container(3).HasFocus(4)</visible>
                            <visible>!Skin.HasSetting(Navigation.TouchMode)</visible>
                            <onclick>Skin.ToggleSetting(Navigation.MediaFilterWall)</onclick>
                            <selected>Skin.HasSetting(Navigation.MediaFilterWall)</selected>
                        </include>
                        <include content="Settings_Button" description="Home Scroll Between">
                            <param name="id">4032</param>
                            <param name="control">radiobutton</param>
                            <label>$LOCALIZE[31324] > $LOCALIZE[31253]</label>
                            <visible>Container(3).HasFocus(4)</visible>
                            <visible>Skin.HasSetting(Hub.Home.DisableSubmenu)</visible>
                            <onclick>Skin.ToggleSetting(Hub.Home.DisableMoveBetweenGroups)</onclick>
                            <selected>!Skin.HasSetting(Hub.Home.DisableMoveBetweenGroups)</selected>
                        </include>




                        <!-- Furniture -->
                        <include content="Settings_Label" description="Header">
                            <param name="id">5010</param>
                            <label>$LOCALIZE[31208]</label>
                            <visible>Container(3).HasFocus(5)</visible>
                        </include>
                        <include content="Settings_Button" description="Notification style">
                            <param name="id">5013</param>
                            <param name="control">button</param>
                            <label>$LOCALIZE[31393]</label>
                            <label2>$VAR[Label_Settings_NotificationStyle]</label2>
                            <visible>Container(3).HasFocus(5)</visible>
                            <onclick>Skin.ToggleSetting(ToastNotifications.Tabbed)</onclick>
                        </include>
                        <include content="Settings_Button" description="Title or Clock">
                            <param name="id">5011</param>
                            <param name="control">radiobutton</param>
                            <label>$LOCALIZE[31199]</label>
                            <selected>Skin.HasSetting(Furniture.EnableClock.TopLeft)</selected>
                            <visible>Container(3).HasFocus(5)</visible>
                            <onclick>Skin.Reset(Furniture.EnableClock)</onclick>
                            <onclick>Skin.ToggleSetting(Furniture.EnableClock.TopLeft)</onclick>
                        </include>
                        <include content="Settings_Label" description="Footer">
                            <param name="id">5000</param>
                            <label>$LOCALIZE[31239]</label>
                            <visible>Container(3).HasFocus(5)</visible>
                        </include>
                        <include content="Settings_Button" description="Codecs and Providers">
                            <param name="id">5006</param>
                            <param name="control">radiobutton</param>
                            <label>$LOCALIZE[31205]</label>
                            <selected>Skin.HasSetting(Furniture.ProvidersCodecs)</selected>
                            <visible>Container(3).HasFocus(5)</visible>
                            <onclick>Skin.ToggleSetting(Furniture.ProvidersCodecs)</onclick>
                        </include>
                        <include content="Settings_Button" description="Play counts and dates">
                            <param name="id">5007</param>
                            <param name="control">radiobutton</param>
                            <label>$LOCALIZE[31291]</label>
                            <selected>!Skin.HasSetting(Furniture.DisablePlayCounts)</selected>
                            <visible>Container(3).HasFocus(5)</visible>
                            <onclick>Skin.ToggleSetting(Furniture.DisablePlayCounts)</onclick>
                        </include>
                        <include content="Settings_Button" description="Footer: Right: Studio / Clock / None">
                            <param name="id">5002</param>
                            <param name="control">button</param>
                            <label>$LOCALIZE[31107]</label>
                            <label2>$VAR[Label_Setting_RightFooter]</label2>
                            <visible>Container(3).HasFocus(5)</visible>
                            <onclick>RunScript(script.skinvariables,run_dialog=select,preselect=$VAR[Label_Setting_RightFooter_Preselect],heading=$LOCALIZE[31107],separator=||,list=$LOCALIZE[31042]||$LOCALIZE[31279]||$LOCALIZE[231],"executebuiltin_0=Skin.Reset(Furniture.BottomRight.Disable)||Skin.Reset(Furniture.EnableClock.TopLeft)||Skin.SetBool(Furniture.EnableClock)","executebuiltin_1=Skin.Reset(Furniture.BottomRight.Disable)||Skin.Reset(Furniture.EnableClock)","executebuiltin_2=Skin.SetBool(Furniture.BottomRight.Disable)||Skin.Reset(Furniture.EnableClock)")</onclick>
                        </include>
                        <include content="Settings_Button" description="Footer: Right: MPAA Classification Country">
                            <param name="id">5003</param>
                            <param name="control">radiobutton</param>
                            <label> - $LOCALIZE[31285]</label>
                            <label2>$INFO[Skin.String(MPAA_Country),       ,       ]</label2>
                            <visible>Container(3).HasFocus(5)</visible>
                            <onclick>SetProperty(CustomDialogSettingsItems,Items_Settings_MPAACountries,Home)</onclick>
                            <onclick>SetProperty(CustomDialogSettingsTitle,$LOCALIZE[31285],Home)</onclick>
                            <onclick>ActivateWindow(1118)</onclick>
                            <selected>!String.IsEmpty(Skin.String(MPAA_Country))</selected>
                            <visible>!Skin.HasSetting(Furniture.EnableClock)</visible>
                            <visible>!Skin.HasSetting(Furniture.BottomRight.Disable)</visible>
                        </include>
                        <include content="Settings_Button" description="Footer: Right: Now Playing">
                            <param name="id">5005</param>
                            <param name="control">radiobutton</param>
                            <label> - $LOCALIZE[31244]</label>
                            <visible>Container(3).HasFocus(5)</visible>
                            <onclick>Skin.ToggleSetting(Furniture.DisableNowPlaying)</onclick>
                            <selected>!Skin.HasSetting(Furniture.DisableNowPlaying)</selected>
                            <visible>!Skin.HasSetting(Furniture.BottomRight.Disable)</visible>
                        </include>

                        <include content="Settings_Label" description="Viewline">
                            <param name="id">5020</param>
                            <label>$LOCALIZE[31109]</label>
                            <visible>Container(3).HasFocus(5)</visible>
                        </include>
                        <include content="Settings_Button" description="Viewline Icons">
                            <param name="id">5022</param>
                            <param name="control">radiobutton</param>
                            <label>$LOCALIZE[536]</label>
                            <visible>Container(3).HasFocus(5)</visible>
                            <onclick>Skin.ToggleSetting(Furniture.EnableViewLineDisableIcons)</onclick>
                            <selected>Skin.HasSetting(Furniture.EnableViewLineDisableIcons)</selected>
                        </include>
                        <include content="Settings_Button" description="Viewline Highlight">
                            <param name="id">5023</param>
                            <param name="control">radiobutton</param>
                            <label>$LOCALIZE[31250]</label>
                            <visible>Container(3).HasFocus(5)</visible>
                            <onclick>Skin.ToggleSetting(Furniture.ViewLineMonochrome)</onclick>
                            <selected>!Skin.HasSetting(Furniture.ViewLineMonochrome)</selected>
                        </include>


                        <!-- Behaviour / Playback -->
                        <include content="Settings_Label" description="Widgets">
                            <param name="id">6000</param>
                            <label>$LOCALIZE[31103]</label>
                            <visible>Container(3).HasFocus(6)</visible>
                        </include>
                        <include content="Settings_Button" description="Autoscroll">
                            <param name="id">6001</param>
                            <param name="control">button</param>
                            <label>$LOCALIZE[31187]</label>
                            <visible>Container(3).HasFocus(6)</visible>
                            <label2>$INFO[Skin.String(AutoScrollTime)]</label2>
                            <onclick>SetProperty(CustomDialogSettingsItems,Items_Settings_Autoscroll,Home)</onclick>
                            <onclick>SetProperty(CustomDialogSettingsTitle,$LOCALIZE[31185],Home)</onclick>
                            <onclick>ActivateWindow(1118)</onclick>
                        </include>
                        <include content="Settings_Label" description="Labels">
                            <param name="id">6002</param>
                            <label>$LOCALIZE[31425]</label>
                            <visible>Container(3).HasFocus(6)</visible>
                        </include>
                        <include content="Settings_Button" description="Label scrolling">
                            <param name="id">6003</param>
                            <param name="control">radiobutton</param>
                            <label>$LOCALIZE[31245]</label>
                            <visible>Container(3).HasFocus(6)</visible>
                            <onclick>Skin.ToggleSetting(Labels.Autoscroll)</onclick>
                            <selected>Skin.HasSetting(Labels.Autoscroll)</selected>
                        </include>
                        <include content="Settings_Button" description="Textbox scrolling">
                            <param name="id">6004</param>
                            <param name="control">radiobutton</param>
                            <label>$LOCALIZE[31246]</label>
                            <visible>Container(3).HasFocus(6)</visible>
                            <onclick>Skin.ToggleSetting(Textboxes.DisableAutoscroll)</onclick>
                            <selected>!Skin.HasSetting(Textboxes.DisableAutoscroll)</selected>
                        </include>
                        <!-- Playback -->
                        <include content="Settings_Label" description="Playback">
                            <param name="id">6005</param>
                            <label>$LOCALIZE[14086]</label>
                            <visible>Container(3).HasFocus(6)</visible>
                        </include>
                        <include content="Settings_Button" description="Autoclose OSD timeout">
                            <param name="id">6006</param>
                            <param name="control">button</param>
                            <label>$LOCALIZE[31189]</label>
                            <visible>Container(3).HasFocus(6)</visible>
                            <label2>$INFO[Skin.String(OSD_Timeout),,s]</label2>
                            <onclick>Skin.SetNumeric(OSD_Timeout)</onclick>
                        </include>
                        <include content="Settings_Button" description="Always show title">
                            <param name="id">6012</param>
                            <param name="control">radiobutton</param>
                            <label>$LOCALIZE[31201]</label>
                            <visible>Container(3).HasFocus(6)</visible>
                            <onclick>Skin.ToggleSetting(OSD.DisplayTitleDetailsOnSeek)</onclick>
                            <selected>Skin.HasSetting(OSD.DisplayTitleDetailsOnSeek)</selected>
                        </include>
                        <include content="Settings_Button" description="Always show plot">
                            <param name="id">6013</param>
                            <param name="control">radiobutton</param>
                            <label>$LOCALIZE[31280]</label>
                            <visible>Container(3).HasFocus(6)</visible>
                            <onclick>Skin.ToggleSetting(OSD.DisplayPlotWithTitle)</onclick>
                            <selected>Skin.HasSetting(OSD.DisplayPlotWithTitle)</selected>
                        </include>
                        <include content="Settings_Button" description="Autohide seekbar after pausing">
                            <param name="id">6007</param>
                            <param name="control">button</param>
                            <label>$LOCALIZE[31165]</label>
                            <label2>$VAR[Label_Setting_SeekbarPauseBehaviour]</label2>
                            <visible>Container(3).HasFocus(6)</visible>
                            <onclick condition="Skin.HasSetting(OSD.AutoInfoOnPause)">Skin.SetBool(OSD.AutoHideOnPause)</onclick>
                            <onclick condition="Skin.HasSetting(OSD.AutoInfoOnPause)">Skin.Reset(OSD.AutoInfoOnPause)</onclick>

                            <onclick condition="Skin.HasSetting(OSD.AutoHideOnPause)">Skin.Reset(OSD.AutoHideOnPause)</onclick>
                            <onclick condition="Skin.HasSetting(OSD.AutoHideOnPause)">Skin.Reset(OSD.AutoInfoOnPause)</onclick>

                            <onclick condition="!Skin.HasSetting(OSD.AutoHideOnPause) + !Skin.HasSetting(OSD.AutoInfoOnPause)">Skin.SetBool(OSD.AutoInfoOnPause)</onclick>
                        </include>
                        <include content="Settings_Button" description="Seekbar times">
                            <param name="id">6008</param>
                            <param name="control">button</param>
                            <label>$LOCALIZE[31355]</label>
                            <label2>$VAR[Label_Setting_SeekbarTimeDisplay]</label2>
                            <visible>Container(3).HasFocus(6)</visible>
                            <onclick condition="String.IsEmpty(Skin.String(Seekbar.TimeDisplay))">Skin.SetString(Seekbar.TimeDisplay,Remaining)</onclick>
                            <onclick condition="Skin.String(Seekbar.TimeDisplay,Remaining)">Skin.SetString(Seekbar.TimeDisplay,Combined)</onclick>
                            <onclick condition="Skin.String(Seekbar.TimeDisplay,Combined)">Skin.Reset(Seekbar.TimeDisplay)</onclick>
                        </include>
                        <include content="Settings_Label" description="Trailers">
                            <param name="id">6009</param>
                            <label>$LOCALIZE[31482]</label>
                            <visible>Container(3).HasFocus(6)</visible>
                        </include>
                        <include content="Settings_Button" description="Play trailer fullscreen">
                            <param name="id">6010</param>
                            <param name="control">button</param>
                            <label>$LOCALIZE[31487]</label>
                            <label2>$VAR[Label_Settings_TrailerStyle]</label2>
                            <visible>Container(3).HasFocus(6)</visible>
                            <onclick condition="Skin.HasSetting(Trailers.PlayInDialog)">Skin.Reset(Trailers.PlayFullscreen)</onclick>
                            <onclick condition="Skin.HasSetting(Trailers.PlayInDialog)">Skin.SetBool(Trailers.PlayFullscreen)</onclick>
                            <onclick condition="Skin.HasSetting(Trailers.PlayFullscreen)">Skin.Reset(Trailers.PlayFullscreen)</onclick>
                            <onclick condition="Skin.HasSetting(Trailers.PlayFullscreen)">Skin.Reset(Trailers.PlayInDialog)</onclick>
                            <onclick condition="!Skin.HasSetting(Trailers.PlayFullscreen) + !Skin.HasSetting(Trailers.PlayInDialog)">Skin.SetBool(Trailers.PlayInDialog)</onclick>
                        </include>
                        <include content="Settings_Button" description="Play trailer auto spotlight">
                            <param name="id">6011</param>
                            <param name="control">radiobutton</param>
                            <label>$LOCALIZE[31481] ($LOCALIZE[31105])</label>
                            <visible>Container(3).HasFocus(6)</visible>
                            <onclick>Skin.ToggleSetting(Trailers.EnableAutoPlayback)</onclick>
                            <selected>Skin.HasSetting(Trailers.EnableAutoPlayback)</selected>
                        </include>


                        <!-- Details -->
                        <include content="Settings_Label" description="Info">
                            <param name="id">7000</param>
                            <label>$LOCALIZE[14116]</label>
                            <visible>Container(3).HasFocus(7)</visible>
                        </include>
                        <include content="Settings_Button" description="Use Native Cast">
                            <param name="id">7001</param>
                            <param name="control">radiobutton</param>
                            <label>$LOCALIZE[31356]</label>
                            <visible>Container(3).HasFocus(7)</visible>
                            <onclick>Skin.ToggleSetting(Info.UseLocalCast)</onclick>
                            <selected>Skin.HasSetting(Info.UseLocalCast)</selected>
                        </include>
                        <include content="Settings_Button" description="Infoline Details">
                            <param name="id">7031</param>
                            <param name="control">radiobutton</param>
                            <label>$LOCALIZE[31178]</label>
                            <visible>Container(3).HasFocus(7)</visible>
                            <onclick>Skin.ToggleSetting(Info.DisableDetailsLine)</onclick>
                            <selected>!Skin.HasSetting(Info.DisableDetailsLine)</selected>
                        </include>
                        <include content="Settings_Button" description="Infoline Extra">
                            <param name="id">7004</param>
                            <label>$LOCALIZE[31191]</label>
                            <label2>$VAR[Label_Setting_OptionalInfoLine]</label2>
                            <visible>Container(3).HasFocus(7)</visible>
                            <visible>!Skin.HasSetting(Info.DisableDetailsLine)</visible>
                            <onclick>Skin.ToggleSetting(InfoLine.EndTime)</onclick>
                        </include>
                        <include content="Settings_Button" description="Infoline Ratings">
                            <param name="id">7017</param>
                            <param name="control">radiobutton</param>
                            <label>$LOCALIZE[31202]</label>
                            <visible>Container(3).HasFocus(7)</visible>
                            <onclick>Skin.ToggleSetting(Info.DisableAllRatings)</onclick>
                            <selected>!Skin.HasSetting(Info.DisableAllRatings)</selected>
                        </include>

                        <include content="Settings_Label" description="Details">
                            <param name="id">7005</param>
                            <label>$LOCALIZE[342] $LOCALIZE[31202]</label>
                            <visible>Container(3).HasFocus(7)</visible>
                            <visible>!Skin.HasSetting(Info.DisableAllRatings)</visible>
                        </include>

                        <include content="Settings_Button" description="CustomDialog Ratings">
                            <param name="id">7006</param>
                            <label>$LOCALIZE[563] 01</label>
                            <label2>$INFO[Skin.String(CustomRating.Movies.Item01)]</label2>
                            <visible>Container(3).HasFocus(7)</visible>
                            <visible>!Skin.HasSetting(Info.DisableAllRatings)</visible>
                            <onclick>SetProperty(ConfigureRatingItem,Item01,Home)</onclick>
                            <onclick>SetProperty(ConfigureRatingContent,Movies,Home)</onclick>
                            <onclick>ActivateWindow(1119)</onclick>
                        </include>

                        <include content="Settings_Button" description="CustomDialog Ratings">
                            <param name="id">7007</param>
                            <label>$LOCALIZE[563] 02</label>
                            <label2>$INFO[Skin.String(CustomRating.Movies.Item02)]</label2>
                            <visible>Container(3).HasFocus(7)</visible>
                            <visible>!Skin.HasSetting(Info.DisableAllRatings)</visible>
                            <onclick>SetProperty(ConfigureRatingItem,Item02,Home)</onclick>
                            <onclick>SetProperty(ConfigureRatingContent,Movies,Home)</onclick>
                            <onclick>ActivateWindow(1119)</onclick>
                        </include>

                        <include content="Settings_Button" description="CustomDialog Ratings">
                            <param name="id">7008</param>
                            <label>$LOCALIZE[563] 03</label>
                            <label2>$INFO[Skin.String(CustomRating.Movies.Item03)]</label2>
                            <visible>Container(3).HasFocus(7)</visible>
                            <visible>!Skin.HasSetting(Info.DisableAllRatings)</visible>
                            <onclick>SetProperty(ConfigureRatingItem,Item03,Home)</onclick>
                            <onclick>SetProperty(ConfigureRatingContent,Movies,Home)</onclick>
                            <onclick>ActivateWindow(1119)</onclick>
                        </include>

                        <include content="Settings_Button" description="CustomDialog Ratings">
                            <param name="id">7009</param>
                            <label>$LOCALIZE[563] 04</label>
                            <label2>$INFO[Skin.String(CustomRating.Movies.Item04)]</label2>
                            <visible>Container(3).HasFocus(7)</visible>
                            <visible>!Skin.HasSetting(Info.DisableAllRatings)</visible>
                            <onclick>SetProperty(ConfigureRatingItem,Item04,Home)</onclick>
                            <onclick>SetProperty(ConfigureRatingContent,Movies,Home)</onclick>
                            <onclick>ActivateWindow(1119)</onclick>
                        </include>

                        <include content="Settings_Label" description="Details">
                            <param name="id">7010</param>
                            <label>$LOCALIZE[20343] $LOCALIZE[31202]</label>
                            <visible>Container(3).HasFocus(7)</visible>
                            <visible>!Skin.HasSetting(Info.DisableAllRatings)</visible>
                        </include>

                        <include content="Settings_Button" description="CustomDialog Ratings">
                            <param name="id">7011</param>
                            <label>$LOCALIZE[563] 01</label>
                            <label2>$INFO[Skin.String(CustomRating.TVShows.Item01)]</label2>
                            <visible>Container(3).HasFocus(7)</visible>
                            <visible>!Skin.HasSetting(Info.DisableAllRatings)</visible>
                            <onclick>SetProperty(ConfigureRatingItem,Item01,Home)</onclick>
                            <onclick>SetProperty(ConfigureRatingContent,TVShows,Home)</onclick>
                            <onclick>ActivateWindow(1119)</onclick>
                        </include>

                        <include content="Settings_Button" description="CustomDialog Ratings">
                            <param name="id">7012</param>
                            <label>$LOCALIZE[563] 02</label>
                            <label2>$INFO[Skin.String(CustomRating.TVShows.Item02)]</label2>
                            <visible>Container(3).HasFocus(7)</visible>
                            <visible>!Skin.HasSetting(Info.DisableAllRatings)</visible>
                            <onclick>SetProperty(ConfigureRatingItem,Item02,Home)</onclick>
                            <onclick>SetProperty(ConfigureRatingContent,TVShows,Home)</onclick>
                            <onclick>ActivateWindow(1119)</onclick>
                        </include>

                        <include content="Settings_Button" description="CustomDialog Ratings">
                            <param name="id">7013</param>
                            <label>$LOCALIZE[563] 03</label>
                            <label2>$INFO[Skin.String(CustomRating.TVShows.Item03)]</label2>
                            <visible>Container(3).HasFocus(7)</visible>
                            <visible>!Skin.HasSetting(Info.DisableAllRatings)</visible>
                            <onclick>SetProperty(ConfigureRatingItem,Item03,Home)</onclick>
                            <onclick>SetProperty(ConfigureRatingContent,TVShows,Home)</onclick>
                            <onclick>ActivateWindow(1119)</onclick>
                        </include>

                        <include content="Settings_Button" description="CustomDialog Ratings">
                            <param name="id">7014</param>
                            <label>$LOCALIZE[563] 04</label>
                            <label2>$INFO[Skin.String(CustomRating.TVShows.Item04)]</label2>
                            <visible>Container(3).HasFocus(7)</visible>
                            <visible>!Skin.HasSetting(Info.DisableAllRatings)</visible>
                            <onclick>SetProperty(ConfigureRatingItem,Item04,Home)</onclick>
                            <onclick>SetProperty(ConfigureRatingContent,TVShows,Home)</onclick>
                            <onclick>ActivateWindow(1119)</onclick>
                        </include>

                        <include content="Settings_Label" description="Details">
                            <param name="id">7015</param>
                            <label>$LOCALIZE[31235]</label>
                            <visible>Container(3).HasFocus(7)</visible>
                        </include>

                        <include content="Settings_Button" description="CustomDialog Indicators">
                            <param name="id">7016</param>
                            <label>$LOCALIZE[31234]</label>
                            <visible>Container(3).HasFocus(7)</visible>
                            <onclick>SetProperty(CustomDialogSettingsItems,Items_Settings_Indicators,Home)</onclick>
                            <onclick>SetProperty(CustomDialogSettingsTitle,$LOCALIZE[31235],Home)</onclick>
                            <onclick>ActivateWindow(1118)</onclick>
                        </include>

                        <include content="Settings_Label" description="Details">
                            <param name="id">7018</param>
                            <label>$LOCALIZE[31491]</label>
                            <visible>Container(3).HasFocus(7)</visible>
                        </include>

                        <include content="Settings_Button" description="TMDbHelper for PVR">
                            <param name="id">7002</param>
                            <param name="control">radiobutton</param>
                            <label>PVR > $LOCALIZE[31435]</label>
                            <visible>Container(3).HasFocus(7)</visible>
                            <onclick>Skin.ToggleSetting(TMDbHelper.DisablePVR)</onclick>
                            <selected>!Skin.HasSetting(TMDbHelper.DisablePVR)</selected>
                        </include>
                        <include content="Settings_Button" description="Customise VideoOSD Navigation">
                            <param name="id">7003</param>
                            <param name="control">button</param>
                            <label>$LOCALIZE[31434] > $LOCALIZE[31103]</label>
                            <onclick>SetProperty(CustomDialogSettingsItems,Items_Settings_VideoOSDWidgets,Home)</onclick>
                            <onclick>SetProperty(CustomDialogSettingsTitle,$LOCALIZE[31430],Home)</onclick>
                            <onclick>ActivateWindow(1118)</onclick>
                            <visible>Container(3).HasFocus(7)</visible>
                        </include>


                        <!-- Dependencies -->
                        <include content="Settings_Label" description="Expert">
                            <param name="id">8080</param>
                            <label>$LOCALIZE[10039]</label>
                            <visible>Container(3).HasFocus(8)</visible>
                        </include>
                        <include content="Settings_Button" description="Nuke Everything">
                            <param name="id">8081</param>
                            <label>$LOCALIZE[31340]</label>
                            <visible>Container(3).HasFocus(8)</visible>
                            <onclick>SetProperty(StartupReplaceWindow,skinsettings,Home)</onclick>
                            <onclick>Skin.ResetSettings</onclick>
                            <onclick>ActivateWindow(1198)</onclick>
                        </include>
                        <include content="Settings_Button" description="">
                            <param name="id">8084</param>
                            <param name="control">button</param>
                            <label>$LOCALIZE[31171]</label>
                            <label2>$VAR[Label_Settings_KeyboardSize]</label2>
                            <visible>Container(3).HasFocus(8)</visible>
                            <onclick>Skin.ToggleSetting(Keyboard.FullSized)</onclick>
                        </include>
                        <include content="Settings_Button" description="Touch Mode">
                            <param name="id">8095</param>
                            <param name="control">radiobutton</param>
                            <label>$LOCALIZE[31289]</label>
                            <visible>Container(3).HasFocus(8)</visible>
                            <onclick>Skin.ToggleSetting(Navigation.TouchMode)</onclick>
                            <onclick>ReloadSkin()</onclick>
                            <onclick>AlarmClock(refocus1,SetFocus(3,7),00:00,silent)</onclick>
                            <onclick>AlarmClock(refocus2,SetFocus(8095),00:00,silent)</onclick>
                            <selected>Skin.HasSetting(Navigation.TouchMode)</selected>
                        </include>
                        <include content="Settings_Button" description="Holiday Theme">
                            <param name="id">8094</param>
                            <param name="control">radiobutton</param>
                            <label>$LOCALIZE[31510]</label>
                            <visible>Container(3).HasFocus(8)</visible>
                            <onclick>Skin.ToggleSetting(EnableHolidayTheme)</onclick>
                            <selected>Skin.HasSetting(EnableHolidayTheme)</selected>
                        </include>
                        <include content="Settings_Button" description="Holiday Theme: Winter Frost">
                            <param name="id">8098</param>
                            <param name="control">radiobutton</param>
                            <label>$LOCALIZE[31116]</label>
                            <visible>Container(3).HasFocus(8)</visible>
                            <onclick>Skin.ToggleSetting(HolidayMode.Frost)</onclick>
                            <onclick>ReloadSkin()</onclick>
                            <onclick>AlarmClock(refocus1,SetFocus(3,7),00:00,silent)</onclick>
                            <onclick>AlarmClock(refocus2,SetFocus(8098),00:00,silent)</onclick>
                            <selected>Skin.HasSetting(HolidayMode.Frost)</selected>
                            <visible>Skin.HasSetting(EnableHolidayTheme)</visible>
                            <enable>!Skin.HasSetting(HolidayMode.Australia)</enable>
                        </include>
                        <include content="Settings_Button" description="Holiday Theme: Australian Summer">
                            <param name="id">8097</param>
                            <param name="control">radiobutton</param>
                            <label>$LOCALIZE[31115]</label>
                            <visible>Container(3).HasFocus(8)</visible>
                            <onclick>Skin.ToggleSetting(HolidayMode.Australia)</onclick>
                            <selected>Skin.HasSetting(HolidayMode.Australia)</selected>
                            <visible>Skin.HasSetting(EnableHolidayTheme)</visible>
                        </include>

                        <include content="Settings_Label" description="Expert">
                            <param name="id">8099</param>
                            <label>$LOCALIZE[12999]</label>
                            <visible>Container(3).HasFocus(8)</visible>
                        </include>
                        <include content="Settings_Button" description="Startup Init Screen">
                            <param name="id">8082</param>
                            <param name="control">radiobutton</param>
                            <label>$LOCALIZE[31428]</label>
                            <visible>Container(3).HasFocus(8)</visible>
                            <onclick>Skin.ToggleSetting(Startup.WaitForLoad)</onclick>
                            <selected>Skin.HasSetting(Startup.WaitForLoad)</selected>
                        </include>
                        <include content="Settings_Button" description="Widget profiles">
                            <param name="id">8085</param>
                            <param name="control">radiobutton</param>
                            <label>$LOCALIZE[31506] ($LOCALIZE[31507])</label>
                            <visible>Container(3).HasFocus(8)</visible>
                            <onclick>Skin.Reset(SkinVariables.SkinUser.Name)</onclick>
                            <onclick>Skin.Reset(SkinVariables.SkinUser.Icon)</onclick>
                            <onclick>Skin.Reset(SkinVariables.SkinUser)</onclick>
                            <onclick>Skin.ToggleSetting(SkinUserLogin.Enabled)</onclick>
                            <selected>Skin.HasSetting(SkinUserLogin.Enabled)</selected>
                        </include>
                        <include content="Settings_Button" description="Widget profiles">
                            <param name="id">8086</param>
                            <param name="control">radiobutton</param>
                            <label>$LOCALIZE[31505]</label>
                            <visible>Container(3).HasFocus(8)</visible>
                            <onclick>Skin.ToggleSetting(SkinUserLogin.StartupLoginScreen)</onclick>
                            <selected>Skin.HasSetting(SkinUserLogin.StartupLoginScreen)</selected>
                            <visible>Skin.HasSetting(SkinUserLogin.Enabled)</visible>
                        </include>
                        <include content="Settings_Label" description="Dependencies">
                            <param name="id">8000</param>
                            <label>$LOCALIZE[39024]</label>
                            <visible>Container(3).HasFocus(8)</visible>
                        </include>
                        <include content="Settings_Button">
                            <param name="id">8001</param>
                            <param name="control">radiobutton</param>
                            <label>plugin.video.themoviedb.helper</label>
                            <label2>$INFO[System.AddonVersion(plugin.video.themoviedb.helper),v,       ]</label2>
                            <visible>Container(3).HasFocus(8)</visible>
                            <onclick condition="!System.HasAddon(plugin.video.themoviedb.helper)">InstallAddon(plugin.video.themoviedb.helper)</onclick>
                            <onclick condition="!System.AddonIsEnabled(plugin.video.themoviedb.helper) + System.HasAddon(plugin.video.themoviedb.helper)">EnableAddon(plugin.video.themoviedb.helper)</onclick>
                            <onclick condition="System.AddonIsEnabled(plugin.video.themoviedb.helper) + System.HasAddon(plugin.video.themoviedb.helper)">Addon.OpenSettings(plugin.video.themoviedb.helper)</onclick>
                            <selected>System.AddonIsEnabled(plugin.video.themoviedb.helper) + System.HasAddon(plugin.video.themoviedb.helper)</selected>
                        </include>

                        <include content="Settings_Button">
                            <param name="id">8003</param>
                            <param name="control">radiobutton</param>
                            <label>script.skinvariables</label>
                            <label2>$INFO[System.AddonVersion(script.skinvariables),v,       ]</label2>
                            <visible>Container(3).HasFocus(8)</visible>
                            <onclick condition="!System.HasAddon(script.skinvariables)">InstallAddon(script.skinvariables)</onclick>
                            <onclick condition="!System.AddonIsEnabled(script.skinvariables) + System.HasAddon(script.skinvariables)">EnableAddon(script.skinvariables)</onclick>
                            <onclick condition="System.AddonIsEnabled(script.skinvariables) + System.HasAddon(script.skinvariables)">Addon.OpenSettings(script.skinvariables)</onclick>
                            <selected>System.AddonIsEnabled(script.skinvariables) + System.HasAddon(script.skinvariables)</selected>
                        </include>

                        <include content="Settings_Button">
                            <param name="id">8004</param>
                            <param name="control">radiobutton</param>
                            <label>script.texturemaker</label>
                            <label2>$INFO[System.AddonVersion(script.texturemaker),v,       ]</label2>
                            <visible>Container(3).HasFocus(8)</visible>
                            <onclick condition="!System.HasAddon(script.texturemaker)">InstallAddon(script.texturemaker)</onclick>
                            <onclick condition="!System.AddonIsEnabled(script.texturemaker) + System.HasAddon(script.texturemaker)">EnableAddon(script.texturemaker)</onclick>
                            <onclick condition="System.AddonIsEnabled(script.texturemaker) + System.HasAddon(script.texturemaker)">Addon.OpenSettings(script.texturemaker)</onclick>
                            <selected>System.AddonIsEnabled(script.texturemaker) + System.HasAddon(script.texturemaker)</selected>
                        </include>

                        <include content="Settings_Button">
                            <param name="id">8005</param>
                            <param name="control">radiobutton</param>
                            <label>script.artistslideshow</label>
                            <label2>$INFO[System.AddonVersion(script.artistslideshow),v,       ]</label2>
                            <visible>Container(3).HasFocus(8)</visible>
                            <onclick condition="!System.HasAddon(script.artistslideshow)">InstallAddon(script.artistslideshow)</onclick>
                            <onclick condition="!System.AddonIsEnabled(script.artistslideshow) + System.HasAddon(script.artistslideshow)">EnableAddon(script.artistslideshow)</onclick>
                            <onclick condition="System.AddonIsEnabled(script.artistslideshow) + System.HasAddon(script.artistslideshow)">Addon.OpenSettings(script.artistslideshow)</onclick>
                            <selected>System.AddonIsEnabled(script.artistslideshow) + System.HasAddon(script.artistslideshow)</selected>
                        </include>

                        <include content="Settings_Button">
                            <param name="id">8006</param>
                            <param name="control">radiobutton</param>
                            <label>resource.images.arctic.waves</label>
                            <label2>$INFO[System.AddonVersion(resource.images.arctic.waves),v,       ]</label2>
                            <visible>Container(3).HasFocus(8)</visible>
                            <onclick condition="!System.HasAddon(resource.images.arctic.waves)">InstallAddon(resource.images.arctic.waves)</onclick>
                            <onclick condition="!System.AddonIsEnabled(resource.images.arctic.waves) + System.HasAddon(resource.images.arctic.waves)">EnableAddon(resource.images.arctic.waves)</onclick>
                            <onclick condition="System.AddonIsEnabled(resource.images.arctic.waves) + System.HasAddon(resource.images.arctic.waves)">Addon.OpenSettings(resource.images.arctic.waves)</onclick>
                            <selected>System.AddonIsEnabled(resource.images.arctic.waves) + System.HasAddon(resource.images.arctic.waves)</selected>
                        </include>

                        <include content="Settings_Button">
                            <param name="id">8009</param>
                            <param name="control">radiobutton</param>
                            <label>resource.images.weatherfanart.multi</label>
                            <label2>$INFO[System.AddonVersion(resource.images.weatherfanart.multi),v,       ]</label2>
                            <visible>Container(3).HasFocus(8)</visible>
                            <onclick condition="!System.HasAddon(resource.images.weatherfanart.multi)">InstallAddon(resource.images.weatherfanart.multi)</onclick>
                            <onclick condition="!System.AddonIsEnabled(resource.images.weatherfanart.multi) + System.HasAddon(resource.images.weatherfanart.multi)">EnableAddon(resource.images.weatherfanart.multi)</onclick>
                            <onclick condition="System.AddonIsEnabled(resource.images.weatherfanart.multi) + System.HasAddon(resource.images.weatherfanart.multi)">Addon.OpenSettings(resource.images.weatherfanart.multi)</onclick>
                            <selected>System.AddonIsEnabled(resource.images.weatherfanart.multi) + System.HasAddon(resource.images.weatherfanart.multi)</selected>
                        </include>

                        <include content="Settings_Button">
                            <param name="id">8010</param>
                            <param name="control">radiobutton</param>
                            <label>resource.images.moviecountryicons.maps</label>
                            <label2>$INFO[System.AddonVersion(resource.images.moviecountryicons.maps),v,       ]</label2>
                            <visible>Container(3).HasFocus(8)</visible>
                            <onclick condition="!System.HasAddon(resource.images.moviecountryicons.maps)">InstallAddon(resource.images.moviecountryicons.maps)</onclick>
                            <onclick condition="!System.AddonIsEnabled(resource.images.moviecountryicons.maps) + System.HasAddon(resource.images.moviecountryicons.maps)">EnableAddon(resource.images.moviecountryicons.maps)</onclick>
                            <onclick condition="System.AddonIsEnabled(resource.images.moviecountryicons.maps) + System.HasAddon(resource.images.moviecountryicons.maps)">Addon.OpenSettings(resource.images.moviecountryicons.maps)</onclick>
                            <selected>System.AddonIsEnabled(resource.images.moviecountryicons.maps) + System.HasAddon(resource.images.moviecountryicons.maps)</selected>
                        </include>

                        <include content="Settings_Button">
                            <param name="id">8011</param>
                            <param name="control">radiobutton</param>
                            <label>resource.images.studios.white</label>
                            <label2>$INFO[System.AddonVersion(resource.images.studios.white),v,       ]</label2>
                            <visible>Container(3).HasFocus(8)</visible>
                            <onclick condition="!System.HasAddon(resource.images.studios.white)">InstallAddon(resource.images.studios.white)</onclick>
                            <onclick condition="!System.AddonIsEnabled(resource.images.studios.white) + System.HasAddon(resource.images.studios.white)">EnableAddon(resource.images.studios.white)</onclick>
                            <onclick condition="System.AddonIsEnabled(resource.images.studios.white) + System.HasAddon(resource.images.studios.white)">Addon.OpenSettings(resource.images.studios.white)</onclick>
                            <selected>System.AddonIsEnabled(resource.images.studios.white) + System.HasAddon(resource.images.studios.white)</selected>
                        </include>

                        <include content="Settings_Button">
                            <param name="id">8030</param>
                            <param name="control">radiobutton</param>
                            <label>service.upnext</label>
                            <label2>$INFO[System.AddonVersion(service.upnext),v,       ]</label2>
                            <visible>Container(3).HasFocus(8)</visible>
                            <onclick condition="!System.HasAddon(service.upnext)">InstallAddon(service.upnext)</onclick>
                            <onclick condition="!System.AddonIsEnabled(service.upnext) + System.HasAddon(service.upnext)">EnableAddon(service.upnext)</onclick>
                            <onclick condition="System.AddonIsEnabled(service.upnext) + System.HasAddon(service.upnext)">Addon.OpenSettings(service.upnext)</onclick>
                            <selected>System.AddonIsEnabled(service.upnext) + System.HasAddon(service.upnext)</selected>
                        </include>

                        <include content="Settings_Label" description="Debug">
                            <param name="id">8090</param>
                            <label>$LOCALIZE[14260]</label>
                            <visible>Container(3).HasFocus(8)</visible>
                        </include>
                        <include content="Settings_Button" description="Debug Info">
                            <param name="id">8091</param>
                            <param name="control">radiobutton</param>
                            <label>$LOCALIZE[19033]</label>
                            <visible>Container(3).HasFocus(8)</visible>
                            <onclick>Skin.ToggleSetting(DebugInfo)</onclick>
                            <selected>Skin.HasSetting(DebugInfo)</selected>
                        </include>
                        <include content="Settings_Button" description="Debug Grid">
                            <param name="id">8092</param>
                            <param name="control">radiobutton</param>
                            <label>$LOCALIZE[31223]</label>
                            <visible>Container(3).HasFocus(8)</visible>
                            <onclick>Skin.ToggleSetting(DebugGrid)</onclick>
                            <selected>Skin.HasSetting(DebugGrid)</selected>
                        </include>

                        <!-- Thanks -->
                        <include content="Settings_Label" description="Thanks">
                            <param name="id">8900</param>
                            <label>$LOCALIZE[31350]</label>
                            <visible>Container(3).HasFocus(9)</visible>
                        </include>
                        <control type="textbox" id="8901">
                            <font>font_mini_plot</font>
                            <textcolor>main_fg_70</textcolor>
                            <top>20</top>
                            <height>600</height>
                            <autoscroll delay="6000" time="3000" repeat="10000">true</autoscroll>
                            <label>To all my amazing supporters on Ko-fi, thank-you![CR][CR]A special thanks to this month's supporters[CR]Adamosborne83(x2) DROIDshield booyakafoo(x2) Blaire anon Mongoose18 william_teele Mike Tjoe70s Campos simcheftv xpeiro[CR][CR]And to all my supporters over the years[CR]Blurayx Anthrax DanielSanchez Leo meesterexx roidy manfeed PizzaPino dolbel Tobby Kagz DrFireStarterBilly Qirat77 Darkmantom TomH richieNZ99 Brambo onlytanmoy reddituser aemstel mash2k3 chopp8 Homeslixe Rimma JacopoV ray2301 stelcodes eengert alKODIque Tee77 Ch3dd4rGoblin silentscreamiong Jshn Ian JP RZ daviddia5 Jathlon77 SteveF George sito1961 devolute f39 nevermind Shone TechXXX c0ncr3t0 tim Tiago IG Spork lhimo DROIDsheild Blacky Bindou Velimir ronaldoA8ff Omar_alhajlh pferreira1906 Andrea1998 Mr-7mdan pakraider Nipius Nathan valleycake adamosborne83 AdamNo2 realcopacetic Mardup 666jones AliasAllison916 Rara Omars-Comin abaillargeon Caretaker BigRedJim Blaire Zeplumber Timmyrocks jasongrey rien333 Tsweazy booyakafoo DROIDshield ambulancepilot ludovik35 SJ10 JS Ivan Subin Binky dstealth Dml2023 Campos[CR][CR]If I've forgotten anyone please let me know!</label>
                            <visible>Container(3).HasFocus(9)</visible>
                            <left>40</left>
                            <right>40</right>
                        </control>
                    </include>

                    <include content="Settings_InfoText">
                        <param name="id">6</param>
                    </include>
                </include>
                <include>Settings_KodiVersion</include>

            </include>

            <include content="Settings_Changer">
                <onup>3</onup>
            </include>

        </include>

    </controls>

</window>
