<?xml version="1.0" encoding="UTF-8"?>
<includes>

    <include name="Search_View_Slide">
        <control type="group" id="$PARAM[id]">
            <animation effect="slide" start="0" end="0,-100" time="400" tween="quadratic" easing="out" reversible="false" condition="![$EXP[Exp_InfoDialogs]]">Conditional</animation>
            <animation effect="slide" end="0" start="0,-100" time="400" tween="quadratic" easing="out" reversible="false" condition="[$EXP[Exp_InfoDialogs]]">Conditional</animation>
            <include>Animation_View_WindowChange</include>
            <nested />
            <include>Widget_Transitions</include>
        </control>
    </include>

    <include name="Search_View_Widgets">
        <control type="grouplist" id="6000">

            <top>500</top>
            <bottom>-440</bottom>
            <onup>8202</onup>
            <ondown>SetProperty(List.ViewContainer,$INFO[System.CurrentControlID])</ondown>
            <ondown>333</ondown>

            <include content="Action_View_Movement_OnLeft">
                <param name="id">$INFO[System.CurrentControlID]</param>
                <param name="onmenu">SetFocus(90001)</param>
            </include>

            <include content="Action_View_Movement_OnRight">
                <param name="id">$INFO[System.CurrentControlID]</param>
                <param name="onmenu">SetFocus(90001)</param>
            </include>

            <orientation>vertical</orientation>
            <control type="group" id="6100">
                <height>widgetsearch_tbump_h</height>
            </control>
            <nested />
        </control>
    </include>



    <include name="_Search_View_Footer_Item">
        <control type="group">
            <nested />
            <control type="image">
                <top>-10</top>
                <height>40</height>
                <aspectratio>keep</aspectratio>
                <bordersize>-4</bordersize>
                <texture colordiffuse="$PARAM[colordiffuse]">$PARAM[icon]</texture>
            </control>
            <control type="label">
                <height>10</height>
                <bottom>4</bottom>
                <align>center</align>
                <font>font_hint_button</font>
                <textcolor>$PARAM[colordiffuse]</textcolor>
                <label>$PARAM[label]</label>
            </control>
        </control>
    </include>

    <include name="Search_View_Footer_Item">
        <param name="altnofocus">String.IsEmpty(Control.GetLabel(9099).index(1))</param>
        <definition>
            <control type="group">
                <nested />
                <centertop>50%</centertop>
                <width>40</width>
                <height>40</height>
                <include content="_Search_View_Footer_Item">
                    <param name="icon">$PARAM[icon]</param>
                    <param name="colordiffuse">dialog_fg_30</param>
                    <param name="label">$INFO[Container($PARAM[id]).NumItems]</param>
                    <visible>![Integer.IsEqual(Container($PARAM[id]).NumItems,0) | $PARAM[altnofocus]]</visible>
                </include>
                <include content="_Search_View_Footer_Item">
                    <param name="icon">$PARAM[icon]</param>
                    <param name="colordiffuse">dialog_fg_12</param>
                    <param name="label">$NUMBER[0]</param>
                    <visible>[Integer.IsEqual(Container($PARAM[id]).NumItems,0) | $PARAM[altnofocus]]</visible>
                </include>
            </control>
        </definition>
    </include>

    <include name="Search_View_DiscoverButton_Numeric">
        <control type="button" id="$PARAM[id]">
            <texturenofocus />
            <font>font_main</font>
            <label>$PARAM[label]</label>
            <label2>$INFO[Skin.String($PARAM[string])]</label2>
            <align>left</align>
            <textoffsetx>30</textoffsetx>
            <width>250</width>
            <onup>$PARAM[onup]</onup>
            <ondown>$PARAM[ondown]</ondown>
            <onclick>Skin.Reset($PARAM[string])</onclick>
            <onclick>Skin.SetNumeric($PARAM[string])</onclick>
            <nested />
        </control>
    </include>

    <include name="Search_DecadeItem">
        <item>
            <label>$NUMBER[$PARAM[prefix]0]</label>
            <property name="prefix">$NUMBER[$PARAM[prefix]]</property>
            <visible>[!String.IsEmpty(Window(1105).Property(SearchDiscover.YearLow.Dialog)) + [String.IsEmpty(Window(1105).Property(SearchDiscover.YearHigh)) | Integer.IsGreater(Window(1105).Property(SearchDiscover.YearHigh),$PARAM[prefix]0)]] | [String.IsEmpty(Window(1105).Property(SearchDiscover.YearLow.Dialog)) + [String.IsEmpty(Window(1105).Property(SearchDiscover.YearLow)) | !Integer.IsGreater(Window(1105).Property(SearchDiscover.YearLow),$PARAM[prefix]0)]]</visible>
        </item>
    </include>

    <include name="_Search_YearItem">
        <item>
            <label>$NUMBER[$PARAM[prefix]$PARAM[suffix]]</label>
            <visible>[!String.IsEmpty(Window(1105).Property(SearchDiscover.YearLow.Dialog)) + [String.IsEmpty(Window(1105).Property(SearchDiscover.YearHigh)) | Integer.IsGreater(Window(1105).Property(SearchDiscover.YearHigh),$NUMBER[$PARAM[prefix]$PARAM[suffix]])]] | [String.IsEmpty(Window(1105).Property(SearchDiscover.YearLow.Dialog)) + [String.IsEmpty(Window(1105).Property(SearchDiscover.YearLow)) | !Integer.IsGreater(Window(1105).Property(SearchDiscover.YearLow),$NUMBER[$PARAM[prefix]$PARAM[suffix]])]]</visible>
            <visible>Integer.IsEqual(Container(8900).ListItem.Property(prefix),$PARAM[prefix])</visible>
        </item>
    </include>

    <include name="Search_YearItem">
        <include content="_Search_YearItem">
            <param name="prefix">$PARAM[prefix]</param>
            <param name="suffix">9</param>
        </include>
        <include content="_Search_YearItem">
            <param name="prefix">$PARAM[prefix]</param>
            <param name="suffix">8</param>
        </include>
        <include content="_Search_YearItem">
            <param name="prefix">$PARAM[prefix]</param>
            <param name="suffix">7</param>
        </include>
        <include content="_Search_YearItem">
            <param name="prefix">$PARAM[prefix]</param>
            <param name="suffix">6</param>
        </include>
        <include content="_Search_YearItem">
            <param name="prefix">$PARAM[prefix]</param>
            <param name="suffix">5</param>
        </include>
        <include content="_Search_YearItem">
            <param name="prefix">$PARAM[prefix]</param>
            <param name="suffix">4</param>
        </include>
        <include content="_Search_YearItem">
            <param name="prefix">$PARAM[prefix]</param>
            <param name="suffix">3</param>
        </include>
        <include content="_Search_YearItem">
            <param name="prefix">$PARAM[prefix]</param>
            <param name="suffix">2</param>
        </include>
        <include content="_Search_YearItem">
            <param name="prefix">$PARAM[prefix]</param>
            <param name="suffix">1</param>
        </include>
        <include content="_Search_YearItem">
            <param name="prefix">$PARAM[prefix]</param>
            <param name="suffix">0</param>
        </include>
    </include>

    <include name="Search_YearItems">
        <include content="$PARAM[include]">
            <param name="prefix">203</param>
        </include>
        <include content="$PARAM[include]">
            <param name="prefix">202</param>
        </include>
        <include content="$PARAM[include]">
            <param name="prefix">201</param>
        </include>
        <include content="$PARAM[include]">
            <param name="prefix">200</param>
        </include>
        <include content="$PARAM[include]">
            <param name="prefix">199</param>
        </include>
        <include content="$PARAM[include]">
            <param name="prefix">198</param>
        </include>
        <include content="$PARAM[include]">
            <param name="prefix">197</param>
        </include>
        <include content="$PARAM[include]">
            <param name="prefix">196</param>
        </include>
        <include content="$PARAM[include]">
            <param name="prefix">195</param>
        </include>
        <include content="$PARAM[include]">
            <param name="prefix">194</param>
        </include>
        <include content="$PARAM[include]">
            <param name="prefix">193</param>
        </include>
        <include content="$PARAM[include]">
            <param name="prefix">192</param>
        </include>
        <include content="$PARAM[include]">
            <param name="prefix">191</param>
        </include>
        <include content="$PARAM[include]">
            <param name="prefix">190</param>
        </include>
        <include content="$PARAM[include]">
            <param name="prefix">189</param>
        </include>
    </include>

    <include name="Search_Discover_LibraryItems">
        <control type="button" id="30019">
            <texturenofocus />
            <font>font_main</font>
            <label>$LOCALIZE[515]</label>
            <label2>$INFO[Window.Property(SearchDiscover.GenreLabel)]</label2>
            <align>left</align>
            <textoffsetx>30</textoffsetx>
            <width>520</width>
            <onclick>SetProperty(SearchDiscover.FilterLabel,Genre)</onclick>
            <onclick>SetFocus(8900)</onclick>
            <visible>Skin.HasSetting(Search.LibraryDiscover)</visible>
        </control>
        <control type="button" id="30029">
            <texturenofocus />
            <font>font_main</font>
            <label>$LOCALIZE[572]</label>
            <label2>$INFO[Window.Property(SearchDiscover.StudioLabel)]</label2>
            <align>left</align>
            <textoffsetx>30</textoffsetx>
            <width>520</width>
            <onclick>SetProperty(SearchDiscover.FilterLabel,Studio)</onclick>
            <onclick>SetFocus(8900)</onclick>
            <visible>Skin.HasSetting(Search.LibraryDiscover)</visible>
        </control>
        <control type="button" id="30039">
            <texturenofocus />
            <font>font_main</font>
            <label>$LOCALIZE[20339]</label>
            <label2>$INFO[Window.Property(SearchDiscover.DirectorLabel)]</label2>
            <align>left</align>
            <textoffsetx>30</textoffsetx>
            <width>520</width>
            <onclick>SetProperty(SearchDiscover.FilterLabel,Director)</onclick>
            <onclick>SetFocus(8900)</onclick>
            <visible>Skin.HasSetting(Search.LibraryDiscover)</visible>
        </control>
        <control type="button" id="30049">
            <texturenofocus />
            <font>font_main</font>
            <label>Country</label>
            <label2>$INFO[Window.Property(SearchDiscover.CountryLabel)]</label2>
            <align>left</align>
            <textoffsetx>30</textoffsetx>
            <width>520</width>
            <onclick>SetProperty(SearchDiscover.FilterLabel,Country)</onclick>
            <onclick>SetFocus(8900)</onclick>
            <visible>Skin.HasSetting(Search.LibraryDiscover)</visible>
        </control>
        <control type="button" id="30059">
            <texturenofocus />
            <font>font_main</font>
            <label>$LOCALIZE[581]</label>
            <label2>$INFO[Window.Property(SearchDiscover.SortBy),[CAPITALIZE],[/CAPITALIZE]]</label2>
            <align>left</align>
            <textoffsetx>30</textoffsetx>
            <width>520</width>
            <onclick>ActivateWindow(1164)</onclick>
            <visible>Skin.HasSetting(Search.LibraryDiscover)</visible>
        </control>
        <!-- <control type="button" id="30059">
            <label>$LOCALIZE[580]</label>
            <label2>$INFO[Window.Property(SearchDiscover.SortOrder),[CAPITALIZE],[/CAPITALIZE]]</label2>
            <align>left</align>
            <textoffsetx>30</textoffsetx>
            <width>520</width>
            <onclick condition="!String.IsEqual(Window.Property(SearchDiscover.SortOrder),descending)">SetProperty(SearchDiscover.SortOrder,descending)</onclick>
            <onclick condition="String.IsEqual(Window.Property(SearchDiscover.SortOrder),descending)">SetProperty(SearchDiscover.SortOrder,ascending)</onclick>
            <visible>Skin.HasSetting(Search.LibraryDiscover)</visible>
        </control> -->

        <control type="grouplist" id="30069">
            <height>80</height>
            <width>520</width>
            <orientation>horizontal</orientation>
            <itemgap>10</itemgap>
            <visible>Skin.HasSetting(Search.LibraryDiscover)</visible>
            <control type="button" id="30067">
                <texturenofocus />
                <font>font_main</font>
                <label>$LOCALIZE[345] =&gt;</label>
                <label2>$INFO[Window.Property(SearchDiscover.YearLow)]</label2>
                <align>left</align>
                <textoffsetx>30</textoffsetx>
                <width>255</width>
                <ondown>30077</ondown>
                <onclick>SetProperty(SearchDiscover.YearLow.Dialog,1,1105)</onclick>
                <onclick>ClearProperty(SearchDiscover.YearLow,1105)</onclick>
                <onclick>ActivateWindow(1155)</onclick>
                <visible>Skin.HasSetting(Search.LibraryDiscover)</visible>
            </control>

            <control type="button" id="30068">
                <texturenofocus />
                <font>font_main</font>
                <label>$LOCALIZE[345] &lt;=</label>
                <label2>$INFO[Window.Property(SearchDiscover.YearHigh)]</label2>
                <align>left</align>
                <textoffsetx>30</textoffsetx>
                <width>255</width>
                <ondown>30078</ondown>
                <onclick>ClearProperty(SearchDiscover.YearHigh,1105)</onclick>
                <onclick>ClearProperty(SearchDiscover.YearLow.Dialog,1105)</onclick>
                <onclick>ActivateWindow(1155)</onclick>
                <visible>Skin.HasSetting(Search.LibraryDiscover)</visible>
            </control>
        </control>

        <control type="grouplist" id="30079">
            <height>80</height>
            <width>520</width>
            <orientation>horizontal</orientation>
            <itemgap>10</itemgap>
            <visible>Skin.HasSetting(Search.LibraryDiscover)</visible>
            <control type="button" id="30077">
                <texturenofocus />
                <font>font_main</font>
                <label>$LOCALIZE[31188]</label>
                <label2>$INFO[Skin.String(SearchDiscover.ItemLimit)]</label2>
                <align>left</align>
                <textoffsetx>30</textoffsetx>
                <width>255</width>
                <onup>30067 </onup>
                <ondown>-</ondown>
                <onclick>Skin.Reset(SearchDiscover.ItemLimit)</onclick>
                <onclick>Skin.SetNumeric(SearchDiscover.ItemLimit)</onclick>
                <visible>Skin.HasSetting(Search.LibraryDiscover)</visible>
            </control>

            <control type="button" id="30078">
                <texturenofocus />
                <font>font_main</font>
                <label>$LOCALIZE[563] =&gt;</label>
                <label2>$INFO[Window.Property(SearchDiscover.RatingLow)]</label2>
                <align>left</align>
                <textoffsetx>30</textoffsetx>
                <width>255</width>
                <onup>30068</onup>
                <ondown>-</ondown>
                <onclick>ClearProperty(SearchDiscover.RatingLow,1105)</onclick>
                <onclick>ActivateWindow(1156)</onclick>
                <visible>Skin.HasSetting(Search.LibraryDiscover)</visible>
            </control>
        </control>
    </include>

    <include name="Search_Discover_TMDbItems">
        <control type="button" id="30019">
            <texturenofocus />
            <font>font_main</font>
            <label>$LOCALIZE[515]</label>
            <label2>$INFO[Window.Property(SearchDiscover.GenreLabel)]</label2>
            <align>left</align>
            <textoffsetx>30</textoffsetx>
            <width>520</width>
            <onclick>ActivateWindow(1151)</onclick>
            <visible>!Skin.HasSetting(Search.LibraryDiscover)</visible>
        </control>

        <control type="button" id="30029">
            <texturenofocus />
            <font>font_main</font>
            <label>$LOCALIZE[15225]</label>
            <label2>$INFO[Window.Property(SearchDiscover.ProviderLabel)]</label2>
            <align>left</align>
            <textoffsetx>30</textoffsetx>
            <width>520</width>
            <onclick>ActivateWindow(1152)</onclick>
            <visible>!Skin.HasSetting(Search.LibraryDiscover)</visible>
        </control>

        <control type="button" id="30039">
            <texturenofocus />
            <font>font_main</font>
            <label>$LOCALIZE[31051]</label>
            <label2>$INFO[Window.Property(SearchDiscover.PeopleLabel)]</label2>
            <align>left</align>
            <textoffsetx>30</textoffsetx>
            <width>520</width>
            <onclick>SetProperty(SearchDiscover.PersonSearch,People,1105)</onclick>
            <onclick>ActivateWindow(1153)</onclick>
            <visible>!Skin.HasSetting(Search.LibraryDiscover)</visible>
        </control>

        <control type="button" id="30049">
            <texturenofocus />
            <font>font_main</font>
            <label>$LOCALIZE[31179]</label>
            <label2>$INFO[Window.Property(SearchDiscover.KeywordLabel)]</label2>
            <align>left</align>
            <textoffsetx>30</textoffsetx>
            <width>520</width>
            <onclick>ActivateWindow(1157)</onclick>
            <visible>!Skin.HasSetting(Search.LibraryDiscover)</visible>
        </control>

        <control type="button" id="30059">
            <texturenofocus />
            <font>font_main</font>
            <label>$LOCALIZE[31048]</label>
            <label2>$VAR[Label_DiscoverWidgets_Sort]</label2>
            <align>left</align>
            <textoffsetx>30</textoffsetx>
            <width>520</width>
            <onclick>ActivateWindow(1154)</onclick>
            <visible>!Skin.HasSetting(Search.LibraryDiscover)</visible>
        </control>

        <control type="grouplist" id="30069">
            <height>80</height>
            <width>520</width>
            <orientation>horizontal</orientation>
            <itemgap>20</itemgap>
            <visible>!Skin.HasSetting(Search.LibraryDiscover)</visible>
            <control type="button" id="30067">
                <texturenofocus />
                <font>font_main</font>
                <label>$LOCALIZE[345] =&gt;</label>
                <label2>$INFO[Window.Property(SearchDiscover.YearLow)]</label2>
                <align>left</align>
                <textoffsetx>30</textoffsetx>
                <width>250</width>
                <ondown>30077</ondown>
                <onclick>SetProperty(SearchDiscover.YearLow.Dialog,1,1105)</onclick>
                <onclick>ClearProperty(SearchDiscover.YearLow,1105)</onclick>
                <onclick>ActivateWindow(1155)</onclick>
                <visible>!Skin.HasSetting(Search.LibraryDiscover)</visible>
            </control>

            <control type="button" id="30068">
                <texturenofocus />
                <font>font_main</font>
                <label>$LOCALIZE[345] &lt;=</label>
                <label2>$INFO[Window.Property(SearchDiscover.YearHigh)]</label2>
                <align>left</align>
                <textoffsetx>30</textoffsetx>
                <width>250</width>
                <ondown>30078</ondown>
                <onclick>ClearProperty(SearchDiscover.YearHigh,1105)</onclick>
                <onclick>ClearProperty(SearchDiscover.YearLow.Dialog,1105)</onclick>
                <onclick>ActivateWindow(1155)</onclick>
                <visible>!Skin.HasSetting(Search.LibraryDiscover)</visible>
            </control>
        </control>

        <control type="grouplist" id="30079">
            <height>80</height>
            <width>520</width>
            <orientation>horizontal</orientation>
            <itemgap>20</itemgap>
            <visible>!Skin.HasSetting(Search.LibraryDiscover)</visible>
            <include content="Search_View_DiscoverButton_Numeric">
                <param name="id">30077</param>
                <param name="onup">30067</param>
                <param name="ondown">-</param>
                <param name="label">$LOCALIZE[205] =&gt;</param>
                <param name="string">SearchDiscover.VoteLow</param>
                <visible>!Skin.HasSetting(Search.LibraryDiscover)</visible>
            </include>

            <control type="button" id="30078">
                <texturenofocus />
                <font>font_main</font>
                <label>$LOCALIZE[563] =&gt;</label>
                <label2>$INFO[Window.Property(SearchDiscover.RatingLow)]</label2>
                <align>left</align>
                <textoffsetx>30</textoffsetx>
                <width>250</width>
                <onup>30068</onup>
                <ondown>-</ondown>
                <onclick>ClearProperty(SearchDiscover.RatingLow,1105)</onclick>
                <onclick>ActivateWindow(1156)</onclick>
                <visible>!Skin.HasSetting(Search.LibraryDiscover)</visible>
            </control>
        </control>
    </include>

    <include name="Search_Alphabet_Letter">
        <param name="textcolor_fo">main_fg_100</param>
        <param name="textcolor_nf">main_fg_30</param>
        <param name="editid">9099</param>
        <definition>
            <control type="button" id="80$PARAM[groupid]$PARAM[id]">
                <width>100</width>
                <height>40</height>
                <centertop>50%</centertop>
                <texturefocus />
                <texturenofocus />
                <align>center</align>
                <font>font_main_black</font>
                <textcolor>$PARAM[textcolor_nf]</textcolor>
                <focusedcolor>$PARAM[textcolor_fo]</focusedcolor>
                <label>[UPPERCASE]$PARAM[letter][/UPPERCASE]</label>
                <onclick>SetFocus($PARAM[editid])</onclick>
                <include>Object_SearchLetter_Click_$PARAM[letter]</include>
                <onclick>SetFocus(80$PARAM[groupid]$PARAM[id])</onclick>
                <include>Action_UpdateSearchTerm</include>
                <onup>$PARAM[onup]</onup>
                <onup>80$PARAM[grouponup]$PARAM[id]</onup>
                <ondown>$PARAM[ondown]</ondown>
                <ondown>80$PARAM[groupondown]$PARAM[id]</ondown>
                <nested />
            </control>
            <control type="group" id="81$PARAM[groupid]$PARAM[id]">
                <nested />
                <left>-80</left>
                <width>20</width>
                <control type="image">
                    <left>10</left>
                    <width>40</width>
                    <include>Texture_Highlight_Scrollbar_H</include>
                    <height>scrollbar_w</height>
                    <bottom>14</bottom>
                    <visible>Control.HasFocus(80$PARAM[groupid]$PARAM[id])</visible>
                </control>
            </control>
        </definition>
    </include>



    <include name="Search_Visible_OnEdit">
        <include>Animation_FadeIn</include>
        <visible allowhiddenfocus="true">![ControlGroup(6000).HasFocus() | $EXP[Exp_Group_Bumper_HasFocus] | $EXP[Exp_HomeMenu_HasFocus]]</visible>
    </include>

    <include name="Search_View_Panel_DiscoverFilters">

        <!-- Library Filtering -->
        <include content="Dialog_Overlay_Side">
            <param name="dialog_size">Dimension_DialogSideMenu</param>
            <visible>Skin.HasSetting(Search.EnableDiscover)</visible>
            <visible>!$EXP[Exp_InfoDialogs]</visible>
            <visible allowhiddenfocus="true">[Control.HasFocus(8900) | ControlGroup(89000).HasFocus()]</visible>
            <include>Animation_Right_Delay</include>
            <include content="Dialog_Head">
                <param name="id">0</param>
                <param name="label">$INFO[Window.Property(SearchDiscover.FilterLabel)]</param>
            </include>
            <include content="Dialog_Body">
                <include content="List_DialogSelect">
                    <param name="id">8900</param>
                    <param name="misc">[[String.IsEqual(Window.Property(SearchDiscover.FilterLabel),Genre) + !String.IsEmpty(Window.Property(SearchDiscover.GenreLabel)) + String.Contains(Window.Property(SearchDiscover.GenreLabel),ListItem.Label)] | [String.IsEqual(Window.Property(SearchDiscover.FilterLabel),Studio) + !String.IsEmpty(Window.Property(SearchDiscover.StudioLabel)) + String.Contains(Window.Property(SearchDiscover.StudioLabel),ListItem.Label)] | [String.IsEqual(Window.Property(SearchDiscover.FilterLabel),Director) + !String.IsEmpty(Window.Property(SearchDiscover.DirectorLabel)) + String.Contains(Window.Property(SearchDiscover.DirectorLabel),ListItem.Label)] | [String.IsEqual(Window.Property(SearchDiscover.FilterLabel),Country) + !String.IsEmpty(Window.Property(SearchDiscover.CountryLabel)) + String.Contains(Window.Property(SearchDiscover.CountryLabel),ListItem.Label)]]</param>
                    <include>Dimension_Dialog_Body_Group</include>
                    <onright>89000</onright>
                    <onleft>8100</onleft>
                    <onback>8100</onback>
                    <!-- Genre -->
                    <include content="Action_SearchLibrary_Filter_Onclick">
                        <param name="type">Genre</param>
                    </include>
                    <!-- Studio -->
                    <include content="Action_SearchLibrary_Filter_Onclick">
                        <param name="type">Studio</param>
                    </include>
                    <!-- Director -->
                    <include content="Action_SearchLibrary_Filter_Onclick">
                        <param name="type">Director</param>
                    </include>
                    <!-- Country -->
                    <include content="Action_SearchLibrary_Filter_Onclick">
                        <param name="type">Country</param>
                    </include>

                    <content>
                        <item>
                            <label>$LOCALIZE[192]</label>
                            <property name="clearfilter">True</property>
                            <property name="special_icon">special://skin/extras/icons/_none.png</property>
                            <!-- <property name="special_icon">special://skin/extras/icons/circle-minus.png</property> -->
                        </item>
                    </content>

                    <content sortby="label">$VAR[Path_SearchFilter_Node]</content>
                </include>
                <include content="Dialog_Side_Grouplist">
                    <param name="id">89000</param>
                    <onright>8100</onright>
                    <onleft>8900</onleft>
                    <include content="Dialog_Side_Button">
                        <param name="id">01</param>
                        <param name="baseid">89</param>
                        <param name="label">$LOCALIZE[186]</param>
                        <param name="icon">special://skin/extras/icons/circle-check.png</param>
                        <onclick>SetFocus(8100)</onclick>
                    </include>
                </include>
            </include>
        </include>

        <!-- Discover Filtering -->
        <include content="Dialog_Overlay_Side">
            <param name="dialog_size">Dimension_DialogSideMenu</param>
            <visible allowhiddenfocus="true">ControlGroup(8500).HasFocus() | ControlGroup(85000).HasFocus()</visible>
            <visible allowhiddenfocus="true">Skin.HasSetting(Search.EnableDiscover)</visible>
            <visible>!$EXP[Exp_InfoDialogs]</visible>
            <include>Animation_Right_Delay</include>
            <include content="Dialog_Head">
                <param name="id">0</param>
                <param name="label">$LOCALIZE[31498]</param>
            </include>
            <include content="Dialog_Body">
                <control type="grouplist" id="8500">
                    <visible allowhiddenfocus="true">Skin.HasSetting(Search.EnableDiscover)</visible>
                    <top>20</top>
                    <left>20</left>
                    <orientation>vertical</orientation>
                    <itemgap>0</itemgap>
                    <onleft>9000</onleft>
                    <onright>85001</onright>
                    <include>Search_Discover_TMDbItems</include>
                    <include>Search_Discover_LibraryItems</include>
                </control>
                <include content="Dialog_Side_Grouplist">
                    <param name="id">85000</param>
                    <onleft>8500</onleft>
                    <include content="Dialog_Side_Button">
                        <param name="vertical">true</param>
                        <param name="id">01</param>
                        <param name="baseid">85</param>
                        <param name="label">$LOCALIZE[186]</param>
                        <param name="icon">special://skin/extras/icons/circle-check.png</param>
                        <onclick>SetFocus(9000)</onclick>
                    </include>
                    <include content="Dialog_Side_Button">
                        <param name="vertical">true</param>
                        <param name="id">03</param>
                        <param name="baseid">85</param>
                        <param name="label">$LOCALIZE[192]</param>
                        <param name="icon">special://skin/extras/icons/triangle-exclamation.png</param>
                        <onclick>SetFocus(9001)</onclick>
                        <onclick condition="!String.IsEmpty(Control.GetLabel(9099).index(1))">RunScript(script.skinvariables,set_editcontrol=9099,window_id=1105,setfocus=9001)</onclick>
                        <onclick>ClearProperty(SearchTerm)</onclick>
                        <onclick>ClearProperty(SearchDiscover.SortLabel)</onclick>
                        <onclick>ClearProperty(SearchDiscover.FilmSort)</onclick>
                        <onclick>ClearProperty(SearchDiscover.ShowSort)</onclick>
                        <onclick>ClearProperty(SearchDiscover.GenreLabel)</onclick>
                        <onclick>ClearProperty(SearchDiscover.GenreID)</onclick>
                        <onclick>ClearProperty(SearchDiscover.ProviderLabel)</onclick>
                        <onclick>ClearProperty(SearchDiscover.ProviderID)</onclick>
                        <onclick>ClearProperty(SearchDiscover.PeopleLabel)</onclick>
                        <onclick>ClearProperty(SearchDiscover.PeopleID)</onclick>
                        <onclick>ClearProperty(SearchDiscover.YearHigh)</onclick>
                        <onclick>ClearProperty(SearchDiscover.YearLow)</onclick>
                        <onclick>ClearProperty(SearchDiscover.RatingLow)</onclick>
                        <onclick>ClearProperty(SearchDiscover.StudioLabel)</onclick>
                        <onclick>ClearProperty(SearchDiscover.DirectorLabel)</onclick>
                        <onclick>ClearProperty(SearchDiscover.SortBy)</onclick>
                        <onclick>ClearProperty(SearchDiscover.SortOrder)</onclick>
                        <onclick>Skin.Reset(SearchDiscover.VoteLow)</onclick>
                        <onclick>Skin.Reset(SearchDiscover.ItemLimit)</onclick>
                    </include>
                    <include content="Dialog_Side_Button">
                        <param name="vertical">true</param>
                        <param name="id">04</param>
                        <param name="baseid">85</param>
                        <param name="label">$LOCALIZE[14022]</param>
                        <param name="icon">special://skin/extras/icons/book.png</param>
                        <param name="control">radiobutton</param>
                        <selected>Skin.HasSetting(Search.LibraryDiscover)</selected>
                        <onclick>Skin.ToggleSetting(Search.LibraryDiscover)</onclick>
                    </include>
                    <include content="Dialog_Side_Button">
                        <param name="vertical">true</param>
                        <param name="id">05</param>
                        <param name="baseid">85</param>
                        <param name="label">$LOCALIZE[31499]</param>
                        <param name="icon">special://skin/extras/icons/globe.png</param>
                        <param name="control">radiobutton</param>
                        <selected>!Skin.HasSetting(Search.LibraryDiscover)</selected>
                        <onclick>Skin.ToggleSetting(Search.LibraryDiscover)</onclick>
                    </include>

                </include>
            </include>

        </include>
    </include>

    <include name="Search_Alphabet">
        <param name="editid">9099</param>
        <param name="ondown">9098</param>
        <param name="rowone">8201</param>
        <param name="rowtwo">8202</param>
        <definition>
            <!-- First Row -->
            <control type="grouplist" id="$PARAM[rowone]">
                <orientation>horizontal</orientation>
                <itemgap>0</itemgap>
                <height>view_pad</height>
                <include content="Search_Alphabet_Letter">
                    <param name="letter">a</param>
                    <param name="id">1</param>
                    <param name="groupid">1</param>
                    <param name="groupondown">3</param>
                    <param name="onup">$PARAM[editid]</param>
                    <param name="editid">$PARAM[editid]</param>
                </include>
                <include content="Search_Alphabet_Letter">
                    <param name="letter">b</param>
                    <param name="id">2</param>
                    <param name="groupid">1</param>
                    <param name="groupondown">3</param>
                    <param name="onup">$PARAM[editid]</param>
                    <param name="editid">$PARAM[editid]</param>
                </include>
                <include content="Search_Alphabet_Letter">
                    <param name="letter">c</param>
                    <param name="id">3</param>
                    <param name="groupid">1</param>
                    <param name="groupondown">3</param>
                    <param name="onup">$PARAM[editid]</param>
                    <param name="editid">$PARAM[editid]</param>
                </include>
                <include content="Search_Alphabet_Letter">
                    <param name="letter">d</param>
                    <param name="id">4</param>
                    <param name="groupid">1</param>
                    <param name="groupondown">3</param>
                    <param name="onup">$PARAM[editid]</param>
                    <param name="editid">$PARAM[editid]</param>
                </include>
                <include content="Search_Alphabet_Letter">
                    <param name="letter">e</param>
                    <param name="id">5</param>
                    <param name="groupid">1</param>
                    <param name="groupondown">3</param>
                    <param name="onup">$PARAM[editid]</param>
                    <param name="editid">$PARAM[editid]</param>
                </include>
                <include content="Search_Alphabet_Letter">
                    <param name="letter">f</param>
                    <param name="id">6</param>
                    <param name="groupid">1</param>
                    <param name="groupondown">3</param>
                    <param name="onup">$PARAM[editid]</param>
                    <param name="editid">$PARAM[editid]</param>
                </include>
                <include content="Search_Alphabet_Letter">
                    <param name="letter">g</param>
                    <param name="id">7</param>
                    <param name="groupid">1</param>
                    <param name="groupondown">3</param>
                    <param name="onup">$PARAM[editid]</param>
                    <param name="editid">$PARAM[editid]</param>
                </include>
                <include content="Search_Alphabet_Letter">
                    <param name="letter">h</param>
                    <param name="id">8</param>
                    <param name="groupid">1</param>
                    <param name="groupondown">3</param>
                    <param name="onup">$PARAM[editid]</param>
                    <param name="editid">$PARAM[editid]</param>
                </include>
                <include content="Search_Alphabet_Letter">
                    <param name="letter">i</param>
                    <param name="id">9</param>
                    <param name="groupid">1</param>
                    <param name="groupondown">3</param>
                    <param name="onup">$PARAM[editid]</param>
                    <param name="editid">$PARAM[editid]</param>
                </include>
                <include content="Search_Alphabet_Letter">
                    <param name="letter">j</param>
                    <param name="id">0</param>
                    <param name="groupid">2</param>
                    <param name="groupondown">4</param>
                    <param name="onup">$PARAM[editid]</param>
                    <param name="editid">$PARAM[editid]</param>
                </include>
                <include content="Search_Alphabet_Letter">
                    <param name="letter">k</param>
                    <param name="id">1</param>
                    <param name="groupid">2</param>
                    <param name="groupondown">4</param>
                    <param name="onup">$PARAM[editid]</param>
                    <param name="editid">$PARAM[editid]</param>
                </include>
                <include content="Search_Alphabet_Letter">
                    <param name="letter">l</param>
                    <param name="id">2</param>
                    <param name="groupid">2</param>
                    <param name="groupondown">4</param>
                    <param name="onup">$PARAM[editid]</param>
                    <param name="editid">$PARAM[editid]</param>
                </include>
                <include content="Search_Alphabet_Letter">
                    <param name="letter">m</param>
                    <param name="id">3</param>
                    <param name="groupid">2</param>
                    <param name="groupondown">4</param>
                    <param name="onup">$PARAM[editid]</param>
                    <param name="editid">$PARAM[editid]</param>
                </include>
                <include content="Search_Alphabet_Letter">
                    <param name="letter">n</param>
                    <param name="id">4</param>
                    <param name="groupid">2</param>
                    <param name="groupondown">4</param>
                    <param name="onup">$PARAM[editid]</param>
                    <param name="editid">$PARAM[editid]</param>
                </include>
                <include content="Search_Alphabet_Letter">
                    <param name="letter">o</param>
                    <param name="id">5</param>
                    <param name="groupid">2</param>
                    <param name="groupondown">4</param>
                    <param name="onup">$PARAM[editid]</param>
                    <param name="editid">$PARAM[editid]</param>
                </include>
                <include content="Search_Alphabet_Letter">
                    <param name="letter">p</param>
                    <param name="id">6</param>
                    <param name="groupid">2</param>
                    <param name="groupondown">4</param>
                    <param name="onup">$PARAM[editid]</param>
                    <param name="editid">$PARAM[editid]</param>
                </include>
            </control>

            <!-- Second Row -->
            <control type="grouplist" id="$PARAM[rowtwo]">
                <top>50</top>
                <height>view_pad</height>
                <orientation>horizontal</orientation>
                <itemgap>0</itemgap>

                <include content="Search_Alphabet_Letter">
                    <param name="letter">q</param>
                    <param name="id">1</param>
                    <param name="groupid">3</param>
                    <param name="grouponup">1</param>
                    <param name="ondown">$PARAM[ondown]</param>
                    <param name="editid">$PARAM[editid]</param>
                </include>
                <include content="Search_Alphabet_Letter">
                    <param name="letter">r</param>
                    <param name="id">2</param>
                    <param name="groupid">3</param>
                    <param name="grouponup">1</param>
                    <param name="ondown">$PARAM[ondown]</param>
                    <param name="editid">$PARAM[editid]</param>
                </include>
                <include content="Search_Alphabet_Letter">
                    <param name="letter">s</param>
                    <param name="id">3</param>
                    <param name="groupid">3</param>
                    <param name="grouponup">1</param>
                    <param name="ondown">$PARAM[ondown]</param>
                    <param name="editid">$PARAM[editid]</param>
                </include>
                <include content="Search_Alphabet_Letter">
                    <param name="letter">t</param>
                    <param name="id">4</param>
                    <param name="groupid">3</param>
                    <param name="grouponup">1</param>
                    <param name="ondown">$PARAM[ondown]</param>
                    <param name="editid">$PARAM[editid]</param>
                </include>
                <include content="Search_Alphabet_Letter">
                    <param name="letter">u</param>
                    <param name="id">5</param>
                    <param name="groupid">3</param>
                    <param name="grouponup">1</param>
                    <param name="ondown">$PARAM[ondown]</param>
                    <param name="editid">$PARAM[editid]</param>
                </include>
                <include content="Search_Alphabet_Letter">
                    <param name="letter">v</param>
                    <param name="id">6</param>
                    <param name="groupid">3</param>
                    <param name="grouponup">1</param>
                    <param name="ondown">$PARAM[ondown]</param>
                    <param name="editid">$PARAM[editid]</param>
                </include>
                <include content="Search_Alphabet_Letter">
                    <param name="letter">w</param>
                    <param name="id">7</param>
                    <param name="groupid">3</param>
                    <param name="grouponup">1</param>
                    <param name="ondown">$PARAM[ondown]</param>
                    <param name="editid">$PARAM[editid]</param>
                </include>
                <include content="Search_Alphabet_Letter">
                    <param name="letter">x</param>
                    <param name="id">8</param>
                    <param name="groupid">3</param>
                    <param name="grouponup">1</param>
                    <param name="ondown">$PARAM[ondown]</param>
                    <param name="editid">$PARAM[editid]</param>
                </include>
                <include content="Search_Alphabet_Letter">
                    <param name="letter">y</param>
                    <param name="id">9</param>
                    <param name="groupid">3</param>
                    <param name="grouponup">1</param>
                    <param name="ondown">$PARAM[ondown]</param>
                    <param name="editid">$PARAM[editid]</param>
                </include>
                <include content="Search_Alphabet_Letter">
                    <param name="letter">z</param>
                    <param name="id">0</param>
                    <param name="groupid">4</param>
                    <param name="grouponup">2</param>
                    <param name="ondown">$PARAM[ondown]</param>
                    <param name="editid">$PARAM[editid]</param>
                </include>
                <include content="Search_Alphabet_Letter">
                    <param name="letter">_</param>
                    <param name="id">1</param>
                    <param name="groupid">4</param>
                    <param name="grouponup">2</param>
                    <param name="ondown">$PARAM[ondown]</param>
                    <param name="editid">$PARAM[editid]</param>
                </include>
                <include content="Search_Alphabet_Letter">
                    <param name="letter">&lt;</param>
                    <param name="id">2</param>
                    <param name="groupid">4</param>
                    <param name="grouponup">2</param>
                    <param name="ondown">$PARAM[ondown]</param>
                    <param name="editid">$PARAM[editid]</param>
                </include>
                <include content="Search_Alphabet_Letter">
                    <visible>false</visible>
                    <param name="letter">ac</param>
                    <param name="id">3</param>
                    <param name="groupid">4</param>
                    <param name="grouponup">2</param>
                    <param name="ondown">$PARAM[ondown]</param>
                    <param name="editid">$PARAM[editid]</param>
                </include>
                <include content="Search_Alphabet_Letter">
                    <visible>false</visible>
                    <param name="letter">aa</param>
                    <param name="id">4</param>
                    <param name="groupid">4</param>
                    <param name="grouponup">2</param>
                    <param name="ondown">$PARAM[ondown]</param>
                    <param name="editid">$PARAM[editid]</param>
                </include>
                <include content="Search_Alphabet_Letter">
                    <visible>false</visible>
                    <param name="letter">ab</param>
                    <param name="id">5</param>
                    <param name="groupid">4</param>
                    <param name="grouponup">2</param>
                    <param name="ondown">$PARAM[ondown]</param>
                    <param name="editid">$PARAM[editid]</param>
                </include>
                <include content="Search_Alphabet_Letter">
                    <visible>false</visible>
                    <param name="letter">ac</param>
                    <param name="id">6</param>
                    <param name="groupid">4</param>
                    <param name="grouponup">2</param>
                    <param name="ondown">$PARAM[ondown]</param>
                    <param name="editid">$PARAM[editid]</param>
                </include>
            </control>
        </definition>
    </include>

    <include name="Search_View_Panel">


        <control type="group">
            <left>160</left>
            <width>720</width>
            <visible>!$EXP[Exp_InfoDialogs]</visible>

            <!-- Top Row -->
            <control type="group">
                <centertop>100</centertop>
                <height>view_pad</height>
                <!-- Edit Control -->
                <control type="edit" id="9099">
                    <description>Search</description>
                    <font />
                    <height>view_pad</height>
                    <textoffsetx>40</textoffsetx>
                    <align>left</align>
                    <ondown>SetProperty(SearchTerm,$INFO[Control.GetLabel(9099).index(1)])</ondown>
                    <ondown>8201</ondown>  <!-- TO Keyboard -->
                    <onleft>SetProperty(SearchTerm,$INFO[Control.GetLabel(9099).index(1)])</onleft>
                    <onleft>308</onleft>  <!-- TO SEARCH ICON -->
                    <onright>9000</onright>
                    <visible allowhiddenfocus="true">![ControlGroup(6000).HasFocus() | $EXP[Exp_Group_Bumper_HasFocus] | $EXP[Exp_HomeMenu_HasFocus]]</visible>
                </control>
                <!-- Edit Label -->
                <control type="group">
                    <left>40</left>
                    <right>40</right>
                    <control type="label">
                        <font>font_main_bold</font>
                        <label>$VAR[Label_Setting_SearchStyle][CAPITALIZE]$VAR[Label_Search_HeadingFilter,: ,][/CAPITALIZE]</label>
                        <visible>Control.HasFocus(9099)</visible>
                        <textcolor>$VAR[ColorSelected]</textcolor>
                        <visible>![ControlGroup(6000).HasFocus() | $EXP[Exp_Group_Bumper_HasFocus] | $EXP[Exp_HomeMenu_HasFocus]]</visible>
                    </control>
                    <control type="label">
                        <font>font_main_bold</font>
                        <label>$VAR[Label_Setting_SearchStyle][CAPITALIZE]$VAR[Label_Search_HeadingFilter,: ,][/CAPITALIZE]</label>
                        <visible>!Control.HasFocus(9099)</visible>
                        <textcolor>main_fg_90</textcolor>
                        <visible>![ControlGroup(6000).HasFocus() | $EXP[Exp_Group_Bumper_HasFocus] | $EXP[Exp_HomeMenu_HasFocus]]</visible>
                    </control>
                    <control type="label">
                        <font>font_midi_black</font>
                        <label>$VAR[Label_Setting_SearchStyle][CAPITALIZE]$VAR[Label_Search_HeadingFilter,: ,][/CAPITALIZE]</label>
                        <textcolor>main_fg_100</textcolor>
                        <visible>[ControlGroup(6000).HasFocus() | $EXP[Exp_Group_Bumper_HasFocus] | $EXP[Exp_HomeMenu_HasFocus]]</visible>
                    </control>
                </control>

                <!-- Buttons -->
                <control type="grouplist" id="9000">
                    <itemgap>0</itemgap>
                    <align>right</align>
                    <right>-420</right>
                    <centertop>50%</centertop>
                    <orientation>horizontal</orientation>
                    <height>160</height>
                    <onleft>9099</onleft>
                    <include>Search_Visible_OnEdit</include>
                    <include content="Dialog_Side_Button">
                        <param name="vertical">false</param>
                        <param name="id">02</param>
                        <param name="label">$LOCALIZE[587]</param>
                        <param name="nf_opacity">30</param>
                        <param name="db_opacity">12</param>
                        <param name="icon">special://skin/extras/icons/filter.png</param>
                        <param name="control">button</param>
                        <param name="visible">Skin.HasSetting(Search.EnableDiscover)</param>
                        <onclick>SetFocus(8500)</onclick>
                    </include>
                    <include content="Dialog_Side_Button">
                        <param name="vertical">false</param>
                        <param name="id">03</param>
                        <param name="label">$LOCALIZE[192]</param>
                        <param name="nf_opacity">30</param>
                        <param name="db_opacity">12</param>
                        <param name="icon">special://skin/extras/icons/triangle-exclamation.png</param>
                        <param name="visible">!Skin.HasSetting(Search.EnableDiscover)</param>
                        <onclick>SetFocus(9099)</onclick>
                        <onclick>RunScript(script.skinvariables,set_editcontrol=9099,window_id=1105,setfocus=9099)</onclick>
                        <onclick>ClearProperty(SearchTerm)</onclick>
                        <onclick>ClearProperty(SearchDiscover.SortLabel)</onclick>
                        <onclick>ClearProperty(SearchDiscover.FilmSort)</onclick>
                        <onclick>ClearProperty(SearchDiscover.ShowSort)</onclick>
                        <onclick>ClearProperty(SearchDiscover.GenreLabel)</onclick>
                        <onclick>ClearProperty(SearchDiscover.GenreID)</onclick>
                        <onclick>ClearProperty(SearchDiscover.ProviderLabel)</onclick>
                        <onclick>ClearProperty(SearchDiscover.ProviderID)</onclick>
                        <onclick>ClearProperty(SearchDiscover.PeopleLabel)</onclick>
                        <onclick>ClearProperty(SearchDiscover.PeopleID)</onclick>
                        <onclick>ClearProperty(SearchDiscover.YearHigh)</onclick>
                        <onclick>ClearProperty(SearchDiscover.YearLow)</onclick>
                        <onclick>ClearProperty(SearchDiscover.RatingLow)</onclick>
                        <onclick>ClearProperty(SearchDiscover.StudioLabel)</onclick>
                        <onclick>ClearProperty(SearchDiscover.DirectorLabel)</onclick>
                        <onclick>ClearProperty(SearchDiscover.SortBy)</onclick>
                        <onclick>ClearProperty(SearchDiscover.SortOrder)</onclick>
                        <onclick>Skin.Reset(SearchDiscover.VoteLow)</onclick>
                        <onclick>Skin.Reset(SearchDiscover.ItemLimit)</onclick>
                    </include>
                    <include content="Dialog_Side_Button">
                        <param name="vertical">false</param>
                        <param name="id">04</param>
                        <param name="label">$LOCALIZE[31066]</param>
                        <param name="nf_opacity">30</param>
                        <param name="db_opacity">12</param>
                        <param name="icon">special://skin/extras/icons/binoculars.png</param>
                        <param name="control">radiobutton</param>
                        <selected>Skin.HasSetting(Search.EnableDiscover)</selected>
                        <onclick>Skin.ToggleSetting(Search.EnableDiscover)</onclick>
                    </include>
                    <include content="Dialog_Side_Button">
                        <param name="vertical">false</param>
                        <param name="id">05</param>
                        <param name="label">$LOCALIZE[137]</param>
                        <param name="nf_opacity">30</param>
                        <param name="db_opacity">12</param>
                        <param name="icon">special://skin/extras/icons/search.png</param>
                        <param name="control">radiobutton</param>
                        <selected>!Skin.HasSetting(Search.EnableDiscover)</selected>
                        <onclick>Skin.ToggleSetting(Search.EnableDiscover)</onclick>
                    </include>
                    <control type="group">
                        <width>100</width>
                    </control>
                </control>
            </control>

            <!-- Alphabet and Autocomplete -->
            <control type="group">
                <top>140</top>
                <left>0</left>
                <include>Search_Visible_OnEdit</include>

                <include content="Search_Alphabet">
                    <param name="editid">9099</param>
                    <param name="ondown">9098</param>
                </include>

                <control type="group">
                    <top>100</top>
                    <height>view_pad</height>
                    <left>30</left>
                    <visible>!Integer.IsEqual(Container(9098).NumItems,0)</visible>
                    <animation effect="slide" end="-40" time="400" tween="quadratic" reversible="false" condition="!Container(9098).OnNext">Conditional</animation>
                    <animation effect="slide" end="40" time="400" tween="quadratic" reversible="false" condition="!Container(9098).OnPrevious">Conditional</animation>
                    <control type="grouplist">
                        <itemgap>0</itemgap>
                        <orientation>horizontal</orientation>
                        <control type="togglebutton">
                            <textoffsetx>10</textoffsetx>
                            <width>auto</width>
                            <height>40</height>
                            <centertop>50%</centertop>
                            <texturefocus />
                            <texturenofocus />
                            <alttexturefocus />
                            <alttexturenofocus />
                            <align>center</align>
                            <font>font_main_black</font>
                            <textcolor>main_fg_30</textcolor>
                            <focusedcolor>main_fg_30</focusedcolor>
                            <label>$INFO[Container(9098).ListItem.Label]</label>
                            <altlabel>[COLOR=main_fg_90]$INFO[Container(9098).ListItem.Label][/COLOR]</altlabel>
                            <usealttexture>Control.HasFocus(9098)</usealttexture>
                        </control>
                        <control type="button">
                            <textoffsetx>10</textoffsetx>
                            <width>auto</width>
                            <height>40</height>
                            <centertop>50%</centertop>
                            <texturefocus />
                            <texturenofocus />
                            <align>center</align>
                            <font>font_main_black</font>
                            <textcolor>main_fg_30</textcolor>
                            <focusedcolor>main_fg_90</focusedcolor>
                            <label>$INFO[Container(9098).ListItem(1).Label]</label>
                        </control>
                        <control type="button">
                            <textoffsetx>10</textoffsetx>
                            <width>auto</width>
                            <height>40</height>
                            <centertop>50%</centertop>
                            <texturefocus />
                            <texturenofocus />
                            <align>center</align>
                            <font>font_main_black</font>
                            <textcolor>main_fg_30</textcolor>
                            <focusedcolor>main_fg_90</focusedcolor>
                            <label>$INFO[Container(9098).ListItem(2).Label]</label>
                        </control>
                        <control type="button">
                            <textoffsetx>10</textoffsetx>
                            <width>auto</width>
                            <height>40</height>
                            <centertop>50%</centertop>
                            <texturefocus />
                            <texturenofocus />
                            <align>center</align>
                            <font>font_main_black</font>
                            <textcolor>main_fg_30</textcolor>
                            <focusedcolor>main_fg_90</focusedcolor>
                            <label>$INFO[Container(9098).ListItem(3).Label]</label>
                        </control>
                        <control type="button">
                            <textoffsetx>10</textoffsetx>
                            <width>auto</width>
                            <height>40</height>
                            <centertop>50%</centertop>
                            <texturefocus />
                            <texturenofocus />
                            <align>center</align>
                            <font>font_main_black</font>
                            <textcolor>main_fg_30</textcolor>
                            <focusedcolor>main_fg_90</focusedcolor>
                            <label>$INFO[Container(9098).ListItem(4).Label]</label>
                        </control>
                    </control>

                    <control type="button">
                        <textoffsetx>10</textoffsetx>
                        <width>auto</width>
                        <height>scrollbar_w</height>
                        <bottom>10</bottom>
                        <align>center</align>
                        <font>font_main_black</font>
                        <textcolor>00ffffff</textcolor>
                        <focusedcolor>00ffffff</focusedcolor>
                        <label>$INFO[Container(9098).ListItem.Label]</label>
                        <include>Texture_Highlight_Underline_H</include>
                        <visible>Control.HasFocus(9098)</visible>
                    </control>
                </control>

                <!-- Auto complete Row -->
                <control type="group">
                    <top>100</top>
                    <height>view_pad</height>
                    <control type="fixedlist" id="9098">
                        <top>-40</top>
                        <height>160</height>
                        <width>600</width>
                        <left>0</left>
                        <orientation>horizontal</orientation>
                        <onup>8202</onup>
                        <onback>PreviousMenu</onback>
                        <ondown>6000</ondown>

                        <focusposition>0</focusposition>
                        <movement>0</movement>

                        <visible allowhiddenfocus="true">false</visible>

                        <onclick>SetFocus(9099)</onclick>
                        <onclick>SetProperty(SearchTerm,$INFO[Container(9098).ListItem.Label])</onclick>
                        <onclick>RunScript(script.skinvariables,set_editcontrol=9099,window_id=1105,setfocus=9099,text=$INFO[Container(9098).ListItem.Label])</onclick>

                        <include>Action_UpdateSearchTerm</include>

                        <orientation>vertical</orientation>
                        <itemlayout width="200" height="160">
                            <control type="label">
                                <left>40</left>
                                <right>0</right>
                                <font>font_mini_black</font>
                                <align>left</align>
                                <textcolor>main_fg_30</textcolor>
                                <label>$INFO[ListItem.Label]</label>
                                <scroll>false</scroll>
                            </control>
                        </itemlayout>
                        <focusedlayout width="200" height="160" condition="!Control.HasFocus(9098)">
                            <control type="label">
                                <left>40</left>
                                <right>0</right>
                                <font>font_mini_black</font>
                                <align>left</align>
                                <textcolor>main_fg_30</textcolor>
                                <label>$INFO[ListItem.Label]</label>
                                <scroll>false</scroll>
                            </control>
                        </focusedlayout>
                        <focusedlayout width="200" height="160" condition="Control.HasFocus(9098)">
                            <control type="image">
                                <include>Texture_Highlight_Scrollbar_H</include>
                                <height>scrollbar_w</height>
                                <bottom>50</bottom>
                                <left>30</left>
                                <right>40</right>
                                <centerleft>50%</centerleft>
                            </control>
                            <control type="label">
                                <left>40</left>
                                <right>0</right>
                                <align>left</align>
                                <font>font_mini_black</font>
                                <textcolor>main_fg_90</textcolor>
                                <label>$INFO[ListItem.Label]</label>
                                <scroll>false</scroll>
                            </control>
                        </focusedlayout>
                        <content>plugin://plugin.program.autocompletion?info=autocomplete&amp;&amp;id=$VAR[Path_SearchTerm]&amp;&amp;limit=9</content>
                        <content>plugin://script.skinvariables/?info=get_split_string&amp;infolabel=Skin.String(SearchHistory)&amp;reload=$INFO[Skin.String(SearchHistory)]</content>
                    </control>
                </control>
            </control>

            <!-- Icon Counts -->
            <control type="grouplist">
                <hitrect x="0" y="0" w="0" h="0" />
                <align>left</align>
                <left>32</left>
                <orientation>horizontal</orientation>
                <itemgap>20</itemgap>
                <height>80</height>
                <top>305</top>
                <usecontrolcoords>true</usecontrolcoords>
                <include>Search_Visible_OnEdit</include>
                <include>skinvariables-searchmenu-footers</include>
                <include content="Search_View_Footer_Item">
                    <visible>Skin.HasSetting(Search.EnableDiscover)</visible>
                    <param name="id">5081</param>
                    <param name="icon">special://skin/extras/icons/film.png</param>
                    <param name="altnofocus">false</param>
                </include>
                <include content="Search_View_Footer_Item">
                    <visible>Skin.HasSetting(Search.EnableDiscover)</visible>
                    <param name="id">5082</param>
                    <param name="icon">special://skin/extras/icons/tv.png</param>
                    <param name="altnofocus">false</param>
                </include>
            </control>
        </control>

        <include>Search_View_Panel_DiscoverFilters</include>


    </include>

    <include name="Search_View_DiscoverWidgets">
        <include content="_Widget_Row">
            <param name="groupid">5181</param>
            <param name="id">5081</param>
            <param name="label">$LOCALIZE[31066] $LOCALIZE[342]</param>
            <param name="secondary_label">$LOCALIZE[31371] $VAR[Label_DiscoverWidgets_Sort]</param>
            <param name="sort_condition">True</param>
            <param name="sort_descending">True</param>
            <param name="visible">[Skin.HasSetting(Search.EnableDiscover)]</param>
            <param name="altvisible">[Skin.HasSetting(Search.EnableDiscover) + !ControlGroup(6000).HasFocus()]</param>
            <param name="include">List_Poster_Row</param>
            <param name="transition_include">true</param>
            <param name="transition_hidden">Control.HasFocus(5081)</param>

            <param name="detailed">false</param>
            <param name="widgettop">widgetsearch_items_t</param>
            <param name="widgetheight">widgetsearch_items_h</param>
            <param name="labeltop">widgetsearch_label_t</param>
            <param name="labelheight">widgetsearch_label_h</param>

            <content>
                <item>
                    <label>$LOCALIZE[31046]</label>
                    <visible>[[Integer.IsEqual(Container(5081).NumItems,1) + String.IsEqual(Container(5081).ListItem(1).Label,$LOCALIZE[31046])] | Integer.IsEqual(Container(5081).NumItems,0)]</visible>
                </item>
            </content>

            <content target="videos" limit="$VAR[Path_DiscoverWidgets_ItemLimit]" sortby="$VAR[Path_DiscoverWidgets_SortBy]" sortorder="$VAR[Path_DiscoverWidgets_SortOrder]" browse="$VAR[Defs_BrowseLimitedLists]">$VAR[Path_DiscoverWidgets_Film]</content>

            <onback condition="![![!Skin.HasSetting(Rows.EnableWrapList)] | Integer.IsEqual(Container(5081).ListItem.CurrentItem,1)]">6000</onback>
            <onback condition="![![!Skin.HasSetting(Rows.EnableWrapList)] | Integer.IsEqual(Container(5081).ListItem.CurrentItem,1)]">SetFocus(5081,0,absolute)</onback>

            <onback condition="[![!Skin.HasSetting(Rows.EnableWrapList)] | Integer.IsEqual(Container(5081).ListItem.CurrentItem,1)]">SetFocus(5081)</onback>
            <onback condition="[![!Skin.HasSetting(Rows.EnableWrapList)] | Integer.IsEqual(Container(5081).ListItem.CurrentItem,1)]">9097</onback>
            <onback condition="[![!Skin.HasSetting(Rows.EnableWrapList)] | Integer.IsEqual(Container(5081).ListItem.CurrentItem,1)]">AlarmClock(clear_twc,ClearProperty(TMDbHelper.WidgetContainer),00:00,silent)</onback>

            <onfocus>SetProperty(TMDbHelper.WidgetContainer,5081)</onfocus>

            <onfocus>SetProperty(Transition.WidgetStyle,List_Poster_Row,Home)</onfocus>
            <onunfocus>ClearProperty(Transition.WidgetStyle,Home)</onunfocus>
        </include>

        <include content="_Widget_Row">
            <param name="groupid">5182</param>
            <param name="id">5082</param>
            <param name="label">$LOCALIZE[31066] $LOCALIZE[20343]</param>
            <param name="secondary_label">$LOCALIZE[31371] $VAR[Label_DiscoverWidgets_Sort]</param>
            <param name="sort_condition">True</param>
            <param name="sort_descending">True</param>
            <param name="visible">[Skin.HasSetting(Search.EnableDiscover)]</param>
            <param name="altvisible">[Skin.HasSetting(Search.EnableDiscover) + !ControlGroup(6000).HasFocus()]</param>
            <param name="include">List_Poster_Row</param>
            <param name="transition_include">true</param>
            <param name="transition_hidden">Control.HasFocus(5082)</param>

            <param name="detailed">false</param>
            <param name="widgettop">widgetsearch_items_t</param>
            <param name="widgetheight">widgetsearch_items_h</param>
            <param name="labeltop">widgetsearch_label_t</param>
            <param name="labelheight">widgetsearch_label_h</param>

            <content>
                <item>
                    <label>$LOCALIZE[31046]</label>
                    <visible>[[Integer.IsEqual(Container(5082).NumItems,1) + String.IsEqual(Container(5082).ListItem(1).Label,$LOCALIZE[31046])] | Integer.IsEqual(Container(5082).NumItems,0)]</visible>
                </item>
            </content>

            <content target="videos" limit="$VAR[Path_DiscoverWidgets_ItemLimit]" sortby="$VAR[Path_DiscoverWidgets_SortBy]" sortorder="$VAR[Path_DiscoverWidgets_SortOrder]" browse="$VAR[Defs_BrowseLimitedLists]">$VAR[Path_DiscoverWidgets_Show]</content>

            <onback condition="![![!Skin.HasSetting(Rows.EnableWrapList)] | Integer.IsEqual(Container(5082).ListItem.CurrentItem,1)]">6000</onback>
            <onback condition="![![!Skin.HasSetting(Rows.EnableWrapList)] | Integer.IsEqual(Container(5082).ListItem.CurrentItem,1)]">SetFocus(5082,0,absolute)</onback>

            <onback condition="[![!Skin.HasSetting(Rows.EnableWrapList)] | Integer.IsEqual(Container(5082).ListItem.CurrentItem,1)]">SetFocus(5081)</onback>
            <onback condition="[![!Skin.HasSetting(Rows.EnableWrapList)] | Integer.IsEqual(Container(5081).ListItem.CurrentItem,1)]">9097</onback>
            <onback condition="[![!Skin.HasSetting(Rows.EnableWrapList)] | Integer.IsEqual(Container(5082).ListItem.CurrentItem,1)]">AlarmClock(clear_twc,ClearProperty(TMDbHelper.WidgetContainer),00:00,silent)</onback>

            <onfocus>SetProperty(TMDbHelper.WidgetContainer,5082)</onfocus>

            <onfocus>SetProperty(Transition.WidgetStyle,List_Poster_Row,Home)</onfocus>
            <onunfocus>ClearProperty(Transition.WidgetStyle,Home)</onunfocus>
        </include>
    </include>

</includes>
