<contents>
    <value name="widget_visible">String.IsEqual(Container(302).ListItem.Property(guid),{item_guid})</value>
    <value name="widget_altvisible">False</value>
    <rules name="widget_isautoscroll">
        <rule>
            <condition>{item_widget_autoscroll}==True</condition>
            <value>True</value>
        </rule>
        <rule>
            <condition>{parent_item_widget_autoscroll}==True</condition>
            <value>True</value>
        </rule>
        <rule>
            <condition>True</condition>
            <value>False</value>
        </rule>
    </rules>
</contents>