<?xml version="1.0" encoding="UTF-8"?>
<includes>

    <!-- Square Row -->
    <include name="View_050_Square_Row">
        <include content="View_Row_Include">
            <param name="id">50</param>
            <param name="include">List_Square_Row</param>
            <param name="viewtype_label">$LOCALIZE[31113]</param>
            <param name="visible">$EXP[Exp_View_50]</param>
        </include>
    </include>

    <!-- Landscape Row -->
    <include name="View_051_Landscape_Row">
        <include content="View_Row_Include">
            <param name="id">51</param>
            <param name="include">List_Landscape_Row</param>
            <param name="viewtype_label">$LOCALIZE[31112]</param>
            <param name="visible">$EXP[Exp_View_51]</param>
        </include>
    </include>

    <!-- Poster Row -->
    <include name="View_052_Poster_Row">
        <include content="View_Row_Include">
            <param name="id">52</param>
            <param name="include">List_Poster_Row</param>
            <param name="viewtype_label">$LOCALIZE[31111]</param>
            <param name="visible">$EXP[Exp_View_52]</param>
        </include>
    </include>

    <!-- Row Template View -->
    <include name="View_Row_Include">
        <definition>
            <control type="group">
                <visible>Control.IsVisible($PARAM[id])</visible>
                <include content="Transitions_List_Group">
                    <include content="$PARAM[include]">
                        <param name="id">$PARAM[id]</param>
                        <height>divider_bottom</height>
                        <bottom>40</bottom>
                        <include content="Action_View_Movement_OnUp"><param name="id">$PARAM[id]</param></include>
                        <include content="Action_View_Movement_OnLeftRight">
                            <param name="id">$PARAM[id]</param>
                            <param name="onback">[Integer.IsEqual(Container($PARAM[id]).CurrentItem,1)]</param>
                        </include>
                        <include content="Action_View_Movement_OnDown"><param name="id">$PARAM[id]</param></include>
                        <pagecontrol>60</pagecontrol>
                        <visible>$PARAM[visible]</visible>
                        <viewtype label="$PARAM[viewtype_label]">wrap</viewtype>
                        <onfocus>ClearProperty(TMDbHelper.WidgetContainer)</onfocus>
                        <include content="Object_HitRect">
                            <param name="x">view_side</param>
                            <param name="y">586</param>
                            <param name="w">1640</param>
                            <param name="h">view_poster_item_h</param>
                        </include>
                    </include>
                </include>
                <include>Transitions_$PARAM[include]</include>
            </control>
        </definition>
    </include>
</includes>
