<?xml version="1.0" encoding="UTF-8"?>
<window type="window" id="1107">
    <onload>SetProperty(TMDbHelper.WidgetContainer,301)</onload>
    <defaultcontrol>300</defaultcontrol>
    <menucontrol>303</menucontrol>
    <include>Action_Blur_Onload</include>
    <include>Action_Hub_Refocus_Onload</include>
    <controls>

        <include content="Hub_Main_Group">
            <param name="window_id">1107</param>
            <param name="widgets_only">Skin.HasSetting(Hub.Custom02.DisableSubmenu)</param>
            <include>skinshortcuts-template-custom02menu</include>
            <include>skinshortcuts-template-custom02widgets</include>
        </include>
    </controls>
</window>