{
    "prefix": "Exp_View",
    "viewtypes": {
        "50":   "31320",
        "51":   "31045",
        "52":   "20021",
        "53":   "31431",
        "54":   "31423",
        "500":  "31556",
        "510":  "31555",
        "520":  "31554",
        "530":  "31557",
        "540":  "31561",
        "560":  "31058",
        "502":  "Combined Square",
        "512":  "Combined Landscape",
        "522":  "Combined Poster",
        "550":  "31479",
        "551":  "31480",
        "552":  "31559"
    },
    "icons": {
        "50":   "special://skin/extras/icons/view-square.png",
        "51":   "special://skin/extras/icons/view-landscape.png",
        "52":   "special://skin/extras/icons/view-poster.png",
        "53":   "special://skin/extras/icons/view-circle.png",
        "54":   "special://skin/extras/icons/view-landscape.png",
        "500":  "special://skin/extras/icons/view-square.png",
        "510":  "special://skin/extras/icons/view-landscape.png",
        "520":  "special://skin/extras/icons/view-poster.png",
        "530":  "special://skin/extras/icons/view-circle.png",
        "540":  "special://skin/extras/icons/view-landscape.png",
        "560":  "special://skin/extras/icons/view-circle.png",
        "502":  "special://skin/extras/icons/view-combined.png",
        "512":  "special://skin/extras/icons/view-combined.png",
        "522":  "special://skin/extras/icons/view-combined.png",
        "550":  "special://skin/extras/icons/view-list.png",
        "551":  "special://skin/extras/icons/view-list.png",
        "552":  "special://skin/extras/icons/view-list.png"
    },
    "rules": {
        "images": {
            "rule": "Container.Content(images)",
            "viewtypes": ["50", "51", "52", "500", "510", "520"],
            "library": "51",
            "plugins": "51"
        },
        "videos": {
            "rule": "Container.Content(videos)",
            "viewtypes": ["51", "510", "551"],
            "library": "51",
            "plugins": "51"
        },
        "movies": {
            "rule": "Container.Content(movies)",
            "viewtypes": ["51", "52", "53", "54", "510", "520", "530", "540", "560", "550", "551", "552"],
            "library": "52",
            "plugins": "52"
        },
        "sets": {
            "rule": "Container.Content(sets)",
            "viewtypes": ["51", "52", "53", "54", "510", "520", "530", "540", "560", "512", "522", "550", "551", "552"],
            "library": "512",
            "plugins": "512"
        },
        "tvshows": {
            "rule": "!String.IsEqual(Container.Property(param.info),episode_groups) + Container.Content(tvshows)",
            "viewtypes": ["51", "52", "53", "54", "510", "520", "530", "540", "560", "512", "522", "550", "551", "552"],
            "library": "52",
            "plugins": "52"
        },
        "episode-groups-tvshows": {
            "rule": "String.IsEqual(Container.Property(param.info),episode_groups) + Container.Content(tvshows)",
            "viewtypes": ["51", "52", "53", "510", "520", "530", "540", "560", "512", "522", "550", "551", "552"],
            "library": "512",
            "plugins": "512"
        },
        "seasons": {
            "rule": "!String.IsEqual(Container.Property(param.info),episode_group_seasons) + Container.Content(seasons)",
            "viewtypes": ["51", "52", "53", "510", "520", "530", "540", "560", "512", "522", "550", "551", "552"],
            "library": "512",
            "plugins": "512"
        },
        "episode-groups-seasons": {
            "rule": "String.IsEqual(Container.Property(param.info),episode_group_seasons) + Container.Content(seasons)",
            "viewtypes": ["51", "52", "53", "510", "520", "530", "540", "560", "512", "522", "550", "551", "552"],
            "library": "512",
            "plugins": "512"
        },
        "episodes": {
            "rule": "Container.Content(episodes)",
            "viewtypes": ["51", "510", "530", "540", "560", "550", "551", "552"],
            "library": "51",
            "plugins": "51"
        },
        "videoversions": {
            "rule": "Container.Content(videoversions)",
            "viewtypes": ["51", "52", "53", "54", "510", "520", "530", "540", "560", "550", "551", "552"],
            "library": "512",
            "plugins": "512"
        },
        "genres": {
            "rule": "!Window.IsVisible(MyMusicNav.xml) + Container.Content(genres)",
            "viewtypes": ["50", "53", "500", "530", "560", "512", "522"],
            "library": "512",
            "plugins": "512"
        },
        "genres-music": {
            "rule": "Window.IsVisible(MyMusicNav.xml) + Container.Content(genres)",
            "viewtypes": ["50", "53", "500", "530", "560", "510", "512", "522"],
            "library": "512",
            "plugins": "512"
        },
        "years": {
            "rule": "!Window.IsVisible(MyMusicNav.xml) + Container.Content(years)",
            "viewtypes": ["50", "53", "500", "530", "560", "512", "522"],
            "library": "512",
            "plugins": "512"
        },
        "years-music": {
            "rule": "Window.IsVisible(MyMusicNav.xml) + Container.Content(years)",
            "viewtypes": ["50", "53", "500", "530", "560", "502", "512", "522"],
            "library": "512",
            "plugins": "512"
        },
        "studios": {
            "rule": "Container.Content(studios)",
            "viewtypes": ["50", "53", "500", "530", "560", "512", "522"],
            "library": "512",
            "plugins": "512"
        },
        "directors": {
            "rule": "Container.Content(directors)",
            "viewtypes": ["50", "53", "500", "530", "560", "512", "522"],
            "library": "512",
            "plugins": "512"
        },
        "countries": {
            "rule": "Container.Content(countries)",
            "viewtypes": ["50", "53", "500", "530", "560", "512", "522"],
            "library": "512",
            "plugins": "512"
        },
        "tags": {
            "rule": "Container.Content(tags)",
            "viewtypes": ["50", "53", "500", "530", "560", "512", "522"],
            "library": "512",
            "plugins": "512"
        },
        "roles": {
            "rule": "Container.Content(roles)",
            "viewtypes": ["50", "53", "500", "530", "560", "502", "512", "522"],
            "library": "512",
            "plugins": "512"
        },
        "actors": {
            "rule": "Container.Content(actors)",
            "viewtypes": ["52", "53", "520", "530", "560", "502", "512", "522"],
            "library": "512",
            "plugins": "512"
        },
        "playlists": {
            "rule": "Container.Content(playlists)",
            "viewtypes": ["50", "500", "560"],
            "library": "50",
            "plugins": "50"
        },
        "musicvideos": {
            "rule": "Container.Content(musicvideos)",
            "viewtypes": ["50", "51", "52", "53", "500", "510", "520", "530", "540", "560", "502", "512", "522", "552"],
            "library": "51",
            "plugins": "51"
        },
        "artists": {
            "rule": "Container.Content(artists)",
            "viewtypes": ["50", "53", "500", "530", "540", "560", "502", "550", "552"],
            "library": "50",
            "plugins": "50"
        },
        "albums": {
            "rule": "Container.Content(albums)",
            "viewtypes": ["50", "53", "500", "530", "540", "560", "502", "550", "552"],
            "library": "50",
            "plugins": "50"
        },
        "songs": {
            "rule": "Container.Content(songs)",
            "viewtypes": ["50", "53", "500", "530", "540", "560", "550", "552"],
            "library": "550",
            "plugins": "550"
        },
        "files": {
            "rule": "Container.Content(files)",
            "viewtypes": ["50", "51", "500", "560"],
            "library": "50",
            "plugins": "50"
        },
        "sources": {
            "rule": "Container.Content(sources)",
            "viewtypes": ["50", "51", "500", "560"],
            "library": "50",
            "plugins": "50"
        },
        "addons": {
            "rule": "Container.Content(addons)",
            "viewtypes": ["50", "53", "500", "530", "540", "560"],
            "library": "50",
            "plugins": "50"
        },
        "recordings": {
            "rule": "Container.Content(recordings)",
            "viewtypes": ["51", "510"],
            "library": "51",
            "plugins": "51"
        },

        "games": {
            "rule": "Container.Content(games)",
            "viewtypes": ["50", "51", "52", "53", "54", "500", "510", "520", "530", "540", "560", "550", "551", "552"],
            "library": "51",
            "plugins": "51"
        },
        "none-games": {
            "rule": "Container.Content() + Window.IsVisible(MyGames.xml)",
            "viewtypes": ["50", "51", "52", "53", "54", "500", "510", "520", "530", "540", "560", "550", "551", "552"],
            "library": "51",
            "plugins": "51"
        },
        "none-recordings": {
            "rule": "Container.Content() + Window.IsVisible(MyPVRRecordings.xml)",
            "viewtypes": ["51", "510"],
            "library": "51",
            "plugins": "51"
        },
        "none-timers": {
            "rule": "Container.Content() + Window.IsVisible(MyPVRTimers.xml)",
            "viewtypes": ["51", "510"],
            "library": "51",
            "plugins": "51"
        },
        "none-search": {
            "rule": "Container.Content() + Window.IsVisible(MyPVRSearch.xml)",
            "viewtypes": ["51", "510"],
            "library": "51",
            "plugins": "51"
        },
        "none-providers": {
            "rule": "Container.Content() + String.IsEqual(Container.Property(param.info),watch_providers)",
            "viewtypes": ["50", "53", "500", "530", "560", "512", "522"],
            "library": "50",
            "plugins": "50"
        },
        "none": {
            "rule": "Container.Content() + !Window.IsVisible(MyGames.xml) + !Window.IsVisible(MyPVRRecordings.xml) + !Window.IsVisible(MyPVRTimers.xml) + !Window.IsVisible(MyPVRSearch.xml) + !String.IsEqual(Container.Property(param.info),watch_providers)",
            "viewtypes": ["50", "53", "500", "530", "560"],
            "library": "50",
            "plugins": "50"
        }

    }
}