<?xml version="1.0" encoding="UTF-8"?>
<shortcuts>

    <shortcut>
        <label>$LOCALIZE[31404]</label>
        <label2 />
        <icon />
        <thumb />
        <action>ActivateWindow(Videos,special://skin/extras/playlists/InProgressMovies.xsp,return)</action>
    </shortcut>
    <shortcut>
        <label>$LOCALIZE[31403]</label>
        <label2 />
        <icon />
        <thumb />
        <action>ActivateWindow(Videos,library://video/tvshows/inprogressshows.xml,return)</action>
    </shortcut>
    <shortcut>
        <label>$LOCALIZE[31001]</label>
        <label2 />
        <icon />
        <thumb />
        <action>ActivateWindow(Videos,special://skin/extras/playlists/InProgressEpisodes.xsp,return)</action>
    </shortcut>
    <shortcut>
        <label>$LOCALIZE[31058]</label>
        <label2 />
        <icon />
        <thumb />
        <action>ActivateWindow(Videos,special://skin/extras/playlists/RecentMovies.xsp,return)</action>
    </shortcut>
    <shortcut>
        <label>$LOCALIZE[31059]</label>
        <label2 />
        <icon />
        <thumb />
        <action>ActivateWindow(Videos,special://skin/extras/playlists/RecentTvShows.xsp,return)</action>
    </shortcut>
    <shortcut>
        <label>$LOCALIZE[31060]</label>
        <label2 />
        <icon />
        <thumb />
        <action>ActivateWindow(Videos,special://skin/extras/playlists/RecentTvEpisodes.xsp,return)</action>
    </shortcut>
</shortcuts>
