<?xml version="1.0" encoding="UTF-8"?>
<includes>

    <include name="_Info_Title_Label">
        <param name="font">font_info_black</param>
        <param name="label">$VAR[Label_Title_Container]</param>
        <definition>
            <control type="group">
                <nested />
                <width>info_plot_w</width>
                <control type="label">
                    <wrapmultiline>true</wrapmultiline>
                    <height>110</height>
                    <centertop>47%</centertop>
                    <label>$PARAM[label]</label>
                    <textcolor>$PARAM[colordiffuse]_100</textcolor>
                    <font>font_info_black_doublerow</font>
                    <autoscroll>false</autoscroll>
                </control>
            </control>
        </definition>
    </include>

    <include name="Info_Title_Label">
        <include content="_Info_Title_Label">
            <param name="font">font_info_black</param>
            <param name="colordiffuse">$PARAM[colordiffuse]</param>
            <param name="label">$PARAM[label]</param>
            <nested />
        </include>
    </include>


    <include name="Info_Title_Logo">
        <definition>
            <include content="Info_Title_Label">
                <param name="label">$PARAM[label]</param>
                <param name="colordiffuse">$PARAM[colordiffuse]</param>
                <height>120</height>
                <visible>![$PARAM[mainlogo_visible]]</visible>
            </include>
            <control type="image">
                <height>120</height>
                <aspectratio align="left" aligny="center">keep</aspectratio>
                <fadetime>200</fadetime>
                <texture background="true" colordiffuse="main_info">$PARAM[mainlogo_texture]</texture>
                <visible>$PARAM[mainlogo_visible]</visible>
            </control>
        </definition>
    </include>

    <include name="Info_Title">
        <param name="colordiffuse">main_fg</param>
        <param name="container" />
        <param name="width">info_plot_w</param>
        <param name="mainlogo_visible">[!String.IsEmpty(Window(Home).Property(TMDBHelper.ListItem.CropImage)) | [!String.IsEmpty(Window(Home).Property(CropImage)) + String.IsEmpty(Window(Home).Property(TMDBHelper.Image.Override))]]</param>
        <param name="mainlogo_texture">$VAR[Image_CropLogo]</param>
        <definition>
            <control type="group">
                <height>120</height>
                <width>$PARAM[width]</width>

                <control type="group">
                    <right>80</right>
                    <!-- Title Only -->
                    <include content="Info_Title_Label" condition="!Skin.HasSetting(TMDbHelper.EnableCrop)">
                        <param name="label">$PARAM[label]</param>
                        <param name="colordiffuse">$PARAM[colordiffuse]</param>
                    </include>
                    <!-- Other -->
                    <include content="Info_Title_Logo" condition="Skin.HasSetting(TMDbHelper.EnableCrop)">
                        <param name="label">$PARAM[label]</param>
                        <param name="colordiffuse">$PARAM[colordiffuse]</param>
                        <param name="mainlogo_visible">$PARAM[mainlogo_visible]</param>
                        <param name="mainlogo_texture">$PARAM[mainlogo_texture]</param>
                    </include>
                </control>
            </control>
        </definition>
    </include>

    <include name="Info_Line_Divider">
        <control type="image">
            <include>Texture_Circle_Highlight_V</include>
            <aspectratio>keep</aspectratio>
            <width>8</width>
            <height>8</height>
            <centertop>52%</centertop>
            <nested />
        </control>
    </include>

    <include name="Info_Line_Label">
        <param name="font">font_main_black</param>
        <definition>
            <control type="label">
                <nested />
                <width>auto</width>
                <aligny>center</aligny>
                <textcolor>$PARAM[textcolor]</textcolor>
                <font>font_main_black</font>
                <textoffsetx>0</textoffsetx>
            </control>
        </definition>
    </include>

    <include name="Info_Line_Item">
        <param name="visible">true</param>
        <definition>
            <include content="Info_Line_Divider">
                <visible>$PARAM[visible]</visible>
                <nested />
            </include>
            <include content="Info_Line_Label">
                <param name="textcolor">$PARAM[textcolor]</param>
                <label>$PARAM[label]</label>
                <visible>$PARAM[visible]</visible>
                <nested />
            </include>
        </definition>
    </include>

    <include name="_Info_Line_Visible">
        <param name="L01" />
        <param name="L02" />
        <param name="L03" />
        <param name="L04" />
        <param name="L05" />
        <param name="C01" />
        <param name="C02" />
        <param name="C03" />
        <param name="C04" />
        <param name="C05" />
        <param name="altvisible">false</param>
        <definition>
            <visible>[$PARAM[L01]$PARAM[L02]$PARAM[L03]$PARAM[L04]$PARAM[L05] | [$PARAM[altvisible]]] | [String.IsEmpty($PARAM[container]ListItem.DBType) + [$PARAM[C01]$PARAM[C02]$PARAM[C03]$PARAM[C04]$PARAM[C05]]]</visible>
        </definition>
    </include>
    <include name="Info_Line_Visible_01">
        <definition>
            <include content="_Info_Line_Visible">
                <param name="altvisible">$PARAM[altvisible]</param>
                <param name="container">$PARAM[container]</param>
                <param name="L01">String.IsEqual($PARAM[container]ListItem.DBType,$PARAM[dbtype_01])</param>
                <param name="C01">String.IsEqual(Container(99950).ListItem.DBType,$PARAM[dbtype_01])</param>
            </include>
        </definition>
    </include>
    <include name="Info_Line_Visible_02">
        <definition>
            <include content="_Info_Line_Visible">
                <param name="altvisible">$PARAM[altvisible]</param>
                <param name="container">$PARAM[container]</param>
                <param name="L01">String.IsEqual($PARAM[container]ListItem.DBType,$PARAM[dbtype_01])</param>
                <param name="L02"> | String.IsEqual($PARAM[container]ListItem.DBType,$PARAM[dbtype_02])</param>
                <param name="C01">String.IsEqual(Container(99950).ListItem.DBType,$PARAM[dbtype_01])</param>
                <param name="C02"> | String.IsEqual(Container(99950).ListItem.DBType,$PARAM[dbtype_02])</param>
            </include>
        </definition>
    </include>
    <include name="Info_Line_Visible_03">
        <definition>
            <include content="_Info_Line_Visible">
                <param name="altvisible">$PARAM[altvisible]</param>
                <param name="container">$PARAM[container]</param>
                <param name="L01">String.IsEqual($PARAM[container]ListItem.DBType,$PARAM[dbtype_01])</param>
                <param name="L02"> | String.IsEqual($PARAM[container]ListItem.DBType,$PARAM[dbtype_02])</param>
                <param name="L03"> | String.IsEqual($PARAM[container]ListItem.DBType,$PARAM[dbtype_03])</param>
                <param name="C01">String.IsEqual(Container(99950).ListItem.DBType,$PARAM[dbtype_01])</param>
                <param name="C02"> | String.IsEqual(Container(99950).ListItem.DBType,$PARAM[dbtype_02])</param>
                <param name="C03"> | String.IsEqual(Container(99950).ListItem.DBType,$PARAM[dbtype_03])</param>
            </include>
        </definition>
    </include>
    <include name="Info_Line_Visible_04">
        <definition>
            <include content="_Info_Line_Visible">
                <param name="altvisible">$PARAM[altvisible]</param>
                <param name="container">$PARAM[container]</param>
                <param name="L01">String.IsEqual($PARAM[container]ListItem.DBType,$PARAM[dbtype_01])</param>
                <param name="L02"> | String.IsEqual($PARAM[container]ListItem.DBType,$PARAM[dbtype_02])</param>
                <param name="L03"> | String.IsEqual($PARAM[container]ListItem.DBType,$PARAM[dbtype_03])</param>
                <param name="L04"> | String.IsEqual($PARAM[container]ListItem.DBType,$PARAM[dbtype_04])</param>
                <param name="C01">String.IsEqual(Container(99950).ListItem.DBType,$PARAM[dbtype_01])</param>
                <param name="C02"> | String.IsEqual(Container(99950).ListItem.DBType,$PARAM[dbtype_02])</param>
                <param name="C03"> | String.IsEqual(Container(99950).ListItem.DBType,$PARAM[dbtype_03])</param>
                <param name="C04"> | String.IsEqual(Container(99950).ListItem.DBType,$PARAM[dbtype_04])</param>
            </include>
        </definition>
    </include>
    <include name="Info_Line_Visible_05">
        <definition>
            <include content="_Info_Line_Visible">
                <param name="altvisible">$PARAM[altvisible]</param>
                <param name="container">$PARAM[container]</param>
                <param name="L01">String.IsEqual($PARAM[container]ListItem.DBType,$PARAM[dbtype_01])</param>
                <param name="L02"> | String.IsEqual($PARAM[container]ListItem.DBType,$PARAM[dbtype_02])</param>
                <param name="L03"> | String.IsEqual($PARAM[container]ListItem.DBType,$PARAM[dbtype_03])</param>
                <param name="L04"> | String.IsEqual($PARAM[container]ListItem.DBType,$PARAM[dbtype_04])</param>
                <param name="L05"> | String.IsEqual($PARAM[container]ListItem.DBType,$PARAM[dbtype_05])</param>
                <param name="C01">String.IsEqual(Container(99950).ListItem.DBType,$PARAM[dbtype_01])</param>
                <param name="C02"> | String.IsEqual(Container(99950).ListItem.DBType,$PARAM[dbtype_02])</param>
                <param name="C03"> | String.IsEqual(Container(99950).ListItem.DBType,$PARAM[dbtype_03])</param>
                <param name="C04"> | String.IsEqual(Container(99950).ListItem.DBType,$PARAM[dbtype_04])</param>
                <param name="C05"> | String.IsEqual(Container(99950).ListItem.DBType,$PARAM[dbtype_05])</param>
            </include>
        </definition>
    </include>

    <include name="Info_Line_Items">
        <param name="visible_01">true</param>
        <param name="visible_02">false</param>
        <param name="visible_03">false</param>
        <param name="visible_04">false</param>
        <param name="visible_05">false</param>
        <param name="visible_06">false</param>

        <param name="items_01">true</param>
        <param name="items_02">false</param>
        <param name="items_03">false</param>
        <param name="items_04">false</param>
        <param name="items_05">false</param>
        <param name="items_06">false</param>
        <definition>
            <include content="Info_Line_Divider" condition="$PARAM[items_01] | $PARAM[items_02] | $PARAM[items_03] | $PARAM[items_04] | $PARAM[items_05] | $PARAM[items_06]">
                <nested />
                <visible>$PARAM[visible_01] | $PARAM[visible_02] | $PARAM[visible_03] | $PARAM[visible_04] | $PARAM[visible_05] | $PARAM[visible_06]</visible>
            </include>
            <include content="Info_Line_Label" condition="$PARAM[items_01] | $PARAM[items_02] | $PARAM[items_03] | $PARAM[items_04] | $PARAM[items_05] | $PARAM[items_06]">
                <param name="textcolor">$PARAM[textcolor]</param>
                <label>$PARAM[label_01]</label>
                <visible>$PARAM[visible_01]</visible>
                <nested />
            </include>
            <include content="Info_Line_Label" condition="$PARAM[items_02] | $PARAM[items_03] | $PARAM[items_04] | $PARAM[items_05] | $PARAM[items_06]">
                <param name="textcolor">$PARAM[textcolor]</param>
                <label>$PARAM[label_02]</label>
                <visible>![$PARAM[visible_01]]</visible>
                <visible>$PARAM[visible_02]</visible>
                <nested />
            </include>
            <include content="Info_Line_Label" condition="$PARAM[items_03] | $PARAM[items_04] | $PARAM[items_05] | $PARAM[items_06]">
                <param name="textcolor">$PARAM[textcolor]</param>
                <label>$PARAM[label_03]</label>
                <visible>![$PARAM[visible_01]]</visible>
                <visible>![$PARAM[visible_02]]</visible>
                <visible>$PARAM[visible_03]</visible>
                <nested />
            </include>
            <include content="Info_Line_Label" condition="$PARAM[items_04] | $PARAM[items_05] | $PARAM[items_06]">
                <param name="textcolor">$PARAM[textcolor]</param>
                <label>$PARAM[label_04]</label>
                <visible>![$PARAM[visible_01]]</visible>
                <visible>![$PARAM[visible_02]]</visible>
                <visible>![$PARAM[visible_03]]</visible>
                <visible>$PARAM[visible_04]</visible>
                <nested />
            </include>
            <include content="Info_Line_Label" condition="$PARAM[items_05] | $PARAM[items_06]">
                <param name="textcolor">$PARAM[textcolor]</param>
                <label>$PARAM[label_05]</label>
                <visible>![$PARAM[visible_01]]</visible>
                <visible>![$PARAM[visible_02]]</visible>
                <visible>![$PARAM[visible_03]]</visible>
                <visible>![$PARAM[visible_04]]</visible>
                <visible>$PARAM[visible_05]</visible>
                <nested />
            </include>
            <include content="Info_Line_Label" condition="$PARAM[items_06]">
                <param name="textcolor">$PARAM[textcolor]</param>
                <label>$PARAM[label_06]</label>
                <visible>![$PARAM[visible_01]]</visible>
                <visible>![$PARAM[visible_02]]</visible>
                <visible>![$PARAM[visible_03]]</visible>
                <visible>![$PARAM[visible_04]]</visible>
                <visible>![$PARAM[visible_05]]</visible>
                <visible>$PARAM[visible_06]</visible>
                <nested />
            </include>
        </definition>
    </include>

    <include name="Info_Line_Rating">
        <param name="font">font_mini</param>
        <param name="iconcolor">main_fg_90</param>
        <param name="textcolor">main_fg_70</param>
        <param name="icon_w">26</param>
        <param name="bordersize">0</param>
        <param name="icon_centertop">50%</param>
        <definition>
            <control type="image">
                <width>$PARAM[icon_w]</width>
                <height>26</height>
                <aspectratio>keep</aspectratio>
                <centertop>$PARAM[icon_centertop]</centertop>
                <texture colordiffuse="$PARAM[iconcolor]">$PARAM[icon]</texture>
                <visible>$PARAM[visible]</visible>
                <bordersize>$PARAM[bordersize]</bordersize>
            </control>
            <control type="label">
                <left>$PARAM[bordersize]</left>
                <aligny>center</aligny>
                <label>$PARAM[label]</label>
                <textcolor>$PARAM[textcolor]</textcolor>
                <font>$PARAM[font]</font>
                <visible>$PARAM[visible]</visible>
                <width>auto</width>
            </control>
            <control type="group">
                <visible>$PARAM[visible]</visible>
                <width>-4</width>
            </control>
        </definition>
    </include>

    <variable name="Info_Line_Rating_Style">
        <value condition="Skin.HasSetting(Furniture.EnableColourRatings)">color</value>
        <value>monochrome</value>
    </variable>

    <include name="Info_Line_Rating_IMDb">
        <param name="is_player">false</param>
        <definition>
            <include content="Info_Line_Rating" condition="![$PARAM[is_player]]">
                <param name="icon">flags/$VAR[Info_Line_Rating_Style]/ratings/imdb.png</param>
                <param name="label">$INFO[Container(99950).ListItem.Property(IMDb_Rating),,]$INFO[Container(99950).ListItem.Top250,  #,]</param>
                <param name="visible">[$PARAM[visible]] + !String.IsEmpty(Container(99950).ListItem.Property(IMDb_Rating))</param>
                <param name="icon_w">48</param>
            </include>
            <include content="Info_Line_Rating" condition="$PARAM[is_player]">
                <param name="icon">flags/$VAR[Info_Line_Rating_Style]/ratings/imdb.png</param>
                <param name="label">$INFO[Window(Home).Property(TMDbHelper.Player.IMDb_Rating),,]$INFO[Window(Home).Property(TMDbHelper.Player.Top250),  #,]</param>
                <param name="visible">[$PARAM[visible]] + !String.IsEmpty(Window(Home).Property(TMDbHelper.Player.IMDb_Rating))</param>
                <param name="icon_w">48</param>
            </include>
        </definition>
    </include>

    <include name="Info_Line_Rating_Metacritic">
        <param name="is_player">false</param>
        <definition>
            <include content="Info_Line_Rating" condition="![$PARAM[is_player]]">
                <param name="icon">flags/$VAR[Info_Line_Rating_Style]/ratings/metacritic.png</param>
                <param name="label">$INFO[Container(99950).ListItem.Property(MetaCritic_Rating),,%]</param>
                <param name="visible">[$PARAM[visible]] + !String.IsEmpty(Container(99950).ListItem.Property(MetaCritic_Rating))</param>
            </include>
            <include content="Info_Line_Rating" condition="$PARAM[is_player]">
                <param name="icon">flags/$VAR[Info_Line_Rating_Style]/ratings/metacritic.png</param>
                <param name="label">$INFO[Window(Home).Property(TMDbHelper.Player.MetaCritic_Rating),,%]</param>
                <param name="visible">[$PARAM[visible]] + !String.IsEmpty(Window(Home).Property(TMDbHelper.Player.MetaCritic_Rating))</param>
            </include>
        </definition>
    </include>

    <include name="Info_Line_Rating_RottenTomatoesUser">
        <param name="is_player">false</param>
        <definition>
            <include content="Info_Line_Rating" condition="![$PARAM[is_player]]">
                <param name="icon">flags/$VAR[Info_Line_Rating_Style]/ratings/$VAR[Image_ListItem_RottenTomatoes_UserMeter]</param>
                <param name="label">$INFO[Container(99950).ListItem.Property(RottenTomatoes_UserMeter),,%]</param>
                <param name="visible">[$PARAM[visible]] + !String.IsEmpty(Container(99950).ListItem.Property(RottenTomatoes_UserMeter))</param>
            </include>
            <include content="Info_Line_Rating" condition="$PARAM[is_player]">
                <param name="icon">flags/$VAR[Info_Line_Rating_Style]/ratings/$VAR[Image_Player_RottenTomatoes_UserMeter]</param>
                <param name="label">$INFO[Window(Home).Property(TMDbHelper.Player.RottenTomatoes_UserMeter),,%]</param>
                <param name="visible">[$PARAM[visible]] + !String.IsEmpty(Window(Home).Property(TMDbHelper.Player.RottenTomatoes_UserMeter))</param>
            </include>
        </definition>
    </include>

    <include name="Info_Line_Rating_RottenTomatoesCritic">
        <param name="is_player">false</param>
        <definition>
            <include content="Info_Line_Rating" condition="![$PARAM[is_player]]">
                <param name="icon">flags/$VAR[Info_Line_Rating_Style]/ratings/$VAR[Image_ListItem_RottenTomatoes]</param>
                <param name="label">$INFO[Container(99950).ListItem.Property(RottenTomatoes_Rating),,%]</param>
                <param name="visible">[$PARAM[visible]] + !String.IsEmpty(Container(99950).ListItem.Property(RottenTomatoes_Rating))</param>
            </include>
            <include content="Info_Line_Rating" condition="$PARAM[is_player]">
                <param name="icon">flags/$VAR[Info_Line_Rating_Style]/ratings/$VAR[Image_Player_RottenTomatoes]</param>
                <param name="label">$INFO[Window(Home).Property(TMDbHelper.Player.RottenTomatoes_Rating),,%]</param>
                <param name="visible">[$PARAM[visible]] + !String.IsEmpty(Window(Home).Property(TMDbHelper.Player.RottenTomatoes_Rating))</param>
            </include>
        </definition>
    </include>

    <include name="Info_Line_Rating_Kodi">
        <param name="is_player">false</param>
        <definition>
            <include content="Info_Line_Rating" condition="![$PARAM[is_player]]">
                <param name="icon">flags/$VAR[Info_Line_Rating_Style]/ratings/kodi.png</param>
                <param name="label">$INFO[Container(99950).ListItem.Property(base_rating)]</param>
                <param name="visible">[$PARAM[visible]] + !String.IsEmpty(Container(99950).ListItem.Property(base_rating)) + String.IsEmpty($PARAM[container]ListItem.Rating) + String.IsEmpty($PARAM[container]ListItem.UserRating) + !String.IsEmpty(Window.Property(TMDBHelper.WidgetContainer))</param>
            </include>
            <include content="Info_Line_Rating" condition="![$PARAM[is_player]]">
                <param name="icon">flags/$VAR[Info_Line_Rating_Style]/ratings/kodi.png</param>
                <param name="label">$INFO[$PARAM[container]ListItem.Rating]</param>
                <param name="visible">[$PARAM[visible]] + !String.IsEmpty($PARAM[container]ListItem.Rating) + String.IsEmpty($PARAM[container]ListItem.UserRating)</param>
            </include>
            <include content="Info_Line_Rating" condition="![$PARAM[is_player]]">
                <param name="icon">flags/$VAR[Info_Line_Rating_Style]/ratings/kodi.png</param>
                <param name="label">$INFO[$PARAM[container]ListItem.UserRating,,.0]</param>
                <param name="visible">[$PARAM[visible]] + !String.IsEmpty($PARAM[container]ListItem.UserRating)</param>
            </include>

            <include content="Info_Line_Rating" condition="$PARAM[is_player]">
                <param name="icon">flags/$VAR[Info_Line_Rating_Style]/ratings/kodi.png</param>
                <param name="label">$INFO[VideoPlayer.Rating]</param>
                <param name="visible">[$PARAM[visible]] + !String.IsEmpty(VideoPlayer.Rating) + String.IsEmpty(VideoPlayer.UserRating)</param>
            </include>
            <include content="Info_Line_Rating" condition="$PARAM[is_player]">
                <param name="icon">flags/$VAR[Info_Line_Rating_Style]/ratings/kodi.png</param>
                <param name="label">$INFO[VideoPlayer.UserRating,,.0]</param>
                <param name="visible">[$PARAM[visible]] + !String.IsEmpty(VideoPlayer.UserRating)</param>
            </include>
        </definition>
    </include>

    <include name="Info_Line_Rating_TMDb">
        <param name="is_player">false</param>
        <definition>
            <include content="Info_Line_Rating" condition="![$PARAM[is_player]]">
                <param name="icon">flags/$VAR[Info_Line_Rating_Style]/ratings/tmdb.png</param>
                <param name="label">$INFO[Container(99950).ListItem.Property(TMDb_Rating)]</param>
                <param name="visible">[$PARAM[visible]] + !String.IsEmpty(Container(99950).ListItem.Property(TMDb_Rating))</param>
            </include>
            <include content="Info_Line_Rating" condition="$PARAM[is_player]">
                <param name="icon">flags/$VAR[Info_Line_Rating_Style]/ratings/tmdb.png</param>
                <param name="label">$INFO[Window(Home).Property(TMDbHelper.Player.TMDb_Rating)]</param>
                <param name="visible">[$PARAM[visible]] + !String.IsEmpty(Window(Home).Property(TMDbHelper.Player.TMDb_Rating))</param>
            </include>
        </definition>
    </include>

    <include name="Info_Line_Rating_Trakt">
        <param name="is_player">false</param>
        <definition>
            <include content="Info_Line_Rating" condition="![$PARAM[is_player]]">
                <param name="icon">flags/$VAR[Info_Line_Rating_Style]/ratings/trakt.png</param>
                <param name="label">$INFO[Container(99950).ListItem.Property(Trakt_Rating)]</param>
                <param name="visible">[$PARAM[visible]] + !String.IsEmpty(Container(99950).ListItem.Property(Trakt_Rating))</param>
            </include>
            <include content="Info_Line_Rating" condition="$PARAM[is_player]">
                <param name="icon">flags/$VAR[Info_Line_Rating_Style]/ratings/trakt.png</param>
                <param name="label">$INFO[Window(Home).Property(TMDbHelper.Player.Trakt_Rating)]</param>
                <param name="visible">[$PARAM[visible]] + !String.IsEmpty(Window(Home).Property(TMDbHelper.Player.Trakt_Rating))</param>
            </include>
        </definition>
    </include>

    <include name="Info_Line_Rating_MDBList">
        <param name="is_player">false</param>
        <definition>
            <include content="Info_Line_Rating" condition="![$PARAM[is_player]]">
                <param name="icon">flags/$VAR[Info_Line_Rating_Style]/ratings/mdblist.png</param>
                <param name="label">$INFO[Container(99950).ListItem.Property(MDBList_Rating),,%]</param>
                <param name="visible">[$PARAM[visible]] + !String.IsEmpty(Container(99950).ListItem.Property(MDBList_Rating))</param>
            </include>
            <include content="Info_Line_Rating" condition="$PARAM[is_player]">
                <param name="icon">flags/$VAR[Info_Line_Rating_Style]/ratings/mdblist.png</param>
                <param name="label">$INFO[Window(Home).Property(TMDbHelper.Player.MDBList_Rating),,%]</param>
                <param name="visible">[$PARAM[visible]] + !String.IsEmpty(Window(Home).Property(TMDbHelper.Player.MDBList_Rating))</param>
            </include>
        </definition>
    </include>

    <include name="Info_Line_Rating_Letterboxd">
        <param name="is_player">false</param>
        <definition>
            <include content="Info_Line_Rating" condition="![$PARAM[is_player]]">
                <param name="icon">flags/$VAR[Info_Line_Rating_Style]/ratings/letterboxd.png</param>
                <param name="label">$INFO[Container(99950).ListItem.Property(Letterboxd_Rating)]</param>
                <param name="visible">[$PARAM[visible]] + !String.IsEmpty(Container(99950).ListItem.Property(Letterboxd_Rating))</param>
            </include>
            <include content="Info_Line_Rating" condition="$PARAM[is_player]">
                <param name="icon">flags/$VAR[Info_Line_Rating_Style]/ratings/letterboxd.png</param>
                <param name="label">$INFO[Window(Home).Property(TMDbHelper.Player.Letterboxd_Rating)]</param>
                <param name="visible">[$PARAM[visible]] + !String.IsEmpty(Window(Home).Property(TMDbHelper.Player.Letterboxd_Rating))</param>
            </include>
        </definition>
    </include>

    <include name="Info_Line_Rating_Awards">
        <param name="is_player">false</param>
        <definition>
            <include content="Info_Line_Rating" condition="![$PARAM[is_player]]">
                <param name="icon">flags/$VAR[Info_Line_Rating_Style]/ratings/oscars.png</param>
                <param name="label">$INFO[Container(99950).ListItem.Property(Oscar_Wins),x,]</param>
                <param name="visible">[$PARAM[visible]] + !String.IsEmpty(Container(99950).ListItem.Property(Oscar_Wins))</param>
            </include>
            <include content="Info_Line_Rating" condition="![$PARAM[is_player]]">
                <param name="icon">flags/$VAR[Info_Line_Rating_Style]/ratings/emmys.png</param>
                <param name="label">$INFO[Container(99950).ListItem.Property(Emmy_Wins),x,]</param>
                <param name="visible">[$PARAM[visible]] + !String.IsEmpty(Container(99950).ListItem.Property(Emmy_Wins))</param>
            </include>

            <include content="Info_Line_Rating" condition="$PARAM[is_player]">
                <param name="icon">flags/$VAR[Info_Line_Rating_Style]/ratings/oscars.png</param>
                <param name="label">$INFO[Window(Home).Property(TMDbHelper.Player.Oscar_Wins),x,]</param>
                <param name="visible">[$PARAM[visible]] + !String.IsEmpty(Window(Home).Property(TMDbHelper.Player.Oscar_Wins))</param>
            </include>
            <include content="Info_Line_Rating" condition="$PARAM[is_player]">
                <param name="icon">flags/$VAR[Info_Line_Rating_Style]/ratings/emmys.png</param>
                <param name="label">$INFO[Window(Home).Property(TMDbHelper.Player.Emmy_Wins),x,]</param>
                <param name="visible">[$PARAM[visible]] + !String.IsEmpty(Window(Home).Property(TMDbHelper.Player.Emmy_Wins))</param>
            </include>
        </definition>
    </include>

    <include name="Info_Line_Rating_Status">
        <param name="is_player">false</param>
        <definition>
            <include content="Info_Line_Rating" condition="![$PARAM[is_player]]">
                <param name="label">$VAR[Label_ListItem_NextAired]</param>
                <param name="icon">$VAR[Image_ListItem_Status]</param>
                <!-- <param name="bordersize">-12</param> -->
                <param name="icon_centertop">50%</param>
                <param name="visible">!String.IsEmpty(Container(99950).ListItem.Status)</param>
            </include>
            <include content="Info_Line_Rating" condition="$PARAM[is_player]">
                <param name="label">$VAR[Label_Player_NextAired]</param>
                <param name="icon">$VAR[Image_Player_Status]</param>
                <!-- <param name="bordersize">-12</param> -->
                <param name="icon_centertop">50%</param>
                <param name="visible">!String.IsEmpty(Window(Home).Property(TMDBHelper.Player.Status))</param>
            </include>
        </definition>
    </include>

    <include name="Info_Ratings_Items">
        <include content="Info_Line_Rating_Kodi" condition="Skin.String(CustomRating.$PARAM[content].$PARAM[item],Kodi)">
            <param name="visible">$PARAM[visible]</param>
            <param name="container">$PARAM[container]</param>
            <param name="is_player">$PARAM[is_player]</param>
        </include>
        <include content="Info_Line_Rating_TMDb" condition="Skin.String(CustomRating.$PARAM[content].$PARAM[item],TMDb)">
            <param name="visible">$PARAM[visible]</param>
            <param name="container">$PARAM[container]</param>
            <param name="is_player">$PARAM[is_player]</param>
        </include>
        <include content="Info_Line_Rating_Trakt" condition="Skin.String(CustomRating.$PARAM[content].$PARAM[item],Trakt)">
            <param name="visible">$PARAM[visible]</param>
            <param name="container">$PARAM[container]</param>
            <param name="is_player">$PARAM[is_player]</param>
        </include>
        <include content="Info_Line_Rating_IMDb" condition="Skin.String(CustomRating.$PARAM[content].$PARAM[item],IMDb)">
            <param name="visible">$PARAM[visible]</param>
            <param name="container">$PARAM[container]</param>
            <param name="is_player">$PARAM[is_player]</param>
        </include>
        <include content="Info_Line_Rating_Metacritic" condition="Skin.String(CustomRating.$PARAM[content].$PARAM[item],Metacritic)">
            <param name="visible">$PARAM[visible]</param>
            <param name="container">$PARAM[container]</param>
            <param name="is_player">$PARAM[is_player]</param>
        </include>
        <include content="Info_Line_Rating_RottenTomatoesCritic" condition="Skin.String(CustomRating.$PARAM[content].$PARAM[item],RottenTomatoesCritic)">
            <param name="visible">$PARAM[visible]</param>
            <param name="container">$PARAM[container]</param>
            <param name="is_player">$PARAM[is_player]</param>
        </include>
        <include content="Info_Line_Rating_RottenTomatoesUser" condition="Skin.String(CustomRating.$PARAM[content].$PARAM[item],RottenTomatoesUser)">
            <param name="visible">$PARAM[visible]</param>
            <param name="container">$PARAM[container]</param>
            <param name="is_player">$PARAM[is_player]</param>
        </include>
        <include content="Info_Line_Rating_MDBList" condition="Skin.String(CustomRating.$PARAM[content].$PARAM[item],MDBList)">
            <param name="visible">$PARAM[visible]</param>
            <param name="container">$PARAM[container]</param>
            <param name="is_player">$PARAM[is_player]</param>
        </include>
        <include content="Info_Line_Rating_Letterboxd" condition="Skin.String(CustomRating.$PARAM[content].$PARAM[item],Letterboxd)">
            <param name="visible">$PARAM[visible]</param>
            <param name="container">$PARAM[container]</param>
            <param name="is_player">$PARAM[is_player]</param>
        </include>
        <include content="Info_Line_Rating_Awards" condition="Skin.String(CustomRating.$PARAM[content].$PARAM[item],Awards)">
            <param name="visible">$PARAM[visible]</param>
            <param name="container">$PARAM[container]</param>
            <param name="is_player">$PARAM[is_player]</param>
        </include>
    </include>

    <include name="Info_Ratings_Item">
        <param name="is_player">false</param>
        <definition>
            <include content="Info_Ratings_Items" condition="![$PARAM[is_player]]">
                <param name="visible">[String.IsEqual(Container(99950).ListItem.DBType,movie) | String.IsEqual(Container(99950).ListItem.DBType,set)]</param>
                <param name="content">Movies</param>
                <param name="item">$PARAM[item]</param>
                <param name="$PARAM[container]">$PARAM[container]</param>
                <param name="is_player">$PARAM[is_player]</param>
            </include>
            <include content="Info_Ratings_Items" condition="![$PARAM[is_player]]">
                <param name="visible">[String.IsEqual(Container(99950).ListItem.DBType,tvshow) | String.IsEqual(Container(99950).ListItem.DBType,season) | String.IsEqual(Container(99950).ListItem.DBType,episode)]</param>
                <param name="content">TVShows</param>
                <param name="item">$PARAM[item]</param>
                <param name="$PARAM[container]">$PARAM[container]</param>
                <param name="is_player">$PARAM[is_player]</param>
            </include>

            <include content="Info_Ratings_Items" condition="$PARAM[is_player]">
                <param name="visible">[VideoPlayer.Content(movies)]</param>
                <param name="content">Movies</param>
                <param name="item">$PARAM[item]</param>
                <param name="$PARAM[container]">$PARAM[container]</param>
                <param name="is_player">$PARAM[is_player]</param>
            </include>
            <include content="Info_Ratings_Items" condition="$PARAM[is_player]">
                <param name="visible">[VideoPlayer.Content(episodes)]</param>
                <param name="content">TVShows</param>
                <param name="item">$PARAM[item]</param>
                <param name="$PARAM[container]">$PARAM[container]</param>
                <param name="is_player">$PARAM[is_player]</param>
            </include>
        </definition>
    </include>

    <include name="Info_Ratings">
        <param name="is_player">false</param>
        <definition>
            <control type="grouplist">

                <include content="Info_Line_Rating_Status">
                    <param name="$PARAM[container]">$PARAM[container]</param>
                    <param name="is_player">$PARAM[is_player]</param>
                </include>

                <include content="Info_Ratings_Item">
                    <param name="item">Item01</param>
                    <param name="$PARAM[container]">$PARAM[container]</param>
                    <param name="is_player">$PARAM[is_player]</param>
                </include>

                <include content="Info_Ratings_Item">
                    <param name="item">Item02</param>
                    <param name="$PARAM[container]">$PARAM[container]</param>
                    <param name="is_player">$PARAM[is_player]</param>
                </include>

                <include content="Info_Ratings_Item">
                    <param name="item">Item03</param>
                    <param name="$PARAM[container]">$PARAM[container]</param>
                    <param name="is_player">$PARAM[is_player]</param>
                </include>

                <include content="Info_Ratings_Item">
                    <param name="item">Item04</param>
                    <param name="$PARAM[container]">$PARAM[container]</param>
                    <param name="is_player">$PARAM[is_player]</param>
                </include>

                <nested />
                <orientation>horizontal</orientation>
                <top>520</top>
                <height>40</height>
                <left>view_side</left>
                <itemgap>12</itemgap>
            </control>
        </definition>
    </include>

    <include name="Info_Viewline_Icon">
        <control type="group">
            <nested />
            <height>38</height>
            <width>40</width>
            <control type="image">
                <centertop>50%</centertop>
                <height>40</height>
                <width>40</width>
                <bordersize>-8</bordersize>
                <texture colordiffuse="main_fg_90">$PARAM[icon_enabled]</texture>
                <visible>$PARAM[enabled]</visible>
            </control>
            <control type="image">
                <centertop>50%</centertop>
                <height>40</height>
                <width>40</width>
                <bordersize>-8</bordersize>
                <texture colordiffuse="main_fg_90">$PARAM[icon_disabled]</texture>
                <visible>![$PARAM[enabled]]</visible>
            </control>
        </control>
    </include>

    <include name="Info_Viewline_Label">
        <control type="label">
            <nested />
            <aligny>center</aligny>
            <textcolor>main_fg_90</textcolor>
            <font>font_main_black</font>
            <width>auto</width>
            <height>35</height>
        </control>
    </include>

    <include name="Info_Viewline">
        <param name="label">$VAR[Label_Section_Main]</param>
        <param name="primary_visible">[true]</param>
        <param name="secondary_include">[Skin.HasSetting(Furniture.EnableSortLabel)]</param>
        <param name="secondary_label">$INFO[Container.SortMethod,$LOCALIZE[31371] ,]</param>
        <param name="sort_descending">Container.SortDirection(Descending)</param>
        <param name="sort_condition">false</param>
        <param name="item_condition">false</param>
        <param name="item_count">$INFO[Container.NumItems]</param>
        <param name="item_updating">Container.IsUpdating</param>
        <param name="library_condition">false</param>
        <definition>


            <control type="grouplist">

                <include content="Info_Viewline_Label">
                    <include content="Object_TextColor" condition="!Skin.HasSetting(Furniture.ViewLineMonochrome) | Skin.HasSetting(Furniture.EnableSortLabel)">
                        <param name="textcolor">$VAR[ColorHighlight]</param>
                    </include>
                    <label>$PARAM[label]</label>
                    <visible>$PARAM[primary_visible]</visible>
                </include>

                <include content="Info_Viewline_Label" condition="$PARAM[secondary_include]">
                    <label>$PARAM[secondary_label]</label>
                    <visible>$PARAM[primary_visible]</visible>
                </include>

                <include content="Info_Viewline_Icon" condition="$PARAM[sort_condition] + !Skin.HasSetting(Furniture.ViewLineDisableIcons)">
                    <param name="icon_enabled">special://skin/extras/icons/arrow-down-wide-short.png</param>
                    <param name="icon_disabled">special://skin/extras/icons/arrow-up-wide-short.png</param>
                    <param name="enabled">$PARAM[sort_descending]</param>
                </include>

                <include content="Info_Viewline_Icon" condition="$PARAM[library_condition] + !Skin.HasSetting(Furniture.ViewLineDisableIcons)">
                    <param name="icon_enabled">special://skin/extras/icons/watched-hide.png</param>
                    <param name="icon_disabled">special://skin/extras/icons/watched-show.png</param>
                    <param name="enabled">System.Setting(hidewatched)</param>
                </include>

                <include content="Info_Viewline_Icon" condition="$PARAM[library_condition] + !Skin.HasSetting(Furniture.ViewLineDisableIcons)">
                    <param name="icon_enabled">special://skin/extras/icons/filter-circle-check.png</param>
                    <param name="icon_disabled">special://skin/extras/icons/filter-circle-xmark.png</param>
                    <param name="enabled">[Container.Filtered | !String.IsEmpty(Control.GetLabel(19).index(1))]</param>
                </include>

                <include content="Info_Viewline_Icon" condition="$PARAM[item_condition] + !Skin.HasSetting(Furniture.ViewLineDisableIcons)">
                    <param name="icon_enabled">special://skin/extras/icons/rotate.png</param>
                    <param name="icon_disabled">special://skin/extras/icons/rotate.png</param>
                    <visible>$PARAM[item_updating]</visible>
                </include>

                <include content="Info_Viewline_Icon" condition="$PARAM[item_condition] + !Skin.HasSetting(Furniture.ViewLineDisableIcons)">
                    <param name="icon_enabled">special://skin/extras/icons/layer-group.png</param>
                    <param name="icon_disabled">special://skin/extras/icons/layer-group.png</param>
                </include>

                <include content="Info_Viewline_Label" condition="$PARAM[item_condition] + !Skin.HasSetting(Furniture.ViewLineDisableIcons)">
                    <font>font_mini</font>
                    <height>38</height>
                    <left>-10</left>
                    <label>$PARAM[item_count]</label>
                </include>



                <nested />

                <orientation>horizontal</orientation>
                <top>520</top>
                <height>40</height>
                <left>view_side</left>
                <itemgap>12</itemgap>
            </control>

            <include content="Object_Control" condition="!Skin.HasSetting(Furniture.ViewLineMonochrome) | Skin.HasSetting(Furniture.EnableSortLabel)">
                <param name="control">grouplist</param>

                <control type="label">
                    <aligny>center</aligny>
                    <textcolor>$VAR[ColorGradient]</textcolor>
                    <font>font_main_black</font>
                    <label>$PARAM[label]</label>
                    <width>auto</width>
                    <height>35</height>
                    <visible>$PARAM[primary_visible]</visible>
                    <animation effect="fade" end="33" condition="true">Conditional</animation>
                </control>

                <nested />

                <orientation>horizontal</orientation>
                <top>520</top>
                <height>40</height>
                <left>view_side</left>
                <itemgap>12</itemgap>
            </include>
        </definition>
    </include>

    <include name="Info_Line_StarRating_Star">
        <param name="size">44</param>
        <definition>
            <control type="group">
                <centertop>50%</centertop>
                <height>$PARAM[size]</height>
                <width>$PARAM[size]</width>
                <control type="image">
                    <colordiffuse>$PARAM[textcolor]</colordiffuse>
                    <aspectratio>keep</aspectratio>
                    <texture>flags/star10.png</texture>
                    <animation effect="fade" end="33" condition="true">Conditional</animation>
                </control>
                <control type="image">
                    <colordiffuse>$PARAM[textcolor]</colordiffuse>
                    <aspectratio>keep</aspectratio>
                    <texture>flags/star5.png</texture>
                    <visible>Integer.IsGreater($PARAM[rating],$PARAM[half]) + !Integer.IsGreater($PARAM[rating],$PARAM[full])</visible>
                </control>
                <control type="image">
                    <colordiffuse>$PARAM[textcolor]</colordiffuse>
                    <aspectratio>keep</aspectratio>
                    <texture>flags/star10.png</texture>
                    <visible>Integer.IsGreater($PARAM[rating],$PARAM[full])</visible>
                </control>
            </control>
        </definition>
    </include>

    <include name="Info_StarRating">
        <control type="grouplist">
            <nested />
            <orientation>horizontal</orientation>
            <include content="Info_Line_StarRating_Star">
                <param name="textcolor">$PARAM[textcolor]</param>
                <param name="rating">$PARAM[rating]</param>
                <param name="size">$PARAM[size]</param>
                <param name="half">0</param>
                <param name="full">1</param>
            </include>
            <include content="Info_Line_StarRating_Star">
                <param name="textcolor">$PARAM[textcolor]</param>
                <param name="rating">$PARAM[rating]</param>
                <param name="size">$PARAM[size]</param>
                <param name="half">2</param>
                <param name="full">3</param>
            </include>
            <include content="Info_Line_StarRating_Star">
                <param name="textcolor">$PARAM[textcolor]</param>
                <param name="rating">$PARAM[rating]</param>
                <param name="size">$PARAM[size]</param>
                <param name="half">4</param>
                <param name="full">5</param>
            </include>
            <include content="Info_Line_StarRating_Star">
                <param name="textcolor">$PARAM[textcolor]</param>
                <param name="rating">$PARAM[rating]</param>
                <param name="size">$PARAM[size]</param>
                <param name="half">6</param>
                <param name="full">7</param>
            </include>
            <include content="Info_Line_StarRating_Star">
                <param name="textcolor">$PARAM[textcolor]</param>
                <param name="rating">$PARAM[rating]</param>
                <param name="size">$PARAM[size]</param>
                <param name="half">8</param>
                <param name="full">9</param>
            </include>
        </control>
    </include>

    <include name="Info_Line_StarRating">
        <param name="divider_centertop">52%</param>
        <definition>
            <control type="image">
                <include>Texture_Circle_Highlight_V</include>
                <aspectratio>keep</aspectratio>
                <width>8</width>
                <height>8</height>
                <centertop>$PARAM[divider_centertop]</centertop>
                <visible>$PARAM[visible]</visible>
            </control>
            <include content="Info_StarRating">
                <param name="textcolor">$PARAM[textcolor]</param>
                <param name="rating">$PARAM[rating]</param>
                <left>-10</left>
                <height>44</height>
                <width>144</width>
                <centertop>50%</centertop>
                <itemgap>-16</itemgap>
                <visible>$PARAM[visible]</visible>
            </include>
        </definition>
    </include>

    <include name="Info_Line">
        <param name="colordiffuse">main_fg</param>
        <param name="container" />
        <param name="starrating">false</param>
        <definition>
            <control type="grouplist">
                <hitrect x="0" y="0" w="0" h="0" />
                <height>80</height>
                <orientation>horizontal</orientation>
                <itemgap>10</itemgap>
                <include content="Object_Control">
                    <param name="control">image</param>
                    <aspectratio align="left">keep</aspectratio>
                    <texture colordiffuse="$PARAM[colordiffuse]_90">$VAR[Image_VideoQuality_Container]</texture>
                    <centertop>52%</centertop>
                    <width>37</width>
                    <height>24</height>
                </include>

                <!-- Star Rating -->
                <include content="Info_Line_StarRating" condition="$PARAM[starrating]">
                    <param name="textcolor">$PARAM[colordiffuse]_90</param>
                    <param name="rating">$PARAM[container]ListItem.Rating</param>
                </include>

                <!-- Album -->
                <include content="Info_Line_Item">
                    <include content="Info_Line_Visible_02">
                        <param name="container">$PARAM[container]</param>
                        <param name="dbtype_01">album</param>
                        <param name="dbtype_02">song</param>
                    </include>
                    <param name="label">$INFO[$PARAM[container]ListItem.Album]</param>
                    <param name="visible">!String.IsEmpty($PARAM[container]ListItem.Album)</param>
                    <param name="textcolor">$PARAM[colordiffuse]_90</param>
                </include>

                <!-- Season / Episode -->
                <include content="Info_Line_Items">
                    <include content="Info_Line_Visible_01">
                        <param name="container">$PARAM[container]</param>
                        <param name="dbtype_01">episode</param>
                    </include>
                    <param name="items_04">true</param>
                    <param name="label_01">$INFO[$PARAM[container]ListItem.Season,,x]$INFO[$PARAM[container]ListItem.Episode,0,]</param>
                    <param name="label_02">$INFO[$PARAM[container]ListItem.Season,,x]$INFO[$PARAM[container]ListItem.Episode,,]</param>
                    <param name="label_03">$INFO[Container(99950).ListItem.Season,,x]$INFO[Container(99950).ListItem.Episode,0,]</param>
                    <param name="label_04">$INFO[Container(99950).ListItem.Season,,x]$INFO[Container(99950).ListItem.Episode,,]</param>
                    <param name="visible_01">!String.IsEmpty($PARAM[container]ListItem.Episode) + Integer.IsLess($PARAM[container]ListItem.Episode,10)</param>
                    <param name="visible_02">!String.IsEmpty($PARAM[container]ListItem.Episode)</param>
                    <param name="visible_03">!String.IsEmpty(Container(99950).ListItem.Episode) + Integer.IsLess(Container(99950).ListItem.Episode,10)</param>
                    <param name="visible_04">!String.IsEmpty(Container(99950).ListItem.Episode)</param>
                    <param name="textcolor">$PARAM[colordiffuse]_90</param>
                </include>

                <!-- Year / Premiered -->
                <include content="Info_Line_Items">
                    <include content="Info_Line_Visible_02">
                        <param name="container">$PARAM[container]</param>
                        <param name="dbtype_01">episode</param>
                        <param name="dbtype_02">video</param>
                    </include>
                    <param name="items_04">true</param>
                    <param name="label_01">$INFO[$PARAM[container]ListItem.Premiered]</param>
                    <param name="label_02">$INFO[Container(99950).ListItem.Premiered]</param>
                    <param name="label_03">$INFO[$PARAM[container]ListItem.Year]</param>
                    <param name="label_04">$INFO[Container(99950).ListItem.Year]</param>
                    <param name="visible_01">!String.IsEmpty($PARAM[container]ListItem.Premiered)</param>
                    <param name="visible_02">!String.IsEmpty(Container(99950).ListItem.Premiered)</param>
                    <param name="visible_03">!String.IsEmpty($PARAM[container]ListItem.Year)</param>
                    <param name="visible_04">!String.IsEmpty(Container(99950).ListItem.Year)</param>
                    <param name="textcolor">$PARAM[colordiffuse]_90</param>
                </include>
                <include content="Info_Line_Items">
                    <include content="Info_Line_Visible_05">
                        <param name="container">$PARAM[container]</param>
                        <param name="dbtype_01">movie</param>
                        <param name="dbtype_02">tvshow</param>
                        <param name="dbtype_03">set</param>
                        <param name="dbtype_04">album</param>
                        <param name="dbtype_05">song</param>
                    </include>
                    <param name="items_03">true</param>
                    <param name="label_01">$INFO[Container(99950).ListItem.Property(Set.Years)]</param>
                    <param name="label_02">$INFO[$PARAM[container]ListItem.Year]</param>
                    <param name="label_03">$INFO[Container(99950).ListItem.Year]</param>
                    <param name="visible_01">!String.IsEmpty(Container(99950).ListItem.Property(Set.Years))</param>
                    <param name="visible_02">!String.IsEmpty($PARAM[container]ListItem.Year)</param>
                    <param name="visible_03">!String.IsEmpty(Container(99950).ListItem.Year)</param>
                    <param name="textcolor">$PARAM[colordiffuse]_90</param>
                </include>

                <!-- MPAA -->
                <include content="Info_Line_Items">
                    <include content="Info_Line_Visible_02" condition="Skin.HasSetting(InfoLine.EndTime)">
                        <param name="container">$PARAM[container]</param>
                        <param name="dbtype_01">movie</param>
                        <param name="dbtype_02">tvshow</param>
                    </include>
                    <param name="items_02">true</param>
                    <param name="label_01">$INFO[$PARAM[container]ListItem.MPAA]</param>
                    <param name="label_02">$INFO[Container(99950).ListItem.MPAA]</param>
                    <param name="visible_01">!String.IsEmpty($PARAM[container]ListItem.MPAA)</param>
                    <param name="visible_02">!String.IsEmpty(Container(99950).ListItem.MPAA)</param>
                    <param name="textcolor">$PARAM[colordiffuse]_90</param>
                </include>

                <!-- Genres -->
                <include content="Info_Line_Items" condition="!Skin.HasSetting(InfoLine.EndTime)">
                    <include content="Info_Line_Visible_02">
                        <param name="container">$PARAM[container]</param>
                        <param name="dbtype_01">movie</param>
                        <param name="dbtype_02">tvshow</param>
                    </include>
                    <param name="items_03">true</param>
                    <param name="label_01">$INFO[$PARAM[container]ListItem.Property(Genre.1.Name)]</param>
                    <param name="label_02">$INFO[Container(99950).ListItem.Property(base_genre)]</param>
                    <param name="label_03">$INFO[Container(99950).ListItem.Property(Genre.1.Name)]</param>
                    <param name="visible_01">!String.IsEmpty($PARAM[container]ListItem.Property(Genre.1.Name))</param>
                    <param name="visible_02">!String.IsEmpty(Container(99950).ListItem.Property(base_genre))</param>
                    <param name="visible_03">!String.IsEmpty(Container(99950).ListItem.Property(Genre.1.Name))</param>
                    <param name="textcolor">$PARAM[colordiffuse]_90</param>
                </include>

                <!-- Set Count -->
                <include content="Info_Line_Item">
                    <include content="Info_Line_Visible_01">
                        <param name="container">$PARAM[container]</param>
                        <param name="dbtype_01">set</param>
                    </include>
                    <param name="label">$INFO[Container(99950).ListItem.Property(Set.NumItems),, $LOCALIZE[342]]</param>
                    <param name="visible">!String.IsEmpty(Container(99950).ListItem.Property(Set.NumItems))</param>
                    <param name="textcolor">$PARAM[colordiffuse]_90</param>
                </include>

                <!-- Duration Info -->
                <include content="Info_Line_Items">
                    <include content="Info_Line_Visible_04">
                        <param name="altvisible">!String.IsEmpty($PARAM[container]ListItem.ChannelNumberLabel)</param>
                        <param name="container">$PARAM[container]</param>
                        <param name="dbtype_01">movie</param>
                        <param name="dbtype_02">tvshow</param>
                        <param name="dbtype_03">video</param>
                        <param name="dbtype_04">episode</param>
                    </include>
                    <param name="items_06">true</param>
                    <param name="label_01">$INFO[$PARAM[container]ListItem.Duration(h),, $LOCALIZE[31074] ]$INFO[$PARAM[container]ListItem.Duration(m),, $LOCALIZE[31073]]</param>
                    <param name="label_02">$INFO[$PARAM[container]ListItem.Duration(m),, $LOCALIZE[31073]]</param>
                    <param name="label_03">$INFO[$PARAM[container]ListItem.Duration(h),, $LOCALIZE[31074]]</param>
                    <param name="label_04">$INFO[Container(99950).ListItem.Property(Duration_H),, $LOCALIZE[31074] ]$INFO[Container(99950).ListItem.Property(Duration_M),, $LOCALIZE[31073]]</param>
                    <param name="label_05">$INFO[Container(99950).ListItem.Property(Duration_M),, $LOCALIZE[31073]]</param>
                    <param name="label_06">$INFO[Container(99950).ListItem.Property(Duration_H),, $LOCALIZE[31074]]</param>

                    <param name="visible_01">!String.IsEmpty($PARAM[container]ListItem.Duration) + !Integer.IsEqual($PARAM[container]ListItem.Duration(h),0) + !Integer.IsEqual($PARAM[container]ListItem.Duration(m),0)</param>
                    <param name="visible_02">!String.IsEmpty($PARAM[container]ListItem.Duration) + !Integer.IsEqual($PARAM[container]ListItem.Duration(m),0)</param>
                    <param name="visible_03">!String.IsEmpty($PARAM[container]ListItem.Duration) + !Integer.IsEqual($PARAM[container]ListItem.Duration(h),0)</param>
                    <param name="visible_04">!String.IsEmpty(Container(99950).ListItem.Duration) + !String.IsEqual(Container(99950).ListItem.Property(Duration),0) + !Integer.IsEqual(Container(99950).ListItem.Property(Duration_H),0) + !Integer.IsEqual(Container(99950).ListItem.Property(Duration_M),0)</param>
                    <param name="visible_05">!String.IsEmpty(Container(99950).ListItem.Duration) + !String.IsEqual(Container(99950).ListItem.Property(Duration),0) + !Integer.IsEqual(Container(99950).ListItem.Property(Duration_M),0)</param>
                    <param name="visible_06">!String.IsEmpty(Container(99950).ListItem.Duration) + !String.IsEqual(Container(99950).ListItem.Property(Duration),0) + !Integer.IsEqual(Container(99950).ListItem.Property(Duration_H),0)</param>
                    <param name="textcolor">$PARAM[colordiffuse]_90</param>
                </include>

                <!-- End Time -->
                <include content="Info_Line_Items" condition="Skin.HasSetting(InfoLine.EndTime)">
                    <include content="Info_Line_Visible_05">
                        <param name="container">$PARAM[container]</param>
                        <param name="dbtype_01">movie</param>
                        <param name="dbtype_02">tvshow</param>
                        <param name="dbtype_03">season</param>
                        <param name="dbtype_04">episode</param>
                        <param name="dbtype_05">video</param>
                    </include>
                    <param name="items_02">true</param>
                    <param name="label_01">$INFO[$PARAM[container]ListItem.EndTime,$LOCALIZE[31184] ,]</param>
                    <param name="label_02">$INFO[Container(99950).ListItem.EndTime,$LOCALIZE[31184] ,]</param>
                    <param name="visible_01">!String.IsEmpty($PARAM[container]ListItem.EndTime) + !String.IsEqual($PARAM[container]ListItem.EndTime,System.Time)</param>
                    <param name="visible_02">!String.IsEmpty(Container(99950).ListItem.EndTime) + !String.IsEqual(Container(99950).ListItem.EndTime,System.Time)</param>
                    <param name="textcolor">$PARAM[colordiffuse]_90</param>
                </include>

                <!-- Albums / Artists -->
                <include content="Info_Line_Item">
                    <include content="Info_Line_Visible_01">
                        <param name="container">$PARAM[container]</param>
                        <param name="dbtype_01">artist</param>
                    </include>
                    <param name="label">$INFO[$PARAM[container]ListItem.Property(Artist_Gender)]</param>
                    <param name="visible">!String.IsEmpty($PARAM[container]ListItem.Property(Artist_Gender))</param>
                    <param name="textcolor">$PARAM[colordiffuse]_90</param>
                </include>
                <include content="Info_Line_Item">
                    <include content="Info_Line_Visible_01">
                        <param name="container">$PARAM[container]</param>
                        <param name="dbtype_01">artist</param>
                    </include>
                    <param name="label">$INFO[$PARAM[container]ListItem.Property(Artist_YearsActive)]</param>
                    <param name="visible">!String.IsEmpty($PARAM[container]ListItem.Property(Artist_YearsActive))</param>
                    <param name="textcolor">$PARAM[colordiffuse]_90</param>
                </include>

                <!-- Person Info -->
                <include content="Info_Line_Items">
                    <param name="items_02">true</param>
                    <param name="label_01">$INFO[$PARAM[container]ListItem.Property(Gender)]</param>
                    <param name="label_02">$INFO[Container(99950).ListItem.Property(Gender)]</param>
                    <param name="visible_01">!String.IsEmpty($PARAM[container]ListItem.Property(Gender))</param>
                    <param name="visible_02">!String.IsEmpty(Container(99950).ListItem.Property(Gender))</param>
                    <param name="textcolor">$PARAM[colordiffuse]_90</param>
                </include>
                <include content="Info_Line_Items">
                    <param name="items_02">true</param>
                    <param name="label_01">$INFO[$PARAM[container]ListItem.Property(Age),, $LOCALIZE[31057]]</param>
                    <param name="label_02">$INFO[Container(99950).ListItem.Property(Age),, $LOCALIZE[31057]]</param>
                    <param name="visible_01">!String.IsEmpty($PARAM[container]ListItem.Property(Age))</param>
                    <param name="visible_02">!String.IsEmpty(Container(99950).ListItem.Property(Age))</param>
                    <param name="textcolor">$PARAM[colordiffuse]_90</param>
                </include>

                <!-- Addon Info -->
                <include content="Info_Line_Item">
                    <param name="label">$INFO[$PARAM[container]ListItem.AddonType]</param>
                    <param name="visible">!String.IsEmpty($PARAM[container]ListItem.AddonType)</param>
                    <param name="textcolor">$PARAM[colordiffuse]_90</param>
                </include>
                <include content="Info_Line_Item">
                    <param name="label">$INFO[$PARAM[container]ListItem.AddonVersion,v,]</param>
                    <param name="visible">!String.IsEmpty($PARAM[container]ListItem.AddonVersion)</param>
                    <param name="textcolor">$PARAM[colordiffuse]_90</param>
                </include>
                <include content="Info_Line_Item">
                    <param name="label">$INFO[$PARAM[container]ListItem.AddonLifecycleType]</param>
                    <param name="visible">!String.IsEmpty($PARAM[container]ListItem.AddonLifecycleType) + !String.IsEqual($PARAM[container]ListItem.AddonLifecycleType,$LOCALIZE[630])</param>
                    <param name="textcolor">$PARAM[colordiffuse]_90</param>
                </include>

                <!-- Picture Info -->
                <include content="Info_Line_Item">
                    <param name="label">$INFO[$PARAM[container]ListItem.PictureResolution]</param>
                    <param name="visible">!String.IsEmpty($PARAM[container]ListItem.PictureResolution)</param>
                    <param name="textcolor">$PARAM[colordiffuse]_90</param>
                </include>
                <include content="Info_Line_Item">
                    <param name="label">$INFO[$PARAM[container]ListItem.PictureColour]</param>
                    <param name="visible">!String.IsEmpty($PARAM[container]ListItem.PictureResolution) + !String.IsEmpty($PARAM[container]ListItem.PictureColour)</param>
                    <param name="textcolor">$PARAM[colordiffuse]_90</param>
                </include>
                <include content="Info_Line_Item">
                    <param name="label">$INFO[$PARAM[container]ListItem.Size]</param>
                    <param name="visible">!String.IsEmpty($PARAM[container]ListItem.PictureResolution) + !String.IsEmpty($PARAM[container]ListItem.Size)</param>
                    <param name="textcolor">$PARAM[colordiffuse]_90</param>
                </include>

                <nested />
            </control>

        </definition>
    </include>

    <include name="Info_Codec_LabelIcon">
        <param name="bordersize">0</param>
        <param name="icon_colordiffuse">main_bg_90</param>
        <param name="icon_diffuse">diffuse/provider_circle.png</param>
        <definition>
            <control type="group">
                <nested />
                <centertop>50%</centertop>
                <width>40</width>
                <height>40</height>
                <control type="image">
                    <include>Texture_Shadow_Provider</include>
                    <texture colordiffuse="main_fg_100">diffuse/provider_circle.png</texture>
                </control>
                <control type="image">
                    <aspectratio>keep</aspectratio>
                    <texture colordiffuse="$PARAM[icon_colordiffuse]" diffuse="$PARAM[icon_diffuse]">$PARAM[icon]</texture>
                    <bordersize>$PARAM[bordersize]</bordersize>
                </control>
            </control>
        </definition>
    </include>

    <include name="Info_Codec_LabelLabel">
        <control type="label">
            <nested />
            <left>-10</left>
            <centertop>50%</centertop>
            <width>auto</width>
            <height>20</height>
            <label>$PARAM[label]</label>
            <textcolor>main_fg_90</textcolor>
            <font>font_mini</font>
            <textoffsetx>0</textoffsetx>
        </control>
    </include>

    <include name="Info_Codec_Label">
        <include content="Info_Codec_LabelIcon">
            <param name="icon">$PARAM[icon]</param>
            <param name="bordersize">$PARAM[bordersize]</param>
            <nested />
        </include>
        <include content="Info_Codec_LabelLabel">
            <param name="label">$PARAM[label]</param>
            <nested />
        </include>
    </include>

    <include name="Info_Codecs_MonoIcon">
        <param name="colordiffuse">main_fg_90</param>
        <definition>
            <control type="group">
                <centertop>50%</centertop>
                <width>$PARAM[basewidth]</width>
                <height>40</height>
                <control type="image">
                    <centerleft>50%</centerleft>
                    <centertop>50%</centertop>
                    <width>$PARAM[iconwidth]</width>
                    <height>$PARAM[iconheight]</height>
                    <aspectratio>keep</aspectratio>
                    <texture colordiffuse="$PARAM[colordiffuse]">flags/monochrome/$PARAM[icon]</texture>
                </control>
                <nested />
            </control>
        </definition>
    </include>

    <include name="Info_Codec_AudioChannels_Label">
        <control type="label">
            <font>font_videocodec_bold</font>
            <textcolor>$PARAM[channelscolor]</textcolor>
            <align>center</align>
            <height>16</height>
            <shadowcolor>$PARAM[shadowcolor]</shadowcolor>
            <width>64</width>
            <left>20</left>
            <top>0</top>
            <nested />
        </control>
    </include>

    <include name="Info_Codec_AudioChannels_Labels">
        <include content="Info_Codec_AudioChannels_Label">
            <param name="shadowcolor">$PARAM[shadowcolor]</param>
            <param name="channelscolor">$PARAM[channelscolor]</param>
            <label>9.1</label>
            <visible>Integer.IsEqual($PARAM[type].AudioChannels,10)</visible>
        </include>
        <include content="Info_Codec_AudioChannels_Label">
            <param name="shadowcolor">$PARAM[shadowcolor]</param>
            <param name="channelscolor">$PARAM[channelscolor]</param>
            <label>8.1</label>
            <visible>Integer.IsEqual($PARAM[type].AudioChannels,9)</visible>
        </include>
        <include content="Info_Codec_AudioChannels_Label">
            <param name="shadowcolor">$PARAM[shadowcolor]</param>
            <param name="channelscolor">$PARAM[channelscolor]</param>
            <label>7.1</label>
            <visible>Integer.IsEqual($PARAM[type].AudioChannels,8)</visible>
        </include>
        <include content="Info_Codec_AudioChannels_Label">
            <param name="shadowcolor">$PARAM[shadowcolor]</param>
            <param name="channelscolor">$PARAM[channelscolor]</param>
            <label>6.1</label>
            <visible>Integer.IsEqual($PARAM[type].AudioChannels,7)</visible>
        </include>
        <include content="Info_Codec_AudioChannels_Label">
            <param name="shadowcolor">$PARAM[shadowcolor]</param>
            <param name="channelscolor">$PARAM[channelscolor]</param>
            <label>5.1</label>
            <visible>Integer.IsEqual($PARAM[type].AudioChannels,6)</visible>
        </include>
        <include content="Info_Codec_AudioChannels_Label">
            <param name="shadowcolor">$PARAM[shadowcolor]</param>
            <param name="channelscolor">$PARAM[channelscolor]</param>
            <label>4.1</label>
            <visible>Integer.IsEqual($PARAM[type].AudioChannels,5)</visible>
        </include>
        <include content="Info_Codec_AudioChannels_Label">
            <param name="shadowcolor">$PARAM[shadowcolor]</param>
            <param name="channelscolor">$PARAM[channelscolor]</param>
            <label>2.1</label>
            <visible>Integer.IsEqual($PARAM[type].AudioChannels,3)</visible>
        </include>
        <include content="Info_Codec_AudioChannels_Label">
            <param name="shadowcolor">$PARAM[shadowcolor]</param>
            <param name="channelscolor">$PARAM[channelscolor]</param>
            <label>$INFO[$PARAM[type].AudioChannels,,.0]</label>
            <visible>![Integer.IsEqual($PARAM[type].AudioChannels,10) | Integer.IsEqual($PARAM[type].AudioChannels,9) | Integer.IsEqual($PARAM[type].AudioChannels,8) | Integer.IsEqual($PARAM[type].AudioChannels,7) | Integer.IsEqual($PARAM[type].AudioChannels,6) | Integer.IsEqual($PARAM[type].AudioChannels,5) | Integer.IsEqual($PARAM[type].AudioChannels,3)]</visible>
        </include>
    </include>

    <include name="Info_Codec_AudioChannels">
        <param name="type">ListItem</param>
        <param name="shadowcolor">00ffffff</param>
        <definition>
            <control type="group">
                <centertop>50%</centertop>
                <width>80</width>
                <height>32</height>
                <visible>!String.IsEmpty($PARAM[type].AudioChannels)</visible>
                <control type="group">
                    <width>68</width>
                    <centerleft>50%</centerleft>
                    <control type="image">
                        <centertop>50%</centertop>
                        <width>32</width>
                        <height>32</height>
                        <aspectratio align="left">keep</aspectratio>
                        <texture colordiffuse="$PARAM[iconcolor]">flags/monochrome/channels/$INFO[$PARAM[type].AudioChannels].png</texture>
                    </control>
                    <include content="Info_Codec_AudioChannels_Labels">
                        <param name="shadowcolor">$PARAM[shadowcolor]</param>
                        <param name="channelscolor">$PARAM[channelscolor]</param>
                        <param name="type">$PARAM[type]</param>
                    </include>
                    <control type="image">
                        <left>20</left>
                        <bottom>-24</bottom>
                        <width>64</width>
                        <height>64</height>
                        <aspectratio align="right">keep</aspectratio>
                        <texture colordiffuse="$PARAM[imagecolor]">special://skin/extras/icons/soundwave.png</texture>
                    </control>
                </control>
            </control>
        </definition>
    </include>

    <include name="Info_Codecs_StackedText">
        <param name="topcolor">df2091ea</param>
        <param name="bottomcolor">main_fg_90</param>
        <definition>
            <control type="group">
                <nested />
                <height>30</height>
                <width>60</width>
                <centertop>50%</centertop>
                <control type="label">
                    <height>14</height>
                    <label>$PARAM[toplabel]</label>
                    <font>font_videocodec_bold</font>
                    <textcolor>$PARAM[topcolor]</textcolor>
                    <align>center</align>
                    <width>80</width>
                    <centerleft>50%</centerleft>
                </control>
                <control type="label">
                    <bottom>0</bottom>
                    <height>12</height>
                    <label>$PARAM[bottomlabel]</label>
                    <font>font_hint</font>
                    <textcolor>$PARAM[bottomcolor]</textcolor>
                    <align>center</align>
                    <width>60</width>
                    <centerleft>50%</centerleft>
                </control>
            </control>
        </definition>
    </include>

    <include name="Info_Codecs_StackedIcon">
        <param name="topcolor">df2091ea</param>
        <param name="bottomcolor">main_fg_90</param>
        <param name="bordersize">-17</param>
        <definition>
            <control type="group">
                <nested />
                <height>30</height>
                <width>60</width>
                <centertop>50%</centertop>
                <control type="image">
                    <height>14</height>
                    <aspectratio>keep</aspectratio>
                    <texture>$PARAM[icon]</texture>
                    <font>font_videocodec_bold</font>
                    <colordiffuse>$PARAM[topcolor]</colordiffuse>
                    <bordersize>$PARAM[bordersize]</bordersize>
                    <width>80</width>
                    <centerleft>50%</centerleft>
                </control>
                <control type="label">
                    <bottom>0</bottom>
                    <height>12</height>
                    <label>$PARAM[bottomlabel]</label>
                    <font>font_hint</font>
                    <textcolor>$PARAM[bottomcolor]</textcolor>
                    <align>center</align>
                    <width>60</width>
                    <centerleft>50%</centerleft>
                </control>
            </control>
        </definition>
    </include>

    <include name="Info_Providers">
        <definition>
            <control type="grouplist">
                <nested />
                <orientation>horizontal</orientation>
                <align>left</align>
                <itemgap>30</itemgap>
                <height>80</height>
                <usecontrolcoords>true</usecontrolcoords>
                <!-- Buffer for Shadow-->
                <left>-80</left>
                <control type="group">
                    <width>50</width>
                </control>

                <include content="Info_Codec_LabelIcon">
                    <param name="icon">special://skin/extras/icons/justwatch.png</param>
                </include>
                <include content="Info_Provider"><param name="pos">1</param></include>
                <include content="Info_Provider"><param name="pos">2</param></include>
                <include content="Info_Provider"><param name="pos">3</param></include>
                <include content="Info_Provider"><param name="pos">4</param></include>
                <include content="Info_Provider"><param name="pos">5</param></include>
                <include content="Info_Provider"><param name="pos">6</param></include>
                <include content="Info_Provider"><param name="pos">7</param></include>
                <include content="Info_Provider"><param name="pos">8</param></include>
            </control>
        </definition>
    </include>

    <include name="Info_Codecs">
        <definition>
            <control type="grouplist">
                <nested />
                <orientation>horizontal</orientation>
                <align>left</align>
                <itemgap>20</itemgap>
                <height>80</height>
                <usecontrolcoords>true</usecontrolcoords>

                <!-- Buffer for Shadow-->
                <left>-80</left>
                <control type="group">
                    <width>60</width>
                </control>

                <include content="Info_Codec_LabelIcon">
                    <param name="icon">special://skin/extras/icons/info2.png</param>
                </include>

                <!-- VIDEO RESOLUTION-->
                <!-- 4K -->
                <include content="Info_Codecs_StackedText">
                    <param name="topcolor">main_fg_90</param>
                    <param name="bottomcolor">main_fg_70</param>
                    <param name="toplabel">4K</param>
                    <param name="bottomlabel">UHD</param>
                    <visible>String.IsEqual($PARAM[container]ListItem.VideoResolution,4K)</visible>
                    <visible>!String.IsEmpty($PARAM[container]ListItem.VideoResolution)</visible>
                    <width>46</width>
                    <left>6</left>
                </include>

                <!-- HD -->
                <include content="Info_Codecs_StackedText">
                    <param name="topcolor">main_fg_90</param>
                    <param name="bottomcolor">main_fg_70</param>
                    <param name="toplabel">HD</param>
                    <param name="bottomlabel">$INFO[$PARAM[container]ListItem.VideoResolution]</param>
                    <visible>!String.IsEqual($PARAM[container]ListItem.VideoResolution,4K)</visible>
                    <visible>Integer.IsGreater($PARAM[container]ListItem.VideoResolution,719)</visible>
                    <visible>!String.IsEmpty($PARAM[container]ListItem.VideoResolution)</visible>
                    <width>46</width>
                    <left>6</left>
                </include>

                <!-- SD -->
                <include content="Info_Codecs_StackedText">
                    <param name="topcolor">main_fg_90</param>
                    <param name="bottomcolor">main_fg_70</param>
                    <param name="toplabel">SD</param>
                    <param name="bottomlabel">$INFO[$PARAM[container]ListItem.VideoResolution]</param>
                    <visible>!String.IsEqual($PARAM[container]ListItem.VideoResolution,4K)</visible>
                    <visible>!Integer.IsGreater($PARAM[container]ListItem.VideoResolution,719)</visible>
                    <visible>!String.IsEmpty($PARAM[container]ListItem.VideoResolution)</visible>
                    <width>46</width>
                    <left>6</left>
                </include>

                <!-- VIDEO CODEC + ASPECT -->
                <include content="Info_Codecs_StackedText">
                    <param name="topcolor">main_fg_90</param>
                    <param name="bottomcolor">main_fg_70</param>
                    <param name="bottomlabel">[UPPERCASE]$INFO[$PARAM[container]ListItem.VideoCodec][/UPPERCASE]</param>
                    <param name="toplabel">$INFO[$PARAM[container]ListItem.VideoAspect]</param>
                    <visible>!String.IsEmpty($PARAM[container]ListItem.VideoCodec)</visible>
                    <visible>!String.IsEmpty($PARAM[container]ListItem.VideoAspect)</visible>
                </include>

                <!-- 3D STEREOSCOPIC -->
                <include content="Info_Codecs_MonoIcon">
                    <param name="icon">other/3D.png</param>
                    <param name="basewidth">48</param>
                    <param name="iconwidth">64</param>
                    <param name="iconheight">56</param>
                    <visible>$PARAM[container]ListItem.IsStereoscopic</visible>
                </include>

                <!-- AUDIO CHANNELS -->
                <include content="Info_Codec_AudioChannels">
                    <param name="type">$PARAM[container]ListItem</param>
                    <param name="channelscolor">main_fg_90</param>
                    <param name="iconcolor">main_fg_90</param>
                    <param name="imagecolor">main_fg_70</param>
                </include>

                <!-- AUDIO CODEC -->
                <!-- Atmos -->
                <include content="Info_Codecs_MonoIcon">
                    <param name="icon">audio/atmos.png</param>
                    <param name="basewidth">80</param>
                    <param name="iconwidth">100</param>
                    <param name="iconheight">48</param>
                    <visible>String.Contains($PARAM[container]ListItem.FileNameAndPath,atmos)</visible>
                </include>
                <!-- DTSX -->
                <include content="Info_Codecs_MonoIcon">
                    <param name="icon">audio/dtsx.png</param>
                    <param name="basewidth">80</param>
                    <param name="iconwidth">100</param>
                    <param name="iconheight">48</param>
                    <visible>!String.Contains($PARAM[container]ListItem.FileNameAndPath,atmos)</visible>
                    <visible>String.Contains($PARAM[container]ListItem.FileNameAndPath,dtsx) | String.Contains($PARAM[container]ListItem.FileNameAndPath,dts-x) | String.Contains($PARAM[container]ListItem.FileNameAndPath,dts:x)</visible>
                </include>
                <!-- Other -->
                <include content="Info_Codecs_MonoIcon">
                    <param name="icon">audio/$INFO[$PARAM[container]ListItem.AudioCodec].png</param>
                    <param name="basewidth">80</param>
                    <param name="iconwidth">100</param>
                    <param name="iconheight">48</param>
                    <visible>!String.IsEmpty($PARAM[container]ListItem.AudioCodec)</visible>
                    <visible>!String.Contains($PARAM[container]ListItem.FileNameAndPath,atmos)</visible>
                    <visible>!String.Contains($PARAM[container]ListItem.FileNameAndPath,dtsx) | String.Contains($PARAM[container]ListItem.FileNameAndPath,dts-x) | String.Contains($PARAM[container]ListItem.FileNameAndPath,dts:x)</visible>
                </include>
            </control>
        </definition>
    </include>

    <include name="Info_Music">
        <definition>
            <control type="grouplist">
                <nested />
                <orientation>horizontal</orientation>
                <align>left</align>
                <itemgap>30</itemgap>
                <height>80</height>
                <usecontrolcoords>true</usecontrolcoords>

                <!-- Buffer for Shadow-->
                <left>-80</left>
                <control type="group">
                    <width>50</width>
                </control>

                <!-- Songs -->
                <include content="Info_Codec_Label">
                    <param name="icon">special://skin/extras/icons/songs.png</param>
                    <param name="label">$INFO[Container.NumNonFolderItems,[B],[/B] $LOCALIZE[134]]</param>
                    <visible>!String.IsEmpty(Container.NumNonFolderItems)</visible>
                    <visible>Container.Content(songs)</visible>
                </include>
                <include content="Info_Codec_Label">
                    <param name="icon">special://skin/extras/icons/clock.png</param>
                    <param name="label">$INFO[Container.Totaltime,[B],[/B] $LOCALIZE[31142]]</param>
                    <visible>!String.IsEmpty(Container.Totaltime)</visible>
                    <visible>Container.Content(songs)</visible>
                </include>

                <!-- Albums -->
                <include content="Info_Codec_Label">
                    <param name="icon">special://skin/extras/icons/songs.png</param>
                    <param name="label">$INFO[Container(99953).NumNonFolderItems,[B],[/B] $LOCALIZE[134]]</param>
                    <visible>Container.Content(albums)</visible>
                </include>
                <include content="Info_Codec_Label">
                    <param name="icon">special://skin/extras/icons/clock.png</param>
                    <param name="label">$INFO[ListItem.Property(Album_Duration),[B],[/B] $LOCALIZE[31142]]</param>
                    <visible>Container.Content(albums)</visible>
                    <visible>!String.IsEmpty(ListItem.Property(Album_Duration))</visible>
                </include>

                <!-- Artists -->
                <include content="Info_Codec_Label">
                    <param name="icon">special://skin/extras/icons/songs.png</param>
                    <param name="label">$INFO[Container(99954).NumNonFolderItems,[B],[/B] $LOCALIZE[134]]</param>
                    <visible>Container.Content(artists)</visible>
                </include>
                <include content="Info_Codec_Label">
                    <param name="icon">special://skin/extras/icons/cd.png</param>
                    <param name="label">$INFO[Container(99955).NumItems,[B],[/B] $LOCALIZE[132]]</param>
                    <visible>Container.Content(artists)</visible>
                </include>
            </control>
        </definition>
    </include>

    <include name="Info_Watched">
        <definition>
            <control type="grouplist">
                <nested />
                <orientation>horizontal</orientation>
                <align>left</align>
                <itemgap>30</itemgap>
                <height>80</height>
                <usecontrolcoords>true</usecontrolcoords>

                <!-- Buffer for Shadow-->
                <left>-80</left>
                <control type="group">
                    <width>50</width>
                </control>

                <include content="Info_Codec_Label">
                    <param name="icon">special://skin/extras/icons/eye2.png</param>
                    <param name="label">$LOCALIZE[16102] $INFO[$PARAM[container]ListItem.Property(watchedepisodes),[B],[/B]]$INFO[$PARAM[container]ListItem.Property(totalepisodes), $LOCALIZE[1443] [B],[/B]] $LOCALIZE[20453]</param>
                    <visible>!String.IsEmpty($PARAM[container]ListItem.Property(watchedepisodes))</visible>
                </include>
            </control>
        </definition>
    </include>

    <include name="Info_Media">
        <definition>

            <!-- Providers -->
            <include content="Info_Providers">
                <centertop>50%</centertop>
                <visible>String.IsEmpty($PARAM[container]ListItem.VideoCodec) + String.IsEmpty($PARAM[container]ListItem.AudioCodec)</visible>
                <visible>!String.IsEmpty(Container(99950).ListItem.Property(Provider.1.Icon))</visible>
                <visible>[String.IsEqual($PARAM[container]ListItem.DBType,movie) | String.IsEqual($PARAM[container]ListItem.DBType,episode)]</visible>
            </include>

            <!-- Codecs -->
            <include content="Info_Codecs">
                <param name="container">$PARAM[container]</param>
                <centertop>50%</centertop>
                <visible>!String.IsEmpty($PARAM[container]ListItem.VideoCodec) | !String.IsEmpty($PARAM[container]ListItem.AudioCodec)</visible>
                <visible>[String.IsEqual($PARAM[container]ListItem.DBType,movie) | String.IsEqual($PARAM[container]ListItem.DBType,episode)]</visible>
            </include>

            <!-- Shows -->
            <include content="Info_Watched">
                <param name="container">$PARAM[container]</param>
                <centertop>50%</centertop>
                <visible>[String.IsEqual($PARAM[container]ListItem.DBType,tvshow) | String.IsEqual($PARAM[container]ListItem.DBType,season) | String.IsEqual($PARAM[container]ListItem.DBType,set)]</visible>
            </include>

            <!-- Music -->
            <include content="Info_Music">
                <centertop>50%</centertop>
                <visible>[String.IsEqual($PARAM[container]ListItem.DBType,artist) | String.IsEqual($PARAM[container]ListItem.DBType,album) | String.IsEqual($PARAM[container]ListItem.DBType,song)]</visible>
            </include>
        </definition>
    </include>

    <include name="Info_Provider">
        <control type="group">
            <width>40</width>
            <height>40</height>
            <centertop>50%</centertop>
            <control type="image">
                <include>Texture_Shadow_Provider</include>
                <texture background="true" diffuse="diffuse/provider_circle.png">$INFO[Container(99950).ListItem.Property(Provider.$PARAM[pos].Icon)]</texture>
            </control>
            <visible>!String.IsEmpty(Container(99950).ListItem.Property(Provider.$PARAM[pos].Icon))</visible>
        </control>
    </include>

    <include name="Info_Studio">
        <control type="grouplist">
            <align>right</align>
            <orientation>horizontal</orientation>
            <itemgap>30</itemgap>
            <height>80</height>
            <nested />
            <control type="image">
                <width>studio_logo_w</width>
                <height>80</height>
                <aspectratio align="right">keep</aspectratio>
                <texture>$VAR[Image_CombinedStudio]</texture>
                <centertop>50%</centertop>
            </control>
            <include content="Object_Control" condition="!String.IsEmpty(Skin.String(MPAA_Country))">
                <param name="control">image</param>
                <width>40</width>
                <height>40</height>
                <aspectratio align="center">keep</aspectratio>
                <texture>$VAR[MPAA_ImageConvert,flags/color/mpaa/,]</texture>
                <centertop>50%</centertop>
                <visible>!String.IsEmpty(ListItem.MPAA)</visible>
            </include>
        </control>
    </include>

    <include name="_Info_Panel_Rating_Visible">
        <visible>$PARAM[mod][String.IsEqual(Container(99950).ListItem.DBType,movie) | String.IsEqual(Container(99950).ListItem.DBType,tvshow) | String.IsEqual(Container(99950).ListItem.DBType,season) | String.IsEqual(Container(99950).ListItem.DBType,episode)]</visible>
    </include>

    <include name="_Info_Panel_NoRating_Visible">
        <visible>$PARAM[mod][False]</visible>
    </include>

    <include name="Info_Panel_Rating_Visible">
        <include content="_Info_Panel_Rating_Visible" condition="!Skin.HasSetting(Info.DisableAllRatings)">
            <param name="mod">$PARAM[mod]</param>
        </include>
        <include content="_Info_Panel_NoRating_Visible" condition="Skin.HasSetting(Info.DisableAllRatings)">
            <param name="mod">$PARAM[mod]</param>
        </include>
    </include>

    <include name="Info_Panel">
        <param name="container" />
        <param name="plotheight">info_plot_h</param>
        <param name="plotwidth">info_plot_w</param>
        <param name="colordiffuse">main_fg</param>
        <param name="details">true</param>
        <param name="ratings">!Skin.HasSetting(Info.DisableAllRatings)</param>
        <param name="title">true</param>
        <param name="infoline">true</param>
        <param name="plotlabel">$VAR[Label_Plot_Container]</param>
        <param name="titlelabel">$VAR[Label_Title_Container]</param>
        <param name="details_include">Items_Null</param>
        <definition>
            <control type="group">
                <nested />
                <control type="grouplist">
                    <top>-20</top>
                    <hitrect x="0" y="0" w="0" h="0" />
                    <orientation>vertical</orientation>
                    <itemgap>0</itemgap>
                    <control type="group" description="Avoid grouplist chop with spacer">
                        <height>20</height>
                    </control>
                    <include content="Info_Title" condition="$PARAM[title]">
                        <param name="label">$PARAM[titlelabel]</param>
                        <param name="colordiffuse">$PARAM[colordiffuse]</param>
                        <param name="width">$PARAM[plotwidth]</param>
                    </include>
                    <control type="group">
                        <height>40</height>
                        <visible>$PARAM[infoline]</visible>
                        <include content="Info_Line">
                            <param name="colordiffuse">$PARAM[colordiffuse]</param>
                            <param name="container">$PARAM[container]</param>
                            <param name="starrating">$PARAM[starrating]</param>
                            <centertop>45%</centertop>
                        </include>
                    </control>

                    <!-- Textbox -->
                    <control type="group">
                        <top>17</top>
                        <height>$PARAM[plotheight]</height>
                        <visible>$PARAM[details]</visible>
                        <include>$PARAM[details_include]</include>
                        <control type="textbox">
                            <width>$PARAM[plotwidth]</width>
                            <label>$PARAM[plotlabel]</label>
                            <aligny>top</aligny>
                            <textcolor>$PARAM[colordiffuse]_70</textcolor>
                            <font>font_main_plot</font>
                            <include content="Info_Panel_Rating_Visible">
                                <param name="container">$PARAM[container]</param>
                            </include>
                        </control>
                        <control type="textbox">
                            <width>$PARAM[plotwidth]</width>
                            <label>$PARAM[plotlabel]</label>
                            <aligny>top</aligny>
                            <textcolor>$PARAM[colordiffuse]_70</textcolor>
                            <font>font_main_plot</font>
                            <bottom>-40</bottom>
                            <include content="Info_Panel_Rating_Visible">
                                <param name="mod">!</param>
                                <param name="container">$PARAM[container]</param>
                            </include>
                        </control>
                    </control>

                    <include content="Info_Ratings" condition="$PARAM[ratings]">
                        <param name="$PARAM[container]">$PARAM[container]</param>
                        <top>2</top>
                        <left>0</left>
                        <visible>$PARAM[details]</visible>
                        <include>$PARAM[details_include]</include>
                        <include content="Info_Panel_Rating_Visible">
                            <param name="container">$PARAM[container]</param>
                        </include>
                    </include>
                </control>
            </control>
        </definition>
    </include>

</includes>
