<?xml version="1.0" encoding="UTF-8"?>
<includes>

    <include name="Action_SkinShortcuts_Prebuilt_OnClick">
        <onclick>RunScript(script.skinvariables,run_dialog=select,heading=$LOCALIZE[31490],list=Home > Default Library / Home > Default TMDb / Home > Basic Library / Hub > Movies > Default Library / Hub > Movies > Default TMDb / Hub > TV Shows > Default Library / Hub > TV Shows > Default TMDb / Hub > Music > Default / Hub > Live TV > Default / Hub > Search > Default,preselect=-1,"executebuiltin_0=RunScript(script.skinvariables,mov_skinshortcut,folder=special://skin/shortcuts/default_home/,skin=skin.arctic.fuse)","executebuiltin_1=RunScript(script.skinvariables,mov_skinshortcut,folder=special://skin/shortcuts/default_home_tmdb/,skin=skin.arctic.fuse)","executebuiltin_2=RunScript(script.skinvariables,mov_skinshortcut,folder=special://skin/shortcuts/basic_library/,skin=skin.arctic.fuse)","executebuiltin_3=RunScript(script.skinvariables,mov_skinshortcut,folder=special://skin/shortcuts/default_hub_movies/,skin=skin.arctic.fuse)","executebuiltin_4=RunScript(script.skinvariables,mov_skinshortcut,folder=special://skin/shortcuts/default_hub_movies_tmdb/,skin=skin.arctic.fuse)","executebuiltin_5=RunScript(script.skinvariables,mov_skinshortcut,folder=special://skin/shortcuts/default_hub_tvshows/,skin=skin.arctic.fuse)","executebuiltin_6=RunScript(script.skinvariables,mov_skinshortcut,folder=special://skin/shortcuts/default_hub_tvshows_tmdb/,skin=skin.arctic.fuse)","executebuiltin_7=RunScript(script.skinvariables,mov_skinshortcut,folder=special://skin/shortcuts/default_hub_music/,skin=skin.arctic.fuse)","executebuiltin_8=RunScript(script.skinvariables,mov_skinshortcut,folder=special://skin/shortcuts/default_hub_livetv/,skin=skin.arctic.fuse)","executebuiltin_9=RunScript(script.skinvariables,mov_skinshortcut,folder=special://skin/shortcuts/default_hub_search/,skin=skin.arctic.fuse)")</onclick>
    </include>

    <variable name="Action_SkinShortcuts_Modify">
        <value condition="Window.IsVisible(Home)">name=.*,label_regex=^Home</value>
        <value condition="Window.IsVisible(1101)">name=moviemenu||moviesubmenu||moviewidgets</value>
        <value condition="Window.IsVisible(1102)">name=tvshowmenu||tvshowsubmenu||tvshowwidgets</value>
        <value condition="Window.IsVisible(1103)">name=musicmenu||musicsubmenu||musicwidgets</value>
        <value condition="Window.IsVisible(1104)">name=pvrmenu||pvrsubmenu||pvrwidgets</value>
        <value condition="Window.IsVisible(1105)">name=searchmenu||searchsubmenu||searchwidgets</value>
        <value condition="Window.IsVisible(1106)">name=custom01menu||custom01submenu||custom01widgets</value>
        <value condition="Window.IsVisible(1107)">name=custom02menu||custom02submenu||custom02widgets</value>
        <value condition="Window.IsVisible(1108)">name=custom03menu||custom03submenu||custom03widgets</value>
        <value condition="Window.IsVisible(1109)">name=custom04menu||custom04submenu||custom04widgets</value>
        <value>name=.*</value>
    </variable>

    <variable name="Action_View_ContentID">
        <value condition="$EXP[Exp_View_522]">523</value>
        <value condition="$EXP[Exp_View_512]">513</value>
        <value condition="$EXP[Exp_View_502]">503</value>
        <value condition="$EXP[Exp_View_52]">52</value>
        <value condition="$EXP[Exp_View_51]">51</value>
        <value>50</value>
    </variable>

    <include name="Action_Media_Onload">
        <onload>RunScript(script.skinvariables,action=buildviews)</onload>
        <onload>ClearProperty(MediaFilterBase)</onload>
    </include>

    <variable name="Action_View_Content_ItemWidth">
        <value condition="$EXP[Exp_View_51] | $EXP[Exp_View_512]">420</value>
        <value>240</value>
    </variable>

    <variable name="Action_View_Content_Movement">
        <value condition="$EXP[Exp_View_51] | $EXP[Exp_View_512]">3</value>
        <value>6</value>
    </variable>

    <variable name="Action_OSD_Main_OnDown">
        <value condition="VideoPlayer.Content(livetv) + !Skin.HasSetting(OSD.OnDown.DisablePVROSDGuide)">pvrosdguide</value>
        <value condition="VideoPlayer.Content(livetv)">$VAR[Action_OSD_PVROSDGuide_OnDown]</value>
        <value condition="$EXP[Exp_OSD_HasPlaylist] + !Skin.HasSetting(OSD.OnDown.Disable1140)">1140</value>
        <value condition="$EXP[Exp_OSD_HasPlaylist]">$VAR[Action_OSD_1140_OnDown]</value>
        <value condition="!Skin.HasSetting(OSD.OnDown.DisableVideoBookmarks)">videobookmarks</value>
        <value>$VAR[Action_OSD_VideoBookmarks_OnDown]</value>
    </variable>
    <variable name="Action_OSD_PVROSDGuide_OnDown">
        <value condition="!Skin.HasSetting(OSD.OnDown.DisablePVROSDChannels)">pvrosdchannels</value>
    </variable>
    <variable name="Action_OSD_1140_OnDown">
        <value condition="VideoPlayer.Content(livetv) + !Skin.HasSetting(OSD.OnDown.DisablePVROSDGuide)">pvrosdguide</value>
        <value condition="VideoPlayer.Content(livetv)">$VAR[Action_OSD_PVROSDGuide_OnDown]</value>
        <value condition="!Skin.HasSetting(OSD.OnDown.DisableVideoBookmarks)">videobookmarks</value>
        <value>$VAR[Action_OSD_VideoBookmarks_OnDown]</value>
    </variable>
    <variable name="Action_OSD_VideoBookmarks_OnDown">
        <value condition="!Skin.HasSetting(OSD.OnDown.Disable1141)">1141</value>
    </variable>

    <include name="Action_SearchLibrary_Filter_Onclick">
        <onclick condition="String.IsEqual(Window(1105).Property(SearchDiscover.FilterLabel),$PARAM[type]) + !String.IsEqual(Container(8000).ListItem.Property(clearfilter),True)">RunScript(script.skinvariables,add_skinstring_history=SearchDiscover.$PARAM[type]Label,value=$INFO[Container(8000).ListItem.Label],separator=' / ',toggle,use_window_prop)</onclick>
        <onclick condition="String.IsEqual(Window(1105).Property(SearchDiscover.FilterLabel),$PARAM[type]) + String.IsEqual(Container(8000).ListItem.Property(clearfilter),True)">ClearProperty(SearchDiscover.$PARAM[type]Label,1105)</onclick>
    </include>

    <include name="Action_BlurImage_SimpleBackground_Onload">
        <onload>RunScript(plugin.video.themoviedb.helper,blur_image=$VAR[Image_SimpleBackground],prefix=SimpleBackground)</onload>
    </include>

    <include name="Action_SettingsCategories_Onload">
        <include content="Object_DefaultControl" condition="!String.IsEmpty(Window(Home).Property(SettingsChanger.Switch))">
            <param name="defaultcontrol">30030</param>
            <param name="always">true</param>
        </include>
        <include content="Object_DefaultControl" condition="String.IsEmpty(Window(Home).Property(SettingsChanger.Switch))">
            <param name="defaultcontrol">$PARAM[defaultcontrol]</param>
            <param name="always">true</param>
        </include>
        <onload condition="String.IsEmpty(Window(Home).Property(SettingsChanger.Switch))">SetFocus($PARAM[defaultcontrol])</onload>
        <onload condition="!String.IsEmpty(Window(Home).Property(SettingsChanger.Switch))">SetFocus($INFO[Window(Home).Property(SettingsChanger.Switch)])</onload>
        <onload>ClearProperty(SettingsChanger.Switch,Home)</onload>
        <include>Action_BlurImage_SimpleBackground_Onload</include>
        <menucontrol>30000</menucontrol>
    </include>

    <include name="Action_Hub_Onload">
        <include>Action_BuildSkinShortcuts_OnLoad</include>
        <onload condition="!String.IsEmpty(Window.Property(RefocusHub))">RunScript(script.skinvariables,"run_executebuiltin=SetFocus(604)||SetFocus(603)||SetFocus(602)||SetFocus(601)||SetFocus(1604)||SetFocus(1603)||SetFocus(1602)||SetFocus(1601)||SetFocus(302)||SetFocus(300)||SetFocus($INFO[Window.Property(RefocusHub)])")</onload>
        <onload condition="String.IsEmpty(Window.Property(RefocusHub)) + String.IsEmpty(Window.Property(RefocusHub.Init)) + !Window.IsVisible(Home)">RunScript(script.skinvariables,"run_executebuiltin=SetFocus(604)||SetFocus(603)||SetFocus(602)||SetFocus(601)||SetFocus(1604)||SetFocus(1603)||SetFocus(1602)||SetFocus(1601)||SetFocus(302)||SetFocus(300)||SetProperty(RefocusHub.Init,1)")</onload>
        <onload condition="String.IsEmpty(Window.Property(RefocusHub)) + String.IsEmpty(Window(1197).Property(RefocusHub.Init)) + Window.IsVisible(Home)">RunScript(script.skinvariables,"run_executebuiltin=SetFocus(604)||SetFocus(603)||SetFocus(602)||SetFocus(601)||SetFocus(1604)||SetFocus(1603)||SetFocus(1602)||SetFocus(1601)||SetFocus(302)||SetFocus(300)||SetProperty(RefocusHub.Init,1,1197)")</onload>
        <onload>ClearProperty(RefocusHub)</onload>

        <onunload>CancelAlarm(playtrailer,silent)</onunload>
    </include>

    <include name="Action_Widget_OnBack">
        <onback condition="![![!Skin.HasSetting(Rows.EnableWrapList)] | Integer.IsEqual(Container($PARAM[id]).ListItem.CurrentItem,1)]">$PARAM[grouplistid]</onback>
        <onback condition="![![!Skin.HasSetting(Rows.EnableWrapList)] | Integer.IsEqual(Container($PARAM[id]).ListItem.CurrentItem,1)]">SetFocus($PARAM[id],0,absolute)</onback>
        <onback condition="[![!Skin.HasSetting(Rows.EnableWrapList)] | Integer.IsEqual(Container($PARAM[id]).ListItem.CurrentItem,1)] + Control.IsVisible($PARAM[landscapeid]) + !Control.HasFocus($PARAM[landscapeid])">$PARAM[landscapeid]</onback>
        <onback condition="[![!Skin.HasSetting(Rows.EnableWrapList)] | Integer.IsEqual(Container($PARAM[id]).ListItem.CurrentItem,1)] + Control.IsVisible($PARAM[squareid]) + !Control.HasFocus($PARAM[squareid]) + !Control.IsVisible($PARAM[landscapeid])">$PARAM[squareid]</onback>
        <onback condition="[![!Skin.HasSetting(Rows.EnableWrapList)] | Integer.IsEqual(Container($PARAM[id]).ListItem.CurrentItem,1)] + Control.IsVisible($PARAM[posterid]) + !Control.HasFocus($PARAM[posterid]) + !Control.IsVisible($PARAM[landscapeid]) + !Control.IsVisible($PARAM[squareid])">$PARAM[squareid]</onback>
        <onback condition="[![!Skin.HasSetting(Rows.EnableWrapList)] | Integer.IsEqual(Container($PARAM[id]).ListItem.CurrentItem,1)] + Control.IsVisible($PARAM[topid]) + !Control.HasFocus($PARAM[topid]) + !Control.IsVisible($PARAM[landscapeid]) + !Control.IsVisible($PARAM[squareid]) + !Control.IsVisible($PARAM[posterid])">$PARAM[topid]</onback>

        <onback condition="[![!Skin.HasSetting(Rows.EnableWrapList)] | Integer.IsEqual(Container($PARAM[id]).ListItem.CurrentItem,1)] + Control.IsVisible($PARAM[landscapeid]) + Control.HasFocus($PARAM[landscapeid])">$PARAM[grouplistid]</onback>
        <onback condition="[![!Skin.HasSetting(Rows.EnableWrapList)] | Integer.IsEqual(Container($PARAM[id]).ListItem.CurrentItem,1)] + Control.IsVisible($PARAM[squareid]) + Control.HasFocus($PARAM[squareid]) + !Control.IsVisible($PARAM[landscapeid])">$PARAM[grouplistid]</onback>
        <onback condition="[![!Skin.HasSetting(Rows.EnableWrapList)] | Integer.IsEqual(Container($PARAM[id]).ListItem.CurrentItem,1)] + Control.IsVisible($PARAM[posterid]) + Control.HasFocus($PARAM[posterid]) + !Control.IsVisible($PARAM[landscapeid]) + !Control.IsVisible($PARAM[squareid])">$PARAM[grouplistid]</onback>
        <onback condition="[![!Skin.HasSetting(Rows.EnableWrapList)] | Integer.IsEqual(Container($PARAM[id]).ListItem.CurrentItem,1)] + Control.IsVisible($PARAM[topid]) + Control.HasFocus($PARAM[topid]) + !Control.IsVisible($PARAM[landscapeid]) + !Control.IsVisible($PARAM[squareid]) + !Control.IsVisible($PARAM[posterid])">$PARAM[grouplistid]</onback>

        <onback condition="[![!Skin.HasSetting(Rows.EnableWrapList)] | Integer.IsEqual(Container($PARAM[id]).ListItem.CurrentItem,1)]">AlarmClock(refocus,$PARAM[refocus],00:00,silent)</onback>
    </include>

    <include name="Action_Widget_Top_HomeLoop">
        <param name="condition">true</param>
        <definition>
            <onup condition="$PARAM[condition] + Integer.IsEqual(Container(300).ListItem.Property(id),1)">1499</onup>
            <onup condition="$PARAM[condition] + Integer.IsEqual(Container(300).ListItem.Property(id),2)">2499</onup>
            <onup condition="$PARAM[condition] + Integer.IsEqual(Container(300).ListItem.Property(id),3)">3499</onup>
            <onup condition="$PARAM[condition] + Integer.IsEqual(Container(300).ListItem.Property(id),4)">4499</onup>
            <onup condition="$PARAM[condition] + Integer.IsEqual(Container(300).ListItem.Property(id),5)">5499</onup>
            <onup condition="$PARAM[condition] + Integer.IsEqual(Container(300).ListItem.Property(id),6)">6499</onup>
            <onup condition="$PARAM[condition] + Integer.IsEqual(Container(300).ListItem.Property(id),7)">7499</onup>
            <onup condition="$PARAM[condition] + Integer.IsEqual(Container(300).ListItem.Property(id),8)">8499</onup>
            <onup condition="$PARAM[condition] + Integer.IsEqual(Container(300).ListItem.Property(id),9)">9499</onup>
            <onup condition="$PARAM[condition] + Integer.IsEqual(Container(300).ListItem.Property(id),10)">10499</onup>
            <onup condition="$PARAM[condition] + Integer.IsEqual(Container(300).ListItem.Property(id),11)">11499</onup>
            <onup condition="$PARAM[condition] + Integer.IsEqual(Container(300).ListItem.Property(id),12)">12499</onup>
            <onup condition="$PARAM[condition] + Integer.IsEqual(Container(300).ListItem.Property(id),13)">13499</onup>
            <onup condition="$PARAM[condition] + Integer.IsEqual(Container(300).ListItem.Property(id),14)">14499</onup>
            <onup condition="$PARAM[condition] + Integer.IsEqual(Container(300).ListItem.Property(id),15)">15499</onup>
            <onup condition="$PARAM[condition] + Integer.IsEqual(Container(300).ListItem.Property(id),16)">16499</onup>
            <onup condition="$PARAM[condition] + Integer.IsEqual(Container(300).ListItem.Property(id),17)">17499</onup>
            <onup condition="$PARAM[condition] + Integer.IsEqual(Container(300).ListItem.Property(id),18)">18499</onup>
            <onup condition="$PARAM[condition] + Integer.IsEqual(Container(300).ListItem.Property(id),19)">19499</onup>
            <onup condition="$PARAM[condition] + Integer.IsEqual(Container(300).ListItem.Property(id),20)">20499</onup>
        </definition>
    </include>

    <include name="Action_Widget_Top">
        <param name="condition">true</param>
        <definition>
            <onup condition="$PARAM[condition]">SetProperty(List.ViewContainer.Reset,$NUMBER[$PARAM[id]])</onup>
            <onup condition="$PARAM[condition]">SetProperty(List.ViewContainer,$NUMBER[$PARAM[id]])</onup>
            <include content="Action_Widget_Top_HomeLoop" condition="Skin.String(Movement.Content.OnUp,Loop)">
                <param name="condition">$PARAM[condition]</param>
            </include>
            <onup condition="$PARAM[condition] + Skin.String(Movement.Content.OnUp,Menu)">SetFocus($VAR[Action_Menu_ID],$VAR[Action_Menu_Position],absolute)</onup>
            <onup condition="$PARAM[condition] + !Skin.String(Movement.Content.OnUp,Loop) + !Skin.String(Movement.Content.OnUp,Menu)">333</onup>
        </definition>
    </include>

    <include name="Action_Widget_End">
        <ondown>SetProperty(List.ViewContainer.Reset,$NUMBER[$PARAM[id]])</ondown>
        <ondown>SetProperty(List.ViewContainer,$NUMBER[$PARAM[id]])</ondown>
        <ondown condition="Skin.String(Movement.Content.OnDown,Loop)">$PARAM[topid]</ondown>
        <ondown condition="Skin.String(Movement.Content.OnDown,Loop)">AlarmClock(refocus,SetFocus(311),00:00,silent)</ondown>
        <ondown condition="Skin.String(Movement.Content.OnDown,Menu)">SetFocus($VAR[Action_Menu_ID],$VAR[Action_Menu_Position],absolute)</ondown>
        <ondown condition="!Skin.String(Movement.Content.OnDown,Loop) + !Skin.String(Movement.Content.OnDown,Menu)">330</ondown>
    </include>

    <variable name="Action_Menu_ID">
        <value>303</value>
    </variable>

    <variable name="Action_Menu_Position">
        <value condition="Skin.String(CustomShortcut.Item01,movies) + $EXP[Exp_HomeMenu_movies]">1</value>
        <value condition="Skin.String(CustomShortcut.Item01,tvshows) + $EXP[Exp_HomeMenu_tvshows]">1</value>
        <value condition="Skin.String(CustomShortcut.Item01,music) + $EXP[Exp_HomeMenu_music]">1</value>
        <value condition="Skin.String(CustomShortcut.Item01,livetv) + $EXP[Exp_HomeMenu_livetv]">1</value>
        <value condition="Skin.String(CustomShortcut.Item01,addons) + $EXP[Exp_HomeMenu_addons]">1</value>
        <value condition="Skin.String(CustomShortcut.Item01,pictures) + $EXP[Exp_HomeMenu_pictures]">1</value>
        <value condition="Skin.String(CustomShortcut.Item01,weather) + $EXP[Exp_HomeMenu_weather]">1</value>

        <value condition="Skin.String(CustomShortcut.Item02,movies) + $EXP[Exp_HomeMenu_movies]">2</value>
        <value condition="Skin.String(CustomShortcut.Item02,tvshows) + $EXP[Exp_HomeMenu_tvshows]">2</value>
        <value condition="Skin.String(CustomShortcut.Item02,music) + $EXP[Exp_HomeMenu_music]">2</value>
        <value condition="Skin.String(CustomShortcut.Item02,livetv) + $EXP[Exp_HomeMenu_livetv]">2</value>
        <value condition="Skin.String(CustomShortcut.Item02,addons) + $EXP[Exp_HomeMenu_addons]">2</value>
        <value condition="Skin.String(CustomShortcut.Item02,pictures) + $EXP[Exp_HomeMenu_pictures]">2</value>
        <value condition="Skin.String(CustomShortcut.Item02,weather) + $EXP[Exp_HomeMenu_weather]">2</value>

        <value condition="Skin.String(CustomShortcut.Item03,movies) + $EXP[Exp_HomeMenu_movies]">3</value>
        <value condition="Skin.String(CustomShortcut.Item03,tvshows) + $EXP[Exp_HomeMenu_tvshows]">3</value>
        <value condition="Skin.String(CustomShortcut.Item03,music) + $EXP[Exp_HomeMenu_music]">3</value>
        <value condition="Skin.String(CustomShortcut.Item03,livetv) + $EXP[Exp_HomeMenu_livetv]">3</value>
        <value condition="Skin.String(CustomShortcut.Item03,addons) + $EXP[Exp_HomeMenu_addons]">3</value>
        <value condition="Skin.String(CustomShortcut.Item03,pictures) + $EXP[Exp_HomeMenu_pictures]">3</value>
        <value condition="Skin.String(CustomShortcut.Item03,weather) + $EXP[Exp_HomeMenu_weather]">3</value>

        <value condition="Skin.String(CustomShortcut.Item04,movies) + $EXP[Exp_HomeMenu_movies]">4</value>
        <value condition="Skin.String(CustomShortcut.Item04,tvshows) + $EXP[Exp_HomeMenu_tvshows]">4</value>
        <value condition="Skin.String(CustomShortcut.Item04,music) + $EXP[Exp_HomeMenu_music]">4</value>
        <value condition="Skin.String(CustomShortcut.Item04,livetv) + $EXP[Exp_HomeMenu_livetv]">4</value>
        <value condition="Skin.String(CustomShortcut.Item04,addons) + $EXP[Exp_HomeMenu_addons]">4</value>
        <value condition="Skin.String(CustomShortcut.Item04,pictures) + $EXP[Exp_HomeMenu_pictures]">4</value>
        <value condition="Skin.String(CustomShortcut.Item04,weather) + $EXP[Exp_HomeMenu_weather]">4</value>

        <value>0</value>
    </variable>

    <include name="Action_UpdateSearchTerm">
        <onclick>AlarmClock(SetSearchTerm,SetProperty(SearchTerm,$INFO[Control.GetLabel(9099).index(1)]),00:01,silent)</onclick>
        <onfocus>AlarmClock(SetSearchTerm,SetProperty(SearchTerm,$INFO[Control.GetLabel(9099).index(1)]),00:01,silent)</onfocus>
        <onunfocus>AlarmClock(SetSearchTerm,SetProperty(SearchTerm,$INFO[Control.GetLabel(9099).index(1)]),00:01,silent)</onunfocus>
    </include>

    <include name="Action_Recommendations_OnClick">
        <onclick>Action(Info)</onclick>
        <onclick>Dialog.Close(1120,true)</onclick>
        <onclick>Dialog.Close(1121,true)</onclick>
        <onclick>Dialog.Close(1122,true)</onclick>
        <onclick>SetFocus(4001)</onclick>
    </include>

    <include name="_Action_HomeMenu_OnRightLeft">
        <param name="onlist">320</param>
        <param name="onmenu">ActivateWindow(1170)</param>
        <definition>

            <!-- OnLeft: Loop -->
            <onleft condition="!String.IsEmpty(Window.Property(List.ViewContainer)) + !String.IsEqual(Window.Property(List.ViewContainer),Window.Property(List.ViewContainer.Reset)) + Skin.String(Movement.Menu.OnLeft,Loop)">SetFocus($INFO[Window.Property(List.ViewContainer)],99999,absolute)</onleft>
            <onleft condition="!String.IsEmpty(Window.Property(List.ViewContainer)) + String.IsEqual(Window.Property(List.ViewContainer),Window.Property(List.ViewContainer.Reset)) + Skin.String(Movement.Menu.OnLeft,Loop)">SetFocus($INFO[Window.Property(List.ViewContainer)])</onleft>
            <onleft condition="String.IsEmpty(Window.Property(List.ViewContainer)) + Skin.String(Movement.Menu.OnLeft,Loop)">$PARAM[onlist]</onleft>

            <!-- OnLeft: Bump -->
            <onleft condition="Skin.String(Movement.Menu.OnLeft,Bump)">331</onleft>

            <!-- OnLeft: Menu -->
            <onleft condition="Skin.String(Movement.Menu.OnLeft,Menu)">$PARAM[onmenu]</onleft>

            <!-- OnRight: Refocus Content Always -->
            <onright condition="!String.IsEmpty(Window.Property(List.ViewContainer)) + !String.IsEqual(Window.Property(List.ViewContainer),Window.Property(List.ViewContainer.Reset))">SetFocus($INFO[Window.Property(List.ViewContainer)],0,absolute)</onright>
            <onright condition="!String.IsEmpty(Window.Property(List.ViewContainer)) + String.IsEqual(Window.Property(List.ViewContainer),Window.Property(List.ViewContainer.Reset))">SetFocus($INFO[Window.Property(List.ViewContainer)])</onright>
            <onright condition="String.IsEmpty(Window.Property(List.ViewContainer))">$PARAM[onlist]</onright>

        </definition>
    </include>

    <include name="Action_HomeMenu_OnRightLeft">
        <include content="_Action_HomeMenu_OnRightLeft" condition="Skin.HasSetting(Home.HideSideMenu)">
            <param name="onlist">$PARAM[onlist]</param>
            <param name="onmenu">ActivateWindow(1170)</param>
        </include>
        <include content="_Action_HomeMenu_OnRightLeft" condition="!Skin.HasSetting(Home.HideSideMenu)">
            <param name="onlist">$PARAM[onlist]</param>
            <param name="onmenu">ActivateWindow(shutdownmenu)</param>
        </include>
    </include>

    <include name="Action_BuildSkinShortcuts_OnLoad">
        <onload>runscript(script.skinvariables,"run_executebuiltin=special://skin/shortcuts/skinvariables-buildtemplate.json",use_rules)</onload>

        <!-- <onload>RunScript(script.skinshortcuts,type=buildxml&amp;mainmenuID=300&amp;levels=2&amp;group=mainmenu|powermenu|powersubmenu|searchmenu|exploremenu|moviemenu|tvshowmenu|musicmenu|pvrmenu|custom01menu|custom02menu|custom03menu|custom04menu|moviewidgets|tvshowwidgets|musicwidgets|pvrwidgets|custom01widgets|custom02widgets|custom03widgets|custom04widgets|$INFO[Skin.String(SkinShortcuts.SubmenuIDs)])</onload> -->
    </include>
    <include name="Action_BuildSkinShortcuts_OnUnload">
        <param name="condition">true</param>
        <definition>
            <onunload condition="$PARAM[condition]">runscript(script.skinvariables,"run_executebuiltin=special://skin/shortcuts/skinvariables-buildtemplate.json",use_rules)</onunload>
            <!-- <onunload condition="$PARAM[condition]">RunScript(script.skinshortcuts,type=buildxml&amp;mainmenuID=300&amp;levels=2&amp;group=mainmenu|powermenu|powersubmenu|searchmenu|exploremenu|moviemenu|tvshowmenu|musicmenu|pvrmenu|custom01menu|custom02menu|custom03menu|custom04menu|moviewidgets|tvshowwidgets|musicwidgets|pvrwidgets|custom01widgets|custom02widgets|custom03widgets|custom04widgets|$INFO[Skin.String(SkinShortcuts.SubmenuIDs)])</onunload> -->
        </definition>
    </include>

    <include name="Action_View_Transition">
        <onload>SetProperty(ViewTransition,Hidden,$PARAM[window])</onload>
        <onunload>SetProperty(ViewTransition,Visible,$PARAM[window])</onunload>
    </include>

    <include name="Acting_SetImage_Reverse_OnRight">
        <onright condition="$PARAM[condition]">SetProperty(TMDbHelper.ListItem.BlurImage.Original,$INFO[Window(Home).Property(BlurImage.Original)],Home)</onright>
        <onright condition="$PARAM[condition]">SetProperty(TMDbHelper.ListItem.BlurImage,$INFO[Window(Home).Property(BlurImage)],Home)</onright>
        <onright condition="$PARAM[condition]">SetProperty(TMDbHelper.ListItem.CropImage,$INFO[Window(Home).Property(CropImage)],Home)</onright>
    </include>

    <include name="Acting_SetImage_OnRight">
        <onright condition="$PARAM[condition]">SetProperty(BlurImage.Original,$INFO[Window(Home).Property(TMDbHelper.ListItem.BlurImage.Original)],Home)</onright>
        <onright condition="$PARAM[condition]">SetProperty(BlurImage,$INFO[Window(Home).Property(TMDbHelper.ListItem.BlurImage)],Home)</onright>
        <onright condition="$PARAM[condition]">SetProperty(CropImage,$INFO[Window(Home).Property(TMDbHelper.ListItem.CropImage)],Home)</onright>
    </include>

    <include name="Action_VideoInfo_Main_OnRight">
        <onright condition="$PARAM[condition]">SetProperty(Director_Label,$VAR[Label_FromDirector],1120)</onright>
        <onright condition="$PARAM[condition]">SetProperty(Director_Image,$VAR[Image_DirectorIcon],1120)</onright>
        <onright condition="$PARAM[condition]">SetProperty(Director_Query,$VAR[Path_FromDirector],1120)</onright>

        <onright condition="$PARAM[condition]">SetProperty(Writer_Label,$VAR[Label_FromWriter],1120)</onright>
        <onright condition="$PARAM[condition]">SetProperty(Writer_Image,$VAR[Image_WriterIcon],1120)</onright>
        <onright condition="$PARAM[condition]">SetProperty(Writer_Query,$VAR[Path_FromWriter],1120)</onright>

        <onright condition="$PARAM[condition]">SetProperty(Creator_Label,$VAR[Label_FromCreator],1120)</onright>
        <onright condition="$PARAM[condition]">SetProperty(Creator_Image,$VAR[Image_CreatorIcon],1120)</onright>
        <onright condition="$PARAM[condition]">SetProperty(Creator_Query,$VAR[Path_FromCreator],1120)</onright>

        <onright condition="$PARAM[condition]">SetProperty(Studio_Label,$VAR[Label_FromStudio],1120)</onright>
        <onright condition="$PARAM[condition]">SetProperty(Studio_Image,$VAR[Image_StudioIcon],1120)</onright>
        <onright condition="$PARAM[condition]">SetProperty(Studio_Query,$VAR[Path_FromStudio],1120)</onright>

        <onright condition="$PARAM[condition]">SetProperty(Set_Label,$INFO[Container(99950).ListItem.Property(Set.Name)],1120)</onright>
        <onright condition="$PARAM[condition]">SetProperty(Set_Image,$INFO[Container(99950).ListItem.Property(Set.Fanart)],1120)</onright>
        <onright condition="$PARAM[condition]">SetProperty(Set_Query,$INFO[Container(99950).ListItem.Property(Set.TMDb_ID),&amp;tmdb_id=,],1120)</onright>

        <onright condition="$PARAM[condition]">SetProperty(Item_Title,$VAR[Label_Title],1120)</onright>
        <onright condition="$PARAM[condition]">SetProperty(Item_Query,$VAR[Path_Param_Query],1120)</onright>
        <onright condition="$PARAM[condition]">SetProperty(Item_Type,$VAR[Path_Param_Type],1120)</onright>
        
        <include content="Acting_SetImage_OnRight">
            <param name="condition">$PARAM[condition]</param>
        </include>

        <onright condition="$PARAM[condition]">SetProperty(Episodes_Label,$LOCALIZE[20366],1120)</onright>

        <onright condition="$PARAM[condition]">SetFocus(7001)</onright>
        <onright condition="$PARAM[condition]">ActivateWindow(1120)</onright>
        <onright condition="$PARAM[condition]">SetFocus(4000)</onright>
    </include>

    <include name="Action_VideoInfo_Cast_OnRight">
        <onright condition="$PARAM[condition]">SetProperty(Item_Title,$VAR[Label_Title],1122)</onright>
        <onright condition="$PARAM[condition]">SetProperty(Item_Query,$VAR[Path_Param_Query],1122)</onright>
        <onright condition="$PARAM[condition]">SetProperty(Item_Type,$VAR[Path_Param_Type],1122)</onright>

        <include content="Acting_SetImage_OnRight">
            <param name="condition">$PARAM[condition]</param>
        </include>

        <onright condition="$PARAM[condition]">SetProperty(Episodes_Label,$INFO[ListItem.Property(watchedepisodes)]$INFO[ListItem.Property(totalepisodes), of ,] $LOCALIZE[16102],1122)</onright>

        <onright condition="$PARAM[condition]">SetFocus(7001)</onright>
        <onright condition="$PARAM[condition]">ActivateWindow(1122)</onright>
        <onright condition="$PARAM[condition]">SetFocus(4000)</onright>
    </include>

    <include name="Action_Info_Cast_OnClick">
        <onclick>SetProperty(Item_Title,$VAR[Label_Title],1121)</onclick>
        <onclick>SetProperty(Item_Query,$VAR[Path_Param_Query],1121)</onclick>
        <onclick>SetProperty(Item_Type,$VAR[Path_Param_Type],1121)</onclick>
        <onclick>SetProperty(Item_Year,$INFO[ListItem.Year],1121)</onclick>

        <onclick>SetProperty(Genre_Title,$INFO[Container(99950).ListItem.Property(Genre.1.Name)]$INFO[Container(99950).ListItem.Property(Genre.2.Name), / ,]$INFO[Container(99950).ListItem.Property(Genre.3.Name), / ,],1121)</onclick>
        <onclick>SetProperty(Genre_Query,$INFO[Container(99950).ListItem.Property(Genre.1.TMDB_ID),&amp;with_separator=AND&amp;with_id=True&amp;with_genres=,]$INFO[Container(99950).ListItem.Property(Genre.2.TMDB_ID), / ,]$INFO[Container(99950).ListItem.Property(Genre.3.TMDB_ID), / ,],1121)</onclick>

        <onclick>SetFocus(7001)</onclick>
        <onclick>ActivateWindow(1121)</onclick>
        <onclick>SetFocus(4000)</onclick>
    </include>

    <include name="Action_SetCustomShortcut_OnClick">
        <onclick>SetProperty(CustomShortcutType,$INFO[Skin.String(CustomShortcut.Item$PARAM[id])],Home)</onclick>

        <onclick condition="Skin.String(CustomShortcut.Item$PARAM[id],movies)">RunScript(script.skinshortcuts,type=shortcuts&amp;custom=True&amp;showNone=True&amp;skinAction=CustomShortcut.Movies)</onclick>
        <onclick condition="Skin.String(CustomShortcut.Item$PARAM[id],tvshows)">RunScript(script.skinshortcuts,type=shortcuts&amp;custom=True&amp;showNone=True&amp;skinAction=CustomShortcut.TVShows)</onclick>
        <onclick condition="Skin.String(CustomShortcut.Item$PARAM[id],music)">RunScript(script.skinshortcuts,type=shortcuts&amp;custom=True&amp;showNone=True&amp;skinAction=CustomShortcut.Music)</onclick>
        <onclick condition="Skin.String(CustomShortcut.Item$PARAM[id],livetv)">RunScript(script.skinshortcuts,type=shortcuts&amp;custom=True&amp;showNone=True&amp;skinAction=CustomShortcut.PVR)</onclick>
        <onclick condition="Skin.String(CustomShortcut.Item$PARAM[id],addons)">RunScript(script.skinshortcuts,type=shortcuts&amp;custom=True&amp;showNone=True&amp;skinAction=CustomShortcut.Addons)</onclick>
        <onclick condition="Skin.String(CustomShortcut.Item$PARAM[id],videos)">RunScript(script.skinshortcuts,type=shortcuts&amp;custom=True&amp;showNone=True&amp;skinAction=CustomShortcut.Videos)</onclick>
        <onclick condition="Skin.String(CustomShortcut.Item$PARAM[id],pictures)">RunScript(script.skinshortcuts,type=shortcuts&amp;custom=True&amp;showNone=True&amp;skinAction=CustomShortcut.Pictures)</onclick>
        <onclick condition="Skin.String(CustomShortcut.Item$PARAM[id],custom)">RunScript(script.skinshortcuts,type=shortcuts&amp;custom=True&amp;showNone=True&amp;skinAction=CustomShortcut.Custom$PARAM[id]&amp;skinLabel=CustomShortcut.Custom$PARAM[id].Label&amp;skinThumbnail=CustomShortcut.Custom$PARAM[id].Icon)</onclick>

        <onunfocus condition="[Skin.String(CustomShortcut.Movies,ActivateWindow(1101)) | Skin.String(CustomShortcut.Movies,ActivateWindow(1102)) | Skin.String(CustomShortcut.Movies,ActivateWindow(1103)) | Skin.String(CustomShortcut.Movies,ActivateWindow(1104)) | Skin.String(CustomShortcut.Movies,ActivateWindow(1106)) | Skin.String(CustomShortcut.Movies,ActivateWindow(1107)) | Skin.String(CustomShortcut.Movies,ActivateWindow(1108)) | Skin.String(CustomShortcut.Movies,ActivateWindow(1109))]">Skin.Reset(CustomShortcut.Movies)</onunfocus>

        <onunfocus condition="[Skin.String(CustomShortcut.TVShows,ActivateWindow(1101)) | Skin.String(CustomShortcut.TVShows,ActivateWindow(1102)) | Skin.String(CustomShortcut.TVShows,ActivateWindow(1103)) | Skin.String(CustomShortcut.TVShows,ActivateWindow(1104)) | Skin.String(CustomShortcut.TVShows,ActivateWindow(1106)) | Skin.String(CustomShortcut.TVShows,ActivateWindow(1107)) | Skin.String(CustomShortcut.TVShows,ActivateWindow(1108)) | Skin.String(CustomShortcut.TVShows,ActivateWindow(1109))]">Skin.Reset(CustomShortcut.TVShows)</onunfocus>

        <onunfocus condition="[Skin.String(CustomShortcut.Music,ActivateWindow(1101)) | Skin.String(CustomShortcut.Music,ActivateWindow(1102)) | Skin.String(CustomShortcut.Music,ActivateWindow(1103)) | Skin.String(CustomShortcut.Music,ActivateWindow(1104)) | Skin.String(CustomShortcut.Music,ActivateWindow(1106)) | Skin.String(CustomShortcut.Music,ActivateWindow(1107)) | Skin.String(CustomShortcut.Music,ActivateWindow(1108)) | Skin.String(CustomShortcut.Music,ActivateWindow(1109))]">Skin.Reset(CustomShortcut.Music)</onunfocus>

        <onunfocus condition="[Skin.String(CustomShortcut.PVR,ActivateWindow(1101)) | Skin.String(CustomShortcut.PVR,ActivateWindow(1102)) | Skin.String(CustomShortcut.PVR,ActivateWindow(1103)) | Skin.String(CustomShortcut.PVR,ActivateWindow(1104)) | Skin.String(CustomShortcut.PVR,ActivateWindow(1106)) | Skin.String(CustomShortcut.PVR,ActivateWindow(1107)) | Skin.String(CustomShortcut.PVR,ActivateWindow(1108)) | Skin.String(CustomShortcut.PVR,ActivateWindow(1109))]">Skin.Reset(CustomShortcut.PVR)</onunfocus>

        <onunfocus>ClearProperty(CustomShortcutType,Home)</onunfocus>

        <label2>$VAR[Label_Setting_Item$PARAM[id]_Action]</label2>
        <enable>!Skin.String(CustomShortcut.Item$PARAM[id],weather)</enable>
    </include>

    <include name="Action_SetCustomHub_OnClick">

        <!-- Customise Hub Submenus -->
        <onclick condition="Skin.String(CustomShortcut.Item$PARAM[id],movies) + !Skin.HasSetting(Hub.Movies.DisableSubmenu)">RunScript(script.skinshortcuts,type=manage&amp;group=moviemenu)</onclick>
        <onclick condition="Skin.String(CustomShortcut.Item$PARAM[id],tvshows) + !Skin.HasSetting(Hub.TVShows.DisableSubmenu)">RunScript(script.skinshortcuts,type=manage&amp;group=tvshowmenu)</onclick>
        <onclick condition="Skin.String(CustomShortcut.Item$PARAM[id],music) + !Skin.HasSetting(Hub.Music.DisableSubmenu)">RunScript(script.skinshortcuts,type=manage&amp;group=musicmenu)</onclick>
        <onclick condition="Skin.String(CustomShortcut.Item$PARAM[id],livetv) + !Skin.HasSetting(Hub.PVR.DisableSubmenu)">RunScript(script.skinshortcuts,type=manage&amp;group=pvrmenu)</onclick>

        <!-- Widgets Only -->
        <onclick condition="Skin.String(CustomShortcut.Item$PARAM[id],movies) + Skin.HasSetting(Hub.Movies.DisableSubmenu)">RunScript(script.skinshortcuts,type=manage&amp;group=moviewidgets)</onclick>
        <onclick condition="Skin.String(CustomShortcut.Item$PARAM[id],tvshows) + Skin.HasSetting(Hub.TVShows.DisableSubmenu)">RunScript(script.skinshortcuts,type=manage&amp;group=tvshowwidgets)</onclick>
        <onclick condition="Skin.String(CustomShortcut.Item$PARAM[id],music) + Skin.HasSetting(Hub.Music.DisableSubmenu)">RunScript(script.skinshortcuts,type=manage&amp;group=musicwidgets)</onclick>
        <onclick condition="Skin.String(CustomShortcut.Item$PARAM[id],livetv) + Skin.HasSetting(Hub.PVR.DisableSubmenu)">RunScript(script.skinshortcuts,type=manage&amp;group=pvrwidgets)</onclick>

        <enable>[String.IsEmpty(Skin.String(CustomShortcut.Movies)) | !Skin.String(CustomShortcut.Item$PARAM[id],movies)] + [String.IsEmpty(Skin.String(CustomShortcut.TVShows)) | !Skin.String(CustomShortcut.Item$PARAM[id],tvshows)] + [String.IsEmpty(Skin.String(CustomShortcut.Music)) | !Skin.String(CustomShortcut.Item$PARAM[id],music)] + [String.IsEmpty(Skin.String(CustomShortcut.PVR)) | !Skin.String(CustomShortcut.Item$PARAM[id],livetv)] + !Skin.String(CustomShortcut.Item$PARAM[id],weather) + !Skin.String(CustomShortcut.Item$PARAM[id],pictures) + !Skin.String(CustomShortcut.Item$PARAM[id],addons) + !Skin.String(CustomShortcut.Item$PARAM[id],videos)</enable>
        <visible>!Skin.String(CustomShortcut.Item$PARAM[id],custom)</visible>
    </include>

    <include name="Action_View_Movement_OnUp">
        <onup condition="Skin.String(Movement.Library.OnUp,Wall)">$VAR[Action_Var_ToWallView]</onup>
        <onup condition="Skin.String(Movement.Library.OnUp,Plot)">ActivateWindow(1113)</onup>
        <onup condition="Skin.String(Movement.Library.OnUp,Menu)">SetFocus($VAR[Action_Menu_ID],$VAR[Action_Menu_Position],absolute)</onup>
        <onup condition="Skin.String(Movement.Library.OnUp,Bump)">SetFocus(333)</onup>
        <onup condition="Skin.String(Movement.Library.OnUp,View)">$VAR[Action_Var_ToMediaFilter]</onup>
        <onup condition="Skin.String(Movement.Library.OnUp,Jump)">$VAR[Action_Var_ToScrollBar]</onup>
    </include>

    <include name="Action_View_Movement_OnDown">
        <ondown condition="Skin.String(Movement.Library.OnDown,Wall)">$VAR[Action_Var_ToWallView]</ondown>
        <ondown condition="Skin.String(Movement.Library.OnDown,Plot)">ActivateWindow(1113)</ondown>
        <ondown condition="Skin.String(Movement.Library.OnDown,Menu)">SetFocus($VAR[Action_Menu_ID],$VAR[Action_Menu_Position],absolute)</ondown>
        <ondown condition="Skin.String(Movement.Library.OnDown,Bump)">SetFocus(330)</ondown>
        <ondown condition="Skin.String(Movement.Library.OnDown,View)">$VAR[Action_Var_ToMediaFilter]</ondown>
        <ondown condition="Skin.String(Movement.Library.OnDown,Jump)">$VAR[Action_Var_ToScrollBar]</ondown>
    </include>

    <include name="Action_Menu_Movement_OnBack">
        <onback>303</onback>
        <onback>SetProperty(List.ViewContainer.Reset,$NUMBER[$PARAM[id]])</onback>
        <onback>SetProperty(List.ViewContainer,$NUMBER[$PARAM[id]])</onback>
        <onback>SetFocus($VAR[Action_Menu_ID],$VAR[Action_Menu_Position],absolute)</onback>
    </include>

    <include name="Action_View_Movement_OnLeft">
        <param name="string">Movement.Content.OnLeft</param>
        <param name="onmenu">SetFocus($VAR[Action_Menu_ID],$VAR[Action_Menu_Position],absolute)</param>
        <definition>

            <!-- Menu -->
            <onleft condition="Skin.String($PARAM[string],Menu)">303</onleft>
            <onleft condition="Skin.String($PARAM[string],Menu)">SetProperty(List.ViewContainer,$PARAM[id])</onleft>
            <onleft condition="Skin.String($PARAM[string],Menu)">$PARAM[onmenu]</onleft>

            <!-- Loop -->
            <onleft condition="Skin.String($PARAM[string],Loop)">SetFocus($PARAM[id],99999,absolute)</onleft>

            <!-- Bump -->
            <onleft condition="Skin.String($PARAM[string],Bump)">SetProperty(List.ViewContainer,$PARAM[id])</onleft>
            <onleft condition="Skin.String($PARAM[string],Bump)">332</onleft>

        </definition>
    </include>

    <include name="Action_View_Movement_OnRight">
        <param name="string">Movement.Content.OnRight</param>
        <param name="refocus">Skin.String(Movement.Content.OnRight,Menu)</param>
        <param name="onmenu">SetFocus($VAR[Action_Menu_ID],$VAR[Action_Menu_Position],absolute)</param>
        <definition>

            <!-- Menu -->
            <onright condition="Skin.String($PARAM[string],Menu)">303</onright>
            <onright condition="Skin.String($PARAM[string],Menu)">SetProperty(List.ViewContainer,$PARAM[id])</onright>
            <onright condition="Skin.String($PARAM[string],Menu) + $PARAM[refocus]">SetFocus($PARAM[id],0,absolute)</onright>
            <onright condition="Skin.String($PARAM[string],Menu)">$PARAM[onmenu]</onright>

            <!-- Loop -->
            <onright condition="Skin.String($PARAM[string],Loop)">SetFocus($PARAM[id],0,absolute)</onright>

            <!-- Bump -->
            <onright condition="Skin.String($PARAM[string],Bump)">SetProperty(List.ViewContainer,$PARAM[id])</onright>
            <onright condition="Skin.String($PARAM[string],Bump)">332</onright>

        </definition>
    </include>

    <include name="Action_View_Movement_OnBack">
        <onback condition="!Integer.IsEqual(Container($PARAM[id]).CurrentItem,1) + !Integer.IsEqual(Container($PARAM[id]).CurrentItem,0) + [!Skin.HasSetting(Rows.EnableWrapList)]">62</onback>
        <onback condition="!Integer.IsEqual(Container($PARAM[id]).CurrentItem,1) + !Integer.IsEqual(Container($PARAM[id]).CurrentItem,0) + [!Skin.HasSetting(Rows.EnableWrapList)]">AlarmClock(refocus,SetFocus($PARAM[id],0,absolute),00:00,silent)</onback>
    </include>

    <include name="Action_SkinShortcuts_ContentType_AutoSetOnFocus">
        <onfocus condition="String.IsEmpty(Container(211).ListItem.Property(widgetTarget))">SetProperty(customProperty,widgetTarget)</onfocus>
        <onfocus condition="String.IsEmpty(Container(211).ListItem.Property(widgetTarget))">SetProperty(customValue,$VAR[Action_SkinShortcuts_ContentType])</onfocus>
        <onfocus condition="String.IsEmpty(Container(211).ListItem.Property(widgetTarget))">SendClick(404)</onfocus>
    </include>
    <include name="Action_SkinShortcuts_ContentType_AutoSetOnUnFocus">
        <onunfocus condition="String.IsEmpty(Container(211).ListItem.Property(widgetTarget))">SetProperty(customProperty,widgetTarget)</onunfocus>
        <onunfocus condition="String.IsEmpty(Container(211).ListItem.Property(widgetTarget))">SetProperty(customValue,$VAR[Action_SkinShortcuts_ContentType])</onunfocus>
        <onunfocus condition="String.IsEmpty(Container(211).ListItem.Property(widgetTarget))">SendClick(404)</onunfocus>
    </include>

    <variable name="Action_SkinShortcuts_ContentType">
        <value condition="String.StartsWith(Container(211).ListItem.Label2,Video)">videos</value>
        <value condition="String.StartsWith(Container(211).ListItem.Label2,Music)">music</value>
        <value condition="String.StartsWith(Container(211).ListItem.Label2,Program)">programs</value>
        <value condition="String.StartsWith(Container(211).ListItem.Label2,Picture)">pictures</value>
        <value condition="String.StartsWith(Container(211).ListItem.Label2,PVR)">tvguide</value>
        <value condition="String.Contains(Container(211).ListItem.Property(path),Videos)">videos</value>
        <value condition="String.Contains(Container(211).ListItem.Property(path),Music)">music</value>
        <value condition="String.Contains(Container(211).ListItem.Property(path),Programs)">programs</value>
        <value condition="String.Contains(Container(211).ListItem.Property(path),Pictures)">pictures</value>
        <value condition="String.Contains(Container(211).ListItem.Property(path),pvr://)">tvguide</value>
    </variable>

    <include name="Action_OSD_Button_OnFocus">
        <onfocus condition="!String.IsEmpty(Skin.String(OSD_Timeout))">AlarmClock(osd_timeout,SetFocus(99997),$INFO[Skin.String(OSD_Timeout),00:,],silent)</onfocus>
        <onunfocus>CancelAlarm(osd_timeout,true)</onunfocus>
    </include>


    <include name="Action_OptionsMenu_Default">
        <param name="id">50</param>
        <definition>
            <onleft>$PARAM[id]</onleft>
            <onright>$PARAM[id]</onright>
            <onback>$PARAM[id]</onback>
        </definition>
    </include>

    <include name="Action_OptionsMenu_PVRGuide">
        <onleft>10</onleft>
        <onright>10</onright>
    </include>

    <include name="Action_OptionsMenu_ButtonMenu">
        <onleft>Close</onleft>
        <onright>Close</onright>
    </include>

    <include name="Action_Scrollbar">
        <onup condition="$EXP[Exp_FilterWall_IsMedia]">SetProperty(View.WallSwitchRow,1)</onup>
        <onup condition="$EXP[Exp_FilterWall_IsMedia]">SetFocus(67)</onup>
        <onup condition="!$EXP[Exp_FilterWall_IsMedia]">SetFocus($VAR[Action_View_ContentID])</onup>
        <!-- <onup>SetFocus(68)</onup> -->
        <onback>68</onback>

        <onclick>SetFocus(68)</onclick>
        <ondown>SetFocus(68)</ondown>
        <!-- <ondown>$VAR[Action_Var_ToMediaFilter]</ondown> -->
    </include>

    <variable name="Action_Var_ToMediaFilter">
        <value>Runscript(script.skinvariables,$VAR[MediaWall_ScriptTypeDef],use_rules,id=$VAR[Action_View_ContentID],win_prop=WallSlideIn,focus_id=9001,clear_prop=Null)</value>
    </variable>

    <variable name="Action_Var_ToWallView">
        <value>Runscript(script.skinvariables,$VAR[MediaWall_ScriptTypeDef],use_rules,id=$VAR[Action_View_ContentID],win_prop=WallSlideIn,focus_id=67,clear_prop=Null)</value>
    </variable>

    <variable name="Action_Var_ToScrollBar">
        <value condition="$EXP[Exp_AlphabetTypes_Only] + !Skin.HasSetting(DisableAlphabetScrollbar)">Runscript(script.skinvariables,$VAR[MediaWall_ScriptTypeDef],use_rules,id=$VAR[Action_View_ContentID],win_prop=WallSlideIn,focus_id=65,clear_prop=Null)</value>
        <value>Runscript(script.skinvariables,$VAR[MediaWall_ScriptTypeDef],use_rules,id=$VAR[Action_View_ContentID],win_prop=WallSlideIn,focus_id=64,clear_prop=Null)</value>
    </variable>

    <include name="_Action_Blur_Onload">
        <param name="sourceimage">Art(fanart)</param>
        <definition>
            <onload>SetProperty(TMDbHelper.Blur.SourceImage,$PARAM[sourceimage],Home)</onload>
            <onload>SetProperty(TMDbHelper.Blur.Fallback,$VAR[Image_SimpleBackground],Home)</onload>
        </definition>
    </include>
    <include name="Action_Blur_Onload">
        <include content="_Action_Blur_Onload">
            <param name="sourceimage">Art(fanart)|Property(fanart)|Art(profile)</param>
        </include>
    </include>

    <include name="_Action_Blur_OnUnload">
        <param name="sourceimage">Art(fanart)</param>
        <definition>
            <onunload>SetProperty(TMDbHelper.Blur.SourceImage,$PARAM[sourceimage],Home)</onunload>
            <onunload>SetProperty(TMDbHelper.Blur.Fallback,$VAR[Image_SimpleBackground],Home)</onunload>
        </definition>
    </include>
    <include name="Action_Blur_OnUnload">
        <include content="_Action_Blur_OnUnload">
            <param name="sourceimage">Art(fanart)|Property(fanart)|Art(profile)</param>
        </include>
    </include>

    <variable name="Action_Var_BuildTextures">
        <value>script.texturemaker,bg=$VAR[ColorHighlight],fg=$VAR[ColorGradient],alpha=1.0,folder=ArcticFuse,selectbox_thin=special://skin/extras/textures/selectbox_thin.png,scrollv=special://skin/extras/textures/scrollv.png,scrollh=special://skin/extras/textures/scrollh.png,box=special://skin/extras/textures/box.png,circle=special://skin/extras/textures/circle.png,menu=special://skin/extras/textures/menu.png,menumain+overlay+slicing{240|80}=special://skin/extras/textures/menumain.png,buttonmain+slicing{240|80}=special://skin/extras/textures/menumain.png,main=special://skin/extras/textures/main.png,circlebuttondialog=special://skin/extras/textures/circlebutton.png</value>
    </variable>

    <include name="Action_BuildTextures_Onload">
        <onload>RunScript($VAR[Action_Var_BuildTextures],no_reload)</onload>
    </include>

    <include name="Action_BuildTextures_Onclick">
        <onclick condition="!String.IsEqual(Window(Home).Property(ColorPicker_Type),Indicator)">runscript($VAR[Action_Var_BuildTextures],reload=1111)</onclick>
    </include>

    <include name="Action_BuildTextures_Onclick_Preset">
        <param name="window_id">1118</param>
        <definition>
            <onclick>runscript($VAR[Action_Var_BuildTextures],reload=$PARAM[window_id])</onclick>
        </definition>
    </include>

    <include name="Action_PlayTrailer_OnClick">
        <onclick condition="!Skin.HasSetting(Trailers.PlayFullscreen) + String.IsEmpty($PARAM[trailer]) + !String.IsEmpty($PARAM[trailer_fallback])">SetProperty(Trailer,$ESCINFO[$PARAM[trailer_fallback]],1123)</onclick>
        <onclick condition="!Skin.HasSetting(Trailers.PlayFullscreen) + !String.IsEmpty($PARAM[trailer])">SetProperty(Trailer,$ESCINFO[$PARAM[trailer]],1123)</onclick>
        <onclick condition="!Skin.HasSetting(Trailers.PlayFullscreen) + String.IsEmpty($PARAM[trailer]) + !String.IsEmpty($PARAM[trailer_fallback])">PlayMedia($ESCINFO[$PARAM[trailer_fallback]],False,1)</onclick>
        <onclick condition="!Skin.HasSetting(Trailers.PlayFullscreen) + !String.IsEmpty($PARAM[trailer])">PlayMedia($ESCINFO[$PARAM[trailer]],False,1)</onclick>
        <onclick condition="!Skin.HasSetting(Trailers.PlayFullscreen) + Skin.HasSetting(Trailers.PlayInDialog) + [!String.IsEmpty($PARAM[trailer]) | !String.IsEmpty($PARAM[trailer_fallback])]">ActivateWindow(1123)</onclick>

        <onclick condition="Skin.HasSetting(Trailers.PlayFullscreen) + [!String.IsEmpty($PARAM[trailer]) | !String.IsEmpty($PARAM[trailer_fallback])]">Dialog.Close(all,force)</onclick>
        <onclick condition="Skin.HasSetting(Trailers.PlayFullscreen) + String.IsEmpty($PARAM[trailer]) + !String.IsEmpty($PARAM[trailer_fallback])">PlayMedia($ESCINFO[$PARAM[trailer_fallback]])</onclick>
        <onclick condition="Skin.HasSetting(Trailers.PlayFullscreen) + !String.IsEmpty($PARAM[trailer])">PlayMedia($ESCINFO[$PARAM[trailer]])</onclick>
    </include>

    <include name="Action_AutoTrailer_OnFocus">
        <onfocus condition="!String.IsEmpty(Container($PARAM[id]).ListItem.Trailer)">AlarmClock(autotrailer,SetProperty(AutoTrailer,$ESCINFO[Container($PARAM[id]).ListItem.Trailer]),00:05,silent)</onfocus>
        <onfocus condition="!String.IsEmpty(Container($PARAM[id]).ListItem.Trailer)">AlarmClock(playtrailer,PlayMedia($ESCINFO[Container($PARAM[id]).ListItem.Trailer],1),00:05,silent)</onfocus>
        <onfocus condition="String.IsEmpty(Container($PARAM[id]).ListItem.Trailer)">CancelAlarm(playtrailer,silent)</onfocus>
        <onfocus condition="String.IsEmpty(Container($PARAM[id]).ListItem.Trailer)">CancelAlarm(autotrailer,silent)</onfocus>
        <onunfocus>CancelAlarm(playtrailer,silent)</onunfocus>
        <onunfocus>CancelAlarm(autotrailer,silent)</onunfocus>
        <onunfocus condition="Player.HasVideo + String.IsEqual(Window.Property(AutoTrailer),Player.FileNameAndPath)">Action(Stop)</onunfocus>
    </include>

    <include name="Action_AutoTrailer_OnRight">
        <onright condition="Player.HasVideo + String.IsEqual(Window.Property(AutoTrailer),Player.FileNameAndPath)">Action(Stop)</onright>
        <onright condition="!String.IsEmpty(Container($PARAM[id]).ListItem.Trailer)">AlarmClock(autotrailer,SetProperty(AutoTrailer,$ESCINFO[Container($PARAM[id]).ListItem.Trailer]),00:05,silent)</onright>
        <onright condition="!String.IsEmpty(Container($PARAM[id]).ListItem.Trailer)">AlarmClock(playtrailer,PlayMedia($ESCINFO[Container($PARAM[id]).ListItem.Trailer],1),00:05,silent)</onright>
        <onright condition="String.IsEmpty(Container($PARAM[id]).ListItem.Trailer)">CancelAlarm(playtrailer,silent)</onright>
        <onright condition="String.IsEmpty(Container($PARAM[id]).ListItem.Trailer)">CancelAlarm(autotrailer,silent)</onright>
    </include>


    <include name="Action_Scheme_Onclick_Miami">
        <onclick>Skin.Reset(focuscolor.name)</onclick>
        <onclick>Skin.Reset(gradientcolor.name)</onclick>
        <onclick>Skin.Reset(EnableMonochromeHighlight)</onclick>
        <onclick>Skin.Reset(InvertSelectedText)</onclick>
        <onclick>Skin.Reset(Background.DialogImage)</onclick>
        <onclick>Skin.SetString(Background.Image,special://skin/extras/backgrounds/blur/purple_blur.jpg)</onclick>
        <include content="Action_BuildTextures_Onclick_Preset">
            <param name="window_id">$PARAM[window_id]</param>
        </include>
        <onclick>RunScript(plugin.video.themoviedb.helper,blur_image=$VAR[Image_SimpleBackground])</onclick>
    </include>

    <include name="Action_Scheme_Onclick_Aqua">
        <onclick>Skin.SetString(focuscolor.name,ff0091ea)</onclick>
        <onclick>Skin.SetString(gradientcolor.name,ff00bfa5)</onclick>
        <onclick>Skin.Reset(EnableMonochromeHighlight)</onclick>
        <onclick>Skin.Reset(InvertSelectedText)</onclick>
        <onclick>Skin.SetString(Background.DialogImage,Green)</onclick>
        <onclick>Skin.SetString(Background.Image,special://skin/extras/backgrounds/blur/green_blur.jpg)</onclick>
        <include content="Action_BuildTextures_Onclick_Preset">
            <param name="window_id">$PARAM[window_id]</param>
        </include>
        <onclick>RunScript(plugin.video.themoviedb.helper,blur_image=$VAR[Image_SimpleBackground])</onclick>
    </include>

    <include name="Action_Scheme_Onclick_Sunset">
        <onclick>Skin.SetString(focuscolor.name,fff4511e)</onclick>
        <onclick>Skin.SetString(gradientcolor.name,ffe91e63)</onclick>
        <onclick>Skin.Reset(EnableMonochromeHighlight)</onclick>
        <onclick>Skin.Reset(InvertSelectedText)</onclick>
        <onclick>Skin.SetString(Background.DialogImage,Blush)</onclick>
        <onclick>Skin.SetString(Background.Image,special://skin/extras/backgrounds/blur/pink_blur.jpg)</onclick>
        <include content="Action_BuildTextures_Onclick_Preset">
            <param name="window_id">$PARAM[window_id]</param>
        </include>
        <onclick>RunScript(plugin.video.themoviedb.helper,blur_image=$VAR[Image_SimpleBackground])</onclick>
    </include>

    <include name="Action_Scheme_Onclick_Slate">
        <onclick>Skin.SetString(focuscolor.name,ff0091ea)</onclick>
        <onclick>Skin.SetString(gradientcolor.name,ff0091ea)</onclick>
        <onclick>Skin.SetBool(EnableMonochromeHighlight)</onclick>
        <onclick>Skin.Reset(InvertSelectedText)</onclick>
        <onclick>Skin.SetString(Background.DialogImage,Slate)</onclick>
        <onclick>Skin.SetString(Background.Image,special://skin/extras/backgrounds/blur/slate_blur.jpg)</onclick>
        <include content="Action_BuildTextures_Onclick_Preset">
            <param name="window_id">$PARAM[window_id]</param>
        </include>
        <onclick>RunScript(plugin.video.themoviedb.helper,blur_image=$VAR[Image_SimpleBackground])</onclick>
    </include>

    <include name="Action_Scheme_Onclick_Midnight">
        <onclick>Skin.SetString(focuscolor.name,ff5528a8)</onclick>
        <onclick>Skin.SetString(gradientcolor.name,ff5528a8)</onclick>
        <onclick>Skin.SetBool(EnableMonochromeHighlight)</onclick>
        <onclick>Skin.Reset(InvertSelectedText)</onclick>
        <onclick>Skin.SetString(Background.DialogImage,Coal)</onclick>
        <onclick>Skin.SetString(Background.Image,special://skin/extras/backgrounds/blur/coal_blur.jpg)</onclick>
        <include content="Action_BuildTextures_Onclick_Preset">
            <param name="window_id">$PARAM[window_id]</param>
        </include>
        <onclick>RunScript(plugin.video.themoviedb.helper,blur_image=$VAR[Image_SimpleBackground])</onclick>
    </include>
</includes>