<?xml version="1.0" encoding="UTF-8"?>
<window type="window" id="1110">
    <defaultcontrol always="true">305</defaultcontrol>
    <onload>SetProperty(TMDbHelper.WidgetContainer,5610,Home)</onload>
    <onunload>ClearProperty(TMDbHelper.WidgetContainer,Home)</onunload>
    <onunload>SetProperty(FocusWidget,$INFO[Container(5610).CurrentItem])</onunload>
    <controls>
        <control type="button" id="305">
            <include>Defs_Hidden_Button</include>
            <onfocus condition="String.IsEmpty(Window.Property(FocusWidget)) | Window.Previous(Home)">SetFocus(302)</onfocus>
            <onfocus condition="!String.IsEmpty(Window.Property(FocusWidget)) + !Window.Previous(Home)">SetFocus(5610,$INFO[Window.Property(FocusWidget)],absolute)</onfocus>
            <onfocus condition="!String.IsEmpty(Window.Property(FocusWidget)) + !String.IsEqual(Window.Property(FocusWidget),Container(5610).NumItems) + !Window.Previous(Home)">Control.Move(5610,-1)</onfocus>
        </control>
        <control type="list" id="56560">
            <include>Defs_Offscreen</include>
            <orientation>horizontal</orientation>
            <itemlayout />
            <focusedlayout />
            <content>
                <include content="Object_56560_Item">
                    <param name="listitem" value="Container(5610).ListItem" />
                </include>
            </content>
        </control>
        <control type="list" id="301">
            <top>-1000</top>
            <left>-1000</left>
            <width>1</width>
            <height>1</height>
            <onleft>302</onleft>
            <onright>302</onright>
            <onfocus>SetFocus(302)</onfocus>
            <itemlayout />
            <focusedlayout />
            <content>
                <item>
                    <label>$INFO[Window(Home).Property(Hub.Label)]</label>
                    <property name="submenuVisibility">$INFO[Window(Home).Property(Hub.submenuVisibility)]</property>
                </item>
            </content>
        </control>
        <include condition="!Skin.HasSetting(DisableAutoWidthHub)">View_Hub_HiddenList</include>

        <include content="Viewtype_Main">
            <control type="group">
                <include>Animation_Common</include>
                <visible allowhiddenfocus="true">!Window.IsVisible(1142) + !$EXP[Exp_ShowPlotOverlay] + !$EXP[Exp_InfoVisible]</visible>
                <include content="Object_Scrollbar_Horz">
                    <param name="visible" value="true" />
                </include>
                <control type="group">
                    <include>View_Pad</include>

                    <control type="group">
                        <animation type="Conditional" reversible="false" condition="!Control.HasFocus(565610) + !Control.HasFocus(565611) + !Control.HasFocus(565612)">
                            <effect type="fade" start="0" end="100" delay="400" time="1" />
                        </animation>
                        <animation type="Conditional" reversible="false" condition="Control.HasFocus(565610) | Control.HasFocus(565611) | Control.HasFocus(565612)">
                            <effect type="fade" end="0" start="100" />
                        </animation>
                        <!-- Top Half -->
                        <control type="group" description="Top Half">
                            <include content="View_Info_Grouplist">
                                <param name="container" value="Container(5610)." />
                                <param name="title" value="$VAR[Label_Hub_InfoTitle]" />
                                <param name="plot" value="$VAR[Label_Plot_C5610]" />
                                <param name="plotheight" value="auto" />
                                <param name="infoline-label" value="$VAR[Label_56560_InfoLine]" />
                                <param name="infoline-image" value="$VAR[Image_56560_VideoQuality]" />
                                <top>-15</top>
                                <height>285</height>
                                <include>Viewtype_Info_Right</include>
                                <visible>!String.IsEmpty(Container(5610).ListItem.Title)</visible>
                            </include>
                            <control type="grouplist">
                                <top>-15</top>
                                <height>285</height>
                                <orientation>vertical</orientation>
                                <usecontrolcoords>true</usecontrolcoords>
                                <itemgap>0</itemgap>
                                <visible>String.IsEmpty(Container(5610).ListItem.Title)</visible>
                                <include content="Object_Info_Title">
                                    <param name="label" value="$INFO[System.Time]" />
                                </include>
                                <include content="Object_Info_Line_Label">
                                    <param name="label" value="$INFO[System.Date]" />
                                    <param name="textcolor" value="main_fg_100" />
                                    <param name="divider" value="false" />
                                </include>
                            </control>
                            <include content="View_Hub_Buttons" condition="!Skin.HasSetting(DisableAutoWidthHub)">
                                <param name="grouplistid" value="300" />
                            </include>
                        </control>

                        <!-- Bottom Half -->
                        <control type="group" description="Bottom Half">
                            <include>Animation_Down</include>
                            <include content="Viewtype_BackPanel">
                                <height>480</height>
                            </include>
                            <include content="Home_Hub_Widget_Label">
                                <param name="id" value="5610" />
                                <param name="label" value="$VAR[Label_Hub_WidgetName]" />
                            </include>
                            <include content="Viewtype_Buttons" condition="Skin.HasSetting(DisableAutoWidthHub)">
                                <param name="id" value="302" />
                                <param name="itemlayout-width" value="item_square_width" />
                                <param name="offset" value="80" />
                                <param name="control-type" value="fixedlist" />
                                <param name="hasicon" value="true" />
                                <movement>5</movement>
                                <preloaditems>2</preloaditems>
                                <height>120</height>
                                <left>-100</left>
                                <right>-100</right>
                                <bottom>400</bottom>
                                <ondown>5610</ondown>
                                <onfocus>ClearProperty(FocusWidget)</onfocus>
                                <include>Items_SubMenu</include>
                            </include>
                            <include>skinshortcuts-template-spotlight-submenu</include>
                            <include>skinshortcuts-template-spotlight-mainmenu</include>
                        </control>
                    </control>

                    <include content="View_52_Posters_Wall" condition="!Skin.HasSetting(DisableWallScroll)">
                        <param name="id" value="5610" />
                        <param name="wall-id" value="565610" />
                        <param name="button-id" value="565620" />
                    </include>
                    <include content="View_54_Episodes_Wall" condition="!Skin.HasSetting(DisableWallScroll)">
                        <param name="id" value="5610" />
                        <param name="wall-id" value="565611" />
                        <param name="button-id" value="565621" />
                    </include>
                    <include content="View_51_Addons_Wall" condition="!Skin.HasSetting(DisableWallScroll)">
                        <param name="id" value="5610" />
                        <param name="wall-id" value="565612" />
                        <param name="button-id" value="565622" />
                    </include>
                </control>

                <include>Topbar_Left</include>
            </control>
        </include>

        <include condition="!Skin.HasSetting(DisableClock)">Topbar_Right</include>
        <include>Object_NowPlaying</include>
        <include>Viewtype_Options</include>
        <include>Object_PlotOverlay</include>
    </controls>
</window>
