[
    {
        "label": "Home",
        "icon": "special://skin/extras/icons/home.png",
        "path": "ActivateWindow(Home)",
        "expression": "home",
        "forced": "True",
        "target": "",
        "widgets": [
            {
                "label": "New Movies",
                "path": "special://skin/extras/playlists/NewMovies.xsp",
                "widget_style": "Landscape",
                "target": "videos",
                "guid": "guid-f5d496d2"
            },
            {
                "label": "New Episodes",
                "path": "special://skin/extras/playlists/NewEpisodes.xsp",
                "widget_style": "Landscape",
                "target": "videos",
                "guid": "guid-64e9b01c"
            }
        ],
        "guid": "guid-19ada9cd"
    },
    {
        "label": "Movies",
        "icon": "special://skin/extras/icons/film.png",
        "path": "ActivateWindow(1101)",
        "target": "",
        "expression": "movies",
        "widgets": [
            {
                "label": "In-Progress",
                "path": "special://skin/extras/playlists/InProgressMovies.xsp",
                "widget_style": "Landscape",
                "target": "videos",
                "guid": "guid-5914ec8b"
            },
            {
                "label": "Top Rated",
                "path": "special://skin/extras/playlists/TopRatedMovies.xsp",
                "widget_style": "Landscape",
                "target": "videos",
                "guid": "guid-8700db05"
            },
            {
                "label": "Recent",
                "path": "special://skin/extras/playlists/RecentMovies.xsp",
                "widget_style": "Landscape",
                "target": "videos",
                "guid": "guid-669d551c"
            },
            {
                "label": "Random",
                "path": "special://skin/extras/playlists/RandomMovies.xsp",
                "widget_style": "Landscape",
                "target": "videos",
                "guid": "guid-c4fdb8e7"
            }
        ],
        "guid": "guid-488ad32f"
    },
    {
        "label": "TV Shows",
        "icon": "special://skin/extras/icons/tv.png",
        "path": "ActivateWindow(1102)",
        "target": "",
        "expression": "tvshows",
        "widgets": [
            {
                "label": "In-Progress",
                "path": "library://video/tvshows/inprogressshows.xml",
                "widget_style": "Landscape",
                "target": "videos",
                "guid": "guid-dd2d29ef"
            },
            {
                "label": "Top Rated",
                "path": "special://skin/extras/playlists/TopRatedTvShows.xsp",
                "widget_style": "Landscape",
                "target": "videos",
                "guid": "guid-1aae7d6c"
            },
            {
                "label": "Recent",
                "path": "special://skin/extras/playlists/RecentTvShows.xsp",
                "widget_style": "Landscape",
                "target": "videos",
                "guid": "guid-c421fc46"
            },
            {
                "label": "Random",
                "path": "special://skin/extras/playlists/RandomTvShows.xsp",
                "widget_style": "Landscape",
                "target": "videos",
                "guid": "guid-db154daf"
            }
        ],
        "guid": "guid-0a9df9a5"
    },
    {
        "label": "Music",
        "icon": "special://skin/extras/icons/songs.png",
        "path": "ActivateWindow(1103)",
        "target": "",
        "expression": "music",
        "widgets": [
            {
                "label": "New",
                "path": "musicdb://recentlyaddedalbums/",
                "widget_style": "Square",
                "target": "music",
                "guid": "guid-b906470e"
            },
            {
                "label": "Top 100",
                "path": "musicdb://top100/albums/",
                "widget_style": "Square",
                "target": "music",
                "guid": "guid-b3f05a17"
            },
            {
                "label": "Recent",
                "path": "musicdb://recentlyplayedalbums/",
                "widget_style": "Square",
                "target": "music",
                "guid": "guid-76fd8b65"
            },
            {
                "label": "Random",
                "path": "special://skin/extras/playlists/RandomAlbums.xsp",
                "widget_style": "Square",
                "target": "music",
                "guid": "guid-47b482d4"
            }
        ],
        "guid": "guid-bfd91384"
    },
    {
        "label": "Live TV",
        "icon": "special://skin/extras/icons/livetv.png",
        "path": "ActivateWindow(TVGuide)",
        "expression": "livetv",
        "target": "",
        "widgets": [
            {
                "label": "$LOCALIZE[568]",
                "path": "pvr://channels/tv/*",
                "widget_style": "Square",
                "target": "tvguide",
                "guid": "guid-27538532"
            },
            {
                "label": "$LOCALIZE[19017]",
                "path": "pvr://recordings/tv/active?view=flat",
                "widget_style": "Square",
                "target": "tvguide",
                "guid": "guid-1db27e6d"
            }
        ],
        "guid": "guid-e79824eb"
    }
]