{
    "infolabels": {
        "groupname": "Window.Property(groupname)",
        "label": "Container(211).ListItem.Label",
        "labelID": "Container(211).ListItem.Property(labelID)",
        "defaultID": "Container(211).ListItem.Property(defaultID)",
        "widgetmenuID": "Container(211).ListItem.Property(widgetmenuID)"
    },
    "operations": [
        {
            "regex": {
                "regexID": {
                    "regex": "[^0-9a-zA-Z]+",
                    "value": "",
                    "input": "{label}"
                }
            }
        },
        {
            "values": {
                "widgetmenuID": [
                    {
                        "rules": ["!String.IsEmpty(Container(211).ListItem.Property(widgetmenuID))"],
                        "value": "{widgetmenuID}"
                    },
                    {
                        "rules": ["!String.IsEmpty(Container(211).ListItem.Property(defaultID))"],
                        "value": "{groupname}-widgetmenu-{defaultID}"
                    },
                    {
                        "rules": ["!String.IsEmpty(Container(211).ListItem.Property(labelID))"],
                        "value": "{groupname}-widgetmenu-{labelID}"
                    },
                    "{groupname}-widgetmenu-{regexID}"
                ],
                "windowID": [
                    {
                        "rules": ["String.IsEqual(Window.Property(groupname),moviemenu)"],
                        "value": "1101"
                    },
                    {
                        "rules": ["String.IsEqual(Window.Property(groupname),tvshowmenu)"],
                        "value": "1102"
                    },
                    {
                        "rules": ["String.IsEqual(Window.Property(groupname),musicmenu)"],
                        "value": "1103"
                    },
                    {
                        "rules": ["String.IsEqual(Window.Property(groupname),pvrmenu)"],
                        "value": "1104"
                    },
                    {
                        "rules": ["String.IsEqual(Window.Property(groupname),custom01menu)"],
                        "value": "1106"
                    },
                    {
                        "rules": ["String.IsEqual(Window.Property(groupname),custom02menu)"],
                        "value": "1107"
                    },
                    {
                        "rules": ["String.IsEqual(Window.Property(groupname),custom03menu)"],
                        "value": "1108"
                    },
                    {
                        "rules": ["String.IsEqual(Window.Property(groupname),custom04menu)"],
                        "value": "1109"
                    },
                    ""
                ],
                "hubType": [
                    {
                        "rules": ["String.IsEqual(Window.Property(groupname),moviemenu)"],
                        "value": "Movies"
                    },
                    {
                        "rules": ["String.IsEqual(Window.Property(groupname),tvshowmenu)"],
                        "value": "TVShows"
                    },
                    {
                        "rules": ["String.IsEqual(Window.Property(groupname),musicmenu)"],
                        "value": "Music"
                    },
                    {
                        "rules": ["String.IsEqual(Window.Property(groupname),pvrmenu)"],
                        "value": "PVR"
                    },
                    {
                        "rules": ["String.IsEqual(Window.Property(groupname),custom01menu)"],
                        "value": "Custom01"
                    },
                    {
                        "rules": ["String.IsEqual(Window.Property(groupname),custom02menu)"],
                        "value": "Custom02"
                    },
                    {
                        "rules": ["String.IsEqual(Window.Property(groupname),custom03menu)"],
                        "value": "Custom03"
                    },
                    {
                        "rules": ["String.IsEqual(Window.Property(groupname),custom04menu)"],
                        "value": "Custom04"
                    },
                    ""
                ]
            }
        },
        {
            "lower": {"widgetmenuID": "{widgetmenuID}"}
        }
    ],
    "actions": [
        "SetProperty(customProperty,widgetmenuID)",
        "SetProperty(customValue,{widgetmenuID})",
        "SendClick(404)",
        "route=add_skinstring_history=SkinShortcuts.SubmenuIDs&value={widgetmenuID}",
        "route=add_skinstring_history=SkinShortcuts.WidgetBuildLine&separator=||&value=template=template_generator/build_widgets.xmltemplate|include_name={widgetmenuID}|window_id={windowID}|hub_type={hubType}",
        "RunScript(script.skinshortcuts,type=manage&group={widgetmenuID})"
    ]
}