<window>
    <defaultcontrol always="true">300</defaultcontrol>
    <include>Defs_Settings_OnLoad</include>
    <onunload>RunScript(script.skinshortcuts,type=buildxml&amp;mainmenuID=301&amp;levels=1&amp;group=mainmenu|powermenu|searchmenu)</onunload>
    <onunload condition="System.HasAddon(script.colorbox)">SetProperty(NINE_manual_set,"var=main,set=$INFO[Skin.String(colorbox_main)]|var=comp,set=$INFO[Skin.String(colorbox_comp)]|var=quality,set=$INFO[Skin.String(colorbox_quality)]|var=blursize,set=$INFO[Skin.String(colorbox_blursize)]|var=bitsize,set=$INFO[Skin.String(colorbox_bitsize)]|var=pixelsize,set=$INFO[Skin.String(colorbox_pixelsize)]|var=black,set=$INFO[Skin.String(colorbox_black)]|var=white,set=$INFO[Skin.String(colorbox_white)]|var=blend,set=$INFO[Skin.String(colorbox_blend)]|var=desat,set=$INFO[Skin.String(colorbox_desat)]",home)</onunload> 
    <onload condition="String.IsEmpty(Window.Property(CurrentFocus))">SetProperty(CurrentFocus,$NUMBER[9001])</onload>
    <controls>

        <include>Global_Background</include>
        <include>Defs_Settings_Background</include>
        <control type="group">
            <include>Dialog_Settings_Group</include>
    
            <include content="Defs_Settings_Changer">
                <onright>9000</onright>
            </include>

            <control type="group">
                <left>item_list_height</left>
                <control type="grouplist" id="9000">
                    <description>button area</description>
                    <left>0</left>
                    <top>39</top>
                    <width>dialog_side_grouplist</width>
                    <height>702</height>
                    <itemgap>0</itemgap>
                    <onright>9999</onright>
                    <include>Defs_Settings_OnLeft</include>
                    <control type="togglebutton" id="9001" description="Home">
                        <onfocus>SetProperty(CurrentFocus,$NUMBER[9001])</onfocus>
                        <usealttexture>!Control.HasFocus(300) + Integer.IsEqual(Window.Property(CurrentFocus),9001)</usealttexture>
                        <alttexturenofocus colordiffuse="$VAR[Defs_Settings_ToggleButton_Color]">common/white.png</alttexturenofocus>
                        <width>550</width>
                        <include>Defs_Settings_Button</include>
                        <label>$LOCALIZE[10000]</label>
                        <altlabel>[COLOR=Selected]$LOCALIZE[10000][/COLOR]</altlabel>
                    </control>
                    <control type="togglebutton" id="9002" description="Background">
                        <onfocus>SetProperty(CurrentFocus,$NUMBER[9002])</onfocus>
                        <usealttexture>!Control.HasFocus(300) + Integer.IsEqual(Window.Property(CurrentFocus),9002)</usealttexture>
                        <alttexturenofocus colordiffuse="$VAR[Defs_Settings_ToggleButton_Color]">common/white.png</alttexturenofocus>
                        <width>550</width>
                        <include>Defs_Settings_Button</include>
                        <label>$LOCALIZE[31110]</label>
                        <altlabel>[COLOR=Selected]$LOCALIZE[31110][/COLOR]</altlabel>
                    </control>

                    <control type="togglebutton" id="9003" description="Colors">
                        <onfocus>SetProperty(CurrentFocus,$NUMBER[9003])</onfocus>
                        <usealttexture>!Control.HasFocus(300) + Integer.IsEqual(Window.Property(CurrentFocus),9003)</usealttexture>
                        <alttexturenofocus colordiffuse="$VAR[Defs_Settings_ToggleButton_Color]">common/white.png</alttexturenofocus>
                        <width>550</width>
                        <include>Defs_Settings_Button</include>
                        <label>$LOCALIZE[31143]</label>
                        <altlabel>[COLOR=Selected]$LOCALIZE[31143][/COLOR]</altlabel>
                    </control>

                    <control type="togglebutton" id="9004" description="Views">
                        <onfocus>SetProperty(CurrentFocus,$NUMBER[9004])</onfocus>
                        <usealttexture>!Control.HasFocus(300) + Integer.IsEqual(Window.Property(CurrentFocus),9004)</usealttexture>
                        <alttexturenofocus colordiffuse="$VAR[Defs_Settings_ToggleButton_Color]">common/white.png</alttexturenofocus>
                        <width>550</width>
                        <include>Defs_Settings_Button</include>
                        <label>$LOCALIZE[14022]</label>
                        <altlabel>[COLOR=Selected]$LOCALIZE[14022][/COLOR]</altlabel>
                    </control>

                    <control type="togglebutton" id="9007" description="Furniture">
                        <onfocus>SetProperty(CurrentFocus,$NUMBER[9007])</onfocus>
                        <usealttexture>!Control.HasFocus(300) + Integer.IsEqual(Window.Property(CurrentFocus),9007)</usealttexture>
                        <alttexturenofocus colordiffuse="$VAR[Defs_Settings_ToggleButton_Color]">common/white.png</alttexturenofocus>
                        <width>550</width>
                        <include>Defs_Settings_Button</include>
                        <label>$LOCALIZE[31024]</label>
                        <altlabel>[COLOR=Selected]$LOCALIZE[31024][/COLOR]</altlabel>
                    </control>

                    <control type="togglebutton" id="9005" description="OSD">
                        <onfocus>SetProperty(CurrentFocus,$NUMBER[9005])</onfocus>
                        <usealttexture>!Control.HasFocus(300) + Integer.IsEqual(Window.Property(CurrentFocus),9005)</usealttexture>
                        <alttexturenofocus colordiffuse="$VAR[Defs_Settings_ToggleButton_Color]">common/white.png</alttexturenofocus>
                        <width>550</width>
                        <include>Defs_Settings_Button</include>
                        <label>$LOCALIZE[31270]</label>
                        <altlabel>[COLOR=Selected]$LOCALIZE[31270][/COLOR]</altlabel>
                    </control>

                    <control type="togglebutton" id="9006" description="PVR">
                        <onfocus>SetProperty(CurrentFocus,$NUMBER[9006])</onfocus>
                        <usealttexture>!Control.HasFocus(300) + Integer.IsEqual(Window.Property(CurrentFocus),9006)</usealttexture>
                        <alttexturenofocus colordiffuse="$VAR[Defs_Settings_ToggleButton_Color]">common/white.png</alttexturenofocus>
                        <width>550</width>
                        <include>Defs_Settings_Button</include>
                        <label>$LOCALIZE[31422]</label>
                        <altlabel>[COLOR=Selected]$LOCALIZE[31422][/COLOR]</altlabel>
                    </control>

                    <control type="togglebutton" id="9008" description="Dependencies">
                        <onfocus>SetProperty(CurrentFocus,$NUMBER[9008])</onfocus>
                        <usealttexture>!Control.HasFocus(300) + Integer.IsEqual(Window.Property(CurrentFocus),9008)</usealttexture>
                        <alttexturenofocus colordiffuse="$VAR[Defs_Settings_ToggleButton_Color]">common/white.png</alttexturenofocus>
                        <width>550</width>
                        <include>Defs_Settings_Button</include>
                        <label>$LOCALIZE[24996]</label>
                        <altlabel>[COLOR=Selected]$LOCALIZE[24996][/COLOR]</altlabel>
                    </control>

                    <control type="togglebutton" id="9009" description="Reset Backup">
                        <onfocus>SetProperty(CurrentFocus,$NUMBER[9009])</onfocus>
                        <usealttexture>!Control.HasFocus(300) + Integer.IsEqual(Window.Property(CurrentFocus),9009)</usealttexture>
                        <alttexturenofocus colordiffuse="$VAR[Defs_Settings_ToggleButton_Color]">common/white.png</alttexturenofocus>
                        <width>550</width>
                        <include>Defs_Settings_Button</include>
                        <label>$LOCALIZE[31030]</label>
                        <altlabel>[COLOR=Selected]$LOCALIZE[31030][/COLOR]</altlabel>
                    </control>
                </control>

                <control type="grouplist" id="9999">
                    <description>control area</description>
                    <left>dialog_side_grouplist</left>
                    <top>39</top>
                    <right>0</right>
                    <height>702</height>
                    <itemgap>0</itemgap>
                    <onleft>9000</onleft>
                    <onup>9999</onup>
                    <ondown>9999</ondown>
                    <pagecontrol>61</pagecontrol>
                    <usecontrolcoords>true</usecontrolcoords>
                    <!-- ==== -->
                    <!-- Home -->
                    <!-- ==== -->
                    <control type="label" id="19181" description="LABEL">
                        <visible>Integer.IsEqual(Window.Property(CurrentFocus),9001)</visible>
                        <include>Dialog_Standard_HintLabel</include>
                        <label>$LOCALIZE[31139]</label>
                    </control>

                    <control type="button" id="19101" description="Customise Home">
                        <visible>Integer.IsEqual(Window.Property(CurrentFocus),9001)</visible>
                        <include>Defs_Settings_Button</include>
                        <label>$LOCALIZE[31109]</label>
                        <onclick>RunScript(script.skinshortcuts,type=manage&amp;group=mainmenu)</onclick>
                    </control>

                    <control type="button" id="19102" description="Home Layout">
                        <visible>Integer.IsEqual(Window.Property(CurrentFocus),9001)</visible>
                        <include>Defs_Settings_Button</include>
                        <label>Home layout</label>
                        <label2>$VAR[Label_SkinSettings_HomeLayout]</label2>
                        <onclick condition="!Skin.HasSetting(HomeMulti)">Skin.SetBool(HomeMulti)</onclick>
                        <onclick condition="Skin.HasSetting(HomeMulti) + !Skin.HasSetting(HomeMultiHorizontal)">Skin.SetBool(HomeMultiHorizontal)</onclick>
                        <onclick condition="Skin.HasSetting(HomeMulti) + Skin.HasSetting(HomeMultiHorizontal)">Skin.Reset(HomeMulti)</onclick>
                        <onclick condition="Skin.HasSetting(HomeMulti) + Skin.HasSetting(HomeMultiHorizontal)">Skin.Reset(HomeMultiHorizontal)</onclick>
                    </control>

                    <control type="button" id="19109" description="Menu Style">
                        <visible>Integer.IsEqual(Window.Property(CurrentFocus),9001)</visible>
                        <include>Defs_Settings_Button</include>
                        <label>Menu style</label>
                        <label2>$VAR[Label_SkinSettings_MenuStyle]</label2>

                        <!-- If vertical just toggle icons -->
                        <onclick condition="Skin.HasSetting(HomeMulti) + !Skin.HasSetting(HomeMultiHorizontal)">Skin.ToggleSetting(HomeIcons)</onclick>

                        <!-- If not vertical toggle both -->
                        <onclick condition="[!Skin.HasSetting(HomeMulti) | Skin.HasSetting(HomeMultiHorizontal)] + !Skin.HasSetting(HomeTextAutoWidth) + !Skin.HasSetting(HomeIcons)">Skin.SetBool(HomeTextAutoWidth)</onclick>
                        <onclick condition="[!Skin.HasSetting(HomeMulti) | Skin.HasSetting(HomeMultiHorizontal)] + Skin.HasSetting(HomeTextAutoWidth) + !Skin.HasSetting(HomeIcons)">Skin.SetBool(HomeIcons)</onclick>
                        <onclick condition="[!Skin.HasSetting(HomeMulti) | Skin.HasSetting(HomeMultiHorizontal)] + Skin.HasSetting(HomeIcons)">Skin.Reset(HomeTextAutoWidth)</onclick>
                        <onclick condition="[!Skin.HasSetting(HomeMulti) | Skin.HasSetting(HomeMultiHorizontal)] + Skin.HasSetting(HomeIcons)">Skin.Reset(HomeIcons)</onclick>
                    </control>

                    <control type="radiobutton" id="19104" description="Submenu Only">
                        <visible>Integer.IsEqual(Window.Property(CurrentFocus),9001)</visible>
                        <include>Defs_Settings_Button</include>
                        <label>$LOCALIZE[31009]</label>
                        <selected>!Skin.HasSetting(SubmenuOnly)</selected>
                        <onclick>Skin.ToggleSetting(SubmenuOnly)</onclick>
                    </control>

                    <control type="button" id="19105" description="Global Widget">
                        <visible>Integer.IsEqual(Window.Property(CurrentFocus),9001)</visible>
                        <include>Defs_Settings_Button</include>
                        <label>$LOCALIZE[31113]</label>
                        <label2>$INFO[Skin.String(widgetPath)]</label2>
                        <onclick>RunScript(script.skinshortcuts,type=widgets&amp;showNone=True&amp;skinWidgetName=widgetName&amp;skinWidgetTarget=widgetTarget&amp;skinWidgetPath=widgetPath)</onclick>
                    </control>
                    <control type="button" id="19106" description="Set Fallback Image">
                        <visible>Integer.IsEqual(Window.Property(CurrentFocus),9001)</visible>
                        <include>Defs_Settings_Button</include>
                        <label>31150</label>
                        <label2>$INFO[Skin.String(HomeBackgroundImage)]</label2>
                        <onclick condition="!System.HasAddon(script.toolbox)">InstallAddon(script.toolbox)</onclick>
                        <onclick>SetProperty(Dialog.1.Label,$LOCALIZE[16018])</onclick>
                        <onclick>SetProperty(Dialog.1.BuiltIn,Skin.Reset(HomeBackgroundImage))</onclick>
                        <onclick>SetProperty(Dialog.2.Label,$LOCALIZE[31271])</onclick>
                        <onclick>SetProperty(Dialog.2.BuiltIn,Skin.SetImage(HomeBackgroundImage))</onclick>
                        <onclick>SetProperty(Dialog.3.Label,$LOCALIZE[31272])</onclick>
                        <onclick>SetProperty(Dialog.3.BuiltIn,Skin.SetPath(HomeBackgroundImage))</onclick>
                        <onclick>RunScript(script.toolbox,info=selectdialog,header=$LOCALIZE[31150])</onclick>
                    </control>

                    <control type="radiobutton" id="19107" description="Auto Scroll Single Widgets">
                        <visible>Integer.IsEqual(Window.Property(CurrentFocus),9001)</visible>
                        <include>Defs_Settings_Button</include>
                        <label>Auto-scroll single widgets</label>
                        <selected>!Skin.HasSetting(DisableAutoScrollWidgets)</selected>
                        <onclick>Skin.ToggleSetting(DisableAutoScrollWidgets)</onclick>
                    </control>

                    

                    <!-- ========== -->
                    <!-- Background -->
                    <!-- ========== -->
                    <control type="label" id="19281" description="LABEL">
                        <visible>Integer.IsEqual(Window.Property(CurrentFocus),9002)</visible>
                        <include>Dialog_Standard_HintLabel</include>
                        <label>$LOCALIZE[31140]</label>
                    </control>

                    <control type="radiobutton" id="19201" description="No fanart">
                        <visible>Integer.IsEqual(Window.Property(CurrentFocus),9002)</visible>
                        <include>Defs_Settings_Button</include>
                        <label>$LOCALIZE[31121]</label>
                        <selected>!Skin.HasSetting(NoFanart)</selected>
                        <onclick>Skin.ToggleSetting(NoFanart)</onclick>
                    </control>

                    <control type="radiobutton" id="19202" description="Blur background fanart">
                        <visible>Integer.IsEqual(Window.Property(CurrentFocus),9002)</visible>
                        <include>Defs_Settings_Button</include>
                        <label>$LOCALIZE[31275]</label>
                        <enable>!Skin.HasSetting(NoFanart)</enable>
                        <selected>Skin.HasSetting(EnableBlur)</selected>
                        <onclick condition="!System.HasAddon(script.colorbox)">InstallAddon(script.colorbox)</onclick>
                        <onclick condition="System.HasAddon(script.colorbox) + !Skin.HasSetting(EnableBlur)">SetProperty(FIVE_daemon_set,blur,home)</onclick>
                        <onclick condition="System.HasAddon(script.colorbox) + !Skin.HasSetting(EnableBlur)">RunScript(script.colorbox,daemon=True)</onclick>
                        <onclick condition="System.HasAddon(script.colorbox) + !Skin.HasSetting(EnableBlur)">AlarmClock(nms1,SetProperty(NINE_manual_set,"var=quality,set=$INFO[Skin.String(colorbox_quality)]|var=blursize,set=$INFO[Skin.String(colorbox_blursize)]|var=bitsize,set=$INFO[Skin.String(colorbox_bitsize)]|var=pixelsize,set=$INFO[Skin.String(colorbox_pixelsize)]|var=black,set=$INFO[Skin.String(colorbox_black)]|var=white,set=$INFO[Skin.String(colorbox_white)]",home),00:05,true)</onclick>
                        <onclick condition="System.HasAddon(script.colorbox)">Skin.ToggleSetting(EnableBlur)</onclick>
                    </control>

                    <control type="radiobutton" id="19203" description="Only blur video info">
                        <visible>Integer.IsEqual(Window.Property(CurrentFocus),9002)</visible>
                        <include>Defs_Settings_Button</include>
                        <label>$LOCALIZE[31154]</label>
                        <selected>Skin.HasSetting(OnlyBlurInfo)</selected>
                        <onclick>Skin.ToggleSetting(OnlyBlurInfo)</onclick>
                        <enable>!Skin.HasSetting(NoFanart) + Skin.HasSetting(EnableBlur) + System.HasAddon(script.colorbox)</enable>
                    </control>

                    <control type="radiobutton" id="19208" description="Use poster for blur">
                        <visible>Integer.IsEqual(Window.Property(CurrentFocus),9002)</visible>
                        <include>Defs_Settings_Button</include>
                        <label>$LOCALIZE[31133]</label>
                        <selected>Skin.HasSetting(PosterBlur)</selected>
                        <onclick>Skin.ToggleSetting(PosterBlur)</onclick>
                        <enable>Skin.HasSetting(EnableBlur) + System.HasAddon(script.colorbox)</enable>
                    </control>

                    <control type="button" id="19204" description="Set Fallback Image">
                        <visible>Integer.IsEqual(Window.Property(CurrentFocus),9002)</visible>
                        <include>Defs_Settings_Button</include>
                        <label>31150</label>
                        <label2>$INFO[Skin.String(fanart.fallback)]</label2>
                        <onclick condition="!System.HasAddon(script.toolbox)">InstallAddon(script.toolbox)</onclick>
                        <onclick>SetProperty(Dialog.1.Label,$LOCALIZE[16018])</onclick>
                        <onclick>SetProperty(Dialog.1.BuiltIn,Skin.Reset(fanart.fallback))</onclick>
                        <onclick>SetProperty(Dialog.2.Label,$LOCALIZE[31271])</onclick>
                        <onclick>SetProperty(Dialog.2.BuiltIn,Skin.SetImage(fanart.fallback))</onclick>
                        <onclick>RunScript(script.toolbox,info=selectdialog,header=$LOCALIZE[31150])</onclick>
                    </control>

                    <control type="radiobutton" id="19205" description="Show video in background">
                        <visible>Integer.IsEqual(Window.Property(CurrentFocus),9002)</visible>
                        <include>Defs_Settings_Button</include>
                        <label>31111</label>
                        <selected>Skin.HasSetting(global.showvideo)</selected>
                        <onclick>Skin.ToggleSetting(global.showvideo)</onclick>
                    </control>

                    <!-- <control type="radiobutton" id="19206" description="Show vis in background">
                        <visible>Integer.IsEqual(Window.Property(CurrentFocus),9002)</visible>
                        <include>Defs_Settings_Button</include>
                        <label>31172</label>
                        <selected>Skin.HasSetting(global.showvisualisation)</selected>
                        <onclick>Skin.ToggleSetting(global.showvisualisation)</onclick>
                    </control>
 -->
                    <control type="button" id="192047" description="Set Timer Per Image">
                        <visible>Integer.IsEqual(Window.Property(CurrentFocus),9002)</visible>
                        <include>Defs_Settings_Button</include>
                        <label>$LOCALIZE[31128]</label>
                        <label2>$INFO[Skin.String(AutoScroll)]</label2>
                        <onclick condition="!System.HasAddon(script.toolbox)">InstallAddon(script.toolbox)</onclick>
                        <onclick>SetProperty(Dialog.1.Label,$LOCALIZE[31117])</onclick>
                        <onclick>SetProperty(Dialog.1.BuiltIn,Skin.SetString(AutoScroll,$LOCALIZE[31117]))</onclick>
                        <onclick>SetProperty(Dialog.2.Label,$LOCALIZE[31122])</onclick>
                        <onclick>SetProperty(Dialog.2.BuiltIn,Skin.SetString(AutoScroll,$LOCALIZE[31122]))</onclick>
                        <onclick>SetProperty(Dialog.3.Label,$LOCALIZE[31123])</onclick>
                        <onclick>SetProperty(Dialog.3.BuiltIn,Skin.SetString(AutoScroll,$LOCALIZE[31123]))</onclick>
                        <onclick>SetProperty(Dialog.4.Label,$LOCALIZE[31124])</onclick>
                        <onclick>SetProperty(Dialog.4.BuiltIn,Skin.SetString(AutoScroll,$LOCALIZE[31124]))</onclick>
                        <onclick>SetProperty(Dialog.5.Label,$LOCALIZE[31125])</onclick>
                        <onclick>SetProperty(Dialog.5.BuiltIn,Skin.SetString(AutoScroll,$LOCALIZE[31125]))</onclick>
                        <onclick>SetProperty(Dialog.6.Label,$LOCALIZE[31126])</onclick>
                        <onclick>SetProperty(Dialog.6.BuiltIn,Skin.SetString(AutoScroll,$LOCALIZE[31126]))</onclick>
                        <onclick>SetProperty(Dialog.7.Label,$LOCALIZE[31127])</onclick>
                        <onclick>SetProperty(Dialog.7.BuiltIn,Skin.SetString(AutoScroll,$LOCALIZE[31127]))</onclick>
                        <onclick>RunScript(script.toolbox,info=selectdialog,header=$LOCALIZE[31128])</onclick>
                    </control>
                    
                    

                    <!-- ============= -->
                    <!-- Miscellaneous -->
                    <!-- ============= -->

                    <control type="label" id="19381" description="LABEL">
                        <visible>Integer.IsEqual(Window.Property(CurrentFocus),9003)</visible>
                        <include>Dialog_Standard_HintLabel</include>
                        <label>$LOCALIZE[14078]</label>
                    </control>

                    <control type="button" id="19301" description="Color Highlight">
                        <visible>Integer.IsEqual(Window.Property(CurrentFocus),9003)</visible>
                        <include>Defs_Settings_Button</include>
                        <label>31286</label>
                        <label2>$INFO[Skin.String(focuscolor.name)]</label2>
                        <onclick condition="!System.HasAddon(script.skin.helper.colorpicker)">InstallAddon(script.skin.helper.colorpicker)</onclick>
                        <onclick>RunScript(script.skin.helper.colorpicker,skinstring=focuscolor.name)</onclick>
                    </control>

                    <control type="button" id="19302" description="Color Highlight">
                        <visible>Integer.IsEqual(Window.Property(CurrentFocus),9003)</visible>
                        <include>Defs_Settings_Button</include>
                        <label>$LOCALIZE[31013]</label>
                        <label2>$INFO[Skin.String(PosterHighlight)]</label2>
                        <onclick condition="!String.IsEqual(Skin.String(PosterHighlight),Highlight)">Skin.SetString(PosterHighlight,Highlight)</onclick>
                        <onclick condition="String.IsEqual(Skin.String(PosterHighlight),Highlight)">Skin.SetString(PosterHighlight,White)</onclick>
                    </control>

                    <control type="label" id="19382" description="LABEL">
                        <visible>Integer.IsEqual(Window.Property(CurrentFocus),9003)</visible>
                        <include>Dialog_Standard_HintLabel</include>
                        <label>$LOCALIZE[31165]</label>
                    </control>

                    <control type="button" id="19303" description="Customise Shutdown Menu">
                        <visible>Integer.IsEqual(Window.Property(CurrentFocus),9003)</visible>
                        <include>Defs_Settings_Button</include>
                        <label>$LOCALIZE[31027]</label>
                        <onclick>RunScript(script.skinshortcuts,type=manage&amp;group=powermenu)</onclick>
                    </control>

                    <control type="button" id="19304" description="Info lists">
                        <visible>Integer.IsEqual(Window.Property(CurrentFocus),9003)</visible>
                        <include>Defs_Settings_Button</include>
                        <label>$LOCALIZE[31015]</label>
                        <onclick>ActivateWindow(1119)</onclick>
                    </control>

                    <control type="button" id="19306" description="Search lists">
                        <visible>Integer.IsEqual(Window.Property(CurrentFocus),9003)</visible>
                        <include>Defs_Settings_Button</include>
                        <label>$LOCALIZE[31166]</label>
                        <onclick>ActivateWindow(1120)</onclick>
                    </control>

                    <control type="label" id="19383" description="LABEL">
                        <visible>Integer.IsEqual(Window.Property(CurrentFocus),9003)</visible>
                        <include>Dialog_Standard_HintLabel</include>
                        <label>$LOCALIZE[31164]</label>
                    </control>

                    <control type="button" id="19305" description="Startup Video">
                        <visible>Integer.IsEqual(Window.Property(CurrentFocus),9003)</visible>
                        <include>Defs_Settings_Button</include>
                        <label>31168</label>
                        <label2>$INFO[Skin.String(StartupPlaylist)]</label2>
                        <onclick condition="String.IsEmpty(Skin.String(StartupPlaylist))">Skin.SetFile(StartupPlaylist,.mp4|.avi|.mkv|.xvid|.wmv|.mov|.xsp|.mp3|.wma|.flac|.m3u)</onclick>
                        <onclick condition="!String.IsEmpty(Skin.String(StartupPlaylist))">Skin.Reset(StartupPlaylist)</onclick>
                    </control>
                    
                    
                    <!-- ======= -->
                    <!-- Library -->
                    <!-- ======= -->
                    <control type="label" id="19483" description="LABEL">
                        <visible>Integer.IsEqual(Window.Property(CurrentFocus),9004)</visible>
                        <include>Dialog_Standard_HintLabel</include>
                        <label>$LOCALIZE[31146]</label>
                    </control>
                    

                    <control type="button" id="19410" description="Ratings">
                        <visible>Integer.IsEqual(Window.Property(CurrentFocus),9004)</visible>
                        <include>Defs_Settings_Button</include>
                        <label>$LOCALIZE[31116]</label>
                        <onclick>ActivateWindow(1118)</onclick>
                    </control>

                    <control type="radiobutton" id="19411" description="Plot overlay">
                        <visible>Integer.IsEqual(Window.Property(CurrentFocus),9004)</visible>
                        <include>Defs_Settings_Button</include>
                        <label>$LOCALIZE[31379]</label>
                        <selected>Skin.HasSetting(AutoPlotOverlay)</selected>
                        <onclick>Skin.ToggleSetting(AutoPlotOverlay)</onclick>
                    </control>

                    <control type="label" id="19481" description="LABEL">
                        <visible>Integer.IsEqual(Window.Property(CurrentFocus),9004)</visible>
                        <include>Dialog_Standard_HintLabel</include>
                        <label>$LOCALIZE[31152]</label>
                    </control>

                    <control type="radiobutton" id="19405" description="Flip sides">
                        <visible>Integer.IsEqual(Window.Property(CurrentFocus),9004)</visible>
                        <include>Defs_Settings_Button</include>
                        <label>$LOCALIZE[31016]</label>
                        <selected>Skin.HasSetting(FlipSide)</selected>
                        <onclick>Skin.ToggleSetting(FlipSide)</onclick>
                    </control>

                    <control type="radiobutton" id="19406" description="Left-align showcase">
                        <visible>Integer.IsEqual(Window.Property(CurrentFocus),9004)</visible>
                        <include>Defs_Settings_Button</include>
                        <label>$LOCALIZE[31019]</label>
                        <selected>Skin.HasSetting(UseAuraShowcase)</selected>
                        <onclick>Skin.ToggleSetting(UseAuraShowcase)</onclick>
                    </control>

                    <control type="radiobutton" id="19408" description="Default list labels">
                        <visible>Integer.IsEqual(Window.Property(CurrentFocus),9004)</visible>
                        <include>Defs_Settings_Button</include>
                        <label>$LOCALIZE[31095]</label>
                        <selected>!Skin.HasSetting(EnhancedAddonLabels)</selected>
                        <onclick>Skin.ToggleSetting(EnhancedAddonLabels)</onclick>
                    </control>

                    <control type="radiobutton" id="19409" description="Tracknaming template">
                        <visible>Integer.IsEqual(Window.Property(CurrentFocus),9004)</visible>
                        <include>Defs_Settings_Button</include>
                        <label>$LOCALIZE[31096]</label>
                        <selected>Skin.HasSetting(UseTrackNamingTemplate)</selected>
                        <onclick>Skin.ToggleSetting(UseTrackNamingTemplate)</onclick>
                    </control>

                    <control type="radiobutton" id="19402" description="Disable watched indicators">
                        <visible>Integer.IsEqual(Window.Property(CurrentFocus),9004)</visible>
                        <include>Defs_Settings_Button</include>
                        <label>$LOCALIZE[31317]</label>
                        <selected>!Skin.HasSetting(DisableWatchedOverlay)</selected>
                        <onclick>Skin.ToggleSetting(DisableWatchedOverlay)</onclick>
                    </control>

                    <control type="label" id="19482" description="LABEL">
                        <visible>Integer.IsEqual(Window.Property(CurrentFocus),9004)</visible>
                        <include>Dialog_Standard_HintLabel</include>
                        <label>$LOCALIZE[31144]</label>
                    </control>

                    <control type="radiobutton" id="19431">
                        <visible>Integer.IsEqual(Window.Property(CurrentFocus),9004)</visible>
                        <label>$LOCALIZE[31174]</label>
                        <include>Defs_Settings_Button</include>
                        <selected>Skin.HasSetting(LandscapeArt)</selected>
                        <onclick>Skin.ToggleSetting(LandscapeArt)</onclick>
                    </control>

                    <control type="radiobutton" id="19407" description="Roboto Fonts">
                        <visible>Integer.IsEqual(Window.Property(CurrentFocus),9004)</visible>
                        <include>Defs_Settings_Button</include>
                        <label>$LOCALIZE[31092]</label>
                        <selected>Skin.HasSetting(RobotoFonts)</selected>
                        <onclick>Skin.ToggleSetting(RobotoFonts)</onclick>
                        <onclick>ReloadSkin()</onclick>
                    </control>

                    <control type="radiobutton" id="19401">
                        <visible>Integer.IsEqual(Window.Property(CurrentFocus),9004)</visible>
                        <label>$LOCALIZE[31022]</label>
                        <include>Defs_Settings_Button</include>
                        <selected>Skin.HasSetting(SkinHelper.EnableAnimatedPosters)</selected>
                        <onclick>Skin.ToggleSetting(SkinHelper.EnableAnimatedPosters)</onclick>
                    </control>

                    <!-- ================= -->
                    <!-- Video / Music OSD -->
                    <!-- ================= -->
                    <control type="label" id="19501" description="LABEL VIDEO OSD">
                        <visible>Integer.IsEqual(Window.Property(CurrentFocus),9005)</visible>
                        <include>Dialog_Standard_HintLabel</include>
                        <label>$LOCALIZE[31346]</label>
                    </control>
                    <control type="radiobutton" id="19502" description="Show detailed info on pause">
                        <visible>Integer.IsEqual(Window.Property(CurrentFocus),9005)</visible>
                        <include>Defs_Settings_Button</include>
                        <label>$LOCALIZE[31145]</label>
                        <selected>Skin.HasSetting(ShowInfoPaused)</selected>
                        <onclick>Skin.ToggleSetting(ShowInfoPaused)</onclick>
                    </control>
                    <control type="radiobutton" id="19503" description="Only show seekbar on pressing info">
                        <visible>Integer.IsEqual(Window.Property(CurrentFocus),9005)</visible>
                        <include>Defs_Settings_Button</include>
                        <label>$LOCALIZE[31201]</label>
                        <selected>Skin.HasSetting(DisableOSDInfo)</selected>
                        <onclick>Skin.ToggleSetting(DisableOSDInfo)</onclick>
                    </control>

                    <control type="radiobutton" id="19504" description="Dont pause on information">
                        <visible>Integer.IsEqual(Window.Property(CurrentFocus),9005)</visible>
                        <include>Defs_Settings_Button</include>
                        <label>$LOCALIZE[31079]</label>
                        <selected>!Skin.HasSetting(DontPauseOSD)</selected>
                        <onclick>Skin.ToggleSetting(DontPauseOSD)</onclick>
                    </control>

                    <control type="radiobutton" id="19505" description="Subs button opens subtitle settings">
                        <visible>Integer.IsEqual(Window.Property(CurrentFocus),9005)</visible>
                        <include>Defs_Settings_Button</include>
                        <label>$LOCALIZE[31409]</label>
                        <selected>Skin.HasSetting(OSDSubtitleSettings)</selected>
                        <onclick>Skin.ToggleSetting(OSDSubtitleSettings)</onclick>
                    </control>

                    <control type="button" id="19506" description="Close OSD Auto">
                        <visible>Integer.IsEqual(Window.Property(CurrentFocus),9005)</visible>
                        <include>Defs_Settings_Button</include>
                        <label>$LOCALIZE[31386]</label>
                        <label2>$INFO[Skin.String(SkinHelper.AutoCloseVideoOSD)]</label2>
                        <onclick condition="!String.IsEmpty(SkinHelper.AutoCloseVideoOSD)">Skin.Reset(SkinHelper.AutoCloseVideoOSD)</onclick>
                        <onclick condition="String.IsEmpty(SkinHelper.AutoCloseVideoOSD)">Skin.SetNumeric(SkinHelper.AutoCloseVideoOSD)</onclick>
                    </control>

                    <control type="label" id="19507" description="LABEL MUSIC OSD">
                        <visible>Integer.IsEqual(Window.Property(CurrentFocus),9005)</visible>
                        <include>Dialog_Standard_HintLabel</include>
                        <label>$LOCALIZE[31347]</label>
                    </control>
                    <control type="radiobutton" id="19508" description="Show Fanart">
                        <visible>Integer.IsEqual(Window.Property(CurrentFocus),9005)</visible>
                        <include>Defs_Settings_Button</include>
                        <label>31121</label>
                        <selected>Skin.HasSetting(musicvis.fanartfallback)</selected>
                        <enable>Skin.HasSetting(ArtistSlideShow.Disabled)</enable>
                        <onclick>Skin.ToggleSetting(musicvis.fanartfallback)</onclick>
                    </control>
                    <control type="radiobutton" id="19509" description="Show slideshow in background">
                        <visible>Integer.IsEqual(Window.Property(CurrentFocus),9005)</visible>
                        <include>Defs_Settings_Button</include>
                        <label>31118</label>
                        <selected>!Skin.HasSetting(ArtistSlideShow.Disabled)</selected>
                        <onclick>Skin.ToggleSetting(ArtistSlideShow.Disabled)</onclick>
                    </control>
                    <control type="radiobutton" id="19510" description="Show slideshow in background">
                        <visible>Integer.IsEqual(Window.Property(CurrentFocus),9005)</visible>
                        <include>Defs_Settings_Button</include>
                        <label>31119</label>
                        <selected>Skin.HasSetting(OSDVisualisation.ShowFanart)</selected>
                        <onclick>Skin.ToggleSetting(OSDVisualisation.ShowFanart)</onclick>
                        <enable>Skin.HasSetting(musicvis.fanartfallback) | !Skin.HasSetting(ArtistSlideShow.Disabled)</enable>
                    </control>
                    <control type="radiobutton" id="19511" description="Colour overlay">
                        <visible>Integer.IsEqual(Window.Property(CurrentFocus),9005)</visible>
                        <include>Defs_Settings_Button</include>
                        <label>$LOCALIZE[31087]</label>
                        <selected>!Skin.HasSetting(HideOSDDiffuseColors)</selected>
                        <onclick>Skin.ToggleSetting(HideOSDDiffuseColors)</onclick>
                    </control>
                    <control type="radiobutton" id="19512" description="Scrolling Text">
                        <visible>Integer.IsEqual(Window.Property(CurrentFocus),9005)</visible>
                        <include>Defs_Settings_Button</include>
                        <label>$LOCALIZE[31088]</label>
                        <selected>!Skin.HasSetting(HideOSDScrollingText)</selected>
                        <onclick>Skin.ToggleSetting(HideOSDScrollingText)</onclick>
                    </control>
                    <control type="radiobutton" id="19513" description="Video Lyrics">
                        <visible>Integer.IsEqual(Window.Property(CurrentFocus),9005)</visible>
                        <include>Defs_Settings_Button</include>
                        <label>$LOCALIZE[31377]</label>
                        <selected>!Skin.HasSetting(NormalLyrics)</selected>
                        <onclick>Skin.ToggleSetting(NormalLyrics)</onclick>
                    </control>
                    <control type="radiobutton" id="19514" description="Animate Artist slideshow">
                        <visible>Integer.IsEqual(Window.Property(CurrentFocus),9005)</visible>
                        <include>Defs_Settings_Button</include>
                        <label>31120</label>
                        <selected>Skin.HasSetting(ArtistSlideshow.Animate)</selected>
                        <onclick>Skin.ToggleSetting(ArtistSlideshow.Animate)</onclick>
                        <enable>Skin.HasSetting(musicvis.fanartfallback) | !Skin.HasSetting(ArtistSlideShow.Disabled)</enable>
                    </control>
                    
                    <control type="radiobutton" id="19515" description="Musicvideo auto info">
                        <visible>Integer.IsEqual(Window.Property(CurrentFocus),9005)</visible>
                        <include>Defs_Settings_Button</include>
                        <label>$LOCALIZE[31314]</label>
                        <selected>!Skin.HasSetting(DisableMusicVideoAutoInfo)</selected>
                        <onclick>Skin.ToggleSetting(DisableMusicVideoAutoInfo)</onclick>
                        <visible>!Skin.HasSetting(BigMusicVis)</visible>
                    </control>
                    <control type="radiobutton" id="19516" description="AutoMusicVis">
                        <visible>Integer.IsEqual(Window.Property(CurrentFocus),9005)</visible>
                        <include>Defs_Settings_Button</include>
                        <label>$LOCALIZE[31158]</label>
                        <selected>Skin.HasSetting(AutoMusicVis)</selected>
                        <onclick>Skin.ToggleSetting(AutoMusicVis)</onclick>
                    </control>
                    <control type="button" id="19517" description="Close OSD Auto">
                        <visible>Integer.IsEqual(Window.Property(CurrentFocus),9005)</visible>
                        <include>Defs_Settings_Button</include>
                        <label>$LOCALIZE[31386]</label>
                        <label2>$INFO[Skin.String(SkinHelper.AutoCloseMusicOSD)]</label2>
                        <onclick condition="!String.IsEmpty(SkinHelper.AutoCloseMusicOSD)">Skin.Reset(SkinHelper.AutoCloseMusicOSD)</onclick>
                        <onclick condition="String.IsEmpty(SkinHelper.AutoCloseMusicOSD)">Skin.SetNumeric(SkinHelper.AutoCloseMusicOSD)</onclick>
                    </control>
                    <control type="radiobutton" id="19518" description="Use short osd">
                        <visible>Integer.IsEqual(Window.Property(CurrentFocus),9005)</visible>
                        <include>Defs_Settings_Button</include>
                        <label>$LOCALIZE[31132]</label>
                        <selected>Skin.HasSetting(DisableMusicOSDClearLogo)</selected>
                        <onclick>Skin.ToggleSetting(DisableMusicOSDClearLogo)</onclick>
                    </control>
                    <control type="radiobutton" id="19519" description="Show Artist Image">
                        <visible>Integer.IsEqual(Window.Property(CurrentFocus),9005)</visible>
                        <include>Defs_Settings_Button</include>
                        <label>$LOCALIZE[31130]</label>
                        <enable>!Skin.HasSetting(DisableMusicOSDClearLogo)</enable>
                        <selected>!Skin.HasSetting(DisableMusicOSDArtistImage)</selected>
                        <onclick>Skin.ToggleSetting(DisableMusicOSDArtistImage)</onclick>
                    </control>
                    <control type="radiobutton" id="19520" description="Square Artist">
                        <visible>Integer.IsEqual(Window.Property(CurrentFocus),9005)</visible>
                        <include>Defs_Settings_Button</include>
                        <label>$LOCALIZE[31129]</label>
                        <enable>!Skin.HasSetting(DisableMusicOSDArtistImage) + !Skin.HasSetting(DisableMusicOSDClearLogo)</enable>
                        <selected>Skin.HasSetting(MusicOSDSquareArtist)</selected>
                        <onclick>Skin.ToggleSetting(MusicOSDSquareArtist)</onclick>
                    </control>
                    <!-- ============= -->
                    <!-- Live TV / PVR -->
                    <!-- ============= -->

                    <control type="label" id="19681" description="LABEL">
                        <visible>Integer.IsEqual(Window.Property(CurrentFocus),9006)</visible>
                        <include>Dialog_Standard_HintLabel</include>
                        <label>$LOCALIZE[31156]</label>
                    </control>

                    <control type="radiobutton" id="19601" description="Slim mode">
                        <visible>Integer.IsEqual(Window.Property(CurrentFocus),9006)</visible>
                        <include>Defs_Settings_Button</include>
                        <label>$LOCALIZE[31093]</label>
                        <selected>Skin.HasSetting(PVRGuide.SlimMode)</selected>
                        <onclick>Skin.ToggleSetting(PVRGuide.SlimMode)</onclick>
                    </control>

                    <control type="radiobutton" id="19602" description="Replace genre with time">
                        <visible>Integer.IsEqual(Window.Property(CurrentFocus),9006)</visible>
                        <include>Defs_Settings_Button</include>
                        <label>$LOCALIZE[31175]</label>
                        <selected>Skin.HasSetting(PVRGuide.StartEnd)</selected>
                        <enable>!Skin.HasSetting(PVRGuide.SlimMode)</enable>
                        <onclick>Skin.ToggleSetting(PVRGuide.StartEnd)</onclick>
                    </control>

                    <control type="label" id="19682" description="LABEL">
                        <visible>Integer.IsEqual(Window.Property(CurrentFocus),9006)</visible>
                        <include>Dialog_Standard_HintLabel</include>
                        <label>$LOCALIZE[31146]</label>
                    </control>

                    <control type="radiobutton" id="19611" description="Colordiffuse to icons">
                        <visible>Integer.IsEqual(Window.Property(CurrentFocus),9006)</visible>
                        <include>Defs_Settings_Button</include>
                        <label>$LOCALIZE[31094]</label>
                        <selected>Skin.HasSetting(PVRGuide.ColorDiffuse)</selected>
                        <onclick>Skin.ToggleSetting(PVRGuide.ColorDiffuse)</onclick>
                    </control>


                    <!-- ============= -->
                    <!-- Furniture -->
                    <!-- ============= -->

                    <control type="label" id="19781" description="LABEL">
                        <visible>Integer.IsEqual(Window.Property(CurrentFocus),9007)</visible>
                        <include>Dialog_Standard_HintLabel</include>
                        <label>$LOCALIZE[31147]</label>
                    </control>

                    <control type="radiobutton" id="19701" description="Header">
                        <visible>Integer.IsEqual(Window.Property(CurrentFocus),9007)</visible>
                        <include>Defs_Settings_Button</include>
                        <label>$LOCALIZE[31026]</label>
                        <selected>!Skin.HasSetting(DisableHeader)</selected>
                        <onclick>Skin.ToggleSetting(DisableHeader)</onclick>
                    </control>

                    <control type="radiobutton" id="19702" description="Center">
                        <visible>Integer.IsEqual(Window.Property(CurrentFocus),9007)</visible>
                        <include>Defs_Settings_Button</include>
                        <label>$LOCALIZE[31148]</label>
                        <selected>!Skin.HasSetting(DisableCenter)</selected>
                        <onclick>Skin.ToggleSetting(DisableCenter)</onclick>
                    </control>

                    <control type="radiobutton" id="19703" description="Clock">
                        <visible>Integer.IsEqual(Window.Property(CurrentFocus),9007)</visible>
                        <include>Defs_Settings_Button</include>
                        <label>$LOCALIZE[31149]</label>
                        <selected>!Skin.HasSetting(DisableClock)</selected>
                        <onclick>Skin.ToggleSetting(DisableClock)</onclick>
                    </control>

                    <control type="radiobutton" id="19709" description="Clearlogo">
                        <visible>Integer.IsEqual(Window.Property(CurrentFocus),9007)</visible>
                        <include>Defs_Settings_Button</include>
                        <label>$LOCALIZE[31170]</label>
                        <selected>Skin.HasSetting(EnableClearlogo)</selected>
                        <onclick>Skin.ToggleSetting(EnableClearlogo)</onclick>
                    </control>

                    <control type="label" id="19782" description="LABEL">
                        <visible>Integer.IsEqual(Window.Property(CurrentFocus),9007)</visible>
                        <include>Dialog_Standard_HintLabel</include>
                        <label>$LOCALIZE[31155]</label>
                    </control>

                    <control type="radiobutton" id="19704" description="Codecs">
                        <visible>Integer.IsEqual(Window.Property(CurrentFocus),9007)</visible>
                        <include>Defs_Settings_Button</include>
                        <label>$LOCALIZE[31025]</label>
                        <selected>!Skin.HasSetting(DisableCodecs)</selected>
                        <onclick>Skin.ToggleSetting(DisableCodecs)</onclick>
                    </control>

                    <control type="radiobutton" id="19705" description="Now Playing">
                        <visible>Integer.IsEqual(Window.Property(CurrentFocus),9007)</visible>
                        <include>Defs_Settings_Button</include>
                        <label>$LOCALIZE[31029]</label>
                        <selected>!Skin.HasSetting(DisableNowPlaying)</selected>
                        <onclick>Skin.ToggleSetting(DisableNowPlaying)</onclick>
                    </control>

                    <control type="radiobutton" id="19706" description="Languages">
                        <visible>Integer.IsEqual(Window.Property(CurrentFocus),9007)</visible>
                        <include>Defs_Settings_Button</include>
                        <label>$LOCALIZE[31151]</label>
                        <selected>Skin.HasSetting(EnableLanguages)</selected>
                        <onclick>Skin.ToggleSetting(EnableLanguages)</onclick>
                    </control>

                    <control type="radiobutton" id="19798" description="Minimal Busy Loader">
                        <visible>Integer.IsEqual(Window.Property(CurrentFocus),9007)</visible>
                        <include>Defs_Settings_Button</include>
                        <label>$LOCALIZE[31108]</label>
                        <selected>Skin.HasSetting(MinimalBusyLoader)</selected>
                        <onclick>Skin.ToggleSetting(MinimalBusyLoader)</onclick>
                    </control>

                    
                    <!-- ============ -->
                    <!-- Dependencies -->
                    <!-- ============ -->

                    <control type="label" id="19881" description="LABEL">
                        <visible>Integer.IsEqual(Window.Property(CurrentFocus),9008)</visible>
                        <include>Dialog_Standard_HintLabel</include>
                        <label>$LOCALIZE[31161]</label>
                    </control>

                    <control type="radiobutton" id="19801">
                        <visible>Integer.IsEqual(Window.Property(CurrentFocus),9008)</visible>
                        <label>script.skin.helper.service</label>
                        <label2>$INFO[System.AddonVersion(script.skin.helper.service)]        </label2>
                        <onclick>Addon.OpenSettings(script.skin.helper.service)</onclick>
                        <onclick condition="!System.HasAddon(script.skin.helper.service)">InstallAddon(script.skin.helper.service)</onclick>
                        <selected>System.HasAddon(script.skin.helper.service)</selected>
                        <include>Defs_Settings_Button</include>
                    </control>
                    <control type="radiobutton" id="19802">
                        <visible>Integer.IsEqual(Window.Property(CurrentFocus),9008)</visible>
                        <label>script.skin.helper.widgets</label>
                        <label2>$INFO[System.AddonVersion(script.skin.helper.widgets)]        </label2>
                        <onclick>Addon.OpenSettings(script.skin.helper.widgets)</onclick>
                        <onclick condition="!System.HasAddon(script.skin.helper.widgets)">InstallAddon(script.skin.helper.widgets)</onclick>
                        <selected>System.HasAddon(script.skin.helper.widgets)</selected>
                        <include>Defs_Settings_Button</include>
                    </control>
                    <control type="radiobutton" id="19803">
                        <visible>Integer.IsEqual(Window.Property(CurrentFocus),9008)</visible>
                        <label>script.skin.helper.colorpicker</label>
                        <label2>$INFO[System.AddonVersion(script.skin.helper.colorpicker)]        </label2>
                        <onclick>Addon.OpenSettings(script.skin.helper.colorpicker)</onclick>
                        <onclick condition="!System.HasAddon(script.skin.helper.colorpicker)">InstallAddon(script.skin.helper.colorpicker)</onclick>
                        <selected>System.HasAddon(script.skin.helper.colorpicker)</selected>
                        <include>Defs_Settings_Button</include>
                    </control>
                    <control type="radiobutton" id="19804">
                        <visible>Integer.IsEqual(Window.Property(CurrentFocus),9008)</visible>
                        <label>script.skin.helper.skinbackup</label>
                        <label2>$INFO[System.AddonVersion(script.skin.helper.skinbackup)]        </label2>
                        <onclick>Addon.OpenSettings(script.skin.helper.skinbackup)</onclick>
                        <onclick condition="!System.HasAddon(script.skin.helper.skinbackup)">InstallAddon(script.skin.helper.skinbackup)</onclick>
                        <selected>System.HasAddon(script.skin.helper.skinbackup)</selected>
                        <include>Defs_Settings_Button</include>
                    </control>
                    <control type="radiobutton" id="19805">
                        <visible>Integer.IsEqual(Window.Property(CurrentFocus),9008)</visible>
                        <label>script.module.metadatautils</label>
                        <label2>$INFO[System.AddonVersion(script.module.metadatautils)]        </label2>
                        <onclick>Addon.OpenSettings(script.module.metadatautils)</onclick>
                        <onclick condition="!System.HasAddon(script.module.metadatautils)">InstallAddon(script.module.metadatautils)</onclick>
                        <selected>System.HasAddon(script.module.metadatautils)</selected>
                        <include>Defs_Settings_Button</include>
                    </control>
                    <control type="radiobutton" id="19806">
                        <visible>Integer.IsEqual(Window.Property(CurrentFocus),9008)</visible>
                        <label>plugin.video.specialfeatures</label>
                        <label2>$INFO[System.AddonVersion(plugin.video.specialfeatures)]        </label2>
                        <onclick>Addon.OpenSettings(plugin.video.specialfeatures)</onclick>
                        <onclick condition="!System.HasAddon(plugin.video.specialfeatures)">InstallAddon(plugin.video.specialfeatures)</onclick>
                        <selected>System.HasAddon(plugin.video.specialfeatures)</selected>
                        <include>Defs_Settings_Button</include>
                    </control>
                    <control type="radiobutton" id="19807">
                        <visible>Integer.IsEqual(Window.Property(CurrentFocus),9008)</visible>
                        <label>script.toolbox</label>
                        <label2>$INFO[System.AddonVersion(script.toolbox)]        </label2>
                        <onclick>Addon.OpenSettings(script.toolbox)</onclick>
                        <onclick condition="!System.HasAddon(script.toolbox)">InstallAddon(script.toolbox)</onclick>
                        <selected>System.HasAddon(script.toolbox)</selected>
                        <include>Defs_Settings_Button</include>
                    </control>
                    <control type="radiobutton" id="19808">
                        <visible>Integer.IsEqual(Window.Property(CurrentFocus),9008)</visible>
                        <label>script.colorbox</label>
                        <label2>$INFO[System.AddonVersion(script.colorbox)]        </label2>
                        <onclick>Addon.OpenSettings(script.colorbox)</onclick>
                        <onclick condition="!System.HasAddon(script.colorbox)">InstallAddon(script.colorbox)</onclick>
                        <selected>System.HasAddon(script.colorbox)</selected>
                        <include>Defs_Settings_Button</include>
                    </control>
                    <control type="radiobutton" id="19809">
                        <visible>Integer.IsEqual(Window.Property(CurrentFocus),9008)</visible>
                        <label>script.extendedinfo</label>
                        <label2>$INFO[System.AddonVersion(script.extendedinfo)]        </label2>
                        <onclick>Addon.OpenSettings(script.extendedinfo)</onclick>
                        <onclick condition="!System.HasAddon(script.extendedinfo)">InstallAddon(script.extendedinfo)</onclick>
                        <selected>System.HasAddon(script.extendedinfo)</selected>
                        <include>Defs_Settings_Button</include>
                    </control>
                    <control type="radiobutton" id="19810">
                        <visible>Integer.IsEqual(Window.Property(CurrentFocus),9008)</visible>
                        <label>script.skinshortcuts</label>
                        <label2>$INFO[System.AddonVersion(script.skinshortcuts)]        </label2>
                        <onclick>Addon.OpenSettings(script.skinshortcuts)</onclick>
                        <onclick condition="!System.HasAddon(script.skinshortcuts)">InstallAddon(script.skinshortcuts)</onclick>
                        <selected>System.HasAddon(script.skinshortcuts)</selected>
                        <include>Defs_Settings_Button</include>
                    </control>
                    <!-- <control type="radiobutton" id="19811">
                        <visible>Integer.IsEqual(Window.Property(CurrentFocus),9008)</visible>
                        <label>script.cu.lrclyrics</label>
                        <label2>$INFO[System.AddonVersion(script.cu.lrclyrics)]        </label2>
                        <onclick>Addon.OpenSettings(script.cu.lrclyrics)</onclick>
                        <onclick condition="!System.HasAddon(script.cu.lrclyrics)">InstallAddon(script.cu.lrclyrics)</onclick>
                        <selected>System.HasAddon(script.cu.lrclyrics)</selected>
                        <include>Defs_Settings_Button</include>
                    </control> -->
                    <control type="radiobutton" id="19812">
                        <visible>Integer.IsEqual(Window.Property(CurrentFocus),9008)</visible>
                        <label>script.artistslideshow</label>
                        <label2>$INFO[System.AddonVersion(script.artistslideshow)]        </label2>
                        <onclick>Addon.OpenSettings(script.artistslideshow)</onclick>
                        <onclick condition="!System.HasAddon(script.artistslideshow)">InstallAddon(script.artistslideshow)</onclick>
                        <selected>System.HasAddon(script.artistslideshow)</selected>
                        <include>Defs_Settings_Button</include>
                    </control>
                    <!-- <control type="radiobutton" id="19813">
                        <visible>Integer.IsEqual(Window.Property(CurrentFocus),9008)</visible>
                        <label>script.globalsearch</label>
                        <label2>$INFO[System.AddonVersion(script.globalsearch)]        </label2>
                        <onclick>Addon.OpenSettings(script.globalsearch)</onclick>
                        <onclick condition="!System.HasAddon(script.globalsearch)">InstallAddon(script.globalsearch)</onclick>
                        <selected>System.HasAddon(script.globalsearch)</selected>
                        <include>Defs_Settings_Button</include>
                    </control> -->
                    <control type="radiobutton" id="19814">
                        <visible>Integer.IsEqual(Window.Property(CurrentFocus),9008)</visible>
                        <label>script.tv.show.next.aired</label>
                        <label2>$INFO[System.AddonVersion(script.tv.show.next.aired)]        </label2>
                        <onclick>Addon.OpenSettings(script.tv.show.next.aired)</onclick>
                        <onclick condition="!System.HasAddon(script.tv.show.next.aired)">InstallAddon(script.tv.show.next.aired)</onclick>
                        <selected>System.HasAddon(script.tv.show.next.aired)</selected>
                        <include>Defs_Settings_Button</include>
                    </control>
                    <control type="radiobutton" id="19815">
                        <visible>Integer.IsEqual(Window.Property(CurrentFocus),9008)</visible>
                        <label>plugin.program.autocompletion</label>
                        <label2>$INFO[System.AddonVersion(plugin.program.autocompletion)]        </label2>
                        <onclick>Addon.OpenSettings(plugin.program.autocompletion)</onclick>
                        <onclick condition="!System.HasAddon(plugin.program.autocompletion)">InstallAddon(plugin.program.autocompletion)</onclick>
                        <selected>System.HasAddon(plugin.program.autocompletion)</selected>
                        <include>Defs_Settings_Button</include>
                    </control>
                    <control type="radiobutton" id="19816">
                        <visible>Integer.IsEqual(Window.Property(CurrentFocus),9008)</visible>
                        <label>resource.images.studios.white</label>
                        <label2>$INFO[System.AddonVersion(resource.images.studios.white)]        </label2>
                        <onclick>Addon.OpenSettings(resource.images.studios.white)</onclick>
                        <onclick condition="!System.HasAddon(resource.images.studios.white)">InstallAddon(resource.images.studios.white)</onclick>
                        <selected>System.HasAddon(resource.images.studios.white)</selected>
                        <include>Defs_Settings_Button</include>
                    </control>
                    <control type="radiobutton" id="19817">
                        <visible>Integer.IsEqual(Window.Property(CurrentFocus),9008)</visible>
                        <label>resource.images.moviecountryicons.maps</label>
                        <label2>$INFO[System.AddonVersion(resource.images.moviecountryicons.maps)]        </label2>
                        <onclick>Addon.OpenSettings(resource.images.moviecountryicons.maps)</onclick>
                        <onclick condition="!System.HasAddon(resource.images.moviecountryicons.maps)">InstallAddon(resource.images.moviecountryicons.maps)</onclick>
                        <selected>System.HasAddon(resource.images.moviecountryicons.maps)</selected>
                        <include>Defs_Settings_Button</include>
                    </control>
                    <control type="radiobutton" id="19818">
                        <visible>Integer.IsEqual(Window.Property(CurrentFocus),9008)</visible>
                        <label>resource.images.moviegenreicons.transparent</label>
                        <label2>$INFO[System.AddonVersion(resource.images.moviegenreicons.transparent)]        </label2>
                        <onclick>Addon.OpenSettings(resource.images.moviegenreicons.transparent)</onclick>
                        <onclick condition="!System.HasAddon(resource.images.moviegenreicons.transparent)">InstallAddon(resource.images.moviegenreicons.transparent)</onclick>
                        <selected>System.HasAddon(resource.images.moviegenreicons.transparent)</selected>
                        <include>Defs_Settings_Button</include>
                    </control>
                    <control type="radiobutton" id="19819">
                        <visible>Integer.IsEqual(Window.Property(CurrentFocus),9008)</visible>
                        <label>resource.images.weatherfanart.multi</label>
                        <label2>$INFO[System.AddonVersion(resource.images.weatherfanart.multi)]        </label2>
                        <onclick>Addon.OpenSettings(resource.images.weatherfanart.multi)</onclick>
                        <onclick condition="!System.HasAddon(resource.images.weatherfanart.multi)">InstallAddon(resource.images.weatherfanart.multi)</onclick>
                        <selected>System.HasAddon(resource.images.weatherfanart.multi)</selected>
                        <include>Defs_Settings_Button</include>
                    </control>
                    <control type="radiobutton" id="19820">
                        <visible>Integer.IsEqual(Window.Property(CurrentFocus),9008)</visible>
                        <label>resource.images.weathericons.outline-hd</label>
                        <label2>$INFO[System.AddonVersion(resource.images.weathericons.outline-hd)]        </label2>
                        <onclick>Addon.OpenSettings(resource.images.weathericons.outline-hd)</onclick>
                        <onclick condition="!System.HasAddon(resource.images.weathericons.outline-hd)">InstallAddon(resource.images.weathericons.outline-hd)</onclick>
                        <selected>System.HasAddon(resource.images.weathericons.outline-hd)</selected>
                        <include>Defs_Settings_Button</include>
                    </control>
                    <control type="radiobutton" id="19821">
                        <visible>Integer.IsEqual(Window.Property(CurrentFocus),9008)</visible>
                        <label>resource.images.weathericons.white</label>
                        <label2>$INFO[System.AddonVersion(resource.images.weathericons.white)]        </label2>
                        <onclick>Addon.OpenSettings(resource.images.weathericons.white)</onclick>
                        <onclick condition="!System.HasAddon(resource.images.weathericons.white)">InstallAddon(resource.images.weathericons.white)</onclick>
                        <selected>System.HasAddon(resource.images.weathericons.white)</selected>
                        <include>Defs_Settings_Button</include>
                    </control>
                    <control type="radiobutton" id="19822">
                        <visible>Integer.IsEqual(Window.Property(CurrentFocus),9008)</visible>
                        <label>script.artwork.beef</label>
                        <label2>$INFO[System.AddonVersion(script.artwork.beef)]        </label2>
                        <onclick>Addon.OpenSettings(script.artwork.beef)</onclick>
                        <onclick condition="!System.HasAddon(script.artwork.beef)">InstallAddon(script.artwork.beef)</onclick>
                        <selected>System.HasAddon(script.artwork.beef)</selected>
                        <include>Defs_Settings_Button</include>
                    </control>
                    <control type="radiobutton" id="19823">
                        <visible>Integer.IsEqual(Window.Property(CurrentFocus),9008)</visible>
                        <label>script.artwork.helper</label>
                        <label2>$INFO[System.AddonVersion(script.artwork.helper)]        </label2>
                        <onclick>Addon.OpenSettings(script.artwork.helper)</onclick>
                        <onclick condition="!System.HasAddon(script.artwork.helper)">InstallAddon(script.artwork.helper)</onclick>
                        <selected>System.HasAddon(script.artwork.helper)</selected>
                        <include>Defs_Settings_Button</include>
                    </control>

                    <!-- ================ -->
                    <!-- Backup / Restore -->
                    <!-- ================ -->
                    <control type="label" id="19981" description="LABEL">
                        <visible>Integer.IsEqual(Window.Property(CurrentFocus),9009)</visible>
                        <include>Dialog_Standard_HintLabel</include>
                        <label>$LOCALIZE[31162]</label>
                    </control>
                    <control type="button" id="19901" description="Backup">
                        <visible>Integer.IsEqual(Window.Property(CurrentFocus),9009)</visible>
                        <include>Defs_Settings_Button</include>
                        <label>$LOCALIZE[31031]</label>
                        <onclick>RunScript(script.skin.helper.skinbackup,action=backup)</onclick>
                    </control>
                    <control type="button" id="19902" description="Restore">
                        <visible>Integer.IsEqual(Window.Property(CurrentFocus),9009)</visible>
                        <include>Defs_Settings_Button</include>
                        <label>$LOCALIZE[31032]</label>
                        <onclick>RunScript(script.skin.helper.skinbackup,action=restore)</onclick>
                    </control>
                    <control type="button" id="19903" description="Backup Restore Settings">
                        <visible>Integer.IsEqual(Window.Property(CurrentFocus),9009)</visible>
                        <include>Defs_Settings_Button</include>
                        <label>$LOCALIZE[31034]</label>
                        <onclick>Addon.OpenSettings(script.skin.helper.skinbackup)</onclick>
                        <onclick condition="!System.HasAddon(script.skin.helper.skinbackup)">InstallAddon(script.skin.helper.skinbackup)</onclick>
                        
                    </control>
                    <control type="button" id="19904" description="Reset">
                        <visible>Integer.IsEqual(Window.Property(CurrentFocus),9009)</visible>
                        <include>Defs_Settings_Button</include>
                        <label>$LOCALIZE[31028]</label>
                        <onclick>Skin.ResetSettings</onclick>
                        <onclick>ClearProperty(SkinInitStarted,Home)</onclick>
                        <onclick>RunScript(script.skinshortcuts,type=resetall)</onclick>
                    </control>
                </control>

                <include content="Dialog_Separator">
                    <param name="top" value="39" />
                    <param name="bottom" value="39" />
                </include>
                <include content="Dialog_Separator">
                    <param name="top" value="39" />
                    <param name="bottom" value="39" />
                    <param name="left" value="0" />
                </include>
            </control>

            

        </control>

    </controls>
</window>
