<?xml version="1.0" encoding="UTF-8"?>
<window type="dialog">
    <menucontrol>9000</menucontrol>
    <defaultcontrol>9000</defaultcontrol>

    <controls>
        <!-- <include content="Object_Hidden_List">
            <param name="id">50</param>
            <orientation>vertical</orientation>
            <onright>9000</onright>
            <onback>9000</onback>
        </include> -->

        <include>Dialog_Dim_Overlay</include>

        <control type="group">
            <include>Dimension_DialogMainMenu</include>
            <include>Animation_Right_Delay</include>

            <include content="Dialog_Foreground_Side">
                <param name="dialog_size">Dimension_DialogMainMenu</param>
                <param name="topline">false</param>
                <param name="subline">false</param>
            </include>

            <control type="group">
                <right>dialog_panelgroup_w</right>
                <!-- Header -->
                <include content="Dialog_Head">
                    <param name="label">$INFO[ListItem.Label]</param>
                </include>
                <include>Dialog_Head_CloseButton</include>

                <!-- Content -->
                <control type="group">
                    <include>Dimension_Dialog_Body</include>
                    <control type="group">
                        <include>Dimension_Dialog_Body_Group</include>
                        <include>DialogInfo_PlotBox_Artwork</include>
                        <include content="Dialog_Outline_InnerBox">
                            <left>420</left>
                            <top>-20</top>
                            <bottom>-20</bottom>
                            <right>20</right>
                        </include>
                        <control type="grouplist">
                            <top>20</top>
                            <right>60</right>
                            <bottom>20</bottom>
                            <left>460</left>
                            <orientation>vertical</orientation>
                            <itemgap>20</itemgap>
                            <control type="label">
                                <font>font_midi_bold</font>
                                <height>40</height>
                                <textcolor>main_fg_90</textcolor>
                                <label>$LOCALIZE[20037]</label>
                            </control>
                            <control type="label">
                                <font>font_midi_plot</font>
                                <height>40</height>
                                <label fallback="19055">$INFO[ListItem.AddonSummary]</label>
                            </control>

                            <control type="group">
                                <height>40</height>
                                <control type="image">
                                    <left>8</left>
                                    <height>48</height>
                                    <width>48</width>
                                    <texture colordiffuse="dialog_fg_90">special://skin/extras/icons/id-card.png</texture>
                                    <centertop>50%</centertop>
                                </control>
                                <control type="label">
                                    <left>60</left>
                                    <font>font_midi</font>
                                    <label>$INFO[ListItem.AddonCreator]</label>
                                </control>
                            </control>

                            <control type="group">
                                <height>40</height>
                                <control type="image">
                                    <left>8</left>
                                    <height>48</height>
                                    <width>48</width>
                                    <texture colordiffuse="dialog_fg_90">special://skin/extras/icons/tag.png</texture>
                                    <centertop>50%</centertop>
                                </control>
                                <control type="label">
                                    <left>60</left>
                                    <font>font_midi</font>
                                    <label>$INFO[ListItem.AddonType]</label>
                                </control>
                            </control>

                            <control type="group">
                                <height>40</height>
                                <control type="image">
                                    <left>8</left>
                                    <height>48</height>
                                    <width>48</width>
                                    <texture colordiffuse="dialog_fg_90">special://skin/extras/icons/code-branch.png</texture>
                                    <centertop>50%</centertop>
                                </control>
                                <control type="label">
                                    <left>60</left>
                                    <font>font_midi</font>
                                    <label>$INFO[ListItem.AddonVersion,v,]</label>
                                </control>
                            </control>

                            <control type="group">
                                <height>40</height>
                                <control type="image">
                                    <left>8</left>
                                    <height>48</height>
                                    <width>48</width>
                                    <texture colordiffuse="dialog_fg_90">special://skin/extras/icons/clock-rotate-left.png</texture>
                                    <centertop>50%</centertop>
                                </control>
                                <control type="label">
                                    <left>60</left>
                                    <font>font_midi</font>
                                    <label>$VAR[Label_AddonInfo_LastUpdated]</label>
                                </control>
                            </control>

                            <control type="textbox">
                                <top>40</top>
                                <font>font_midi_plot</font>
                                <height>360</height>
                                <autoscroll>false</autoscroll>
                                <pagecontrol>61</pagecontrol>
                                <label fallback="19055">$INFO[ListItem.AddonDescription,[B][COLOR=dialog_fg_90]$LOCALIZE[21821][/B][/COLOR][CR],[CR][CR]]$INFO[ListItem.AddonDisclaimer,[B][COLOR=dialog_fg_90]$LOCALIZE[24052][/B][/COLOR][CR],[CR][CR]]$INFO[ListItem.AddonNews,[B][COLOR=dialog_fg_90]$LOCALIZE[29916][/B][/COLOR][CR],]</label>
                            </control>

                        </control>
                    </control>
                </control>
            </control>

            <control type="group">
                <include>Dialog_Side_Panel_Group_Def</include>
                <control type="group">
                    <include>Dimension_Dialog_Body</include>
                    <control type="grouplist" id="9000">
                        <include>Dialog_Side_Expanded_Grouplist_Def</include>
                        <onright>61</onright>
                        <include>Items_DialogAddonInfo_MenuBar</include>
                    </control>
                </control>
            </control>

            <control type="group">
                <include>Dimension_Dialog_Body</include>
                <include content="Dialog_Scrollbar">
                    <param name="id">61</param>
                    <onleft>9000</onleft>
                </include>
            </control>
        </control>
    </controls>
</window>