{
    "prefix": "Exp_View",
    "viewtypes": {
        "50":   "Square Row",
        "500":  "Square Wall",
        "501":  "Square List",
        "502":  "Square Combined",
        "507":  "Square Infolist",
        "51":   "Landscape Row",
        "510":  "Landscape Wall",
        "511":  "Landscape List",
        "512":  "Landscape Combined",
        "517":  "Landscape Infolist",
        "52":   "Poster Row",
        "520":  "Poster Wall",
        "522":  "Poster Combined",
        "540":  "Tags",
        "57":   "Big Landscape Row",
        "570":  "Big Landscape Wall",
        "572":  "Big Landscape Combined",
        "58":   "Big Poster Row",
        "580":  "Big Poster Wall"
    },
    "icons": {

    },
    "rules": {
        "images": {
            "rule": "Container.Content(images)",
            "viewtypes": ["50", "500", "501", "507", "51", "510", "511", "517", "57", "570"],
            "library": "51",
            "plugins": "51"
        },
        "videos": {
            "rule": "Container.Content(videos)",
            "viewtypes": ["51", "510", "511", "517", "57", "570"],
            "library": "51",
            "plugins": "51"
        },
        "movies": {
            "rule": "Container.Content(movies)",
            "viewtypes": ["51", "510", "511", "517", "57", "570", "52", "520", "58", "580"],
            "library": "52",
            "plugins": "52"
        },
        "sets": {
            "rule": "Container.Content(sets)",
            "viewtypes": ["51", "510", "512", "511", "517", "57", "570", "572", "52", "520", "58", "580", "522"],
            "library": "52",
            "plugins": "52"
        },
        "tvshows": {
            "rule": "Container.Content(tvshows)",
            "viewtypes": ["51", "510", "512", "511", "517", "57", "570", "572", "52", "520", "58",  "580", "522"],
            "library": "52",
            "plugins": "52"
        },
        "seasons": {
            "rule": "Container.Content(seasons)",
            "viewtypes": ["512", "511", "517", "57", "570", "572", "52", "520", "58",  "580"],
            "library": "512",
            "plugins": "512"
        },
        "episodes": {
            "rule": "Container.Content(episodes)",
            "viewtypes": ["51", "510", "511", "517", "57", "570"],
            "library": "51",
            "plugins": "51"
        },
        "genres": {
            "rule": "Container.Content(genres)",
            "viewtypes": ["50", "501", "512", "522", "540"],
            "library": "540",
            "plugins": "540"
        },
        "years": {
            "rule": "Container.Content(years)",
            "viewtypes": ["50", "501", "512", "522", "540"],
            "library": "540",
            "plugins": "540"
        },
        "studios": {
            "rule": "Container.Content(studios)",
            "viewtypes": ["50", "501", "512", "522", "540"],
            "library": "540",
            "plugins": "540"
        },
        "directors": {
            "rule": "Container.Content(directors)",
            "viewtypes": ["50", "501", "512", "522", "540"],
            "library": "540",
            "plugins": "540"
        },
        "countries": {
            "rule": "Container.Content(countries)",
            "viewtypes": ["50", "501", "512", "522", "540"],
            "library": "540",
            "plugins": "540"
        },
        "tags": {
            "rule": "Container.Content(tags)",
            "viewtypes": ["50", "501", "512", "522", "540"],
            "library": "540",
            "plugins": "540"
        },
        "roles": {
            "rule": "Container.Content(roles)",
            "viewtypes": ["50", "502", "501", "512", "540"],
            "library": "540",
            "plugins": "540"
        },
        "actors": {
            "rule": "Container.Content(actors)",
            "viewtypes": ["501", "512", "52", "520", "58", "580", "522", "540"],
            "library": "52",
            "plugins": "52"
        },
        "playlists": {
            "rule": "Container.Content(playlists)",
            "viewtypes": ["50", "501", "540"],
            "library": "540",
            "plugins": "540"
        },
        "artists": {
            "rule": "Container.Content(artists)",
            "viewtypes": ["50", "500", "502", "501", "507", "51", "510", "511", "517", "57", "570", "572", "540"],
            "library": "50",
            "plugins": "50"
        },
        "albums": {
            "rule": "Container.Content(albums)",
            "viewtypes": ["50", "500", "501", "507", "517", "540"],
            "library": "50",
            "plugins": "50"
        },
        "songs": {
            "rule": "Container.Content(songs)",
            "viewtypes": ["501", "511"],
            "library": "501",
            "plugins": "501"
        },
        "files": {
            "rule": "Container.Content(files)",
            "viewtypes": ["50", "501", "540"],
            "library": "540",
            "plugins": "540"
        },
        "sources": {
            "rule": "Container.Content(sources)",
            "viewtypes": ["50", "501", "540"],
            "library": "540",
            "plugins": "540"
        },
        "addons": {
            "rule": "Container.Content(addons)",
            "viewtypes": ["50", "500", "501", "507", "51", "510", "511", "517", "57", "570", "572", "540"],
            "library": "50",
            "plugins": "50"
        },
        "none": {
            "rule": "Container.Content()",
            "viewtypes": ["50", "500", "502", "501", "511", "540"],
            "library": "50",
            "plugins": "50"
        }

    }
}