<?xml version="1.0" encoding="UTF-8"?>
<includes>

    <!-- ================== -->
    <!-- Landscape => Board -->
    <!-- ================== -->
    <include name="List_Landscape_Row">
        <param name="item_w">view_board_item_w</param>
        <param name="item_h">view_poster_item_h</param>
        <param name="itemlayout_w">view_board_itemlayout_w</param>
        <param name="itemlayout_h">view_poster_itemlayout_h</param>
        <definition>
            <include content="List_Core">
                <param name="orientation">horizontal</param>
                <param name="control">fixedlist</param>
                <param name="id">$PARAM[id]</param>
                <param name="item_w">$PARAM[item_w]</param>
                <param name="item_h">$PARAM[item_h]</param>
                <param name="itemlayout_w">$PARAM[itemlayout_w]</param>
                <param name="itemlayout_h">$PARAM[itemlayout_h]</param>
                <param name="itemlayout_include">Layout_Landscape</param>
                <param name="diffuse">diffuse/landscape_w520_h294.png</param>
                <param name="detailed">true</param>
                <param name="icon">$PARAM[icon]</param>
                <param name="textcolor">$PARAM[textcolor]</param>
                <param name="offset_x">$PARAM[offset_x]</param>
                <param name="offset_y">$PARAM[offset_y]</param>
                <param name="shadow_colordiffuse">$PARAM[shadow_colordiffuse]</param>
                <param name="hidden_button_enabled">$PARAM[hidden_button_enabled]</param>
                <param name="hidden_button">$PARAM[hidden_button]</param>
                <param name="variation">[!Skin.HasSetting(Views.Board.DisableLandscapeText)]</param>
                <nested />
                <include>List_Board_Row_Movement</include>
            </include>
        </definition>
    </include>
    <!-- Transition -->
    <include name="Transitions_List_Landscape_Row">
        <param name="visible">$EXP[Exp_InfoDialogs]</param>
        <definition>
            <include content="Transitions_List_Row">
                <param name="visible">$PARAM[visible]</param>
                <param name="id">$PARAM[id]</param>
                <param name="content">Layout_Landscape</param>
                <param name="icon_base_var">Image_Landscape</param>
                <param name="item_w">view_board_item_w</param>
                <param name="item_h">view_poster_item_h</param>
                <param name="prefix">transition_board</param>
                <param name="detailed">true</param>
                <param name="variation">[!Skin.HasSetting(Views.Board.DisableLandscapeText)]</param>
                <param name="diffuse">diffuse/landscape_w520_h294.png</param>
                <param name="affix">_LIP$PARAM[affix]</param>
                <param name="positional_listitem">ListItemPosition</param>
                <param name="conditional_listitem">ListItemPosition</param>
                <param name="item_count">3</param>
            </include>
        </definition>
    </include>

    <!-- ================= -->
    <!-- Apps => Landscape -->
    <!-- ================= -->
    <include name="List_Apps_Row">
        <param name="item_w">view_landscape_item_w</param>
        <param name="item_h">view_landscape_item_h</param>
        <param name="itemlayout_w">view_landscape_itemlayout_w</param>
        <param name="itemlayout_h">view_landscape_itemlayout_h</param>
        <definition>
            <include content="List_Core">
                <param name="orientation">horizontal</param>
                <param name="control">fixedlist</param>
                <param name="id">$PARAM[id]</param>
                <param name="item_w">$PARAM[item_w]</param>
                <param name="item_h">$PARAM[item_h]</param>
                <param name="itemlayout_w">$PARAM[itemlayout_w]</param>
                <param name="itemlayout_h">$PARAM[itemlayout_h]</param>
                <param name="itemlayout_include">Layout_Landscape</param>
                <param name="detailed">true</param>
                <param name="icon">$PARAM[icon]</param>
                <param name="textcolor">$PARAM[textcolor]</param>
                <param name="offset_x">$PARAM[offset_x]</param>
                <param name="offset_y">$PARAM[offset_y]</param>
                <param name="shadow_colordiffuse">$PARAM[shadow_colordiffuse]</param>
                <param name="hidden_button_enabled">$PARAM[hidden_button_enabled]</param>
                <param name="hidden_button">$PARAM[hidden_button]</param>
                <param name="variation">[!Skin.HasSetting(Views.Board.DisableAppsText)]</param>
                <nested />
                <include>List_Board_Row_Movement</include>
            </include>
        </definition>
    </include>

    <!-- =================== -->
    <!-- Square => BigSquare -->
    <!-- =================== -->
    <include name="List_Square_Row">
        <param name="item_w">view_poster_item_h</param>
        <param name="item_h">view_poster_item_h</param>
        <param name="itemlayout_w">336</param>
        <param name="itemlayout_h">view_poster_itemlayout_h</param>
        <param name="orientation">horizontal</param>
        <param name="use_movement">true</param>
        <definition>
            <include content="List_Core">
                <param name="orientation">$PARAM[orientation]</param>
                <param name="control">fixedlist</param>
                <param name="id">$PARAM[id]</param>
                <param name="item_w">$PARAM[item_w]</param>
                <param name="item_h">$PARAM[item_h]</param>
                <param name="itemlayout_w">$PARAM[itemlayout_w]</param>
                <param name="itemlayout_h">$PARAM[itemlayout_h]</param>
                <param name="offset_x">$PARAM[offset_x]</param>
                <param name="offset_y">$PARAM[offset_y]</param>
                <param name="itemlayout_include">Layout_Square</param>
                <param name="diffuse">diffuse/square_w294_h294.png</param>
                <param name="hidden_button_enabled">$PARAM[hidden_button_enabled]</param>
                <param name="hidden_button">$PARAM[hidden_button]</param>
                <param name="detailed">true</param>
                <param name="variation">[!Skin.HasSetting(Views.Board.DisableSquareText)]</param>
                <include condition="$PARAM[use_movement]">List_Card_Row_Movement</include>
                <nested />
            </include>
        </definition>
    </include>
    <!-- Transition -->
    <include name="Transitions_List_Square_Row">
        <param name="visible">$EXP[Exp_InfoDialogs]</param>
        <definition>
            <include content="Transitions_List_Row">
                <param name="visible">$PARAM[visible]</param>
                <param name="id">$PARAM[id]</param>
                <param name="content">Layout_Square</param>
                <param name="icon_base_var">Image_Icon</param>
                <param name="item_w">view_poster_item_h</param>
                <param name="item_h">view_poster_item_h</param>
                <param name="prefix">transition_boardsquare</param>
                <param name="diffuse">diffuse/square_w294_h294.png</param>
                <param name="detailed">true</param>
                <param name="variation">[!Skin.HasSetting(Views.Board.DisableSquareText)]</param>
                <param name="affix">_LIP$PARAM[affix]</param>
                <param name="positional_listitem">ListItemPosition</param>
                <param name="conditional_listitem">ListItemPosition</param>
                <param name="item_count">5</param>
            </include>
        </definition>
    </include>

    <!-- ============== -->
    <!-- Icon => Square -->
    <!-- ============== -->
    <include name="List_Icon_Row">
        <param name="item_w">view_poster_item_w</param>
        <param name="item_h">view_poster_item_w</param>
        <param name="itemlayout_w">view_poster_itemlayout_w</param>
        <param name="itemlayout_h">view_landscape_itemlayout_h</param>
        <param name="orientation">horizontal</param>
        <param name="use_movement">true</param>
        <definition>
            <include content="List_Core">
                <param name="orientation">$PARAM[orientation]</param>
                <param name="control">fixedlist</param>
                <param name="id">$PARAM[id]</param>
                <param name="item_w">$PARAM[item_w]</param>
                <param name="item_h">$PARAM[item_h]</param>
                <param name="itemlayout_w">$PARAM[itemlayout_w]</param>
                <param name="itemlayout_h">$PARAM[itemlayout_h]</param>
                <param name="offset_x">$PARAM[offset_x]</param>
                <param name="offset_y">$PARAM[offset_y]</param>
                <param name="itemlayout_include">Layout_Square</param>
                <param name="hidden_button_enabled">$PARAM[hidden_button_enabled]</param>
                <param name="hidden_button">$PARAM[hidden_button]</param>
                <param name="detailed">true</param>
                <param name="diffuse">diffuse/square_w170_h170.png</param>
                <param name="variation">[!Skin.HasSetting(Views.Board.DisableIconText)]</param>
                <param name="misc">-40</param>
                <include condition="$PARAM[use_movement]">List_Poster_Row_Movement</include>
                <nested />
            </include>
        </definition>
    </include>

</includes>