<?xml version="1.0" encoding="UTF-8"?>
<includes>

    <expression name="Exp_AlphabetTypes_Only">[String.IsEqual(Container.SortMethod,$LOCALIZE[551]) | String.IsEqual(Container.SortMethod,$LOCALIZE[556]) | String.IsEqual(Container.SortMethod,$LOCALIZE[561]) | String.IsEqual(Container.SortMethod,$LOCALIZE[557]) | String.IsEqual(Container.SortMethod,$LOCALIZE[558])]</expression>

    <expression name="Exp_AlphabetVisible">[Control.HasFocus(60) + $EXP[Exp_AlphabetTypes_Only] + !Skin.HasSetting(DisableAlphabetScrollbar)]</expression>

    <expression name="Exp_ContextMenu_HasPoster">[!String.IsEmpty(Window(Home).Property(ContextMenu.Poster)) | [!String.IsEmpty(Window(Home).Property(TMDbHelper.ListItem.Poster)) + [String.IsEqual(Window(Home).Property(TMDbHelper.ListItem.Label),Window(Home).Property(ContextMenu.Label)) | String.IsEqual(Window(Home).Property(TMDbHelper.ListItem.Title),Window(Home).Property(ContextMenu.Title))]]]</expression>

    <expression name="Exp_ContextMenu_QuickBar">[String.IsEqual(Window(Home).Property(ContextMenu.DBType),movie) | String.IsEqual(Window(Home).Property(ContextMenu.DBType),tvshow) | String.IsEqual(Window(Home).Property(ContextMenu.DBType),season) | String.IsEqual(Window(Home).Property(ContextMenu.DBType),episode) | String.IsEqual(Window(Home).Property(ContextMenu.DBType),set) | String.IsEqual(Window(Home).Property(ContextMenu.DBType),artist) | String.IsEqual(Window(Home).Property(ContextMenu.DBType),album) | String.IsEqual(Window(Home).Property(ContextMenu.DBType),song)]</expression>

    <expression name="Exp_ShowSideArt">[Window.IsVisible(MyVideoNav.xml) | Window.IsVisible(MyMusicNav.xml) | Window.IsVisible(MyPics.xml)]</expression>

    <expression name="Exp_PVRWindows">[Window.IsVisible(MyPVRGuide.xml) | Window.IsVisible(MyPVRChannels.xml) | Window.IsVisible(MyPVRTimers.xml) | Window.IsVisible(MyPVRRecordings.xml) | Window.IsVisible(MyPVRSearch.xml)]</expression>

    <expression name="Exp_InfoDialogs">[Window.IsVisible(DialogVideoInfo.xml) | Window.IsVisible(DialogMusicInfo.xml) | Window.IsVisible(DialogAddonInfo.xml) | Window.IsVisible(DialogPVRInfo.xml)]
    </expression>

    <expression name="Exp_OverlayDialogs">[Window.IsVisible(FileBrowser.xml) | Window.IsVisible(DialogSelect.xml) | Window.IsVisible(DialogAddonSettings.xml) | Window.IsVisible(DialogKeyboard.xml) | Window.Isvisible(1113) | Window.IsVisible(1111) | Window.IsVisible(DialogContextMenu.xml) | Window.IsVisible(DialogConfirm.xml)]
    </expression>

    <expression name="Exp_RecommendationDialogs">[Window.IsVisible(1120)]</expression>

    <expression name="Exp_SettingsDialogs">[Window.IsVisible(SettingsCategory.xml) | Window.IsVisible(SettingsProfile.xml) | Window.IsVisible(systeminfo) | Window.IsVisible(skinsettings)]</expression>

    <expression name="Exp_RowViews">[Control.IsVisible(50) | Control.IsVisible(51) | Control.IsVisible(52) | Control.IsVisible(57)]</expression>

    <expression name="Exp_ScrollViews">[Control.IsVisible(504) | Control.IsVisible(514) | Control.IsVisible(524)]</expression>

    <expression name="Exp_CombinedViews">[Control.IsVisible(502) | Control.IsVisible(512) | Control.IsVisible(522) | Control.IsVisible(572)]</expression>

    <expression name="Exp_WallViews">[Control.IsVisible(500) | Control.IsVisible(510) | Control.IsVisible(520) | Control.IsVisible(540) | Control.IsVisible(570) | Control.IsVisible(580)]</expression>

    <expression name="Exp_ListViews">[Control.IsVisible(501) | Control.IsVisible(511) | Control.IsVisible(507) | Control.IsVisible(517)]</expression>

    <!-- <expression name="Exp_View_Special">[True]</expression> -->
    <expression name="Exp_View_Special">!String.IsEqual(Container.Property(param.info),user_discover)</expression>

</includes>
