<?xml version="1.0" encoding="UTF-8"?>
<includes>

    <include name="Items_Null">
        <description>Empty include to pass to params</description>
    </include>

    <variable name="Items_ViewMode_Switch">
        <value condition="String.IsEqual(Container.Content,genres) + Window.IsVisible(MyMusicNav.xml)">genres-music</value>
        <value condition="String.IsEqual(Container.Content,years) + Window.IsVisible(MyMusicNav.xml)">years-music</value>
        <value condition="!String.IsEmpty(Container.Content)">$INFO[Container.Content]</value>
        <value condition="Window.IsVisible(MyPVRRecordings.xml)">pvr-recordings</value>
        <value condition="Window.IsVisible(MyPVRTimers.xml)">pvr-timers</value>
        <value condition="Window.IsVisible(MyPVRSearch.xml)">pvr-search</value>
        <value>none</value>
    </variable>

    <include name="Items_Weather_Screenshots">
        <content sortby="random" target="images">resource://resource.images.weatherfanart.multi/$INFO[Weather.FanartCode]/</content>
    </include>

    <include name="Items_DialogAddonInfo_MenuBar">
        <include content="Object_Info_Button">
            <param name="id" value="5001" />
            <param name="groupid" value="5101" />
            <param name="label" value="$INFO[Control.GetLabel(12)]" />
            <param name="icon" value="special://skin/extras/icons/play3.png" />
            <param name="visible" value="Control.IsEnabled(12)" />
            <onclick>SendClick(12)</onclick>
        </include>
        <include content="Object_Info_Button" description="Install">
            <param name="id" value="5002" />
            <param name="groupid" value="5102" />
            <param name="label" value="$INFO[Control.GetLabel(6)]" />
            <param name="icon" value="$VAR[Image_AddonInfo_Install]" />
            <param name="visible" value="Control.IsEnabled(6)" />
            <onclick>SendClick(6)</onclick>
        </include>
        <include content="Object_Info_Button" description="Enable">
            <param name="id" value="5003" />
            <param name="groupid" value="5103" />
            <param name="label" value="$INFO[Control.GetLabel(7)]" />
            <param name="icon" value="$VAR[Image_AddonInfo_Enable]" />
            <param name="visible" value="Control.IsEnabled(7)" />
            <onclick>SendClick(7)</onclick>
        </include>
        <include content="Object_Info_Button">
            <param name="id" value="5004" />
            <param name="groupid" value="5104" />
            <param name="label" value="$LOCALIZE[31002]" />
            <param name="icon" value="special://skin/extras/icons/settings.png" />
            <onclick>menu</onclick>
        </include>
    </include>


    <include name="Items_DialogVideoInfo_MenuBar">
        <include content="Object_Info_Button">
            <param name="id" value="5001" />
            <param name="groupid" value="5101" />
            <param name="label" value="$LOCALIZE[208]" />
            <param name="icon" value="special://skin/extras/icons/play3.png" />
            <onclick>SendClick(8)</onclick>
        </include>
        <include content="Object_Info_Button">
            <param name="id" value="5002" />
            <param name="groupid" value="5102" />
            <param name="label" value="$LOCALIZE[20410]" />
            <param name="icon" value="special://skin/extras/icons/videoplay.png" />
            <param name="visible" value="!String.IsEmpty(ListItem.Trailer) | !String.IsEmpty(Window(Home).Property(TMDbHelper.ListItem.Trailer))" />
            <onclick condition="String.IsEmpty(ListItem.Trailer)">PlayMedia($INFO[Window(Home).Property(TMDbHelper.ListItem.Trailer)],False,1)</onclick>
            <onclick condition="!String.IsEmpty(ListItem.Trailer)">PlayMedia($INFO[ListItem.Trailer],False,1)</onclick>
            <onclick condition="String.IsEmpty(ListItem.Trailer)">SetProperty(HasTrailer,$INFO[Window(Home).Property(TMDbHelper.ListItem.Trailer)],Home)</onclick>
            <onclick condition="!String.IsEmpty(ListItem.Trailer)">SetProperty(HasTrailer,$INFO[ListItem.Trailer],Home)</onclick>
            <onclick>SetFocus(7001)</onclick>
        </include>
        <include content="Object_Info_Button">
            <param name="id" value="5003" />
            <param name="groupid" value="5103" />
            <param name="label" value="Search" />
            <param name="icon" value="special://skin/extras/icons/search.png" />
            <param name="visible" value="true" />
            <onclick condition="!String.IsEmpty(ListItem.TvShowTitle)">SetProperty(CustomSearchTerm,$ESCINFO[ListItem.TvShowTitle],Home)</onclick>
            <onclick condition="String.IsEmpty(ListItem.TvShowTitle) + !String.IsEmpty(ListItem.Title)">SetProperty(CustomSearchTerm,$ESCINFO[ListItem.Title],Home)</onclick>
            <onclick condition="String.IsEmpty(ListItem.TvShowTitle) + String.IsEmpty(ListItem.Title)">SetProperty(CustomSearchTerm,$ESCINFO[ListItem.Label],Home)</onclick>
            <onclick>RunScript(plugin.video.themoviedb.helper,close_dialog=1190,call_id=1114)</onclick>
        </include>
        <include content="Object_Info_Button">
            <param name="id" value="5004" />
            <param name="groupid" value="5104" />
            <param name="label" value="Trakt" />
            <param name="icon" value="special://skin/extras/icons/watchlist.png" />
            <param name="visible" value="[!String.IsEmpty(ListItem.Property(tmdb_id)) | !String.IsEmpty(window(home).property(tmdbhelper.listitem.tmdb_id))] + [String.IsEqual(ListItem.DBType,movie) | String.IsEqual(ListItem.DBType,tvshow)] + !String.IsEmpty(Window(Home).Property(TMDbHelper.TraktIsAuth))" />
            <onclick condition="!String.IsEmpty(ListItem.Property(tmdb_id))">RunScript(plugin.video.themoviedb.helper,sync_trakt,tmdb_id=$INFO[ListItem.Property(tmdb_id)],$VAR[Path_Param_Type],cache_refresh)</onclick>
            <onclick condition="String.IsEmpty(ListItem.Property(tmdb_id))">RunScript(plugin.video.themoviedb.helper,sync_trakt,tmdb_id=$INFO[window(home).property(tmdbhelper.listitem.tmdb_id)],$VAR[Path_Param_Type],cache_refresh)</onclick>
        </include>
        <!-- <include content="Object_Info_Button">
            <param name="id" value="5005" />
            <param name="groupid" value="5105" />
            <param name="label" value="$LOCALIZE[31002]" />
            <param name="icon" value="special://skin/extras/icons/settings.png" />
            <onclick>menu</onclick>
        </include> -->
    </include>

    <include name="Items_Settings">
        <content>
            <item id="4">
                <label>[CAPITALIZE]$LOCALIZE[20077][/CAPITALIZE]</label>
                <icon>special://skin/extras/icons/paintbrush.png</icon>
                <onclick>ReplaceWindow(SkinSettings)</onclick>
                <property name="path">ReplaceWindow(SkinSettings)</property>
                <property name="altpath">ActivateWindow(SkinSettings)</property>
            </item>
            <item id="1">
                <label>[CAPITALIZE]$LOCALIZE[14207][/CAPITALIZE]</label>
                <icon>special://skin/extras/icons/skinsettings.png</icon>
                <onclick>ReplaceWindow(InterfaceSettings)</onclick>
                <property name="path">ReplaceWindow(InterfaceSettings)</property>
                <property name="altpath">ActivateWindow(InterfaceSettings)</property>
            </item>
            <item id="2">
                <label>[CAPITALIZE]$LOCALIZE[14212][/CAPITALIZE]</label>
                <icon>special://skin/extras/icons/tags.png</icon>
                <onclick>ReplaceWindow(MediaSettings)</onclick>
                <property name="path">ReplaceWindow(MediaSettings)</property>
                <property name="altpath">ActivateWindow(MediaSettings)</property>
            </item>
            <item id="3">
                <label>[CAPITALIZE]$LOCALIZE[14201][/CAPITALIZE]</label>
                <icon>special://skin/extras/icons/equalizer.png</icon>
                <onclick>ReplaceWindow(PlayerSettings)</onclick>
                <property name="path">ReplaceWindow(PlayerSettings)</property>
                <property name="altpath">ActivateWindow(PlayerSettings)</property>
            </item>
            <item id="5">
                <label>[CAPITALIZE]$LOCALIZE[14209][/CAPITALIZE]</label>
                <icon>special://skin/extras/icons/configure.png</icon>
                <onclick>ReplaceWindow(SystemSettings)</onclick>
                <property name="path">ReplaceWindow(SystemSettings)</property>
                <property name="altpath">ActivateWindow(SystemSettings)</property>
            </item>
            <item id="6">
                <label>[CAPITALIZE]$LOCALIZE[14208][/CAPITALIZE]</label>
                <icon>special://skin/extras/icons/network.png</icon>
                <onclick>ReplaceWindow(servicesettings)</onclick>
                <property name="path">ReplaceWindow(servicesettings)</property>
                <property name="altpath">ActivateWindow(servicesettings)</property>
            </item>
            <item id="10">
                <label>[CAPITALIZE]$LOCALIZE[14205][/CAPITALIZE]</label>
                <icon>special://skin/extras/icons/livetv.png</icon>
                <onclick>ReplaceWindow(pvrsettings)</onclick>
                <property name="path">ReplaceWindow(pvrsettings)</property>
                <property name="altpath">ActivateWindow(pvrsettings)</property>
            </item>
            <item id="9">
                <label>[CAPITALIZE]$LOCALIZE[10007][/CAPITALIZE]</label>
                <icon>special://skin/extras/icons/sysinfo.png</icon>
                <onclick>ReplaceWindow(systeminfo)</onclick>
                <property name="path">ReplaceWindow(systeminfo)</property>
                <property name="altpath">ActivateWindow(systeminfo)</property>
            </item>
            <item id="7">
                <label>[CAPITALIZE]$LOCALIZE[14210][/CAPITALIZE]</label>
                <icon>special://skin/extras/icons/actor.png</icon>
                <onclick>ReplaceWindow(Profiles)</onclick>
                <property name="path">ReplaceWindow(Profiles)</property>
                <property name="altpath">ActivateWindow(Profiles)</property>
            </item>
        </content>
    </include>

    <variable name="Items_AddonBrowser_Submenu">
        <value condition="!String.IsEmpty(Container(6000).ListItem.FolderPath)">$INFO[Container(6000).ListItem.FolderPath]</value>
        <value condition="!String.IsEmpty(Container(6000).ListItem.Property(FolderPath))">$INFO[Container(6000).ListItem.Property(FolderPath)]</value>
    </variable>

    <include name="Items_AddonBrowser_Settings">
        <include content="Dialog_Settings_Button" description="Settings">
            <param name="id" value="5" />
            <param name="control" value="button" />
            <label>$LOCALIZE[5]</label>
        </include>
        <include content="Dialog_Settings_Button" description="Install from Zip">
            <param name="id" value="9002" />
            <param name="control" value="button" />
            <label>$LOCALIZE[24041]</label>
            <onclick>SetFocus(50)</onclick>
            <onclick>Container.Update(addons://install/,replace)</onclick>
            <onclick>Action(Select)</onclick>
        </include>
        <!-- <include content="Dialog_Settings_Button" description="Search">
            <param name="id" value="9003" />
            <param name="control" value="button" />
            <label>$LOCALIZE[137]</label>
            <onclick>SetFocus(50)</onclick>
            <onclick>Container.Update(addons://search/,replace)</onclick>
        </include> -->
        <include content="Dialog_Settings_Button" description="CheckUpdates">
            <param name="id" value="9" />
            <param name="control" value="button" />
            <label>$LOCALIZE[24034]</label>
        </include>
        <include content="Dialog_Settings_Button" description="HideForeign">
            <param name="id" value="7" />
            <param name="control" value="radiobutton" />
            <label>$LOCALIZE[25001]</label>
            <visible>Control.IsEnabled(7)</visible>
        </include>
        <include content="Dialog_Settings_Button" description="HideIncompat">
            <param name="id" value="8" />
            <param name="control" value="radiobutton" />
            <label>$LOCALIZE[24999]</label>
            <visible>Control.IsEnabled(8)</visible>
        </include>
    </include>

    <include name="Items_Weather_Settings">
        <include content="Dialog_Menu_Button" description="Refresh">
            <param name="id" value="2" />
            <param name="control" value="button" />
            <param name="icon" value="special://skin/extras/icons/update.png" />
            <label>$LOCALIZE[184]</label>
        </include>
        <include content="Dialog_Menu_Button" description="Next Location">
            <param name="id" value="9002" />
            <param name="control" value="button" />
            <param name="icon" value="special://skin/extras/icons/antenna.png" />
            <label>$LOCALIZE[31006]</label>
            <onclick>Weather.LocationNext</onclick>
        </include>
        <include content="Dialog_Menu_Button" description="Weather Plugin Settings">
            <param name="id" value="9003" />
            <param name="control" value="button" />
            <param name="icon" value="special://skin/extras/icons/configure.png" />
            <label>$LOCALIZE[10140]</label>
            <onclick>SetFocus(50)</onclick>
            <onclick>Addon.OpenSettings($INFO[Weather.Plugin])</onclick>
        </include>
        <include content="Dialog_Menu_Button" description="Weather Settings">
            <param name="id" value="9004" />
            <param name="control" value="button" />
            <param name="icon" value="special://skin/extras/icons/settings.png" />
            <label>$LOCALIZE[5]</label>
            <onclick>ActivateWindow(ServiceSettings,weather)</onclick>
        </include>
    </include>

    <include name="Items_Default_MyNav">
        <include content="Dialog_Menu_Button" description="View Switcher">
            <param name="id" value="9002" />
            <param name="control" value="button" />
            <param name="icon" value="special://skin/extras/icons/viewmode.png" />
            <label>$INFO[Container.ViewMode,$LOCALIZE[31114]: ,]</label>
            <onclick condition="!$EXP[Exp_PVRWindows]">Runscript(script.skinvariables,action=buildviews,contentid=$VAR[Items_ViewMode_Switch],pluginname=$INFO[Container.PluginName])</onclick>
            <onclick condition="$EXP[Exp_PVRWindows]">SendClick(2)</onclick>
            <visible>!Window.IsVisible(MyPVRSearch.xml) + !Window.IsVisible(MyPVRTimers.xml) + !Window.IsVisible(MyPVRRecordings.xml)</visible>
        </include>
        <include content="Dialog_Menu_Button" description="Sort method">
            <param name="id" value="9003" />
            <param name="control" value="button" />
            <param name="icon" value="special://skin/extras/icons/sort.png" />
            <label>$INFO[Container.SortMethod,$LOCALIZE[31016]: ,]</label>
            <onclick>SetProperty(DialogSelectType,Menu,Home)</onclick>
            <onclick>SendClick(3)</onclick>
        </include>
        <include content="Dialog_Menu_Button" description="Sort direction">
            <param name="id" value="4" />
            <param name="control" value="togglebutton" />
            <param name="icon" value="special://skin/extras/icons/sort2.png" />
            <label>$LOCALIZE[31015]: $LOCALIZE[584]</label>
            <altlabel>$LOCALIZE[31015]: $LOCALIZE[585]</altlabel>
            <usealttexture>Container.SortDirection(Descending)</usealttexture>
        </include>
    </include>

    <include name="Items_QuickNav_Button">
        <param name="itemgap" default="30" />
        <param name="onup" default="9001" />
        <param name="ondown" default="9002" />
        <param name="Visible" default="true" />
        <definition>
            <include content="OSD_Button">
                <param name="visible" value="$PARAM[visible]" />
                <param name="icon" value="$PARAM[icon]" />
                <param name="id" value="80$PARAM[id]" />
                <param name="groupid" value="81$PARAM[id]" />
                <param name="size" value="60" />
                <param name="bordersize" value="4" />
                <param name="itemgap" value="$PARAM[itemgap]" />
                <param name="back_colordiffuse" value="00ffffff" />
                <onup>$PARAM[onup]</onup>
                <ondown>$PARAM[ondown]</ondown>
                <nested />
            </include>
        </definition>
    </include>

    <include name="Items_PVRNav">
        <param name="itemgap" default="30" />
        <definition>
            <control type="grouplist" id="8000">
                <nested />
                <left>30</left>
                <right>30</right>
                <align>center</align>
                <height>80</height>
                <orientation>horizontal</orientation>
                <itemgap>$PARAM[itemgap]</itemgap>
                <include content="Items_QuickNav_Button">
                    <param name="itemgap" value="$PARAM[itemgap]" />
                    <param name="icon" value="special://skin/extras/icons/tvguide.png" />
                    <param name="id" value="01" />
                    <param name="onup" value="$PARAM[onup]" />
                    <param name="ondown" value="$PARAM[ondown]" />
                    <param name="visible" value="!Window.IsVisible(tvguide)" />
                    <onclick>ActivateWindow(tvguide)</onclick>
                </include>
                <include content="Items_QuickNav_Button">
                    <param name="itemgap" value="$PARAM[itemgap]" />
                    <param name="icon" value="special://skin/extras/icons/years.png" />
                    <param name="id" value="02" />
                    <param name="onup" value="$PARAM[onup]" />
                    <param name="ondown" value="$PARAM[ondown]" />
                    <param name="visible" value="!Window.IsVisible(tvchannels)" />
                    <onclick>ActivateWindow(tvchannels)</onclick>
                </include>
                <include content="Items_QuickNav_Button">
                    <param name="itemgap" value="$PARAM[itemgap]" />
                    <param name="icon" value="special://skin/extras/icons/files.png" />
                    <param name="id" value="03" />
                    <param name="onup" value="$PARAM[onup]" />
                    <param name="ondown" value="$PARAM[ondown]" />
                    <param name="visible" value="!Window.IsVisible(tvrecordings)" />
                    <onclick>ActivateWindow(tvrecordings)</onclick>
                </include>
                <include content="Items_QuickNav_Button">
                    <param name="itemgap" value="$PARAM[itemgap]" />
                    <param name="icon" value="special://skin/extras/icons/timer.png" />
                    <param name="id" value="04" />
                    <param name="onup" value="$PARAM[onup]" />
                    <param name="ondown" value="$PARAM[ondown]" />
                    <param name="visible" value="!Window.IsVisible(tvtimers)" />
                    <onclick>ActivateWindow(tvtimers)</onclick>
                </include>
                <include content="Items_QuickNav_Button">
                    <param name="itemgap" value="$PARAM[itemgap]" />
                    <param name="icon" value="special://skin/extras/icons/alarm.png" />
                    <param name="id" value="05" />
                    <param name="onup" value="$PARAM[onup]" />
                    <param name="ondown" value="$PARAM[ondown]" />
                    <param name="visible" value="!Window.IsVisible(tvtimerrules)" />
                    <onclick>ActivateWindow(tvtimerrules)</onclick>
                </include>
                <include content="Items_QuickNav_Button">
                    <param name="itemgap" value="$PARAM[itemgap]" />
                    <param name="icon" value="special://skin/extras/icons/search.png" />
                    <param name="id" value="06" />
                    <param name="onup" value="$PARAM[onup]" />
                    <param name="ondown" value="$PARAM[ondown]" />
                    <param name="visible" value="!Window.IsVisible(tvsearch)" />
                    <onclick>ActivateWindow(tvsearch)</onclick>
                </include>
            </control>
            <control type="image" id="8200">
                <top>-1</top>
                <left>40</left>
                <right>40</right>
                <height>1</height>
                <texture colordiffuse="dialog_fg_12">common/white.png</texture>
            </control>
        </definition>
    </include>

    <include name="Items_QuickNav">
        <param name="itemgap" default="30" />
        <definition>
            <control type="grouplist" id="8000">
                <nested />
                <left>30</left>
                <right>30</right>
                <align>center</align>
                <height>80</height>
                <orientation>horizontal</orientation>
                <itemgap>$PARAM[itemgap]</itemgap>
                <include content="Items_QuickNav_Button">
                    <param name="itemgap" value="$PARAM[itemgap]" />
                    <param name="icon" value="special://skin/extras/icons/quote.png" />
                    <param name="id" value="01" />
                    <param name="onup" value="$PARAM[onup]" />
                    <param name="ondown" value="$PARAM[ondown]" />
                    <onclick>SetFocus(50)</onclick>
                    <onclick>ActivateWindow(1113)</onclick>
                </include>
                <include content="Items_QuickNav_Button">
                    <param name="itemgap" value="$PARAM[itemgap]" />
                    <param name="icon" value="special://skin/extras/icons/search.png" />
                    <param name="id" value="02" />
                    <param name="onup" value="$PARAM[onup]" />
                    <param name="ondown" value="$PARAM[ondown]" />
                    <onclick condition="!Window.IsActive(1114)">SetProperty(CustomSearchTerm,$ESCINFO[Window(Home).Property(ContextMenu.Title)],Home)</onclick>
                    <onclick condition="!Window.IsActive(1114)">ActivateWindow(1114)</onclick>
                    <onclick condition="Window.IsActive(1114)">RunScript(script.skinvariables,set_editcontrol=9099,window_id=1114,setfocus=340,setfocus_wait=00:01,text=$INFO[Window(Home).Property(ContextMenu.Title)])</onclick>
                </include>
                <include content="Items_QuickNav_Button">
                    <param name="itemgap" value="$PARAM[itemgap]" />
                    <param name="icon" value="special://skin/extras/icons/fire2.png" />
                    <param name="id" value="03" />
                    <param name="onup" value="$PARAM[onup]" />
                    <param name="ondown" value="$PARAM[ondown]" />
                    <onclick>SetFocus(50)</onclick>
                    <onclick>AlarmClock(DelayCommand,RunScript(plugin.video.themoviedb.helper,related_lists,$INFO[Window(Home).Property(ContextMenu.Params)]),00:01,silent)</onclick>
                </include>
                <include content="Items_QuickNav_Button">
                    <param name="itemgap" value="$PARAM[itemgap]" />
                    <param name="icon" value="special://skin/extras/icons/binoculars.png" />
                    <param name="id" value="04" />
                    <param name="onup" value="$PARAM[onup]" />
                    <param name="ondown" value="$PARAM[ondown]" />
                    <onclick condition="![String.IsEqual(Window(Home).Property(ContextMenu.DBType),tvshow) | String.IsEqual(Window(Home).Property(ContextMenu.DBType),season) | String.IsEqual(Window(Home).Property(ContextMenu.DBType),episode)]">ActivateWindow(videos,plugin://plugin.video.themoviedb.helper/?info=user_discover&amp;tmdb_type=movie,return)</onclick>
                    <onclick condition="[String.IsEqual(Window(Home).Property(ContextMenu.DBType),tvshow) | String.IsEqual(Window(Home).Property(ContextMenu.DBType),season) | String.IsEqual(Window(Home).Property(ContextMenu.DBType),episode)]">ActivateWindow(videos,plugin://plugin.video.themoviedb.helper/?info=user_discover&amp;tmdb_type=tv,return)</onclick>
                </include>
                <include content="Items_QuickNav_Button">
                    <param name="itemgap" value="$PARAM[itemgap]" />
                    <param name="icon" value="special://skin/extras/icons/fullscreen.png" />
                    <param name="id" value="05" />
                    <param name="onup" value="$PARAM[onup]" />
                    <param name="ondown" value="$PARAM[ondown]" />
                    <onclick>fullscreen</onclick>
                </include>
            </control>
            <control type="image" id="8200">
                <top>-1</top>
                <left>40</left>
                <right>40</right>
                <height>1</height>
                <texture colordiffuse="dialog_fg_12">common/white.png</texture>
            </control>
        </definition>
    </include>

    <include name="Items_NextAired">
        <include content="Dialog_Menu_Button" description="Orientation">
            <param name="id" value="9001" />
            <param name="control" value="togglebutton" />
            <param name="icon" value="special://skin/extras/icons/viewmode.png" />
            <label>$LOCALIZE[21843]: $LOCALIZE[31163]</label>
            <altlabel>$LOCALIZE[21843]: $LOCALIZE[31164]</altlabel>
            <onclick>Skin.ToggleSetting(NextAired.Orientation)</onclick>
            <onclick condition="Window.IsVisible(1116)">SetProperty(ReplaceWindow,1116,Home)</onclick>
            <onclick condition="Window.IsVisible(1117)">SetProperty(ReplaceWindow,1117,Home)</onclick>
            <onclick>ReplaceWindow(1197)</onclick>
            <usealttexture>!Skin.HasSetting(NextAired.Orientation)</usealttexture>
        </include>
        <include content="Dialog_Menu_Button" description="Switch to Library">
            <param name="id" value="9002" />
            <param name="control" value="button" />
            <param name="icon" value="special://skin/extras/icons/calendar.png" />
            <label>$LOCALIZE[456]: Trakt</label>
            <onclick>ReplaceWindow(1117)</onclick>
            <visible>Window.IsVisible(1116)</visible>
        </include>
        <include content="Dialog_Menu_Button" description="Switch to Trakt">
            <param name="id" value="9003" />
            <param name="control" value="button" />
            <param name="icon" value="special://skin/extras/icons/calendar.png" />
            <label>$LOCALIZE[456]: $LOCALIZE[14022]</label>
            <onclick>ReplaceWindow(1116)</onclick>
            <visible>Window.IsVisible(1117)</visible>
        </include>
    </include>

    <include name="Items_MyVideoNav">
        <!-- <include>Items_QuickNav</include> -->
        <include>Items_Default_MyNav</include>
        <include content="Dialog_Menu_Button" description="Watched">
            <param name="id" value="14" />
            <param name="control" value="radiobutton" />
            <param name="icon" value="$VAR[Image_Watched]" />
            <label>$LOCALIZE[20367]</label>
        </include>
        <include content="Dialog_Menu_Button" description="Filter">
            <param name="id" value="19" />
            <param name="control" value="edit" />
            <param name="icon" value="$VAR[Image_Filtered]" />
            <label>$LOCALIZE[587]</label>
        </include>
        <include content="Dialog_Menu_Button" description="Update Library">
            <param name="id" value="20" />
            <param name="control" value="button" />
            <param name="icon" value="special://skin/extras/icons/update.png" />
            <label>$LOCALIZE[653]</label>
        </include>
        <include content="Dialog_Menu_Button" description="Background Customisation">
            <param name="id" value="9001" />
            <param name="control" value="button" />
            <param name="icon" value="special://skin/extras/icons/paintbrush2.png" />
            <onclick>SetFocus(50)</onclick>
            <onclick>ActivateWindow(1112)</onclick>
            <label>$LOCALIZE[31007]</label>
        </include>

    </include>

    <include name="Items_MyEPGNav">
        <include>Items_PVRNav</include>
        <include>Items_Default_MyNav</include>
        <include content="Dialog_Menu_Button" description="Hide Disabled" condition="Window.IsVisible(MyPVRTimers.xml)">
            <param name="id" value="8" />
            <param name="control" value="radiobutton" />
            <param name="icon" value="special://skin/extras/icons/eye.png" />
            <label>$LOCALIZE[19077]</label>
        </include>
        <include content="Dialog_Menu_Button" description="Group Switcher" condition="!Window.IsVisible(MyPVRSearch.xml) + !Window.IsVisible(MyPVRTimers.xml) + !Window.IsVisible(MyPVRRecordings.xml)">
            <param name="id" value="28" />
            <param name="control" value="button" />
            <param name="icon" value="special://skin/extras/icons/folder.png" />
        </include>
    </include>

    <include name="Items_DialogVideoInfo_Options">
        <!-- <include content="Dialog_Menu_Button" description="Play">
            <param name="id" value="8" />
            <param name="control" value="button" />
            <param name="icon" value="special://skin/extras/icons/play3.png" />
            <label>$LOCALIZE[208]</label>
        </include> -->
        <include content="Dialog_Menu_Button" description="Refresh">
            <param name="id" value="6" />
            <param name="control" value="button" />
            <param name="icon" value="special://skin/extras/icons/update.png" />
            <label>$LOCALIZE[184]</label>
        </include>
        <include content="Dialog_Menu_Button" description="UserRating">
            <param name="id" value="9001" />
            <param name="control" value="button" />
            <param name="icon" value="special://skin/extras/icons/userrating.png" />
            <label>$LOCALIZE[38018]</label>
            <label2>$INFO[ListItem.UserRating,,       ]</label2>
            <onclick>SendClick(7)</onclick>
        </include>
        <include content="Dialog_Menu_Button" description="Artwork">
            <param name="id" value="10" />
            <param name="control" value="button" />
            <param name="icon" value="special://skin/extras/icons/paintbrush.png" />
            <label>$LOCALIZE[39123]</label>
        </include>
    </include>

    <include name="Items_DialogMusicInfo_Options">
        <include content="Dialog_Menu_Button" description="Refresh">
            <param name="id" value="6" />
            <param name="control" value="button" />
            <param name="icon" value="special://skin/extras/icons/update.png" />
            <label>$LOCALIZE[184]</label>
        </include>
        <include content="Dialog_Menu_Button" description="UserRating">
            <param name="id" value="9001" />
            <param name="control" value="button" />
            <param name="icon" value="special://skin/extras/icons/userrating.png" />
            <label>$LOCALIZE[38018]</label>
            <label2>$INFO[ListItem.UserRating,,       ]</label2>
            <onclick>SendClick(7)</onclick>
        </include>
        <include content="Dialog_Menu_Button" description="Artwork">
            <param name="id" value="10" />
            <param name="control" value="button" />
            <param name="icon" value="special://skin/extras/icons/paintbrush.png" />
            <label>$LOCALIZE[39123]</label>
        </include>
    </include>

    <include name="Items_DialogAddonInfo_Options">
        <!-- <include content="Dialog_Menu_Button" description="Open">
            <param name="id" value="12" />
            <param name="control" value="button" />
            <param name="icon" value="special://skin/extras/icons/play3.png" />
        </include> -->
        <!-- <include content="Dialog_Menu_Button" description="Install">
            <param name="id" value="9006" />
            <param name="control" value="button" />
            <param name="icon" value="$VAR[Image_AddonInfo_Install]" />
            <label>$INFO[Control.GetLabel(6)]</label>
            <onclick>SendClick(6)</onclick>
        </include>
        <include content="Dialog_Menu_Button" description="Enable">
            <param name="id" value="7" />
            <param name="control" value="button" />
            <param name="icon" value="$VAR[Image_AddonInfo_Enable]" />
        </include> -->
        <include content="Dialog_Menu_Button" description="Update">
            <param name="id" value="8" />
            <param name="control" value="button" />
            <param name="icon" value="special://skin/extras/icons/update.png" />
            <label>$LOCALIZE[24138]</label>
        </include>
        <include content="Dialog_Menu_Button" description="Auto-Update">
            <param name="id" value="13" />
            <param name="control" value="radiobutton" />
            <param name="icon" value="special://skin/extras/icons/update.png" />
            <label>$LOCALIZE[21340]</label>
        </include>
        <include content="Dialog_Menu_Button" description="Versions">
            <param name="id" value="14" />
            <param name="control" value="button" />
            <param name="icon" value="special://skin/extras/icons/network.png" />
            <label>$LOCALIZE[24069]</label>
        </include>
        <include content="Dialog_Menu_Button" description="Dependencies">
            <param name="id" value="10" />
            <param name="control" value="button" />
            <param name="icon" value="special://skin/extras/icons/dependencies.png" />
            <label>$LOCALIZE[39024]</label>
        </include>
        <include content="Dialog_Menu_Button" description="Settings">
            <param name="id" value="9" />
            <param name="control" value="button" />
            <param name="icon" value="special://skin/extras/icons/settings.png" />
            <label>$LOCALIZE[5]</label>
        </include>
    </include>

</includes>