<?xml version="1.0" encoding="UTF-8"?>
<window>
    <defaultcontrol always="true">30000</defaultcontrol>
    <include>Action_Settings_Onload</include>
    <controls>
        <include content="Object_Control">
            <param name="control" value="image" />
            <texture colordiffuse="main_bg_100">common/bg.jpg</texture>
        </include>
        <include content="Dialog_SettingsCategory_Background">
            <include content="Dialog_SettingsCategory_ChangerGroup">
                <include content="Dialog_SettingsCategory_LeftGroup">
                    <param name="header_id" value="2" />
                    <control type="grouplist" id="3">
                        <top>row_height</top>
                        <bottom>row_height</bottom>
                        <width>dialog_category_width</width>
                        <onleft>30000</onleft>
                        <onup>-</onup>
                        <onright>5</onright>
                        <ondown>20</ondown>
                    </control>
                    <include>Dialog_Settings_Level</include>
                    <!-- Right Settings -->
                    <include content="Dialog_SettingsCategory_RightGroup">
                        <control type="grouplist" id="5">
                            <onleft>3</onleft>
                            <onright>61</onright>
                            <pagecontrol>61</pagecontrol>
                            <bottom>row_height</bottom>
                        </control>
                    </include>
                </include>
            </include>
        </include>

        <include>View_Furniture_Top</include>

        <include content="Dialog_Settings_Button">
            <param name="id" value="10" />
            <param name="control" value="togglebutton" />
            <include>Texture_Highlight_Settings_ToggleButton</include>
            <focusedcolor>$VAR[ColorSettingsToggleButtonText]</focusedcolor>
            <altfocusedcolor>$VAR[ColorSettingsToggleButtonText]</altfocusedcolor>
            <width>dialog_category_width</width>
            <description>Default Category Button</description>
        </include>

        <include content="Dialog_Settings_Button">
            <param name="id" value="7" />
            <param name="control" value="button" />
            <description>Default Setting Button</description>
        </include>

        <include content="Dialog_Settings_Button">
            <param name="id" value="8" />
            <param name="control" value="radiobutton" />
            <description>Default Setting Button</description>
        </include>

        <include content="Dialog_Settings_Label">
            <param name="id" value="14" />
            <param name="control" value="label" />
            <description>Default Setting Label</description>
        </include>
    </controls>

</window>
