<?xml version="1.0" encoding="UTF-8"?>
<window type="window" id="1115">
    <defaultcontrol always="true">8000</defaultcontrol>

    <include>Action_BlurImage_SimpleBackground_Onload</include>

    <onload condition="String.IsEqual(Window(Home).Property(CustomDialogSettingsItems),Items_Settings_SearchMenu)">SetFocus(6000,0,absolute)</onload>
    <onload condition="String.IsEqual(Window(Home).Property(CustomDialogSettingsItems),Items_Settings_HomeMenu)">SetFocus(6000,1,absolute)</onload>
    <onload condition="String.IsEqual(Window(Home).Property(CustomDialogSettingsItems),Items_Settings_SideMenu_1)">SetFocus(6000,2,absolute)</onload>
    <onload condition="String.IsEqual(Window(Home).Property(CustomDialogSettingsItems),Items_Settings_SideMenu_2)">SetFocus(6000,3,absolute)</onload>
    <onload condition="String.IsEqual(Window(Home).Property(CustomDialogSettingsItems),Items_Settings_SideMenu_3)">SetFocus(6000,4,absolute)</onload>
    <onload condition="String.IsEqual(Window(Home).Property(CustomDialogSettingsItems),Items_Settings_SideMenu_4)">SetFocus(6000,5,absolute)</onload>
    <onload>SetFocus(8000)</onload>

    <onunload>ClearProperty(CustomDialogSettingsLabel,Home)</onunload>
    <include content="Action_BuildSkinShortcuts_OnUnload">
        <param name="condition">[!String.IsEmpty(Window(Home).Property(CustomDialogSettingsBuild))]</param>
    </include>
    <onunload>ClearProperty(CustomDialogSettingsBuild,Home)</onunload>
    <controls>

        <include content="Background_Main">
            <param name="plain_background">true</param>
        </include>
        <include>Background_Transition</include>

        <!-- Layout Focus -->
        <control type="image">
            <left>160</left>
            <bottom>-40</bottom>
            <top>500</top>
            <right>40</right>
            <texture colordiffuse="3300ddff" border="20">common/box.png</texture>
            <visible>String.IsEqual(Window.Property(Highlight),Layout)</visible>
            <include>Animation_FadeIn</include>
            <include>Animation_FadeOut</include>
        </control>

        <!-- Spotlight Focus -->
        <control type="image">
            <left>160</left>
            <top>160</top>
            <bottom>360</bottom>
            <right>40</right>
            <texture colordiffuse="3300ddff" border="20">common/box.png</texture>
            <visible>String.IsEqual(Window.Property(Highlight),Spotlight)</visible>
            <include>Animation_FadeIn</include>
            <include>Animation_FadeOut</include>
        </control>

        <!-- Side Menu Focus -->
        <control type="image">
            <left>40</left>
            <bottom>40</bottom>
            <top>40</top>
            <width>120</width>
            <texture colordiffuse="3300ddff" border="20">common/box.png</texture>
            <visible>String.IsEmpty(Window.Property(Highlight))</visible>
            <include>Animation_FadeIn</include>
            <include>Animation_FadeOut</include>
        </control>

        <!-- Side Menu Search -->
        <control type="group">
            <centerleft>100</centerleft>
            <centertop>100</centertop>
            <height>80</height>
            <width>80</width>
            <control type="image">
                <visible>String.IsEqual(Window.Property(MenuHighlight),MenuSearch)</visible>
                <texture colordiffuse="3300ddff" border="20">common/box.png</texture>
            </control>
            <control type="group">
                <width>40</width>
                <height>40</height>
                <centerleft>50%</centerleft>
                <centertop>50%</centertop>
                <control type="group">
                    <visible>!String.IsEqual(Window.Property(MenuHighlight),MenuSearch)</visible>
                    <control type="image">
                        <aspectratio>keep</aspectratio>
                        <bordersize>icon_home_bordersize</bordersize>
                        <texture colordiffuse="main_fg_30">special://skin/extras/icons/search.png</texture>
                    </control>
                </control>
                <control type="group">
                    <visible>String.IsEqual(Window.Property(MenuHighlight),MenuSearch)</visible>
                    <control type="image">
                        <include>Texture_Circle_Highlight_V</include>
                        <aspectratio>keep</aspectratio>
                        <width>10</width>
                        <height>10</height>
                        <centertop>50%</centertop>
                        <left>-16</left>
                    </control>
                    <control type="image">
                        <aspectratio>keep</aspectratio>
                        <bordersize>icon_home_bordersize</bordersize>
                        <texture colordiffuse="main_fg_100">special://skin/extras/icons/search.png</texture>
                    </control>
                </control>
            </control>
        </control>

        <!-- Side Menu Mockup -->
        <control type="panel">
            <width>100</width>
            <centerleft>100</centerleft>
            <height>500</height>
            <centertop>50%</centertop>
            <orientation>vertical</orientation>
            <onfocus>SetFocus(6000)</onfocus>
            <itemlayout width="100" height="100">
                <include content="Layout_DialogWideSettings_Menu">
                    <param name="detailed">true</param>
                    <param name="color">main_fg</param>
                </include>
            </itemlayout>
            <focusedlayout width="100" height="100">
                <include content="Layout_DialogWideSettings_Menu">
                    <param name="detailed">true</param>
                    <param name="color">main_fg</param>
                </include>
            </focusedlayout>
            <content>
                <include>Items_Dialog_WideSettings_Menu</include>
            </content>
        </control>

        <!-- Spotlight Info Panel -->
        <!-- <include content="Info_Panel">
            <param name="titlelabel">[CAPITALIZE]$INFO[Container(6000).ListItem.Label][/CAPITALIZE][CR]Customisation</param>
            <param name="plotlabel">$INFO[Window(Home).Property(CustomDialogSettingsLabel)]</param>
            <param name="plotwidth">800</param>
            <include>Dimension_Info</include>
        </include> -->
        <control type="group">
            <include>Dimension_Info</include>
            <control type="grouplist">
                <top>-20</top>
                <hitrect x="0" y="0" w="0" h="0" />
                <orientation>vertical</orientation>
                <itemgap>0</itemgap>
                <right>800</right>
                <control type="group" description="Avoid grouplist chop with spacer">
                    <height>20</height>
                </control>
                <control type="label">
                    <height>80</height>
                    <aligny>center</aligny>
                    <label>[CAPITALIZE]$INFO[Container(6000).ListItem.Label][/CAPITALIZE]</label>
                    <textcolor>main_fg_100</textcolor>
                    <font>font_info_black_doublerow</font>
                    <autoscroll>false</autoscroll>
                </control>
                <control type="textbox">
                    <label>$INFO[Window(Home).Property(CustomDialogSettingsLabel)]</label>
                    <height>210</height>
                    <top>-5</top>
                    <aligny>center</aligny>
                    <textcolor>main_fg_70</textcolor>
                    <font>font_main_plot</font>
                </control>
            </control>
        </control>

        <!-- Spotlight Button View Group -->
        <control type="group">
            <visible>!$EXP[Exp_WideSettings_IsWidgets]</visible>
            <!-- Spotlight View Line -->
            <include content="Info_Viewline">
                <param name="sort_condition">true</param>
                <param name="label">$LOCALIZE[31105]</param>
            </include>

            <!-- Spotlight Buttons -->
            <control type="grouplist">
                <orientation>horizontal</orientation>
                <centertop>640</centertop>
                <left>140</left>
                <height>256</height>
                <itemgap>-60</itemgap>
                <hitrect x="0" y="0" w="0" h="0" />
                <control type="group">
                    <left>60</left>
                    <height>100</height>
                    <width>100</width>
                    <centertop>50%</centertop>
                    <control type="group">
                        <visible>!Control.HasFocus(311)</visible>
                        <control type="image">
                            <texture colordiffuse="main_fg_100">common/circle.png</texture>
                        </control>
                        <control type="image">
                            <bordersize>20</bordersize>
                            <texture colordiffuse="main_bg_100">$VAR[Image_FullscreenWidget_PlayButton]</texture>
                        </control>
                    </control>
                </control>
                <control type="button">
                    <font>font_mini_black</font>
                    <textcolor>main_fg_70</textcolor>
                    <label>$VAR[Label_FullscreenWidget_PlayButton]</label>
                    <width>auto</width>
                    <textoffsetx>80</textoffsetx>
                    <texturenofocus />
                    <texturefocus />
                    <onfocus>SetFocus(6000)</onfocus>
                    <hitrect x="0" y="0" w="0" h="0" />
                </control>
                <include content="Object_Info_Button">
                    <param name="id">312</param>
                    <param name="groupid">322</param>
                    <param name="sliceid">323</param>
                    <param name="itempad">-20</param>
                    <param name="label">$VAR[Label_FullscreenWidget_InfoButton]</param>
                    <param name="icon">$VAR[Image_FullscreenWidget_InfoButton]</param>
                    <onfocus>SetFocus(6000)</onfocus>
                    <hitrect x="0" y="0" w="0" h="0" />
                </include>
            </control>
        </control>

        <!-- Categories -->
        <control type="group">
            <visible>!$EXP[Exp_WideSettings_IsWidgets]</visible>
            <include content="List_ButtonMenu_Row">
                <param name="id">300</param>
                <param name="font">font_main_black</param>
                <param name="color_fo">main_fg_100</param>
                <param name="color_nf">main_fg_30</param>
                <param name="itemlayout_w">view_button_item_w</param>
                <param name="offset_x">view_button_offset_x</param>
                <param name="control">list</param>
                <param name="backing">true</param>
                <left>160</left>
                <right>240</right>
                <height>selectorwidget_h</height>
                <top>selectorwidget_t</top>
                <onfocus>SetFocus(6000)</onfocus>
                <hitrect x="0" y="0" w="0" h="0" />
                <content>
                    <item><label>$LOCALIZE[21866]</label></item>
                    <item><label>$LOCALIZE[21866]</label></item>
                    <item><label>$LOCALIZE[21866]</label></item>
                    <item><label>$LOCALIZE[21866]</label></item>
                    <item><label>$LOCALIZE[21866]</label></item>
                    <item><label>$LOCALIZE[21866]</label></item>
                    <item><label>$LOCALIZE[21866]</label></item>
                    <item><label>$LOCALIZE[21866]</label></item>
                    <!-- <include>skinshortcuts-mainmenu</include> -->
                </content>
            </include>
            <include content="List_ButtonMenu_Row">
                <param name="id">302</param>
                <param name="font">font_mini</param>
                <param name="color_fo">main_fg_30</param>
                <param name="color_nf">main_fg_30</param>
                <param name="itemlayout_w">view_button_item_w</param>
                <param name="offset_x">view_button_offset_x</param>
                <param name="control">list</param>
                <param name="backing">true</param>
                <left>160</left>
                <right>240</right>
                <height>selectorwidget_h</height>
                <top>800</top>
                <onfocus>SetFocus(6000)</onfocus>
                <visible>$EXP[Exp_WideSettings_IsExpanded]</visible>
                <hitrect x="0" y="0" w="0" h="0" />
                <content>
                    <item><label>$LOCALIZE[1034]</label></item>
                    <item><label>$LOCALIZE[1034]</label></item>
                    <item><label>$LOCALIZE[1034]</label></item>
                    <item><label>$LOCALIZE[1034]</label></item>
                    <item><label>$LOCALIZE[1034]</label></item>
                    <item><label>$LOCALIZE[1034]</label></item>
                    <item><label>$LOCALIZE[1034]</label></item>
                    <item><label>$LOCALIZE[1034]</label></item>
                    <!-- <include>skinshortcuts-submenu</include> -->
                </content>
            </include>
        </control>

        <!-- Widgets -->
        <control type="group">
            <top>440</top>
            <animation effect="slide" start="0" end="0,-440" condition="$EXP[Exp_WideSettings_IsWidgets]">Conditional</animation>
            <include content="Info_Viewline">
                <param name="sort_condition">true</param>
                <param name="label">Widgets</param>
            </include>
            <control type="group">
                <top>500</top>
                <left>view_side</left>
                <control type="grouplist">
                    <top>46</top>
                    <height>400</height>
                    <left>-40</left>
                    <right>-40</right>
                    <orientation>horizontal</orientation>
                    <include>Widget_Busy_BlankItem_Landscape</include>
                    <include>Widget_Busy_BlankItem_Landscape</include>
                    <include>Widget_Busy_BlankItem_Landscape</include>
                    <include>Widget_Busy_BlankItem_Landscape</include>
                </control>
            </control>
            <control type="group">
                <top>440</top>
                <visible>!Skin.HasSetting(Hubs.WidgetSelector)</visible>
                <include content="Info_Viewline">
                    <param name="sort_condition">true</param>
                    <param name="label">Widgets</param>
                </include>
                <control type="group">
                    <top>500</top>
                    <left>view_side</left>
                    <control type="grouplist">
                        <top>46</top>
                        <height>400</height>
                        <left>-40</left>
                        <right>-40</right>
                        <orientation>horizontal</orientation>
                        <include>Widget_Busy_BlankItem_Landscape</include>
                        <include>Widget_Busy_BlankItem_Landscape</include>
                        <include>Widget_Busy_BlankItem_Landscape</include>
                        <include>Widget_Busy_BlankItem_Landscape</include>
                    </control>
                </control>
            </control>
            <include content="List_ButtonMenu_Row">
                <param name="id">302</param>
                <param name="font">font_mini</param>
                <param name="color_fo">main_fg_30</param>
                <param name="color_nf">main_fg_30</param>
                <param name="itemlayout_w">view_button_item_w</param>
                <param name="offset_x">view_button_offset_x</param>
                <param name="control">list</param>
                <param name="backing">true</param>
                <left>160</left>
                <right>240</right>
                <height>selectorwidget_h</height>
                <top>920</top>
                <onfocus>SetFocus(6000)</onfocus>
                <visible>Skin.HasSetting(Hubs.WidgetSelector)</visible>
                <hitrect x="0" y="0" w="0" h="0" />
                <content>
                    <item><label>$LOCALIZE[31366]</label></item>
                    <item><label>$LOCALIZE[31366]</label></item>
                    <item><label>$LOCALIZE[31366]</label></item>
                    <item><label>$LOCALIZE[31366]</label></item>
                    <item><label>$LOCALIZE[31366]</label></item>
                    <item><label>$LOCALIZE[31366]</label></item>
                    <item><label>$LOCALIZE[31366]</label></item>
                    <item><label>$LOCALIZE[31366]</label></item>
                </content>
            </include>
        </control>

        <!-- Header -->
        <include content="Furniture_Top">
            <param name="label">$LOCALIZE[1000]</param>
            <!-- <param name="label">[CAPITALIZE]$INFO[Container(6000).ListItem.Label][/CAPITALIZE]</param> -->
            <param name="enabled">true</param>
            <param name="clock">false</param>
        </include>

        <!-- Menu Dialog -->
        <include content="Dialog_Overlay_Side">
            <param name="topline">false</param>
            <param name="subline">false</param>
            <param name="dialog_size">Dimension_DialogHomeMenu</param>
            <include>Animation_Right_Delay</include>
            <include content="Dialog_Head">
                <param name="id">7000</param>
                <param name="label">$LOCALIZE[31203]</param>
            </include>



            <include content="Dialog_Body">
                <control type="group" id="6001">
                    <right>120</right>
                    <control type="panel" id="6000">
                        <height>100</height>
                        <top>10</top>
                        <left>20</left>
                        <orientation>horizontal</orientation>
                        <onleft>-</onleft>
                        <onright>9001</onright>
                        <ondown>8000</ondown>
                        <onfocus>ClearProperty(Highlight)</onfocus>
                        <itemlayout width="100" height="100">
                            <include>Layout_DialogWideSettings_Menu</include>
                        </itemlayout>
                        <focusedlayout width="100" height="100">
                            <control type="button">
                                <visible allowhiddenfocus="true">false</visible>
                                <onfocus>SetProperty(MenuHighlight,$INFO[ListItem.Property(highlight)],1115)</onfocus>
                                <onfocus>SetProperty(CustomDialogSettingsTitle,$INFO[ListItem.Property(head)],Home)</onfocus>
                                <onfocus>SetProperty(CustomDialogSettingsItems,$INFO[ListItem.Property(item)],Home)</onfocus>
                            </control>
                            <include content="Layout_DialogWideSettings_Menu">
                                <param name="selected">true</param>
                            </include>
                        </focusedlayout>
                        <content>
                            <item>
                                <label>$LOCALIZE[137]</label>
                                <icon>special://skin/extras/icons/search.png</icon>
                                <property name="head">[CAPITALIZE]$LOCALIZE[31275][/CAPITALIZE]</property>
                                <property name="item">Items_Settings_SearchMenu</property>
                                <property name="highlight">MenuSearch</property>
                            </item>
                            <include>Items_Dialog_WideSettings_Menu</include>
                        </content>
                    </control>
                    <include content="Dialog_Body_Grouplist">
                        <param name="id">8000</param>
                        <right>20</right>
                        <onleft>-</onleft>
                        <onright>9001</onright>
                        <onup>6000</onup>
                        <ondown>-</ondown>
                        <top>100</top>
                        <include content="Settings_Label" description="Style">
                            <param name="id">8701</param>
                            <param name="dialog">true</param>
                            <label>$INFO[Window(Home).Property(CustomDialogSettingsTitle)]</label>
                        </include>
                        <include content="Items_Settings_SideButtonConfigure">
                            <param name="item">1</param>
                        </include>
                        <include content="Items_Settings_SideButtonConfigure">
                            <param name="item">2</param>
                        </include>
                        <include content="Items_Settings_SideButtonConfigure">
                            <param name="item">3</param>
                        </include>
                        <include content="Items_Settings_SideButtonConfigure">
                            <param name="item">4</param>
                        </include>
                        <include>Items_Settings_HomeMenu</include>
                        <include>Items_Settings_SearchMenu</include>

                        <include content="Settings_Button" description="Combine widget stack">
                            <param name="id">8909</param>
                            <param name="dialog">true</param>
                            <param name="control">radiobutton</param>
                            <label>$LOCALIZE[31341]</label>
                            <label2>       [CAPITALIZE]($LOCALIZE[31342])[/CAPITALIZE]       </label2>
                            <selected>Skin.HasSetting(Hubs.WidgetSelector)</selected>
                            <onclick>Skin.ToggleSetting(Hubs.WidgetSelector)</onclick>
                            <onfocus>SetProperty(CustomDialogSettingsLabel,[B]$LOCALIZE[31341][/B][CR]$LOCALIZE[31343][CR][CR]$LOCALIZE[31344],Home)</onfocus>
                            <visible>!String.IsEqual(Window(Home).Property(CustomDialogSettingsItems),Items_Settings_SearchMenu)</visible>
                        </include>
                    </include>
                </control>


                <include content="Dialog_Side_Grouplist">
                    <param name="id">9000</param>
                    <onleft>6001</onleft>
                    <onright>Close</onright>
                    <include content="Dialog_Side_Button">
                        <param name="id">01</param>
                        <param name="label">$LOCALIZE[15067]</param>
                        <param name="icon">special://skin/extras/icons/circle-xmark.png</param>
                        <param name="visible">true</param>
                        <onclick>Close</onclick>
                    </include>
                    <include content="Dialog_Side_Button">
                        <param name="id">02</param>
                        <param name="label">$LOCALIZE[31431]</param>
                        <param name="icon">special://skin/extras/icons/download.png</param>
                        <param name="visible">true</param>
                        <onclick>RunScript(script.skinvariables,imp_skinshortcut,skin=skin.arctic.fuse)</onclick>
                    </include>
                    <include content="Dialog_Side_Button">
                        <param name="id">03</param>
                        <param name="label">Prebuilt</param>
                        <param name="icon">special://skin/extras/icons/cubes.png</param>
                        <param name="visible">true</param>
                        <onclick>RunScript(script.skinvariables,run_dialog=select,heading=Restore prebuilt menu,list=Home > Default / Home > Basic Library / Hub > Movies > Default / Hub > TV Shows > Default / Hub > Music > Default / Hub > Live TV > Default / Hub > Search > Default,preselect=-1,"executebuiltin_0=RunScript(script.skinvariables,mov_skinshortcut,folder=special://skin/shortcuts/default_home/,skin=skin.arctic.fuse)","executebuiltin_1=RunScript(script.skinvariables,mov_skinshortcut,folder=special://skin/shortcuts/basic_library/,skin=skin.arctic.fuse)","executebuiltin_2=RunScript(script.skinvariables,mov_skinshortcut,folder=special://skin/shortcuts/default_hub_movies/,skin=skin.arctic.fuse)","executebuiltin_3=RunScript(script.skinvariables,mov_skinshortcut,folder=special://skin/shortcuts/default_hub_tvshows/,skin=skin.arctic.fuse)","executebuiltin_4=RunScript(script.skinvariables,mov_skinshortcut,folder=special://skin/shortcuts/default_hub_music/,skin=skin.arctic.fuse)","executebuiltin_5=RunScript(script.skinvariables,mov_skinshortcut,folder=special://skin/shortcuts/default_hub_livetv/,skin=skin.arctic.fuse)","executebuiltin_6=RunScript(script.skinvariables,mov_skinshortcut,folder=special://skin/shortcuts/default_hub_search/,skin=skin.arctic.fuse)")</onclick>
                    </include>
                </include>
            </include>
        </include>
    </controls>
</window>
