<?xml version="1.0" encoding="UTF-8"?>
<includes>

    <constant name="view_offx">40</constant>

    <!-- ============= -->
    <!-- Movement Defs -->
    <!-- ============= -->
    <!-- 8 Item: Icon -->
    <include name="List_Icon_Row_Movement">
        <left>view_touchmode_edge_l</left>
        <right>view_touchmode_edge_r</right>
        <preloaditems>0</preloaditems>
        <movement>view_icon_movement</movement>
    </include>
    <!-- 7 Item: Poster, Square, Apps -->
    <include name="List_Poster_Row_Movement">
        <left>view_touchmode_edge_l</left>
        <right>view_touchmode_edge_r</right>
        <preloaditems>0</preloaditems>
        <movement>view_poster_movement</movement>
    </include>
    <!-- 5 Item: Card -->
    <include name="List_Card_Row_Movement">
        <left>view_touchmode_edge_l</left>
        <right>view_touchmode_edge_r</right>
        <preloaditems>0</preloaditems>
        <movement>view_card_movement</movement>
    </include>
    <!-- 4 Item: Landscape -->
    <include name="List_Landscape_Row_Movement">
        <left>view_touchmode_edge_l</left>
        <right>view_touchmode_edge_r</right>
        <preloaditems>0</preloaditems>
        <movement>view_landscape_movement</movement>
    </include>
    <!-- 3 Item: Board -->
    <include name="List_Board_Row_Movement">
        <left>view_touchmode_edge_l</left>
        <right>view_touchmode_edge_r</right>
        <preloaditems>0</preloaditems>
        <movement>view_board_movement</movement>
    </include>
    <!-- 1 Item: Banner -->
    <include name="List_Banner_Row_Movement">
        <left>view_touchmode_edge_l</left>
        <right>view_touchmode_edge_r</right>
        <preloaditems>0</preloaditems>
        <movement>0</movement>
    </include>


    <include name="TouchMode_Hub_Zones">
        <control type="button">
            <top>0</top>
            <height>560</height>
            <left>180</left>
            <right>60</right>
            <onclick condition="![String.IsEmpty(Window.Property(TMDBHelper.WidgetContainer)) | Integer.IsEqual(Window.Property(TMDBHelper.WidgetContainer),301)]">SetFocus($INFO[Window.Property(TMDbHelper.WidgetContainer)])</onclick>
            <onclick condition="[String.IsEmpty(Window.Property(TMDBHelper.WidgetContainer)) | Integer.IsEqual(Window.Property(TMDBHelper.WidgetContainer),301)]">SetFocus(320)</onclick>
            <onclick>AlarmClock(ClickMove,Action(Up),00:00,silent)</onclick>
            <texturefocus />
            <texturenofocus />
            <animation effect="slide" time="400" end="0" start="0,-220" tween="quadratic" easing="out" reversible="false" condition="[String.IsEmpty(Window.Property(Slide.WidgetContainer)) | !Integer.IsEqual(Window.Property(TMDBHelper.WidgetContainer),301)]">Conditional</animation>
            <animation effect="slide" time="400" end="0,-220" start="0" tween="quadratic" easing="out" reversible="false" condition="![String.IsEmpty(Window.Property(Slide.WidgetContainer)) | !Integer.IsEqual(Window.Property(TMDBHelper.WidgetContainer),301)]">Conditional</animation>
        </control>
        <control type="button">
            <bottom>0</bottom>
            <height>180</height>
            <left>180</left>
            <right>60</right>
            <onclick condition="![String.IsEmpty(Window.Property(TMDBHelper.WidgetContainer)) | Integer.IsEqual(Window.Property(TMDBHelper.WidgetContainer),301)]">SetFocus($INFO[Window.Property(TMDbHelper.WidgetContainer)])</onclick>
            <onclick condition="[String.IsEmpty(Window.Property(TMDBHelper.WidgetContainer)) | Integer.IsEqual(Window.Property(TMDBHelper.WidgetContainer),301)]">SetFocus(320)</onclick>
            <onclick>AlarmClock(ClickMove,Action(Down),00:00,silent)</onclick>
            <texturefocus />
            <texturenofocus />
        </control>
        <control type="button">
            <centertop>100</centertop>
            <height>100</height>
            <left>180</left>
            <width>480</width>
            <onclick condition="![String.IsEmpty(Window.Property(TMDBHelper.WidgetContainer)) | Integer.IsEqual(Window.Property(TMDBHelper.WidgetContainer),301)]">SetFocus($INFO[Window.Property(TMDbHelper.WidgetContainer)])</onclick>
            <onclick condition="[String.IsEmpty(Window.Property(TMDBHelper.WidgetContainer)) | Integer.IsEqual(Window.Property(TMDBHelper.WidgetContainer),301)]">SetFocus(320)</onclick>
            <onclick>AlarmClock(ClickMove,Action(PreviousMenu),00:00,silent)</onclick>
            <texturefocus />
            <texturenofocus />
        </control>
        <control type="button">
            <top>180</top>
            <height>330</height>
            <left>180</left>
            <width>680</width>
            <onclick condition="![String.IsEmpty(Window.Property(TMDBHelper.WidgetContainer)) | Integer.IsEqual(Window.Property(TMDBHelper.WidgetContainer),301)]">SetFocus($INFO[Window.Property(TMDbHelper.WidgetContainer)])</onclick>
            <onclick condition="[String.IsEmpty(Window.Property(TMDBHelper.WidgetContainer)) | Integer.IsEqual(Window.Property(TMDBHelper.WidgetContainer),301)]">SetFocus(320)</onclick>
            <onclick>AlarmClock(ClickMove,Action(Info),00:00,silent)</onclick>
            <texturefocus />
            <texturenofocus />
            <animation effect="slide" time="400" end="0" start="0,-150" tween="quadratic" easing="out" reversible="false" condition="[String.IsEmpty(Window.Property(Slide.WidgetContainer)) | !Integer.IsEqual(Window.Property(TMDBHelper.WidgetContainer),301)]">Conditional</animation>
            <animation effect="slide" time="400" end="0,-150" start="0" tween="quadratic" easing="out" reversible="false" condition="![String.IsEmpty(Window.Property(Slide.WidgetContainer)) | !Integer.IsEqual(Window.Property(TMDBHelper.WidgetContainer),301)]">Conditional</animation>
        </control>
    </include>

    <include name="TouchMode_Info_Zones">
        <control type="button">
            <centertop>100</centertop>
            <height>100</height>
            <left>180</left>
            <width>480</width>
            <onclick>AlarmClock(ClickMove,Action(PreviousMenu),00:00,silent)</onclick>
            <texturefocus />
            <texturenofocus />
        </control>
        <control type="button">
            <top>180</top>
            <height>330</height>
            <left>180</left>
            <width>680</width>
            <onclick>SetFocus(4001)</onclick>
            <onclick>AlarmClock(ClickMove,SetFocus(61),00:00,silent)</onclick>
            <texturefocus />
            <texturenofocus />
        </control>
    </include>

    <include name="TouchMode_Recs_Zones">
        <control type="button">
            <top>0</top>
            <height>500</height>
            <left>180</left>
            <right>60</right>
            <onclick>SetFocus($INFO[Window.Property(TMDbHelper.WidgetContainer)])</onclick>
            <onclick>AlarmClock(ClickMove,Action(Up),00:00,silent)</onclick>
            <texturefocus />
            <texturenofocus />
        </control>
        <control type="button">
            <bottom>0</bottom>
            <height>180</height>
            <left>180</left>
            <right>60</right>
            <onclick>SetFocus($INFO[Window.Property(TMDbHelper.WidgetContainer)])</onclick>
            <onclick>AlarmClock(ClickMove,Action(Down),00:00,silent)</onclick>
            <texturefocus />
            <texturenofocus />
        </control>
        <control type="button">
            <centertop>100</centertop>
            <height>100</height>
            <left>180</left>
            <width>480</width>
            <onclick>SetFocus($INFO[Window.Property(TMDbHelper.WidgetContainer)])</onclick>
            <onclick>AlarmClock(ClickMove,Action(PreviousMenu),00:00,silent)</onclick>
            <texturefocus />
            <texturenofocus />
        </control>
        <control type="button">
            <top>180</top>
            <height>330</height>
            <left>180</left>
            <width>680</width>
            <onclick>SetFocus($INFO[Window.Property(TMDbHelper.WidgetContainer)])</onclick>
            <onclick>AlarmClock(ClickMove,Action(Select),00:00,silent)</onclick>
            <texturefocus />
            <texturenofocus />
        </control>
    </include>

    <include name="TouchMode_Media_Zones">
        <control type="button">
            <centertop>100</centertop>
            <height>100</height>
            <left>180</left>
            <width>480</width>
            <onclick>SetFocus(50)</onclick>
            <onclick>AlarmClock(ClickMove,Action(PreviousMenu),00:00,silent)</onclick>
            <texturefocus />
            <texturenofocus />
        </control>
        <control type="button">
            <top>180</top>
            <height>330</height>
            <left>180</left>
            <width>680</width>
            <onclick>SetFocus(50)</onclick>
            <onclick>AlarmClock(ClickMove,Action(Info),00:00,silent)</onclick>
            <texturefocus />
            <texturenofocus />
        </control>
        <control type="button">
            <top>0</top>
            <left>180</left>
            <right>60</right>
            <bottom>180</bottom>
            <onclick>ClearProperty(MediaFilterBase)</onclick>
            <texturenofocus />
            <texturefocus />
            <visible>!String.IsEmpty(Window.Property(MediaFilterBase))</visible>
        </control>
        <control type="button">
            <bottom>0</bottom>
            <height>180</height>
            <left>180</left>
            <right>60</right>
            <onclick>SetProperty(MediaFilterBase,1)</onclick>
            <onclick>AlarmClock(ClickMove,SetFocus(19),00:00,silent)</onclick>
            <texturenofocus />
            <texturefocus />
            <visible>String.IsEmpty(Window.Property(MediaFilterBase))</visible>
            <visible>$EXP[Exp_FurnitureFooter_Left_IsVisible]</visible>
        </control>
    </include>


    <include name="TouchMode_Settings_Zones">
        <control type="button">
            <centertop>100</centertop>
            <height>100</height>
            <left>180</left>
            <width>480</width>
            <onclick>AlarmClock(ClickMove,Action(PreviousMenu),00:00,silent)</onclick>
            <texturefocus />
            <texturenofocus />
        </control>
    </include>


</includes>