<contents>
    <rules name="parts_onclick">
        <rule>
            <condition>{item_target}!=</condition>
            <value>&lt;onclick&gt;ActivateWindow({item_target},{item_path},return)&lt;/onclick&gt;</value>
        </rule>
        <rule>
            <condition>{item_path}==RebootToAndroid</condition>
            <value>&lt;onclick&gt;System.ExecWait("/usr/sbin/rebootfromnand")&lt;/onclick&gt;
&lt;onclick&gt;Reboot()&lt;/onclick&gt;</value>
        </rule>
        <rule>
            <condition>{item_path}==ActivateWindow(1101)</condition>
            <value>&lt;onclick&gt;ClearProperty(InhibitHubPositionReset,1101)&lt;/onclick&gt;
&lt;onclick&gt;SetProperty(Hub.Header,{item_label},1101)&lt;/onclick&gt;
&lt;onclick&gt;{item_path}&lt;/onclick&gt;</value>
        </rule>
        <rule>
            <condition>{item_path}==ActivateWindow(1102)</condition>
            <value>&lt;onclick&gt;ClearProperty(InhibitHubPositionReset,1102)&lt;/onclick&gt;
&lt;onclick&gt;SetProperty(Hub.Header,{item_label},1102)&lt;/onclick&gt;
&lt;onclick&gt;{item_path}&lt;/onclick&gt;</value>
        </rule>
        <rule>
            <condition>{item_path}==ActivateWindow(1103)</condition>
            <value>&lt;onclick&gt;ClearProperty(InhibitHubPositionReset,1103)&lt;/onclick&gt;
&lt;onclick&gt;SetProperty(Hub.Header,{item_label},1103)&lt;/onclick&gt;
&lt;onclick&gt;{item_path}&lt;/onclick&gt;</value>
        </rule>
        <rule>
            <condition>{item_path}==ActivateWindow(1104)</condition>
            <value>&lt;onclick&gt;ClearProperty(InhibitHubPositionReset,1104)&lt;/onclick&gt;
&lt;onclick&gt;SetProperty(Hub.Header,{item_label},1104)&lt;/onclick&gt;
&lt;onclick&gt;{item_path}&lt;/onclick&gt;</value>
        </rule>
        <rule>
            <condition>{item_path}==ActivateWindow(1106)</condition>
            <value>&lt;onclick&gt;ClearProperty(InhibitHubPositionReset,1106)&lt;/onclick&gt;
&lt;onclick&gt;SetProperty(Hub.Header,{item_label},1106)&lt;/onclick&gt;
&lt;onclick&gt;{item_path}&lt;/onclick&gt;</value>
        </rule>
        <rule>
            <condition>{item_path}==ActivateWindow(1107)</condition>
            <value>&lt;onclick&gt;ClearProperty(InhibitHubPositionReset,1107)&lt;/onclick&gt;
&lt;onclick&gt;SetProperty(Hub.Header,{item_label},1107)&lt;/onclick&gt;
&lt;onclick&gt;{item_path}&lt;/onclick&gt;</value>
        </rule>
        <rule>
            <condition>{item_path}==ActivateWindow(1108)</condition>
            <value>&lt;onclick&gt;ClearProperty(InhibitHubPositionReset,1108)&lt;/onclick&gt;
&lt;onclick&gt;SetProperty(Hub.Header,{item_label},1108)&lt;/onclick&gt;
&lt;onclick&gt;{item_path}&lt;/onclick&gt;</value>
        </rule>
        <rule>
            <condition>{item_path}==ActivateWindow(1109)</condition>
            <value>&lt;onclick&gt;ClearProperty(InhibitHubPositionReset,1109)&lt;/onclick&gt;
&lt;onclick&gt;SetProperty(Hub.Header,{item_label},1109)&lt;/onclick&gt;
&lt;onclick&gt;{item_path}&lt;/onclick&gt;</value>
        </rule>
        <rule>
            <condition>{item_path}==ActivateWindow(Home)</condition>
            <value>&lt;onclick&gt;ClearProperty(InhibitHubPositionReset,Home)&lt;/onclick&gt;
&lt;onclick&gt;{item_path}&lt;/onclick&gt;</value>
        </rule>
        <rule>
            <condition>True</condition>
            <value>&lt;onclick&gt;{item_path}&lt;/onclick&gt;</value>
        </rule>
    </rules>
</contents>