<?xml version="1.0" encoding="UTF-8"?>
<includes>
    <include name="Dimension_UpNext">
        <left>view_pad</left>
        <top>view_pad</top>
        <height>upnext_image_h</height>
    </include>

    <include name="Dimension_ClockShadow">
        <width>1200</width>
        <height>280</height>
        <centertop>80</centertop>
        <centerright>160</centerright>
    </include>

    <include name="Dimension_View">
        <left>view_pad</left>
        <right>view_pad</right>
        <top>view_top</top>
        <bottom>view_top</bottom>
    </include>

    <include name="Dimension_Furniture">
        <left>view_pad</left>
        <right>view_pad</right>
        <height>view_bar</height>
    </include>

    <include name="Dimension_Topbar">
        <include>Dimension_Furniture</include>
        <top>view_pad</top>
    </include>

    <include name="Dimension_Bottombar">
        <include>Dimension_Furniture</include>
        <bottom>view_pad</bottom>
    </include>

    <include name="Dimension_Padding">
        <left>$PARAM[pad]</left>
        <right>$PARAM[pad]</right>
        <top>$PARAM[pad]</top>
        <bottom>$PARAM[pad]</bottom>
    </include>

    <include name="Dimension_SmartPlaylist">
        <centerleft>50%</centerleft>
        <centertop>50%</centertop>
        <width>1200</width>
        <height>320</height>
    </include>

    <include name="Dimension_DialogConfirm">
        <centerleft>50%</centerleft>
        <centertop>50%</centertop>
        <width>1200</width>
        <height>460</height>
    </include>

    <include name="Dimension_Info">
        <left>view_pad</left>
        <right>view_pad</right>
        <top>view_top</top>
        <bottom>view_pad</bottom>
    </include>

    <include name="Dimension_DialogKeyboard">
        <centerleft>50%</centerleft>
        <bottom>120</bottom>
        <width>keyboard_width</width>
        <height>keyboard_height</height>
    </include>

    <include name="Dimension_DialogNumeric">
        <centerleft>50%</centerleft>
        <centertop>550</centertop>
        <width>460</width>
        <height>620</height>
    </include>

    <include name="Dimension_DialogSelect_OSD">
        <bottom>200</bottom>
        <left>view_pad</left>
        <right>view_pad</right>
        <height>560</height>
    </include>
    <include name="Dimension_DialogSelect">
        <centerleft>50%</centerleft>
        <width>1360</width>
        <height>dialog_tall_height</height>
        <centertop>dialog_tall_centertop</centertop>
    </include>

    <include name="Dimension_DialogSkinShortcuts_FullscreenWidget">
        <centerleft>50%</centerleft>
        <width>1080</width>
        <height>480</height>
        <centertop>dialog_tall_centertop</centertop>
    </include>

    <include name="Dimension_DialogSource">
        <centerleft>50%</centerleft>
        <width>1440</width>
        <height>800</height>
        <centertop>dialog_tall_centertop</centertop>
    </include>

    <include name="Dimension_DialogPVRGuideSearch">
        <centerleft>50%</centerleft>
        <width>1600</width>
        <height>dialog_tall_height</height>
        <centertop>dialog_tall_centertop</centertop>
    </include>

    <include name="Dimension_DialogColors">
        <centerleft>50%</centerleft>
        <width>1600</width>
        <height>dialog_tall_height</height>
        <centertop>dialog_tall_centertop</centertop>
    </include>

    <include name="Dimension_Favourites">
        <top>160</top>
        <bottom>40</bottom>
        <right>40</right>
        <width>1000</width>
    </include>

    <include name="Dimension_Context">
        <centerleft>50%</centerleft>
        <centertop>dialog_tall_centertop</centertop>
        <width>1030.4</width>
        <height>720</height>
    </include>

    <include name="Dimension_DialogAdvFilter">
        <width>600</width>
        <right>40</right>
        <top>160</top>
        <bottom>140</bottom>
    </include>

</includes>
