[
    {
        "label": "$LOCALIZE[20434]",
        "path": "videodb://movies/sets/",
        "submenulist_path": "videodb://movies/sets/",
        "submenulist_target": "videos",
        "submenulist_sortby": "label",
        "target": "videos",
        "use_as_widget": "True",
        "guid": "guid-83ebcd2a"
    },
    {
        "label": "$LOCALIZE[135]",
        "path": "videodb://movies/genres/",
        "submenulist_path": "videodb://movies/genres/",
        "submenulist_target": "videos",
        "submenulist_sortby": "label",
        "target": "videos",
        "use_as_widget": "True",
        "guid": "guid-78b2b18f"
    },
    {
        "label": "$LOCALIZE[20388]",
        "path": "videodb://movies/studios/",
        "submenulist_path": "videodb://movies/studios/",
        "submenulist_target": "videos",
        "submenulist_sortby": "label",
        "target": "videos",
        "use_as_widget": "True",
        "guid": "guid-5616d783"
    },
    {
        "label": "$LOCALIZE[369]",
        "path": "videodb://movies/titles/",
        "submenulist_path": "special://skin/extras/hub/movies/titles/",
        "submenulist_target": "videos",
        "submenulist_sortby": "label",
        "target": "videos",
        "use_as_widget": "True",
        "guid": "guid-85f177d3"
    },
    {
        "label": "$LOCALIZE[562]",
        "path": "videodb://movies/years/",
        "submenulist_path": "videodb://movies/years/",
        "submenulist_target": "videos",
        "submenulist_sortby": "label",
        "target": "videos",
        "use_as_widget": "True",
        "guid": "guid-8b06d13c"
    },
    {
        "label": "$LOCALIZE[20459]",
        "path": "videodb://movies/tags/",
        "submenulist_path": "videodb://movies/tags/",
        "submenulist_target": "videos",
        "submenulist_sortby": "label",
        "target": "videos",
        "use_as_widget": "True",
        "guid": "guid-3e15bb5c"
    },
    {
        "label": "$LOCALIZE[39031]",
        "path": "ActivateWindow(Videos,Files,return)",
        "submenulist_path": "library://video/",
        "submenulist_target": "videos",
        "target": "",
        "widgets": [
            {
                "label": "Movies",
                "path": "videodb://movies/",
                "widget_style": "Square",
                "target": "videos",
                "guid": "guid-66693ce5"
            },
            {
                "label": "$LOCALIZE[1037]",
                "path": "addons://sources/video/",
                "widget_style": "Square",
                "target": "videos",
                "guid": "guid-80f8cf2b"
            }
        ],
        "guid": "guid-6a0ca730"
    }
]