<?xml version="1.0" encoding="UTF-8"?>
<window>
    <defaultcontrol>450</defaultcontrol>
    <controls>

        <include content="Dialog_Overlay_Side">
            <include>Animation_Right_Delay</include>
            <width>1040</width>
            <include>Dimension_DialogWideMenu</include>
            <include content="Dialog_Head">
                <param name="id">411</param>
            </include>
            <include content="Dialog_Head">
                <param name="id">9901</param>
                <visible>String.IsEmpty(Control.GetLabel(411))</visible>
                <label>$LOCALIZE[424]</label>
            </include>
            <include content="Dialog_Body">

                <include content="Dialog_Body_Group">
                    <include content="List_DialogSelect">
                        <param name="id">450</param>
                        <param name="detailed">True</param>
                        <param name="item_height">x10</param>
                        <pagecontrol>61</pagecontrol>
                        <onright>61</onright>
                    </include>

                    <include content="List_AddonBrowser">
                        <param name="id">451</param>
                        <param name="item_h">160</param>
                        <param name="itemlayout_h">200</param>
                        <param name="item_w">160</param>
                        <param name="itemlayout_w">200</param>
                        <param name="detailed" value="true" />
                        <top>-x02</top>
                        <bottom>-x02</bottom>
                        <left>-x02</left>
                        <right>-x02</right>
                        <onright>62</onright>
                        <pagecontrol>62</pagecontrol>
                    </include>
                </include>

                <include content="Dialog_Scrollbar">
                    <param name="id">61</param>
                    <visible>Control.IsVisible(450)</visible>
                    <onleft>450</onleft>
                    <onright>9000</onright>
                </include>

                <include content="Dialog_Scrollbar">
                    <param name="id">62</param>
                    <visible>Control.IsVisible(451)</visible>
                    <onleft>451</onleft>
                    <onright>9000</onright>
                </include>

                <include content="Dialog_Side_Grouplist">
                    <param name="id">9000</param>
                    <onleft condition="Control.IsVisible(450)">61</onleft>
                    <onleft condition="Control.IsVisible(451)">62</onleft>
                    <onright>Close</onright>
                    <include content="Dialog_Side_Button">
                        <param name="id">01</param>
                        <param name="label">$LOCALIZE[186]</param>
                        <param name="icon">special://skin/extras/icons/circle-check.png</param>
                        <param name="visible">Control.IsEnabled(413) + Control.IsVisible(413) + Control.IsVisible(450)</param>
                        <onclick>SendClick(413)</onclick>
                    </include>
                    <include content="Dialog_Side_Button">
                        <param name="id">02</param>
                        <param name="label">$LOCALIZE[222]</param>
                        <param name="icon">special://skin/extras/icons/circle-xmark.png</param>
                        <param name="visible">Control.IsEnabled(414) + Control.IsVisible(414)</param>
                        <onclick>SendClick(414)</onclick>
                    </include>
                    <include content="Dialog_Side_Button">
                        <param name="id">03</param>
                        <param name="label">$LOCALIZE[119]</param>
                        <param name="icon">special://skin/extras/icons/circle-plus.png</param>
                        <param name="visible">Control.IsEnabled(415) + Control.IsVisible(415)</param>
                        <onclick>SendClick(415)</onclick>
                    </include>
                </include>
            </include>
        </include>

        <include content="Object_Hidden_Button">
            <param name="id">413</param>
        </include>
        <include content="Object_Hidden_Button">
            <param name="id">414</param>
        </include>
        <include content="Object_Hidden_Button">
            <param name="id">415</param>
        </include>
        <include content="Object_Hidden_Button">
            <param name="id">416</param>
        </include>
    </controls>
</window>
