<?xml version="1.0" encoding="UTF-8"?>
<includes>

    <!-- Main Items Fade In Time -->
    <constant name="mf_wp_faded_t_b">0</constant>

    <!-- Main Items Fade In Delay -->
    <constant name="mf_wp_faded_v_b_0">0</constant>
    <constant name="mf_wp_faded_v_b_1">0</constant>
    <constant name="mf_wp_faded_v_b_2">0</constant>
    <constant name="mf_wp_faded_v_b_3">0</constant>
    <constant name="mf_wp_faded_v_b_4">0</constant>
    <constant name="mf_wp_faded_v_b_5">0</constant>
    <constant name="mf_wp_faded_v_b_6">0</constant>
    <constant name="mf_wp_faded_v_b_7">0</constant>
    <constant name="mf_wp_faded_v_b_8">0</constant>
    <constant name="mf_wp_faded_v_b_9">0</constant>
    <constant name="mf_wp_faded_v_b_10">0</constant>
    <constant name="mf_wp_faded_v_b_11">0</constant>

    <!-- Main Items Fade Out Delay -->
    <constant name="mf_wp_faded_h_b_r">1199</constant>
    <constant name="mf_wp_faded_h_b_0">1200</constant>
    <constant name="mf_wp_faded_h_b_1">1200</constant>
    <constant name="mf_wp_faded_h_b_2">1200</constant>
    <constant name="mf_wp_faded_h_b_3">1200</constant>
    <constant name="mf_wp_faded_h_b_4">1200</constant>
    <constant name="mf_wp_faded_h_b_5">1200</constant>
    <constant name="mf_wp_faded_h_b_6">1200</constant>
    <constant name="mf_wp_faded_h_b_7">1200</constant>
    <constant name="mf_wp_faded_h_b_8">1200</constant>
    <constant name="mf_wp_faded_h_b_9">1200</constant>
    <constant name="mf_wp_faded_h_b_10">1200</constant>
    <constant name="mf_wp_faded_h_b_11">1200</constant>

    <!-- Wall Items Fade In Time -->
    <constant name="mf_wp_faded_t_a">400</constant>

    <!-- Wall Items Fade In Delay -->
    <constant name="mf_wp_faded_v_a_0">200</constant>
    <constant name="mf_wp_faded_v_a_1">240</constant>
    <constant name="mf_wp_faded_v_a_2">280</constant>
    <constant name="mf_wp_faded_v_a_3">320</constant>
    <constant name="mf_wp_faded_v_a_4">360</constant>
    <constant name="mf_wp_faded_v_a_5">400</constant>
    <constant name="mf_wp_faded_v_a_6">440</constant>
    <constant name="mf_wp_faded_v_a_7">480</constant>
    <constant name="mf_wp_faded_v_a_8">520</constant>
    <constant name="mf_wp_faded_v_a_9">560</constant>
    <constant name="mf_wp_faded_v_a_10">600</constant>
    <constant name="mf_wp_faded_v_a_11">640</constant>

    <!-- Column Slide In Delay -->
    <constant name="mf_wp_delay_v_0">200</constant>
    <constant name="mf_wp_delay_v_1">240</constant>
    <constant name="mf_wp_delay_v_2">280</constant>
    <constant name="mf_wp_delay_v_3">320</constant>
    <constant name="mf_wp_delay_v_4">360</constant>
    <constant name="mf_wp_delay_v_5">400</constant>
    <constant name="mf_wp_delay_v_6">440</constant>
    <constant name="mf_wp_delay_v_7">480</constant>
    <constant name="mf_wp_delay_v_8">520</constant>
    <constant name="mf_wp_delay_v_9">560</constant>
    <constant name="mf_wp_delay_v_10">600</constant>
    <constant name="mf_wp_delay_v_11">640</constant>

    <!-- Wall Items Fade Out Delay -->
    <constant name="mf_wp_faded_h_a_0">200</constant>
    <constant name="mf_wp_faded_h_a_1">240</constant>
    <constant name="mf_wp_faded_h_a_2">280</constant>
    <constant name="mf_wp_faded_h_a_3">320</constant>
    <constant name="mf_wp_faded_h_a_4">360</constant>
    <constant name="mf_wp_faded_h_a_5">400</constant>
    <constant name="mf_wp_faded_h_a_6">440</constant>
    <constant name="mf_wp_faded_h_a_7">480</constant>
    <constant name="mf_wp_faded_h_a_8">520</constant>
    <constant name="mf_wp_faded_h_a_9">560</constant>
    <constant name="mf_wp_faded_h_a_10">600</constant>
    <constant name="mf_wp_faded_h_a_11">640</constant>

    <!-- Column Transition Delay -->
    <constant name="mf_wp_delay_h_0">0</constant>
    <constant name="mf_wp_delay_h_1">40</constant>
    <constant name="mf_wp_delay_h_2">80</constant>
    <constant name="mf_wp_delay_h_3">120</constant>
    <constant name="mf_wp_delay_h_4">160</constant>
    <constant name="mf_wp_delay_h_5">200</constant>
    <constant name="mf_wp_delay_h_6">240</constant>
    <constant name="mf_wp_delay_h_7">280</constant>
    <constant name="mf_wp_delay_h_8">320</constant>
    <constant name="mf_wp_delay_h_9">360</constant>
    <constant name="mf_wp_delay_h_10">400</constant>
    <constant name="mf_wp_delay_h_11">440</constant>

    <!-- posx position -->
    <constant name="mf_wp_end_x_-1">-280</constant>
    <constant name="mf_wp_end_x_0">-40</constant>
    <constant name="mf_wp_end_x_1">200</constant>
    <constant name="mf_wp_end_x_2">440</constant>
    <constant name="mf_wp_end_x_3">680</constant>
    <constant name="mf_wp_end_x_4">920</constant>
    <constant name="mf_wp_end_x_5">1160</constant>
    <constant name="mf_wp_end_x_6">1400</constant>
    <constant name="mf_wp_end_x_7">1640</constant>
    <constant name="mf_wp_end_x_8">1880</constant>
    <constant name="mf_wp_end_x_9">2120</constant>
    <constant name="mf_wp_end_x_10">2360</constant>
    <constant name="mf_wp_end_x_11">2600</constant>

    <!-- posy position -->
    <constant name="mf_wp_end_y_-1">-508</constant>
    <constant name="mf_wp_end_y_0">-174</constant>
    <constant name="mf_wp_end_y_1">160</constant>
    <constant name="mf_wp_end_y_2">494</constant>
    <constant name="mf_wp_end_y_3">828</constant>
    <constant name="mf_wp_end_y_4">1162</constant>
    <constant name="mf_wp_end_y_r">586</constant>

    <include name="MediaFilter_FolderItems">
        <item>
            <label>$LOCALIZE[136]</label>
            <property name="special_icon">special://skin/extras/icons/list-check.png</property>
            <property name="isSpecial">True</property>
            <onclick>ClearProperty(MediaFilterNode)</onclick>
            <onclick>ClearProperty(MediaFilterNode.SortBy)</onclick>
            <onclick>ClearProperty(MediaFilterNode.SortOrder)</onclick>
            <onclick condition="Container.Content(movies) + String.IsEmpty(Container.PluginName) + Library.HasContent(Movies)">SetProperty(MediaFilterNode,special://skin/extras/hub/movies/lists)</onclick>
            <onclick condition="Container.Content(tvshows) + String.IsEmpty(Container.PluginName) + Library.HasContent(TVShows)">SetProperty(MediaFilterNode,special://skin/extras/hub/tvshows/lists)</onclick>
            <onclick condition="Container.Content(movies) + ![String.IsEmpty(Container.PluginName) + Library.HasContent(Movies)]">SetProperty(MediaFilterNode,static_movies_main)</onclick>
            <onclick condition="Container.Content(tvshows) + ![String.IsEmpty(Container.PluginName) + Library.HasContent(TVShows)]">SetProperty(MediaFilterNode,static_tvshows_main)</onclick>
            <onclick>SetProperty(MediaFilterNodeLabel,$LOCALIZE[31372])</onclick>
            <onclick>AlarmClock(refocus,SetFocus(20001,0,absolute),00:00,silent)</onclick>
            <visible>Container.Content(movies) | Container.Content(tvshows)</visible>
            <visible>!Skin.HasSetting(DisableDefaultExploreMenu)</visible>
        </item>

        <item>
            <label>$LOCALIZE[515]</label>
            <property name="special_icon">special://skin/extras/icons/genre.png</property>
            <property name="isSpecial">True</property>
            <onclick>ClearProperty(MediaFilterNode)</onclick>
            <onclick>SetProperty(MediaFilterNode.SortBy,label)</onclick>
            <onclick>SetProperty(MediaFilterNode.SortOrder,ascending)</onclick>
            <onclick condition="Container.Content(movies)">SetProperty(MediaFilterNode,videodb://movies/genres)</onclick>
            <onclick condition="Container.Content(tvshows)">SetProperty(MediaFilterNode,videodb://tvshows/genres)</onclick>
            <onclick>SetProperty(MediaFilterNodeLabel,$LOCALIZE[135])</onclick>
            <onclick>AlarmClock(refocus,SetFocus(20001,0,absolute),00:00,silent)</onclick>
            <visible>[Container.Content(movies) + Library.HasContent(Movies)] | [Container.Content(tvshows) + Library.HasContent(TVShows)]</visible>
            <visible>!Skin.HasSetting(DisableDefaultExploreMenu)</visible>
        </item>

        <item>
            <label>$LOCALIZE[572]</label>
            <property name="special_icon">special://skin/extras/icons/director.png</property>
            <property name="isSpecial">True</property>
            <onclick>ClearProperty(MediaFilterNode)</onclick>
            <onclick>SetProperty(MediaFilterNode.SortBy,label)</onclick>
            <onclick>SetProperty(MediaFilterNode.SortOrder,ascending)</onclick>
            <onclick condition="Container.Content(movies)">SetProperty(MediaFilterNode,videodb://movies/studios/)</onclick>
            <onclick condition="Container.Content(tvshows)">SetProperty(MediaFilterNode,videodb://tvshows/studios/)</onclick>
            <onclick>SetProperty(MediaFilterNodeLabel,$LOCALIZE[20388])</onclick>
            <onclick>AlarmClock(refocus,SetFocus(20001,0,absolute),00:00,silent)</onclick>
            <visible>[Container.Content(movies) + Library.HasContent(Movies)] | [Container.Content(tvshows) + Library.HasContent(TVShows)]</visible>
            <visible>!Skin.HasSetting(DisableDefaultExploreMenu)</visible>
        </item>

        <item>
            <label>$LOCALIZE[345]</label>
            <property name="special_icon">special://skin/extras/icons/calendar.png</property>
            <property name="isSpecial">True</property>
            <onclick>ClearProperty(MediaFilterNode)</onclick>
            <onclick>SetProperty(MediaFilterNode.SortBy,label)</onclick>
            <onclick>SetProperty(MediaFilterNode.SortOrder,ascending)</onclick>
            <onclick condition="Container.Content(movies)">SetProperty(MediaFilterNode,special://skin/extras/hub/movies/years/)</onclick>
            <onclick condition="Container.Content(tvshows)">SetProperty(MediaFilterNode,videodb://tvshows/years/)</onclick>
            <onclick>SetProperty(MediaFilterNodeLabel,$LOCALIZE[652])</onclick>
            <onclick>AlarmClock(refocus,SetFocus(20001,0,absolute),00:00,silent)</onclick>
            <visible>[Container.Content(movies) + Library.HasContent(Movies)] | [Container.Content(tvshows) + Library.HasContent(TVShows)]</visible>
            <visible>!Skin.HasSetting(DisableDefaultExploreMenu)</visible>
        </item>

        <item>
            <label>$LOCALIZE[20337]</label>
            <property name="special_icon">special://skin/extras/icons/person.png</property>
            <property name="isSpecial">True</property>
            <onclick>ClearProperty(MediaFilterNode)</onclick>
            <onclick>SetProperty(MediaFilterNode.SortBy,label)</onclick>
            <onclick>SetProperty(MediaFilterNode.SortOrder,ascending)</onclick>
            <onclick condition="Container.Content(movies)">SetProperty(MediaFilterNode,videodb://movies/actors/)</onclick>
            <onclick condition="Container.Content(tvshows)">SetProperty(MediaFilterNode,videodb://tvshows/actors/)</onclick>
            <onclick>SetProperty(MediaFilterNodeLabel,$LOCALIZE[344])</onclick>
            <onclick>AlarmClock(refocus,SetFocus(20001,0,absolute),00:00,silent)</onclick>
            <visible>[Container.Content(movies) + Library.HasContent(Movies)] | [Container.Content(tvshows) + Library.HasContent(TVShows)]</visible>
            <visible>!Skin.HasSetting(DisableDefaultExploreMenu)</visible>
        </item>

        <item>
            <label>$LOCALIZE[20339]</label>
            <property name="special_icon">special://skin/extras/icons/video-addons.png</property>
            <property name="isSpecial">True</property>
            <onclick>ClearProperty(MediaFilterNode)</onclick>
            <onclick>SetProperty(MediaFilterNode.SortBy,label)</onclick>
            <onclick>SetProperty(MediaFilterNode.SortOrder,ascending)</onclick>
            <onclick condition="Container.Content(movies)">SetProperty(MediaFilterNode,videodb://movies/directors/)</onclick>
            <onclick>SetProperty(MediaFilterNodeLabel,$LOCALIZE[20348])</onclick>
            <onclick>AlarmClock(refocus,SetFocus(20001,0,absolute),00:00,silent)</onclick>
            <visible>[Container.Content(movies) + Library.HasContent(Movies)] | [Container.Content(tvshows) + Library.HasContent(TVShows)]</visible>
            <visible>!Skin.HasSetting(DisableDefaultExploreMenu)</visible>
        </item>

        <item>
            <label>$LOCALIZE[31373]</label>
            <property name="special_icon">special://skin/extras/icons/tag.png</property>
            <property name="isSpecial">True</property>
            <onclick>ClearProperty(MediaFilterNode)</onclick>
            <onclick>SetProperty(MediaFilterNode.SortBy,label)</onclick>
            <onclick>SetProperty(MediaFilterNode.SortOrder,ascending)</onclick>
            <onclick condition="Container.Content(movies)">SetProperty(MediaFilterNode,videodb://movies/tags/)</onclick>
            <onclick condition="Container.Content(tvshows)">SetProperty(MediaFilterNode,videodb://tvshows/tags/)</onclick>
            <onclick>SetProperty(MediaFilterNodeLabel,$LOCALIZE[20459])</onclick>
            <onclick>AlarmClock(refocus,SetFocus(20001,0,absolute),00:00,silent)</onclick>
            <visible>[Container.Content(movies) + Library.HasContent(Movies)] | [Container.Content(tvshows) + Library.HasContent(TVShows)]</visible>
            <visible>!Skin.HasSetting(DisableDefaultExploreMenu)</visible>
        </item>

        <item>
            <label>$LOCALIZE[574]</label>
            <property name="special_icon">special://skin/extras/icons/world.png</property>
            <property name="isSpecial">True</property>
            <onclick>ClearProperty(MediaFilterNode)</onclick>
            <onclick>SetProperty(MediaFilterNode.SortBy,label)</onclick>
            <onclick>SetProperty(MediaFilterNode.SortOrder,ascending)</onclick>
            <onclick condition="Container.Content(movies)">SetProperty(MediaFilterNode,videodb://movies/countries/)</onclick>
            <onclick>SetProperty(MediaFilterNodeLabel,$LOCALIZE[20451])</onclick>
            <onclick>AlarmClock(refocus,SetFocus(20001,0,absolute),00:00,silent)</onclick>
            <visible>[Container.Content(movies) + Library.HasContent(Movies)]</visible>
            <visible>!Skin.HasSetting(DisableDefaultExploreMenu)</visible>
        </item>

        <item>
            <label>TMDb $LOCALIZE[515]</label>
            <property name="special_icon">special://skin/extras/icons/genre.png</property>
            <property name="isSpecial">True</property>
            <onclick>ClearProperty(MediaFilterNode)</onclick>
            <onclick>ClearProperty(MediaFilterNode.SortBy)</onclick>
            <onclick>ClearProperty(MediaFilterNode.SortOrder)</onclick>
            <onclick condition="Container.Content(movies)">SetProperty(MediaFilterNode,plugin://plugin.video.themoviedb.helper/?info=genres&amp;tmdb_type=movie)</onclick>
            <onclick condition="Container.Content(tvshows)">SetProperty(MediaFilterNode,plugin://plugin.video.themoviedb.helper/?info=genres&amp;tmdb_type=tv)</onclick>
            <onclick>SetProperty(MediaFilterNodeLabel,$LOCALIZE[135])</onclick>
            <onclick>AlarmClock(refocus,SetFocus(20001,0,absolute),00:00,silent)</onclick>
            <visible>Container.Content(movies) | Container.Content(tvshows)</visible>
            <visible>!Skin.HasSetting(DisableDefaultExploreMenu)</visible>
        </item>

        <item>
            <label>TMDb $LOCALIZE[19334]</label>
            <property name="special_icon">special://skin/extras/icons/share-nodes.png</property>
            <property name="isSpecial">True</property>
            <onclick>ClearProperty(MediaFilterNode)</onclick>
            <onclick>ClearProperty(MediaFilterNode.SortBy)</onclick>
            <onclick>ClearProperty(MediaFilterNode.SortOrder)</onclick>
            <onclick condition="Container.Content(movies)">SetProperty(MediaFilterNode,plugin://plugin.video.themoviedb.helper/?info=watch_providers&amp;tmdb_type=movie)</onclick>
            <onclick condition="Container.Content(tvshows)">SetProperty(MediaFilterNode,plugin://plugin.video.themoviedb.helper/?info=watch_providers&amp;tmdb_type=tv)</onclick>
            <onclick>SetProperty(MediaFilterNodeLabel,$LOCALIZE[19334])</onclick>
            <onclick>AlarmClock(refocus,SetFocus(20001,0,absolute),00:00,silent)</onclick>
            <visible>Container.Content(movies) | Container.Content(tvshows)</visible>
            <visible>!Skin.HasSetting(DisableDefaultExploreMenu)</visible>
        </item>

        <item>
            <label>Trakt $LOCALIZE[31200]</label>
            <property name="special_icon">special://skin/extras/icons/trakttv.png</property>
            <property name="isSpecial">True</property>
            <onclick>ClearProperty(MediaFilterNode)</onclick>
            <onclick>ClearProperty(MediaFilterNode.SortBy)</onclick>
            <onclick>ClearProperty(MediaFilterNode.SortOrder)</onclick>
            <onclick condition="Container.Content(movies)">SetProperty(MediaFilterNode,static_movies_trakt)</onclick>
            <onclick condition="Container.Content(tvshows)">SetProperty(MediaFilterNode,static_tvshows_trakt)</onclick>
            <onclick>SetProperty(MediaFilterNodeLabel,Trakt)</onclick>
            <onclick>AlarmClock(refocus,SetFocus(20001,0,absolute),00:00,silent)</onclick>
            <visible>!String.IsEmpty(Window(Home).Property(TMDbHelper.TraktIsAuth))</visible>
            <visible>Container.Content(movies) | Container.Content(tvshows)</visible>
            <visible>!Skin.HasSetting(DisableDefaultExploreMenu)</visible>
        </item>

        <item>
            <label>Trakt $LOCALIZE[31166]</label>
            <property name="special_icon">special://skin/extras/icons/rectangle-list.png</property>
            <property name="isSpecial">True</property>
            <onclick>ClearProperty(MediaFilterNode)</onclick>
            <onclick>ClearProperty(MediaFilterNode.SortBy)</onclick>
            <onclick>ClearProperty(MediaFilterNode.SortOrder)</onclick>
            <onclick condition="Container.Content(movies)">SetProperty(MediaFilterNode,plugin://plugin.video.themoviedb.helper/?info=trakt_popularlists&amp;tmdb_type=movie)</onclick>
            <onclick condition="Container.Content(tvshows)">SetProperty(MediaFilterNode,plugin://plugin.video.themoviedb.helper/?info=trakt_popularlists&amp;tmdb_type=movie)</onclick>
            <onclick>SetProperty(MediaFilterNodeLabel,$LOCALIZE[31166])</onclick>
            <onclick>AlarmClock(refocus,SetFocus(20001,0,absolute),00:00,silent)</onclick>
            <visible>Container.Content(movies) | Container.Content(tvshows)</visible>
            <visible>!Skin.HasSetting(DisableDefaultExploreMenu)</visible>
        </item>

        <include>skinshortcuts-template-exploremenu</include>
    </include>

    <include name="MediaFilter_StaticItems">
        <!-- Main -->
        <!-- Popular -->
        <item>
            <label>$LOCALIZE[31166]</label>
            <visible>String.IsEqual(Window.Property(MediaFilterNode),static_movies_main)</visible>
            <property name="static_folderpath">plugin://plugin.video.themoviedb.helper/?info=popular&amp;tmdb_type=movie</property>
        </item>
        <item>
            <label>$LOCALIZE[31166]</label>
            <visible>String.IsEqual(Window.Property(MediaFilterNode),static_tvshows_main)</visible>
            <property name="static_folderpath">plugin://plugin.video.themoviedb.helper/?info=popular&amp;tmdb_type=tv</property>
        </item>
        <!-- Trending -->
        <item>
            <label>$LOCALIZE[31310]</label>
            <visible>String.IsEqual(Window.Property(MediaFilterNode),static_movies_main)</visible>
            <property name="static_folderpath">plugin://plugin.video.themoviedb.helper/?info=trending_week&amp;tmdb_type=movie</property>
        </item>
        <item>
            <label>$LOCALIZE[31310]</label>
            <visible>String.IsEqual(Window.Property(MediaFilterNode),static_tvshows_main)</visible>
            <property name="static_folderpath">plugin://plugin.video.themoviedb.helper/?info=trending_week&amp;tmdb_type=tv</property>
        </item>
        <!-- Top Rated -->
        <item>
            <label>$LOCALIZE[31091]</label>
            <visible>String.IsEqual(Window.Property(MediaFilterNode),static_movies_main)</visible>
            <property name="static_folderpath">plugin://plugin.video.themoviedb.helper/?info=top_rated&amp;tmdb_type=movie</property>
        </item>
        <item>
            <label>$LOCALIZE[31091]</label>
            <visible>String.IsEqual(Window.Property(MediaFilterNode),static_tvshows_main)</visible>
            <property name="static_folderpath">plugin://plugin.video.themoviedb.helper/?info=top_rated&amp;tmdb_type=tv</property>
        </item>
        <!-- Most Voted -->
        <item>
            <label>$LOCALIZE[31374]</label>
            <visible>String.IsEqual(Window.Property(MediaFilterNode),static_movies_main)</visible>
            <property name="static_folderpath">plugin://plugin.video.themoviedb.helper/?info=most_voted&amp;tmdb_type=movie</property>
        </item>
        <item>
            <label>$LOCALIZE[31374]</label>
            <visible>String.IsEqual(Window.Property(MediaFilterNode),static_tvshows_main)</visible>
            <property name="static_folderpath">plugin://plugin.video.themoviedb.helper/?info=most_voted&amp;tmdb_type=tv</property>
        </item>
        <!-- Upcoming -->
        <item>
            <label>$LOCALIZE[31313]</label>
            <visible>String.IsEqual(Window.Property(MediaFilterNode),static_movies_main)</visible>
            <property name="static_folderpath">plugin://plugin.video.themoviedb.helper/?info=upcoming&amp;tmdb_type=movie</property>
        </item>
        <item>
            <label>$LOCALIZE[31311]</label>
            <visible>String.IsEqual(Window.Property(MediaFilterNode),static_tvshows_main)</visible>
            <property name="static_folderpath">plugin://plugin.video.themoviedb.helper/?info=on_the_air&amp;tmdb_type=tv</property>
        </item>


        <!-- Trakt -->
        <!-- Watchlist -->
        <item>
            <label>$LOCALIZE[31306]</label>
            <visible>String.IsEqual(Window.Property(MediaFilterNode),static_movies_trakt)</visible>
            <property name="static_folderpath">plugin://plugin.video.themoviedb.helper/?info=trakt_watchlist&amp;tmdb_type=movie</property>
        </item>
        <item>
            <label>$LOCALIZE[31306]</label>
            <visible>String.IsEqual(Window.Property(MediaFilterNode),static_tvshows_trakt)</visible>
            <property name="static_folderpath">plugin://plugin.video.themoviedb.helper/?info=trakt_watchlist&amp;tmdb_type=tv</property>
        </item>
        <!-- History -->
        <item>
            <label>$LOCALIZE[31307]</label>
            <visible>String.IsEqual(Window.Property(MediaFilterNode),static_movies_trakt)</visible>
            <property name="static_folderpath">plugin://plugin.video.themoviedb.helper/?info=trakt_history&amp;tmdb_type=movie</property>
        </item>
        <item>
            <label>$LOCALIZE[31307]</label>
            <visible>String.IsEqual(Window.Property(MediaFilterNode),static_tvshows_trakt)</visible>
            <property name="static_folderpath">plugin://plugin.video.themoviedb.helper/?info=trakt_history&amp;tmdb_type=tv</property>
        </item>
        <!-- In Progress -->
        <item>
            <label>$LOCALIZE[31090]</label>
            <visible>String.IsEqual(Window.Property(MediaFilterNode),static_movies_trakt)</visible>
            <property name="static_folderpath">plugin://plugin.video.themoviedb.helper/?info=trakt_inprogress&amp;tmdb_type=movie</property>
        </item>
        <item>
            <label>$LOCALIZE[31090]</label>
            <visible>String.IsEqual(Window.Property(MediaFilterNode),static_tvshows_trakt)</visible>
            <property name="static_folderpath">plugin://plugin.video.themoviedb.helper/?info=trakt_inprogress&amp;tmdb_type=tv</property>
        </item>
        <!-- Recommendations -->
        <item>
            <label>$LOCALIZE[31018]</label>
            <visible>String.IsEqual(Window.Property(MediaFilterNode),static_movies_trakt)</visible>
            <property name="static_folderpath">plugin://plugin.video.themoviedb.helper/?info=trakt_recommendations&amp;tmdb_type=movie</property>
        </item>
        <item>
            <label>$LOCALIZE[31018]</label>
            <visible>String.IsEqual(Window.Property(MediaFilterNode),static_tvshows_trakt)</visible>
            <property name="static_folderpath">plugin://plugin.video.themoviedb.helper/?info=trakt_recommendations&amp;tmdb_type=tv</property>
        </item>
        <!-- Most Watched -->
        <item>
            <label>$LOCALIZE[31317]</label>
            <visible>String.IsEqual(Window.Property(MediaFilterNode),static_movies_trakt)</visible>
            <property name="static_folderpath">plugin://plugin.video.themoviedb.helper/?info=trakt_mostwatched&amp;tmdb_type=movie</property>
        </item>
        <item>
            <label>$LOCALIZE[31317]</label>
            <visible>String.IsEqual(Window.Property(MediaFilterNode),static_tvshows_trakt)</visible>
            <property name="static_folderpath">plugin://plugin.video.themoviedb.helper/?info=trakt_mostwatched&amp;tmdb_type=tv</property>
        </item>

    </include>

    <include name="MediaFilter_SwitchLists_HiddenButton">
        <include content="Object_Hidden_Button">
            <param name="id">$PARAM[id]</param>
            <visible allowhiddenfocus="true">false</visible>
            <animation effect="fade" start="0" end="0" time="400" reversible="false">Focus</animation>
            <onfocus>SetFocus($PARAM[return_id])</onfocus>
            <onfocus>ClearProperty(MediaFilterSwap)</onfocus>
            <onfocus condition="Container.Content(movies)">Container.Update(videodb://movies/titles,replace)</onfocus>
            <onfocus condition="Container.Content(tvshows)">Container.Update(videodb://tvshows/titles,replace)</onfocus>
            <onfocus condition="!String.IsEqual(Container.FolderPath,$PARAM[infolabel])">SetProperty(MediaFilterThis,$INFO[$PARAM[infolabel]])</onfocus>
            <onfocus condition="!String.IsEqual(Container.FolderPath,$PARAM[infolabel])">Container.Update($INFO[$PARAM[infolabel]])</onfocus>
            <onfocus condition="String.IsEqual(Container.FolderPath,$PARAM[infolabel])">SetProperty(MediaFilterThis,$INFO[Window.Property(MediaFilterBase)])</onfocus>
            <onfocus condition="String.IsEqual(Container.FolderPath,$PARAM[infolabel])">Container.Update($INFO[Window.Property(MediaFilterBase)])</onfocus>
        </include>
    </include>

    <include name="MediaFilter_Wall_Poster">
        <param name="ver">a</param>
        <param name="icon_base_var">Image_Poster</param>
        <param name="interchange_condition">[String.IsEmpty(Window.Property(MediaFilterSwap)) + !Window.IsVisible(DialogBusy.xml)]</param>
        <param name="interchange_animation_include">MediaFilter_Wall_Interchange</param>
        <param name="visible">$EXP[Exp_MediaFilter_Wall]</param>
        <param name="visible_animation_include">MediaFilter_Wall_Visible</param>
        <param name="prefix">mf_wp</param>
        <param name="id">50</param>
        <param name="layout_include">Layout_Poster</param>
        <param name="item_w">view_poster_item_w</param>
        <param name="item_h">view_poster_item_h</param>
        <param name="selected">false</param>
        <definition>
            <include content="$PARAM[layout_include]">
                <param name="icon">$VAR[$PARAM[icon_base_var]_C$PARAM[id]_$PARAM[pos]]</param>
                <param name="item_w">$PARAM[item_w]</param>
                <param name="item_h">$PARAM[item_h]</param>
                <param name="affix">_C$PARAM[id]_$PARAM[pos]</param>
                <param name="listitem">Container($PARAM[id]).ListItem($PARAM[pos])</param>
                <param name="selected">$PARAM[selected]</param>
                <param name="id">$PARAM[id]</param>

                <nested />

                <left>$PARAM[prefix]_end_x_$PARAM[col]</left>
                <top>$PARAM[prefix]_end_y_$PARAM[row]</top>
                <visible>$PARAM[visible]</visible>

                <include content="$PARAM[visible_animation_include]">
                    <param name="ver">$PARAM[ver]</param>
                    <param name="col">$PARAM[col]</param>
                    <param name="row">$PARAM[row]</param>
                    <param name="pos">$PARAM[pos]</param>
                    <param name="id">$PARAM[id]</param>
                    <param name="prefix">$PARAM[prefix]</param>
                </include>

                <include content="$PARAM[interchange_animation_include]">
                    <param name="ver">$PARAM[ver]</param>
                    <param name="col">$PARAM[col]</param>
                    <param name="row">$PARAM[row]</param>
                    <param name="pos">$PARAM[pos]</param>
                    <param name="id">$PARAM[id]</param>
                    <param name="interchange_condition">$PARAM[interchange_condition]</param>
                    <param name="visible">$PARAM[visible]</param>
                    <param name="prefix">$PARAM[prefix]</param>
                </include>

            </include>
        </definition>
    </include>

    <include name="MediaFilter_Wall_Poster_Row">
        <param name="selected">false</param>
        <definition>
            <include content="MediaFilter_Wall_Poster">
                <param name="icon_base_var">$PARAM[icon_base_var]</param>
                <param name="interchange_condition">$PARAM[interchange_condition]</param>
                <param name="visible">$PARAM[visible]</param>
                <param name="visible_animation_include">$PARAM[visible_animation_include]</param>
                <param name="id">$PARAM[id]</param>
                <param name="pos">$PARAM[p_0]</param>
                <param name="row">$PARAM[row]</param>
                <param name="ver">$PARAM[ver]</param>
                <param name="col">0</param>
            </include>
            <include content="MediaFilter_Wall_Poster">
                <param name="icon_base_var">$PARAM[icon_base_var]</param>
                <param name="interchange_condition">$PARAM[interchange_condition]</param>
                <param name="visible">$PARAM[visible]</param>
                <param name="visible_animation_include">$PARAM[visible_animation_include]</param>
                <param name="id">$PARAM[id]</param>
                <param name="pos">$PARAM[p_1]</param>
                <param name="row">$PARAM[row]</param>
                <param name="ver">$PARAM[ver]</param>
                <param name="col">1</param>
                <animation effect="fade" start="100" end="0" condition="$PARAM[selected]">Conditional</animation>
            </include>
            <include content="MediaFilter_Wall_Poster">
                <param name="icon_base_var">$PARAM[icon_base_var]</param>
                <param name="interchange_condition">$PARAM[interchange_condition]</param>
                <param name="visible">$PARAM[visible]</param>
                <param name="visible_animation_include">$PARAM[visible_animation_include]</param>
                <param name="id">$PARAM[id]</param>
                <param name="pos">$PARAM[p_1]</param>
                <param name="row">$PARAM[row]</param>
                <param name="ver">$PARAM[ver]</param>
                <param name="col">1</param>
                <param name="selected">true</param>
                <animation effect="fade" start="100" end="0" condition="![$PARAM[selected]]">Conditional</animation>
            </include>
            <include content="MediaFilter_Wall_Poster">
                <param name="icon_base_var">$PARAM[icon_base_var]</param>
                <param name="interchange_condition">$PARAM[interchange_condition]</param>
                <param name="visible">$PARAM[visible]</param>
                <param name="visible_animation_include">$PARAM[visible_animation_include]</param>
                <param name="id">$PARAM[id]</param>
                <param name="pos">$PARAM[p_2]</param>
                <param name="row">$PARAM[row]</param>
                <param name="ver">$PARAM[ver]</param>
                <param name="col">2</param>
            </include>
            <include content="MediaFilter_Wall_Poster">
                <param name="icon_base_var">$PARAM[icon_base_var]</param>
                <param name="interchange_condition">$PARAM[interchange_condition]</param>
                <param name="visible">$PARAM[visible]</param>
                <param name="visible_animation_include">$PARAM[visible_animation_include]</param>
                <param name="id">$PARAM[id]</param>
                <param name="pos">$PARAM[p_3]</param>
                <param name="row">$PARAM[row]</param>
                <param name="ver">$PARAM[ver]</param>
                <param name="col">3</param>
            </include>
            <include content="MediaFilter_Wall_Poster">
                <param name="icon_base_var">$PARAM[icon_base_var]</param>
                <param name="interchange_condition">$PARAM[interchange_condition]</param>
                <param name="visible">$PARAM[visible]</param>
                <param name="visible_animation_include">$PARAM[visible_animation_include]</param>
                <param name="id">$PARAM[id]</param>
                <param name="pos">$PARAM[p_4]</param>
                <param name="row">$PARAM[row]</param>
                <param name="ver">$PARAM[ver]</param>
                <param name="col">4</param>
            </include>
            <include content="MediaFilter_Wall_Poster">
                <param name="icon_base_var">$PARAM[icon_base_var]</param>
                <param name="interchange_condition">$PARAM[interchange_condition]</param>
                <param name="visible">$PARAM[visible]</param>
                <param name="visible_animation_include">$PARAM[visible_animation_include]</param>
                <param name="id">$PARAM[id]</param>
                <param name="pos">$PARAM[p_5]</param>
                <param name="row">$PARAM[row]</param>
                <param name="ver">$PARAM[ver]</param>
                <param name="col">5</param>
            </include>
            <include content="MediaFilter_Wall_Poster">
                <param name="icon_base_var">$PARAM[icon_base_var]</param>
                <param name="interchange_condition">$PARAM[interchange_condition]</param>
                <param name="visible">$PARAM[visible]</param>
                <param name="visible_animation_include">$PARAM[visible_animation_include]</param>
                <param name="id">$PARAM[id]</param>
                <param name="pos">$PARAM[p_6]</param>
                <param name="row">$PARAM[row]</param>
                <param name="ver">$PARAM[ver]</param>
                <param name="col">6</param>
            </include>
            <include content="MediaFilter_Wall_Poster">
                <param name="icon_base_var">$PARAM[icon_base_var]</param>
                <param name="interchange_condition">$PARAM[interchange_condition]</param>
                <param name="visible">$PARAM[visible]</param>
                <param name="visible_animation_include">$PARAM[visible_animation_include]</param>
                <param name="id">$PARAM[id]</param>
                <param name="pos">$PARAM[p_7]</param>
                <param name="row">$PARAM[row]</param>
                <param name="ver">$PARAM[ver]</param>
                <param name="col">7</param>
            </include>
            <include content="MediaFilter_Wall_Poster">
                <param name="icon_base_var">$PARAM[icon_base_var]</param>
                <param name="interchange_condition">$PARAM[interchange_condition]</param>
                <param name="visible">$PARAM[visible]</param>
                <param name="visible_animation_include">$PARAM[visible_animation_include]</param>
                <param name="id">$PARAM[id]</param>
                <param name="pos">$PARAM[p_8]</param>
                <param name="row">$PARAM[row]</param>
                <param name="ver">$PARAM[ver]</param>
                <param name="col">8</param>
            </include>
            <include content="MediaFilter_Wall_Poster">
                <param name="icon_base_var">$PARAM[icon_base_var]</param>
                <param name="interchange_condition">$PARAM[interchange_condition]</param>
                <param name="visible">$PARAM[visible]</param>
                <param name="visible_animation_include">$PARAM[visible_animation_include]</param>
                <param name="id">$PARAM[id]</param>
                <param name="pos">$PARAM[p_9]</param>
                <param name="row">$PARAM[row]</param>
                <param name="ver">$PARAM[ver]</param>
                <param name="col">9</param>
            </include>
            <include content="MediaFilter_Wall_Poster">
                <param name="icon_base_var">$PARAM[icon_base_var]</param>
                <param name="interchange_condition">$PARAM[interchange_condition]</param>
                <param name="visible">$PARAM[visible]</param>
                <param name="visible_animation_include">$PARAM[visible_animation_include]</param>
                <param name="id">$PARAM[id]</param>
                <param name="pos">$PARAM[p_10]</param>
                <param name="row">$PARAM[row]</param>
                <param name="ver">$PARAM[ver]</param>
                <param name="col">10</param>
            </include>
            <include content="MediaFilter_Wall_Poster">
                <param name="icon_base_var">$PARAM[icon_base_var]</param>
                <param name="interchange_condition">$PARAM[interchange_condition]</param>
                <param name="visible">$PARAM[visible]</param>
                <param name="visible_animation_include">$PARAM[visible_animation_include]</param>
                <param name="id">$PARAM[id]</param>
                <param name="pos">$PARAM[p_11]</param>
                <param name="row">$PARAM[row]</param>
                <param name="ver">$PARAM[ver]</param>
                <param name="col">11</param>
            </include>
        </definition>
    </include>

    <include name="MediaFilter_Wall">
        <param name="id">52</param>
        <param name="selected">[false]</param>
        <definition>

            <control type="group">

                <animation effect="slide" start="0" end="-view_poster_itemlayout_w" time="400" tween="quadratic" easing="out" condition="!Container($PARAM[id]).OnNext + !Control.HasFocus($PARAM[id]) + String.IsEmpty(Window.Property(MediaFilterVert))" reversible="false">Conditional</animation>
                <animation effect="slide" start="0" end="view_poster_itemlayout_w" time="400" tween="quadratic" easing="out" condition="!Container($PARAM[id]).OnPrevious + !Control.HasFocus($PARAM[id]) + String.IsEmpty(Window.Property(MediaFilterVert))" reversible="false">Conditional</animation>

                <animation effect="slide" start="0" end="0,-view_poster_itemlayout_h" time="400" tween="quadratic" easing="out" condition="!Container($PARAM[id]).OnNext + !Control.HasFocus($PARAM[id]) + !String.IsEmpty(Window.Property(MediaFilterVert))" reversible="false">Conditional</animation>
                <animation effect="slide" start="0" end="0,view_poster_itemlayout_h" time="400" tween="quadratic" easing="out" condition="!Container($PARAM[id]).OnPrevious + !Control.HasFocus($PARAM[id]) + !String.IsEmpty(Window.Property(MediaFilterVert))" reversible="false">Conditional</animation>

                <include content="MediaFilter_Wall_Poster_Row">
                    <param name="icon_base_var">$PARAM[icon_base_var]</param>
                    <param name="interchange_condition">$PARAM[interchange_condition]</param>
                    <param name="visible">$PARAM[visible]</param>
                    <param name="visible_animation_include">$PARAM[visible_animation_include]</param>
                    <param name="id">$PARAM[id]</param>
                    <param name="ver">a</param>
                    <param name="row">-1</param>
                    <param name="p_0">-15</param>
                    <param name="p_1">-14</param>
                    <param name="p_2">-13</param>
                    <param name="p_3">-12</param>
                    <param name="p_4">-11</param>
                    <param name="p_5">-10</param>
                    <param name="p_6">-9</param>
                    <param name="p_7">-8</param>
                    <param name="p_8">-7</param>
                    <param name="p_9">-6</param>
                    <param name="p_10">-5</param>
                    <param name="p_11">-4</param>
                </include>

                <include content="MediaFilter_Wall_Poster_Row">
                    <param name="icon_base_var">$PARAM[icon_base_var]</param>
                    <param name="interchange_condition">$PARAM[interchange_condition]</param>
                    <param name="visible">$PARAM[visible]</param>
                    <param name="visible_animation_include">$PARAM[visible_animation_include]</param>
                    <param name="id">$PARAM[id]</param>
                    <param name="ver">a</param>
                    <param name="row">0</param>
                    <param name="p_0">-8</param>
                    <param name="p_1">-7</param>
                    <param name="p_2">-6</param>
                    <param name="p_3">-5</param>
                    <param name="p_4">-4</param>
                    <param name="p_5">-3</param>
                    <param name="p_6">-2</param>
                    <param name="p_7">-1</param>
                    <param name="p_8">0</param>
                    <param name="p_9">1</param>
                    <param name="p_10">2</param>
                    <param name="p_11">3</param>
                </include>

                <include content="MediaFilter_Wall_Poster_Row">
                    <param name="icon_base_var">$PARAM[icon_base_var]</param>
                    <param name="interchange_condition">$PARAM[interchange_condition]</param>
                    <param name="visible">$PARAM[visible]</param>
                    <param name="visible_animation_include">$PARAM[visible_animation_include]</param>
                    <param name="id">$PARAM[id]</param>
                    <param name="ver">b</param>
                    <param name="row">1</param>
                    <param name="selected">$PARAM[selected]</param>
                    <param name="p_0">-1</param>
                    <param name="p_1">0</param>
                    <param name="p_2">1</param>
                    <param name="p_3">2</param>
                    <param name="p_4">3</param>
                    <param name="p_5">4</param>
                    <param name="p_6">5</param>
                    <param name="p_7">6</param>
                    <param name="p_8">7</param>
                    <param name="p_9">8</param>
                    <param name="p_10">9</param>
                    <param name="p_11">10</param>
                </include>

                <include content="MediaFilter_Wall_Poster_Row">
                    <param name="icon_base_var">$PARAM[icon_base_var]</param>
                    <param name="interchange_condition">$PARAM[interchange_condition]</param>
                    <param name="visible">$PARAM[visible]</param>
                    <param name="visible_animation_include">$PARAM[visible_animation_include]</param>
                    <param name="id">$PARAM[id]</param>
                    <param name="ver">a</param>
                    <param name="row">2</param>
                    <param name="p_0">6</param>
                    <param name="p_1">7</param>
                    <param name="p_2">8</param>
                    <param name="p_3">9</param>
                    <param name="p_4">10</param>
                    <param name="p_5">11</param>
                    <param name="p_6">12</param>
                    <param name="p_7">13</param>
                    <param name="p_8">14</param>
                    <param name="p_9">15</param>
                    <param name="p_10">16</param>
                    <param name="p_11">17</param>
                </include>

                <include content="MediaFilter_Wall_Poster_Row">
                    <param name="icon_base_var">$PARAM[icon_base_var]</param>
                    <param name="interchange_condition">$PARAM[interchange_condition]</param>
                    <param name="visible">$PARAM[visible]</param>
                    <param name="visible_animation_include">$PARAM[visible_animation_include]</param>
                    <param name="id">$PARAM[id]</param>
                    <param name="ver">a</param>
                    <param name="row">3</param>
                    <param name="p_0">13</param>
                    <param name="p_1">14</param>
                    <param name="p_2">15</param>
                    <param name="p_3">16</param>
                    <param name="p_4">17</param>
                    <param name="p_5">18</param>
                    <param name="p_6">19</param>
                    <param name="p_7">20</param>
                    <param name="p_8">21</param>
                    <param name="p_9">22</param>
                    <param name="p_10">23</param>
                    <param name="p_11">24</param>
                </include>

                <include content="MediaFilter_Wall_Poster_Row">
                    <param name="icon_base_var">$PARAM[icon_base_var]</param>
                    <param name="interchange_condition">$PARAM[interchange_condition]</param>
                    <param name="visible">$PARAM[visible]</param>
                    <param name="visible_animation_include">$PARAM[visible_animation_include]</param>
                    <param name="id">$PARAM[id]</param>
                    <param name="ver">a</param>
                    <param name="row">4</param>
                    <param name="p_0">20</param>
                    <param name="p_1">21</param>
                    <param name="p_2">22</param>
                    <param name="p_3">23</param>
                    <param name="p_4">24</param>
                    <param name="p_5">25</param>
                    <param name="p_6">26</param>
                    <param name="p_7">27</param>
                    <param name="p_8">28</param>
                    <param name="p_9">29</param>
                    <param name="p_10">30</param>
                    <param name="p_11">31</param>
                </include>
            </control>
        </definition>
    </include>

    <include name="MediaFilter_Node">

        <!-- Reset to Original Path before Refocus-->
        <include content="Object_Hidden_Button">
            <param name="id">21000</param>
            <onfocus condition="!String.IsEqual(Container.FolderPath,Window.Property(MediaFilterBase))">Container.Update(-,replace)</onfocus>
            <onfocus condition="!String.IsEqual(Container.FolderPath,Window.Property(MediaFilterBase))">Container.Update($INFO[Window.Property(MediaFilterBase)])</onfocus>
            <onfocus>SetProperty(MediaFilterThis,$INFO[Window.Property(MediaFilterBase)])</onfocus>
            <onfocus>SetFocus(50)</onfocus>
        </include>

        <!-- Switch Lists -->
        <include content="MediaFilter_SwitchLists_HiddenButton">
            <param name="id">21001</param>
            <param name="return_id">20001</param>
            <param name="infolabel">Container(20001).ListItem.FolderPath</param>
        </include>

        <include content="MediaFilter_SwitchLists_HiddenButton">
            <param name="id">21002</param>
            <param name="return_id">20001</param>
            <param name="infolabel">Container(20001).ListItem.Property(static_folderpath)</param>
        </include>

        <include content="MediaFilter_SwitchLists_HiddenButton">
            <param name="id">21003</param>
            <param name="return_id">20000</param>
            <param name="infolabel">Container(20000).ListItem.Property(static_folderpath)</param>
        </include>

        <include content="MediaFilter_SwitchLists_HiddenButton">
            <param name="id">21004</param>
            <param name="return_id">29002</param>
            <param name="infolabel">Window.Property(MediaFilterWipe)</param>
        </include>

        <include content="MediaFilter_SwitchLists_HiddenButton">
            <param name="id">21005</param>
            <param name="return_id">9002</param>
            <param name="infolabel">Window.Property(MediaFilterWipe)</param>
        </include>

        <include content="Dialog_Overlay_Side">
            <include>Animation_Right_Delay</include>
            <include>Dimension_DialogSideMenu</include>
            <visible>!String.IsEmpty(Window.Property(MediaFilterBase))</visible>
            <include content="Dialog_Head">
                <param name="id">0</param>
                <param name="label">$LOCALIZE[31370]</param>
            </include>
            <include content="Dialog_Body">
                <include content="Dialog_Body_Group">
                    <!-- Folders -->
                    <include content="List_DialogSelect">
                        <param name="id">20000</param>
                        <param name="control">list</param>
                        <param name="misc">String.IsEqual(ListItem.FolderPath,Window.Property(MediaFilterThis))</param>
                        <focusposition>4</focusposition>
                        <movement>5</movement>
                        <onright>9000</onright>
                        <onleft>50</onleft>
                        <onback>50</onback>
                        <onfocus>ClearProperty(MediaFilterNode)</onfocus>
                        <content>
                            <include>MediaFilter_FolderItems</include>
                        </content>
                    </include>
                </include>

                <!-- Side Group -->
                <include content="Dialog_Side_Grouplist">
                    <param name="id">9000</param>
                    <onback>50</onback>
                    <onright>noop</onright>
                    <onleft>20000</onleft>
                    <include content="Dialog_Side_Button">
                        <param name="id">01</param>
                        <param name="label">$LOCALIZE[186]</param>
                        <param name="icon">special://skin/extras/icons/circle-check.png</param>
                        <onclick>SetFocus(50)</onclick>
                    </include>

                    <include content="Dialog_Side_Button">
                        <param name="id">02</param>
                        <param name="label">$LOCALIZE[192]</param>
                        <param name="icon">special://skin/extras/icons/triangle-exclamation.png</param>
                        <onclick condition="Container.Content(movies) + Library.HasContent(Movies) + String.IsEqual(Container.FolderPath,Window.Property(MediaFilterBase))">SetProperty(MediaFilterWipe,videodb://movies/titles)</onclick>
                        <onclick condition="Container.Content(tvshows) + Library.HasContent(TVShows) + String.IsEqual(Container.FolderPath,Window.Property(MediaFilterBase))">SetProperty(MediaFilterWipe,videodb://tvshows/titles)</onclick>
                        <onclick condition="[[Container.Content(movies) + !Library.HasContent(Movies)] | [Container.Content(tvshows) + !Library.HasContent(TVShows)]] | !String.IsEqual(Container.FolderPath,Window.Property(MediaFilterBase))">SetProperty(MediaFilterWipe,$INFO[Window.Property(MediaFilterBase)])</onclick>
                        <onclick>SetProperty(MediaFilterSwap,1)</onclick>
                        <onclick>SetFocus(21005)</onclick>
                    </include>

                    <include content="Dialog_Side_Button">
                        <param name="id">04</param>
                        <param name="label">$VAR[Label_Watched]</param>
                        <param name="icon">$VAR[Image_Watched]</param>
                        <param name="visible">Window.IsVisible(videos)</param>
                        <onclick>SendClick(videos,14)</onclick>
                    </include>

                    <include content="Dialog_Side_Button">
                        <param name="id">05</param>
                        <param name="label">$INFO[Container.SortMethod]</param>
                        <param name="icon">special://skin/extras/icons/sort.png</param>
                        <param name="visible">Window.IsMedia</param>
                        <onclick>SetProperty(DialogSelectType,Menu,Home)</onclick>
                        <onclick>SendClick(videos,3)</onclick>
                    </include>

                    <include content="Dialog_Side_Button">
                        <param name="id">06</param>
                        <param name="label">$VAR[Label_SortDirection]</param>
                        <param name="icon">$VAR[Image_SortDirection]</param>
                        <param name="visible">Window.IsMedia</param>
                        <onclick>SetProperty(DialogSelectType,Menu,Home)</onclick>
                        <onclick>SendClick(videos,4)</onclick>
                    </include>

                    <include content="Dialog_Side_Button">
                        <param name="id">07</param>
                        <param name="label">$LOCALIZE[587]</param>
                        <param name="icon">$VAR[Image_Filtered]</param>
                        <onclick>SetProperty(DialogSettings.Style,mediafilter,Home)</onclick>
                        <onclick>Filter</onclick>
                    </include>

                    <!-- <include content="Dialog_Side_Button">
                        <param name="id">08</param>
                        <param name="label">Discover</param>
                        <param name="icon">special://skin/extras/icons/binoculars.png</param>
                        <onclick>Close</onclick>

                        <onclick condition="![String.IsEqual(Container(99950).ListItem.Property(base_dbtype),tvshow) | String.IsEqual(Container(99950).ListItem.Property(base_dbtype),season) | String.IsEqual(Container(99950).ListItem.Property(base_dbtype),episode)] + !Window.IsVisible(MyVideoNav.xml)">AlarmClock(UpdatePath,ActivateWindow(videos,plugin://plugin.video.themoviedb.helper/?info=user_discover&amp;tmdb_type=movie,return),00:01,silent)</onclick>
                        <onclick condition="[String.IsEqual(Container(99950).ListItem.Property(base_dbtype),tvshow) | String.IsEqual(Container(99950).ListItem.Property(base_dbtype),season) | String.IsEqual(Container(99950).ListItem.Property(base_dbtype),episode)] + !Window.IsVisible(MyVideoNav.xml)">AlarmClock(UpdatePath,ActivateWindow(videos,plugin://plugin.video.themoviedb.helper/?info=user_discover&amp;tmdb_type=tv,return),00:01,silent)</onclick>

                        <onclick condition="![String.IsEqual(Container(99950).ListItem.Property(base_dbtype),tvshow) | String.IsEqual(Container(99950).ListItem.Property(base_dbtype),season) | String.IsEqual(Container(99950).ListItem.Property(base_dbtype),episode)] + Window.IsVisible(MyVideoNav.xml)">AlarmClock(UpdatePath,Container.Update(plugin://plugin.video.themoviedb.helper/?info=user_discover&amp;tmdb_type=movie),00:01,silent)</onclick>
                        <onclick condition="[String.IsEqual(Container(99950).ListItem.Property(base_dbtype),tvshow) | String.IsEqual(Container(99950).ListItem.Property(base_dbtype),season) | String.IsEqual(Container(99950).ListItem.Property(base_dbtype),episode)] + Window.IsVisible(MyVideoNav.xml)">AlarmClock(UpdatePath,Container.Update(plugin://plugin.video.themoviedb.helper/?info=user_discover&amp;tmdb_type=tv),00:01,silent)</onclick>

                        <onclick>SetFocus(55)</onclick>
                    </include> -->

                    <include content="Dialog_Side_Button">
                        <param name="id">09</param>
                        <param name="label">$LOCALIZE[24138]</param>
                        <param name="icon">special://skin/extras/icons/update.png</param>
                        <param name="visible">[Window.IsVisible(MyVideoNav.xml) | Window.IsVisible(MyMusicNav.xml)]</param>
                        <onclick condition="Window.IsVisible(MyVideoNav.xml)">UpdateLibrary(videos)</onclick>
                        <onclick condition="Window.IsVisible(MyMusicNav.xml)">UpdateLibrary(music)</onclick>
                    </include>

                    <include content="Dialog_Side_Button">
                        <param name="id">21</param>
                        <param name="label">$LOCALIZE[559]</param>
                        <param name="icon">special://skin/extras/icons/list-ol.png</param>
                        <param name="visible">!Window.IsVisible(MyPlaylist.xml) + [!Integer.IsEqual(MusicPlayer.PlaylistLength,0) | !Integer.IsEqual(VideoPlayer.PlaylistLength,0)]</param>
                        <onclick condition="!Integer.IsEqual(MusicPlayer.PlaylistLength,0)">ActivateWindow(musicplaylist)</onclick>
                        <onclick condition="!Integer.IsEqual(VideoPlayer.PlaylistLength,0)">ActivateWindow(videoplaylist)</onclick>
                    </include>

                </include>


            </include>
        </include>

        <include content="Dialog_Overlay_Side">
            <include>Animation_Right_Delay</include>
            <include>Dimension_DialogSideMenu</include>
            <visible allowhiddenfocus="true">Control.HasFocus(20001) | Control.HasFocus(21002) | Control.HasFocus(21001) | !String.IsEmpty(Window.Property(MediaFilterNode))</visible>
            <include content="Dialog_Head">
                <param name="id">0</param>
                <param name="label">[CAPITALIZE]$LOCALIZE[31370]$INFO[Container.Content, ,][/CAPITALIZE]</param>
            </include>
            <include content="Dialog_Body">
                <include content="Dialog_Body_Group">
                    <include content="List_DialogSelect">
                        <param name="id">20001</param>
                        <param name="misc">[!String.IsEmpty(Window.Property(MediaFilterThis)) + [[!String.IsEmpty(ListItem.FolderPath) + String.IsEqual(ListItem.FolderPath,Window.Property(MediaFilterThis))] | [!String.IsEmpty(ListItem.Property(static_folderpath)) + String.IsEqual(ListItem.Property(static_folderpath),Window.Property(MediaFilterThis))]]]</param>
                        <param name="control">fixedlist</param>
                        <focusposition>4</focusposition>
                        <movement>5</movement>
                        <pagecontrol>20061</pagecontrol>
                        <onback>20000</onback>

                        <onleft>20000</onleft>
                        <onright>20061</onright>
                        <onclick>SetProperty(MediaFilterSwap,1)</onclick>
                        <onclick condition="String.IsEmpty(Container(20001).ListItem.Property(static_folderpath))">SetFocus(21001)</onclick>
                        <onclick condition="!String.IsEmpty(Container(20001).ListItem.Property(static_folderpath))">SetFocus(21002)</onclick>

                        <content>
                            <item>
                                <label>$LOCALIZE[31412]</label>
                                <property name="static_folderpath">$INFO[Window.Property(MediaFilterBase)]</property>
                            </item>
                            <item>
                                <label>$LOCALIZE[31413]</label>
                                <property name="static_folderpath">videodb://movies/titles</property>
                                <visible>String.IsEqual(Window.Property(MediaFilterNode),special://skin/extras/hub/movies/lists)</visible>
                            </item>
                            <item>
                                <label>$LOCALIZE[31414]</label>
                                <property name="static_folderpath">videodb://tvshows/titles</property>
                                <visible>String.IsEqual(Window.Property(MediaFilterNode),special://skin/extras/hub/tvshows/lists)</visible>
                            </item>
                        </content>

                        <content sortby="$INFO[Window.Property(MediaFilterNode.SortBy)]" sortorder="$INFO[Window.Property(MediaFilterNode.SortOrder)]">$INFO[Window.Property(MediaFilterNode)]</content>

                        <content>
                            <include>MediaFilter_StaticItems</include>
                        </content>
                    </include>
                </include>
                <include content="Dialog_Scrollbar">
                    <param name="id">20061</param>
                    <onleft>20001</onleft>
                    <onright>29000</onright>
                    <onback>20000</onback>
                </include>
                <include content="Dialog_Side_Grouplist">
                    <param name="id">29000</param>
                    <onright>noop</onright>
                    <onleft>20061</onleft>
                    <onback>20000</onback>
                    <include content="Dialog_Side_Button">
                        <param name="id">01</param>
                        <param name="baseid">29</param>
                        <param name="label">$LOCALIZE[186]</param>
                        <param name="icon">special://skin/extras/icons/circle-check.png</param>
                        <onclick>SetFocus(20000)</onclick>
                    </include>
                    <include content="Dialog_Side_Button">
                        <param name="id">02</param>
                        <param name="baseid">29</param>
                        <param name="label">$LOCALIZE[192]</param>
                        <param name="icon">special://skin/extras/icons/triangle-exclamation.png</param>
                        <onclick condition="Container.Content(movies) + String.IsEmpty(Container.PluginName) + String.IsEqual(Container.FolderPath,Window.Property(MediaFilterBase))">SetProperty(MediaFilterWipe,videodb://movies/titles)</onclick>
                        <onclick condition="Container.Content(tvshows) + String.IsEmpty(Container.PluginName) + String.IsEqual(Container.FolderPath,Window.Property(MediaFilterBase))">SetProperty(MediaFilterWipe,videodb://tvshows/titles)</onclick>
                        <onclick condition="!String.IsEmpty(Container.PluginName) | !String.IsEqual(Container.FolderPath,Window.Property(MediaFilterBase))">SetProperty(MediaFilterWipe,$INFO[Window.Property(MediaFilterBase)])</onclick>
                        <onclick>SetProperty(MediaFilterSwap,1)</onclick>
                        <onclick>SetFocus(21004)</onclick>
                    </include>
                </include>
            </include>
        </include>
    </include>

    <include name="MediaFilter_Discover_Wall">
        <include content="MediaFilter_Wall" condition="!Skin.HasSetting(DisableDefaultExploreMenu) + !Skin.HasSetting(DisableMediaFilterWall) + [!Skin.HasSetting(Viewtype.Movies.UseLandscape) | !Skin.HasSetting(Viewtype.TVShows.UseLandscape)]">
            <param name="id">553</param>
            <param name="visible">$EXP[Exp_DiscoverFilter_Wall]</param>
            <param name="interchange_condition">[!Container(553).IsUpdating]</param>
        </include>
        <include content="List_Poster_Row">
            <param name="id">553</param>
            <onup>55</onup>
            <ondown>55</ondown>
            <onback>55</onback>
            <content>$VAR[Path_Discover_Content]</content>
            <height>divider_bottom</height>
            <bottom>40</bottom>
            <visible>Control.IsVisible(55)</visible>
            <visible>[[!Skin.HasSetting(Viewtype.Movies.UseLandscape) + String.IsEqual(Container(55).ListItemAbsolute(0).Property(Param.TMDb_Type),movie)] | [!Skin.HasSetting(Viewtype.TVShows.UseLandscape) + String.IsEqual(Container(55).ListItemAbsolute(0).Property(Param.TMDb_Type),tv)]]</visible>
            <include>MediaFilter_View_Transition</include>
        </include>
        <include content="List_Landscape_Row">
            <param name="id">553</param>
            <onup>55</onup>
            <ondown>55</ondown>
            <onback>55</onback>
            <content>$VAR[Path_Discover_Content]</content>
            <height>divider_bottom</height>
            <bottom>40</bottom>
            <visible>Control.IsVisible(55)</visible>
            <visible>![[!Skin.HasSetting(Viewtype.Movies.UseLandscape) + String.IsEqual(Container(55).ListItemAbsolute(0).Property(Param.TMDb_Type),movie)] | [!Skin.HasSetting(Viewtype.TVShows.UseLandscape) + String.IsEqual(Container(55).ListItemAbsolute(0).Property(Param.TMDb_Type),tv)]]</visible>
            <include>MediaFilter_View_Transition</include>
        </include>
    </include>

    <include name="MediaFilter_Discover_Node">


        <include content="Dialog_Overlay_Side">
            <include>Animation_Right_Delay</include>
            <include>Dimension_DialogSideMenu</include>
            <visible>Control.IsVisible(55)</visible>
            <!-- <visible allowhiddenfocus="true">!Control.HasFocus(553)</visible> -->
            <include content="Dialog_Head">
                <param name="label">[CAPITALIZE]$INFO[Container(55).ListItemAbsolute(0).Label][/CAPITALIZE]</param>
            </include>
            <include content="Dialog_Body">
                <include content="Dialog_Body_Group">
                    <include content="List_DialogSelect">
                        <param name="id">55</param>
                        <movement>8</movement>
                        <!-- <onleft>553</onleft> -->
                        <onleft>SetFocus(55,0,absolute)</onleft>
                        <onleft>Action(Select)</onleft>
                        <onright>550</onright>
                        <visible>$EXP[Exp_View_055]</visible>
                        <onfocus>SetProperty(TMDbHelper.WidgetContainer,553)</onfocus>
                    </include>
                </include>
                <include content="Dialog_Side_Grouplist">
                    <param name="id">550</param>
                    <onleft>55</onleft>
                    <include content="Dialog_Side_Button">
                        <param name="baseid">55</param>
                        <param name="id">01</param>
                        <param name="label">Movies</param>
                        <param name="icon">special://skin/extras/icons/binoculars.png</param>
                        <param name="visible">String.IsEqual(Container(55).ListItemAbsolute(0).Property(Param.TMDb_Type),movie)</param>
                        <onclick>Container.Update(plugin://plugin.video.themoviedb.helper/?info=user_discover&amp;tmdb_type=tv)</onclick>
                    </include>
                    <include content="Dialog_Side_Button">
                        <param name="baseid">55</param>
                        <param name="id">02</param>
                        <param name="label">TV Shows</param>
                        <param name="icon">special://skin/extras/icons/binoculars.png</param>
                        <param name="visible">String.IsEqual(Container(55).ListItemAbsolute(0).Property(Param.TMDb_Type),tv)</param>
                        <onclick>Container.Update(plugin://plugin.video.themoviedb.helper/?info=user_discover&amp;tmdb_type=movie)</onclick>
                    </include>

                    <include content="Dialog_Side_Button">
                        <param name="baseid">55</param>
                        <param name="id">03</param>
                        <param name="label">Match</param>
                        <param name="icon">special://skin/extras/icons/scale-unbalanced.png</param>
                        <param name="visible">true</param>
                        <onclick>Container.Update($INFO[Container(55).ListItemAbsolute(1).FolderPath])</onclick>
                    </include>

                    <include content="Dialog_Side_Button">
                        <param name="baseid">55</param>
                        <param name="id">04</param>
                        <param name="label">Sort</param>
                        <param name="icon">special://skin/extras/icons/sort2.png</param>
                        <param name="visible">true</param>
                        <onclick>Container.Update($INFO[Container(55).ListItemAbsolute(2).FolderPath])</onclick>
                    </include>

                    <include content="Dialog_Side_Button">
                        <param name="baseid">55</param>
                        <param name="id">05</param>
                        <param name="label">Add Rule</param>
                        <param name="icon">special://skin/extras/icons/circle-plus.png</param>
                        <param name="visible">true</param>
                        <onclick>Container.Update(plugin://plugin.video.themoviedb.helper/?info=user_discover&amp;method=add_rule&amp;tmdb_type=movie)</onclick>
                    </include>

                    <include content="Dialog_Side_Button">
                        <param name="baseid">55</param>
                        <param name="id">06</param>
                        <param name="label">Clear</param>
                        <param name="icon">special://skin/extras/icons/triangle-exclamation.png</param>
                        <param name="visible">true</param>
                        <onclick>Container.Update(plugin://plugin.video.themoviedb.helper/?info=user_discover&amp;method=clear&amp;tmdb_type=movie)</onclick>
                    </include>

                    <include content="Dialog_Side_Button">
                        <param name="baseid">55</param>
                        <param name="id">07</param>
                        <param name="label">Save</param>
                        <param name="icon">special://skin/extras/icons/floppy-disk.png</param>
                        <param name="visible">true</param>
                        <onclick>Container.Update(plugin://plugin.video.themoviedb.helper/?info=user_discover&amp;method=save&amp;tmdb_type=movie)</onclick>
                    </include>
                </include>
            </include>
        </include>
    </include>


    <include name="MediaFilter_View_Transition">
        <param name="condition">[$EXP[Exp_MediaFilter_Wall] | $EXP[Exp_DiscoverFilter_Wall]]</param>
        <definition>
            <animation effect="fade" start="0" end="100" delay="mf_wp_faded_h_b_r" time="1" reversible="false" condition="!$PARAM[condition]">Conditional</animation>
            <animation effect="fade" start="100" end="0" reversible="false" condition="$PARAM[condition]">Conditional</animation>
        </definition>
    </include>

    <include name="MediaFilter_Info_Transition">
        <animation effect="fade" start="0" end="100" delay="800" time="400" reversible="false" condition="![$EXP[Exp_MediaFilter_Wall] | $EXP[Exp_DiscoverFilter_Wall]]">Conditional</animation>
        <animation effect="fade" start="100" end="0" delay="0" time="400" reversible="false" condition="[$EXP[Exp_MediaFilter_Wall] | $EXP[Exp_DiscoverFilter_Wall]]">Conditional</animation>
    </include>

    <include name="MediaFilter_Wall_Visible">
        <animation type="Visible" reversible="false">
            <effect type="fade" start="0" end="100" time="$PARAM[prefix]_faded_t_$PARAM[ver]" delay="$PARAM[prefix]_faded_v_$PARAM[ver]_$PARAM[col]" />
            <effect type="slide" start="0,426" end="0" time="400" delay="$PARAM[prefix]_delay_v_$PARAM[col]" tween="cubic" easing="out" />
        </animation>

        <animation type="Hidden" reversible="false">
            <effect type="slide" end="0,426" start="0" time="400" delay="$PARAM[prefix]_delay_h_$PARAM[col]" tween="cubic" easing="out" />
            <effect type="fade" start="100" end="0" delay="$PARAM[prefix]_faded_h_$PARAM[ver]_$PARAM[col]" time="$PARAM[prefix]_faded_t_$PARAM[ver]" />
        </animation>
    </include>

    <include name="MediaFilter_Wall_Interchange">
        <animation type="Conditional" reversible="false" condition="![$PARAM[interchange_condition]] ">
            <effect type="zoom" end="75" start="100" time="200" delay="$PARAM[prefix]_delay_h_$PARAM[col]" tween="quadratic" easing="out" center="auto" />
            <effect type="fade" end="0" start="100" time="200" delay="$PARAM[prefix]_delay_h_$PARAM[col]" tween="quadratic" easing="out" />
        </animation>

        <animation type="Conditional" reversible="false" condition="$PARAM[interchange_condition]">
            <effect type="zoom" start="75" end="100" time="200" delay="$PARAM[prefix]_delay_h_$PARAM[col]" tween="quadratic" easing="out" center="auto" />
            <effect type="fade" start="0" end="100" time="200" delay="$PARAM[prefix]_delay_h_$PARAM[col]" tween="quadratic" easing="out" />
        </animation>
    </include>
</includes>
