[
    {
        "label": "$LOCALIZE[842]",
        "icon": "special://skin/extras/icons/recentlyadded.png",
        "path": "",
        "target": "",
        "submenu": [
            {
                "label": "$LOCALIZE[31019]",
                "icon": "DefaultProgram.png",
                "path": "ActivateWindow(1130)",
                "target": ""
            },
            {
                "label": "$LOCALIZE[31020]",
                "icon": "DefaultProgram.png",
                "path": "ActivateWindow(1131)",
                "target": ""
            }
        ],
        "widgets": [
            {
                "label": "$LOCALIZE[31398]",
                "path": "special://skin/extras/playlists/NewMovies.xsp",
                "widget_style": "Landscape",
                "target": "videos"
            },
            {
                "label": "$LOCALIZE[31399]",
                "path": "special://skin/extras/playlists/NewShows.xsp",
                "widget_style": "Landscape",
                "target": "videos"
            },
            {
                "label": "$LOCALIZE[31400]",
                "path": "special://skin/extras/playlists/NewEpisodes.xsp",
                "widget_style": "Landscape",
                "target": "videos"
            },
            {
                "label": "$LOCALIZE[31406]",
                "path": "special://skin/extras/playlists/TopRatedMovies.xsp",
                "widget_style": "Landscape",
                "target": "videos"
            },
            {
                "label": "$LOCALIZE[31407]",
                "path": "special://skin/extras/playlists/TopRatedTVShows.xsp",
                "widget_style": "Landscape",
                "target": "videos"
            }
        ]
    },
    {
        "label": "$LOCALIZE[31090]",
        "icon": "special://skin/extras/icons/recentlyadded.png",
        "path": "",
        "target": "",
        "submenu": [
            {
                "label": "$LOCALIZE[31413]",
                "icon": "special://skin/extras/icons/film.png",
                "path": "videodb://movies/titles",
                "target": "videos"
            },
            {
                "label": "$LOCALIZE[31414]",
                "icon": "special://skin/extras/icons/tv.png",
                "path": "videodb://tvshows/titles",
                "target": "videos"
            }
        ],
        "widgets": [
            {
                "label": "$LOCALIZE[31404]",
                "path": "special://skin/extras/playlists/InProgressMovies.xsp",
                "widget_style": "Landscape",
                "target": "videos"
            },
            {
                "label": "$LOCALIZE[31403]",
                "path": "library://video/tvshows/inprogressshows.xml",
                "widget_style": "Landscape",
                "target": "videos"
            },
            {
                "label": "$LOCALIZE[31001]",
                "path": "special://skin/extras/playlists/InProgressEpisodes.xsp",
                "widget_style": "Landscape",
                "target": "videos"
            },
            {
                "label": "$LOCALIZE[31058]",
                "path": "special://skin/extras/playlists/RecentMovies.xsp",
                "widget_style": "Landscape",
                "target": "videos"
            },
            {
                "label": "$LOCALIZE[31059]",
                "path": "special://skin/extras/playlists/RecentTvShows.xsp",
                "widget_style": "Landscape",
                "target": "videos"
            },
            {
                "label": "$LOCALIZE[31060]",
                "path": "special://skin/extras/playlists/RecentEpisodes.xsp",
                "widget_style": "Landscape",
                "target": "videos"
            }
        ]
    },
    {
        "label": "$LOCALIZE[31085]",
        "icon": "special://skin/extras/icons/recentlyadded.png",
        "path": "PlayPvrTV",
        "condition": "PVR.HasTVChannels",
        "target": "",
        "submenu": [
            {
                "label": "$LOCALIZE[19019]",
                "icon": "DefaultTVShows.png",
                "path": "ActivateWindow(TVChannels)",
                "target": ""
            },
            {
                "label": "$LOCALIZE[22020]",
                "icon": "DefaultTVShows.png",
                "path": "ActivateWindow(TVGuide)",
                "target": ""
            },
            {
                "label": "$LOCALIZE[19017]",
                "icon": "DefaultTVShows.png",
                "path": "ActivateWindow(TVRecordings)",
                "target": ""
            },
            {
                "label": "$LOCALIZE[19040]",
                "icon": "DefaultTVShows.png",
                "path": "ActivateWindow(TVTimers)",
                "target": ""
            },
            {
                "label": "$LOCALIZE[137]",
                "icon": "DefaultTVShows.png",
                "path": "ActivateWindow(TVSearch)",
                "target": ""
            }
        ],
        "widgets": [
            {
                "label": "$LOCALIZE[568]",
                "path": "pvr://channels/tv/*",
                "widget_style": "Landscape",
                "target": "tvguide"
            },
            {
                "label": "$LOCALIZE[19017]",
                "path": "pvr://recordings/tv/active?view=flat",
                "widget_style": "Landscape",
                "target": "tvguide"
            }
        ]
    },
    {
        "label": "$LOCALIZE[24001]",
        "icon": "DefaultProgram.png",
        "path": "ActivateWindow(1132)",
        "target": "",
        "submenu": [
            {
                "label": "$LOCALIZE[1037]",
                "icon": "DefaultProgram.png",
                "path": "ActivateWindow(Videos,Addons,return)",
                "target": ""
            },
            {
                "label": "$LOCALIZE[1038]",
                "icon": "DefaultProgram.png",
                "path": "ActivateWindow(Music,Addons,return)",
                "target": ""
            },
            {
                "label": "$LOCALIZE[1039]",
                "icon": "DefaultProgram.png",
                "path": "ActivateWindow(Pictures,Addons,return)",
                "target": ""
            },
            {
                "label": "$LOCALIZE[0]",
                "icon": "DefaultProgram.png",
                "path": "ActivateWindow(Programs,Addons,return)",
                "target": ""
            },
            {
                "label": "$LOCALIZE[20244]",
                "icon": "DefaultProgram.png",
                "path": "ActivateWindow(Programs,androidapp://sources/apps/,return)",
                "target": ""
            }

        ],
        "widgets": [
            {
                "label": "$LOCALIZE[1037]",
                "path": "addons://sources/video/",
                "widget_style": "Square",
                "target": "videos"
            },
            {
                "label": "$LOCALIZE[1038]",
                "path": "addons://sources/audio/",
                "widget_style": "Square",
                "target": "music"
            }
        ]
    }
]