{
    "icons": {
        "DefaultGenre.png": "special://skin/extras/icons/genre.png",
        "DefaultShortcut.png": "special://skin/extras/icons/shortcut.png",
        "Events.png": "special://skin/extras/icons/clipboard.png",
        "DefaultVideo.png": "special://skin/extras/icons/video.png",
        "DefaultMovies.png": "special://skin/extras/icons/film.png",
        "DefaultTVShows.png": "special://skin/extras/icons/tv.png",
        "DefaultAudio.png": "special://skin/extras/icons/songs.png",
        "DefaultMusicAlbums.png": "special://skin/extras/icons/songs.png",
        "DefaultMusicVideos.png": "special://skin/extras/icons/musicvideo.png",
        "DefaultPicture.png": "special://skin/extras/icons/pictures.png",
        "DefaultProgram.png": "special://skin/extras/icons/addons.png",
        "DefaultDVDFull.png": "special://skin/extras/icons/cd.png",
        "DefaultFolder.png": "special://skin/extras/icons/folder.png",
        "UnknownUser.png": "special://skin/extras/icons/actor.png",
        "DefaultVideoPlaylists.png": "special://skin/extras/icons/playlist.png",
        "DefaultMusicPlaylists.png": "special://skin/extras/icons/playlist.png",
        "DefaultRecentlyAddedMovies.png": "special://skin/extras/icons/recentlyadded.png",
        "DefaultActor.png": "special://skin/extras/icons/artist.png",
        "DefaultCountry.png": "special://skin/extras/icons/world.png",
        "DefaultDirector.png": "special://skin/extras/icons/director.png",
        "DefaultGenre.png": "special://skin/extras/icons/genre.png",
        "DefaultMusicGenre.png": "special://skin/extras/icons/audiogenre.png",
        "DefaultSets.png": "special://skin/extras/icons/sets.png",
        "DefaultStudios.png": "special://skin/extras/icons/director.png",
        "DefaultTags.png": "special://skin/extras/icons/tags.png",
        "DefaultMovieTitle.png": "special://skin/extras/icons/film.png",
        "DefaultTVShowTitle.png": "special://skin/extras/icons/tv.png",
        "DefaultMusicVideoTitle.png": "special://skin/extras/icons/musicvideo.png",
        "DefaultYear.png": "special://skin/extras/icons/year.png",
        "DefaultRecentlyAddedEpisodes.png": "special://skin/extras/icons/recentlyadded.png",
        "DefaultRecentlyAddedMusicVideos.png": "special://skin/extras/icons/recentlyadded.png",
        "DefaultInProgressShows.png": "special://skin/extras/icons/recentlyadded.png",
        "DefaultMusicArtists.png": "special://skin/extras/icons/artist.png",
        "DefaultMusicGenres.png": "special://skin/extras/icons/audiogenre.png",
        "DefaultMusicSongs.png": "special://skin/extras/icons/song.png",
        "DefaultMusicYears.png": "special://skin/extras/icons/years.png",
        "DefaultMusicTop100.png": "special://skin/extras/icons/top100.png",
        "DefaultMusicRecentlyAdded.png": "special://skin/extras/icons/recentlyadded.png",
        "DefaultMusicRecentlyPlayed.png": "special://skin/extras/icons/recent.png",
        "DefaultAddonVideo.png": "special://skin/extras/icons/video-addons.png",
        "DefaultAddonMusic.png": "special://skin/extras/icons/songs.png",
        "DefaultAddonProgram.png": "special://skin/extras/icons/addons.png"
    },
    "grouping://shortcuts/": [
        {
            "name": "None",
            "path": "noop",
            "icon": "special://skin/extras/icons/watched-hide.png",
            "link": "true"
        },
        {
            "name": "Hubs",
            "path": "grouping://shortcuts/links/hubs/",
            "icon": "special://skin/extras/icons/home.png",
            "link": "false",
            "rule": "String.IsEqual(Window(Home).Property(Shortcuts.Groupings.Links),Links)"
        },
        {
            "name": "Default",
            "path": "grouping://shortcuts/default/",
            "icon": "special://skin/extras/icons/folder.png",
            "link": "false",
            "rule": "!String.IsEqual(Window(Home).Property(Shortcuts.Groupings.Links),Links)"
        },
        {
            "name": "Experimental",
            "path": "grouping://shortcuts/widgets/experimental/",
            "icon": "special://skin/extras/icons/folder.png",
            "link": "false",
            "rule": "!String.IsEqual(Window(Home).Property(Shortcuts.Groupings.Links),Links)"
        },
        {
            "name": "Videos",
            "path": "library://video/",
            "icon": "special://skin/extras/icons/video.png",
            "link": "false",
            "node": "videos"
        },
        {
            "name": "Music",
            "path": "library://music/",
            "icon": "special://skin/extras/icons/music.png",
            "link": "false",
            "node": "music"
        },
        {
            "name": "Add-ons",
            "path": "grouping://shortcuts/addons/",
            "icon": "special://skin/extras/icons/addon.png",
            "link": "false"
        },
        {
            "name": "Live TV and PVR",
            "path": "grouping://shortcuts/links/pvr/",
            "icon": "special://skin/extras/icons/livetv.png",
            "link": "false",
            "node": "tvguide",
            "rule": "String.IsEqual(Window(Home).Property(Shortcuts.Groupings.Links),Links)"
        },
        {
            "name": "Playlists",
            "path": "grouping://shortcuts/playlists/",
            "icon": "special://skin/extras/icons/folder.png",
            "link": "false"
        },
        "grouping://shortcuts/tmdbhelper/",
        {
            "name": "Miscellaneous",
            "path": "grouping://shortcuts/links/kodi/",
            "icon": "special://skin/extras/icons/window-restore-regular.png",
            "link": "false",
            "rule": "String.IsEqual(Window(Home).Property(Shortcuts.Groupings.Links),Links)"
        },
        {
            "name": "Kodi Commands",
            "path": "grouping://shortcuts/links/commands/",
            "icon": "special://skin/extras/icons/kodi.png",
            "link": "false",
            "rule": "String.IsEqual(Window(Home).Property(Shortcuts.Groupings.Links),Links)"
        }
    ],
    "grouping://shortcuts/playlists/": [
        {
            "name": "Video Playlists",
            "path": "special://videoplaylists/",
            "icon": "special://skin/extras/icons/folder.png",
            "node": "videos",
            "link": "false"
        },
        {
            "name": "Music Playlists",
            "path": "special://musicplaylists/",
            "icon": "special://skin/extras/icons/folder.png",
            "node": "music",
            "link": "false"
        },
        {
            "name": "Skin Playlists",
            "path": "special://skin/extras/playlists/",
            "icon": "special://skin/extras/icons/folder.png",
            "node": "videos",
            "link": "false"
        },
        {
            "name": "Hub Playlists",
            "path": "special://skin/extras/hub/",
            "icon": "special://skin/extras/icons/folder.png",
            "node": "videos",
            "link": "false"
        }
    ],
    "grouping://shortcuts/search/": [
        {
            "name": "Movies",
            "icon": "special://skin/extras/icons/film.png",
            "path": "DefaultSearch-Movies",
            "node": "videos",
            "link": "true"
        },
        {
            "name": "Tv Shows",
            "icon": "special://skin/extras/icons/tv.png",
            "path": "DefaultSearch-TvShows",
            "node": "videos",
            "link": "true"
        },
        {
            "name": "Episodes",
            "icon": "special://skin/extras/icons/tv.png",
            "path": "DefaultSearch-Episodes",
            "node": "videos",
            "link": "true"
        },
        {
            "name": "Movie Actors",
            "icon": "special://skin/extras/icons/person.png",
            "path": "DefaultSearch-MovieActors",
            "node": "videos",
            "link": "true"
        },
        {
            "name": "TV Show Actors",
            "icon": "special://skin/extras/icons/person.png",
            "path": "DefaultSearch-TVShowActors",
            "node": "videos",
            "link": "true"
        },
        {
            "name": "Movie Directors",
            "icon": "special://skin/extras/icons/person.png",
            "path": "DefaultSearch-MovieDirectors",
            "node": "videos",
            "link": "true"
        },
        {
            "name": "Tags",
            "icon": "special://skin/extras/icons/tags.png",
            "path": "DefaultSearch-Tags",
            "node": "videos",
            "link": "true"
        },
        {
            "name": "Genres",
            "icon": "special://skin/extras/icons/genre.png",
            "path": "DefaultSearch-Genres",
            "node": "videos",
            "link": "true"
        },
        {
            "name": "Year",
            "icon": "special://skin/extras/icons/years.png",
            "path": "DefaultSearch-Year",
            "node": "videos",
            "link": "true"
        },
        {
            "name": "Studio",
            "icon": "special://skin/extras/icons/clapperboard.png",
            "path": "DefaultSearch-Studio",
            "node": "videos",
            "link": "true"
        },
        {
            "name": "Country",
            "icon": "special://skin/extras/icons/world.png",
            "path": "DefaultSearch-Country",
            "node": "videos",
            "link": "true"
        },
        {
            "name": "Actor",
            "icon": "special://skin/extras/icons/person.png",
            "path": "DefaultSearch-Actor",
            "node": "videos",
            "link": "true"
        },
        {
            "name": "Director",
            "icon": "special://skin/extras/icons/person.png",
            "path": "DefaultSearch-Director",
            "node": "videos",
            "link": "true"
        },
        {
            "name": "Albums",
            "icon": "special://skin/extras/icons/songs.png",
            "path": "DefaultSearch-Albums",
            "node": "music",
            "link": "true"
        },
        {
            "name": "Artists",
            "icon": "special://skin/extras/icons/songs.png",
            "path": "DefaultSearch-Artists",
            "node": "music",
            "link": "true"
        },
        {
            "name": "Songs",
            "icon": "special://skin/extras/icons/songs.png",
            "path": "DefaultSearch-Songs",
            "node": "music",
            "link": "true"
        },
        {
            "name": "Music Videos",
            "icon": "special://skin/extras/icons/musicvideo.png",
            "path": "DefaultSearch-MusicVideos",
            "node": "music",
            "link": "true"
        },
        {
            "name": "Music Video Artists",
            "icon": "special://skin/extras/icons/musicvideo.png",
            "path": "DefaultSearch-MusicVideoArtists",
            "node": "music",
            "link": "true"
        },
        {
            "name": "Youtube",
            "icon": "special://skin/extras/icons/youtube.png",
            "path": "DefaultSearch-Youtube",
            "node": "videos",
            "link": "true"
        },
        {
            "name": "Netflix",
            "icon": "special://skin/extras/icons/netflix.png",
            "path": "DefaultSearch-Netflix",
            "node": "videos",
            "link": "true"
        },
        {
            "name": "Hulu",
            "icon": "special://skin/extras/icons/hulu.png",
            "path": "DefaultSearch-Hulu",
            "node": "videos",
            "link": "true"
        },
        {
            "name": "Disney+",
            "icon": "special://skin/extras/icons/disneyplus.png",
            "path": "DefaultSearch-DisneyPlus",
            "node": "videos",
            "link": "true"
        },
        {
            "name": "Spotify Artists",
            "icon": "special://skin/extras/icons/spotify.png",
            "path": "DefaultSearch-SpotifyArtists",
            "node": "music",
            "link": "true"
        },
        {
            "name": "Spotify Albums",
            "icon": "special://skin/extras/icons/spotify.png",
            "path": "DefaultSearch-SpotifyAlbums",
            "node": "music",
            "link": "true"
        },
        {
            "name": "Spotify Songs",
            "icon": "special://skin/extras/icons/spotify.png",
            "path": "DefaultSearch-SpotifySongs",
            "node": "music",
            "link": "true"
        },
        {
            "name": "Spotify Playlists",
            "icon": "special://skin/extras/icons/spotify.png",
            "path": "DefaultSearch-SpotifyPlaylists",
            "node": "music",
            "link": "true"
        },
        {
            "name": "Radio DE",
            "icon": "special://skin/extras/icons/radio.png",
            "path": "DefaultSearch-RadioDE",
            "node": "music",
            "link": "true"
        },
        {
            "name": "TMDb Movies",
            "icon": "special://skin/extras/icons/film.png",
            "path": "DefaultSearch-TMDBMovies",
            "node": "videos",
            "link": "true"
        },
        {
            "name": "TMDb Shows",
            "icon": "special://skin/extras/icons/tv.png",
            "path": "DefaultSearch-TMDBShows",
            "node": "videos",
            "link": "true"
        },
        {
            "name": "TMDb Sets",
            "icon": "special://skin/extras/icons/sets.png",
            "path": "DefaultSearch-TMDBSets",
            "node": "videos",
            "link": "true"
        },
        {
            "name": "TMDb People",
            "icon": "special://skin/extras/icons/person3.png",
            "path": "DefaultSearch-TMDBPeople",
            "node": "videos",
            "link": "true"
        },
        {
            "name": "Trakt Lists",
            "icon": "special://skin/extras/icons/trakttv.png",
            "path": "DefaultSearch-TMDBListsTrakt",
            "node": "videos",
            "link": "true"
        },
        {
            "name": "MDB Lists",
            "icon": "special://skin/extras/icons/list.png",
            "path": "DefaultSearch-TMDBListsMDBList",
            "node": "videos",
            "link": "true"
        },
        {
            "name": "Other",
            "icon": "special://skin/extras/icons/folder.png",
            "path": "grouping://shortcuts/",
            "node": "",
            "link": "false"
        }

    ],
    "grouping://shortcuts/addons/": [
        {
            "name": "Video Add-ons",
            "path": "addons://sources/video/",
            "icon": "special://skin/extras/icons/addon.png",
            "link": "false",
            "node": "videos"
        },
        {
            "name": "Music Add-ons",
            "path": "addons://sources/audio/",
            "icon": "special://skin/extras/icons/addon.png",
            "link": "false",
            "node": "music"
        },
        {
            "name": "Image Add-ons",
            "path": "addons://sources/image/",
            "icon": "special://skin/extras/icons/addon.png",
            "link": "false",
            "node": "pictures"
        },
        {
            "name": "Program Add-ons",
            "path": "addons://sources/executable/",
            "icon": "special://skin/extras/icons/addon.png",
            "link": "false",
            "node": "programs"
        },
        {
            "name": "Android Add-ons",
            "path": "androidapp://sources/apps/",
            "icon": "special://skin/extras/icons/addon.png",
            "link": "false",
            "node": "programs",
            "rule": "System.Platform.Android"
        }
    ],
    "grouping://shortcuts/tmdbhelper/": [
        {
            "name": "SkinVariables Custom Filter",
            "icon": "special://skin/extras/icons/filter.png",
            "link": "false",
            "node": "videos",
            "path": "plugin://script.skinvariables/?info=get_filter_files"
        },
        {
            "name": "TMDbHelper Nodes",
            "path": "plugin://plugin.video.themoviedb.helper/?info=dir_custom_node",
            "icon": "special://skin/extras/icons/plug.png",
            "link": "false",
            "rule": "System.HasAddon(plugin.video.themoviedb.helper)",
            "node": "videos"
        },
        {
            "name": "TMDbHelper Movies",
            "path": "plugin://plugin.video.themoviedb.helper/?info=dir_movie",
            "icon": "special://skin/extras/icons/plug.png",
            "link": "false",
            "rule": "System.HasAddon(plugin.video.themoviedb.helper)",
            "node": "videos"
        },
        {
            "name": "TMDbHelper TV Shows",
            "path": "plugin://plugin.video.themoviedb.helper/?info=dir_tv",
            "icon": "special://skin/extras/icons/plug.png",
            "link": "false",
            "rule": "System.HasAddon(plugin.video.themoviedb.helper)",
            "node": "videos"
        },
        {
            "name": "TMDbHelper Randomised",
            "path": "plugin://plugin.video.themoviedb.helper/?info=dir_random",
            "icon": "special://skin/extras/icons/plug.png",
            "link": "false",
            "rule": "System.HasAddon(plugin.video.themoviedb.helper)",
            "node": "videos"
        },
        {
            "name": "TMDbHelper All",
            "path": "plugin://plugin.video.themoviedb.helper/",
            "icon": "special://skin/extras/icons/plug.png",
            "link": "false",
            "rule": "System.HasAddon(plugin.video.themoviedb.helper)",
            "node": "videos"
        }
    ],
    "grouping://shortcuts/default/": [
        {
            "name": "Movies",
            "path": "grouping://shortcuts/default/movies/",
            "icon": "special://skin/extras/icons/folder.png",
            "link": "false",
            "node": "videos"
        },
        {
            "name": "TV Shows",
            "path": "grouping://shortcuts/default/tvshows/",
            "icon": "special://skin/extras/icons/folder.png",
            "link": "false",
            "node": "videos"
        },
        {
            "name": "Episodes",
            "path": "grouping://shortcuts/default/episodes/",
            "icon": "special://skin/extras/icons/folder.png",
            "link": "false",
            "node": "videos"
        },
        {
            "name": "Music",
            "path": "grouping://shortcuts/default/music/",
            "icon": "special://skin/extras/icons/folder.png",
            "link": "false",
            "node": "music"
        },
        {
            "name": "Live TV and PVR",
            "path": "grouping://shortcuts/default/livetv/",
            "icon": "special://skin/extras/icons/folder.png",
            "link": "false",
            "node": "tvguide"
        },
        {
            "name": "Radio",
            "path": "grouping://shortcuts/default/radio/",
            "icon": "special://skin/extras/icons/folder.png",
            "link": "false",
            "node": "radioguide"
        }
    ],
    "grouping://shortcuts/default/movies/": [
        {
            "name": "New Movies",
            "path": "special://skin/extras/playlists/NewMovies.xsp",
            "node": "videos",
            "link": "false",
            "icon": "special://skin/extras/icons/list-ol.png"
        },
        {
            "name": "Recent Movies",
            "path": "special://skin/extras/playlists/RecentMovies.xsp",
            "node": "videos",
            "link": "false",
            "icon": "special://skin/extras/icons/list-ol.png"
        },
        {
            "name": "Random Movies",
            "path": "special://skin/extras/playlists/RandomMovies.xsp",
            "node": "videos",
            "link": "false",
            "icon": "special://skin/extras/icons/list-ol.png"
        },
        {
            "name": "In-Progress Movies",
            "path": "special://skin/extras/playlists/InProgressMovies.xsp",
            "node": "videos",
            "link": "false",
            "icon": "special://skin/extras/icons/list-ol.png"
        },
        {
            "name": "Top Rated Movies",
            "path": "special://skin/extras/playlists/TopRatedMovies.xsp",
            "node": "videos",
            "link": "false",
            "icon": "special://skin/extras/icons/list-ol.png"
        },
        {
            "name": "Top 250 Movies",
            "path": "special://skin/extras/playlists/Top250Movies.xsp",
            "node": "videos",
            "link": "false",
            "icon": "special://skin/extras/icons/list-ol.png"
        },
        {
            "name": "Unwatched Movies",
            "path": "special://skin/extras/playlists/UnwatchedMovies.xsp",
            "node": "videos",
            "link": "false",
            "icon": "special://skin/extras/icons/list-ol.png"
        },
        {
            "name": "Movie Nodes",
            "path": "library://video/movies/",
            "node": "videos",
            "link": "false",
            "icon": "special://skin/extras/icons/list-ol.png"
        },
        {
            "name": "Movie Genres",
            "path": "library://video/movies/genres.xml",
            "node": "videos",
            "link": "false",
            "icon": "special://skin/extras/icons/list-ol.png"
        },
        {
            "name": "Movie Sets",
            "path": "videodb://movies/sets/",
            "node": "videos",
            "link": "false",
            "icon": "special://skin/extras/icons/list-ol.png"
        }
    ],
    "grouping://shortcuts/default/tvshows/": [
        {
            "name": "New Tv Shows",
            "icon": "DefaultRecentlyAddedMovies.png",
            "node": "videos",
            "path": "special://skin/extras/playlists/NewShows.xsp",
            "link": "false"
        },
        {
            "name": "Recent Tv Shows",
            "icon": "DefaultMusicRecentlyPlayed.png",
            "node": "videos",
            "path": "special://skin/extras/playlists/RecentTvShows.xsp",
            "link": "false"
        },
        {
            "name": "In-Progress",
            "icon": "special://skin/extras/icons/timer.png",
            "node": "videos",
            "path": "library://video/tvshows/inprogressshows.xml",
            "link": "false"
        },
        {
            "name": "Random Tv Shows",
            "icon": "DefaultTVShows.png",
            "node": "videos",
            "path": "special://skin/extras/playlists/RandomTvShows.xsp",
            "link": "false"
        },
        {
            "name": "Top Rated Tv Shows",
            "icon": "DefaultMusicTop100Albums.png",
            "node": "videos",
            "path": "special://skin/extras/playlists/TopRatedTvShows.xsp",
            "link": "false"
        },
        {
            "name": "Tv Show Nodes",
            "icon": "special://skin/extras/icons/title.png",
            "node": "videos",
            "path": "library://video/tvshows/",
            "link": "false"
        },
        {
            "name": "Tv Show Genres",
            "icon": "DefaultGenre.png",
            "node": "videos",
            "path": "library://video/tvshows/genres.xml",
            "link": "false"
        }
    ],
    "grouping://shortcuts/default/episodes/": [
        {
            "name": "New Episodes",
            "icon": "DefaultRecentlyAddedMovies.png",
            "node": "videos",
            "path": "special://skin/extras/playlists/NewEpisodes.xsp",
            "link": "false"
        },
        {
            "name": "Recent Episodes",
            "icon": "DefaultMusicRecentlyPlayed.png",
            "node": "videos",
            "path": "special://skin/extras/playlists/RecentEpisodes.xsp",
            "link": "false"
        },
        {
            "name": "Random Episodes",
            "icon": "DefaultTVShows.png",
            "node": "videos",
            "path": "special://skin/extras/playlists/RandomEpisodes.xsp",
            "link": "false"
        },
        {
            "name": "Unwatched Episodes",
            "icon": "DefaultTVShows.png",
            "node": "videos",
            "path": "special://skin/extras/playlists/UnwatchedEpisodes.xsp",
            "link": "false"
        },
        {
            "name": "In-Progress Episodes",
            "icon": "special://skin/extras/icons/timer.png",
            "node": "videos",
            "path": "special://skin/extras/playlists/InProgressEpisodes.xsp",
            "link": "false"
        },
        {
            "name": "Top Rated Episodes",
            "icon": "DefaultMusicTop100Albums.png",
            "node": "videos",
            "path": "special://skin/extras/playlists/TopRatedEpisodes.xsp",
            "link": "false"
        }
    ],
    "grouping://shortcuts/default/music/": [
        {
            "name": "New Albums",
            "icon": "DefaultMusicRecentlyAdded.png",
            "node": "music",
            "path": "musicdb://recentlyaddedalbums/",
            "link": "false"
        },
        {
            "name": "Recent Albums",
            "icon": "DefaultMusicRecentlyPlayed.png",
            "node": "music",
            "path": "musicdb://recentlyplayedalbums/",
            "link": "false"
        },
        {
            "name": "Top Albums",
            "icon": "DefaultMusicTop100Albums.png",
            "node": "music",
            "path": "musicdb://top100/albums/",
            "link": "false"
        },
        {
            "name": "Random Albums",
            "icon": "DefaultMusicAlbums.png",
            "node": "music",
            "path": "special://skin/extras/playlists/RandomAlbums.xsp",
            "link": "false"
        },
        {
            "name": "Random Artists",
            "icon": "DefaultMusicArtists.png",
            "node": "music",
            "path": "special://skin/extras/playlists/RandomArtists.xsp",
            "link": "false"
        },
        {
            "name": "Music Nodes",
            "icon": "special://skin/extras/icons/title.png",
            "node": "music",
            "path": "library://music/",
            "link": "false"
        }
    ],
    "grouping://shortcuts/default/livetv/": [
        {
            "name": "Last Played Channels",
            "icon": "DefaultAddonPVRClient.png",
            "node": "tvguide",
            "path": "pvr://channels/tv/*?view=lastplayed",
            "link": "true"
        },
        {
            "name": "All Channels",
            "icon": "DefaultAddonPVRClient.png",
            "node": "tvchannels",
            "path": "pvr://channels/tv/*",
            "link": "true"
        },
        {
            "name": "Active Recordings",
            "icon": "DefaultAddonPVRClient.png",
            "node": "tvrecordings",
            "path": "pvr://recordings/tv/active?view=flat",
            "link": "true"
        },
        {
            "name": "Grouped Active Recordings",
            "icon": "DefaultAddonPVRClient.png",
            "node": "tvrecordings",
            "path": "pvr://recordings/tv/active?view=grouped",
            "link": "true"
        },
        {
            "name": "Deleted Recordings",
            "icon": "DefaultAddonPVRClient.png",
            "node": "tvrecordings",
            "path": "pvr://recordings/tv/deleted?view=flat",
            "link": "true"
        },
        {
            "name": "Grouped Deleted Recordings",
            "icon": "DefaultAddonPVRClient.png",
            "node": "tvrecordings",
            "path": "pvr://recordings/tv/deleted?view=grouped",
            "link": "true"
        },
        {
            "name": "Timers",
            "icon": "DefaultAddonPVRClient.png",
            "node": "tvtimers",
            "path": "pvr://timers/tv/timers",
            "link": "true"
        }
    ],
    "grouping://shortcuts/default/radio/": [
        {
            "name": "Radio Last Played Channels",
            "icon": "DefaultAddonPVRClient.png",
            "node": "radioguide",
            "path": "pvr://channels/radio/*?view=lastplayed",
            "link": "false"
        },
        {
            "name": "Radio All Channels",
            "icon": "DefaultAddonPVRClient.png",
            "node": "radiochannels",
            "path": "pvr://channels/radio/*",
            "link": "false"
        },
        {
            "name": "Radio Active Recordings",
            "icon": "DefaultAddonPVRClient.png",
            "node": "radiorecordings",
            "path": "pvr://recordings/radio/active?view=flat",
            "link": "false"
        },
        {
            "name": "Radio Grouped Active Recordings",
            "icon": "DefaultAddonPVRClient.png",
            "node": "radiorecordings",
            "path": "pvr://recordings/radio/active?view=grouped",
            "link": "false"
        },
        {
            "name": "Radio Deleted Recordings",
            "icon": "DefaultAddonPVRClient.png",
            "node": "radiorecordings",
            "path": "pvr://recordings/radio/deleted?view=flat",
            "link": "false"
        },
        {
            "name": "Radio Grouped Deleted Recordings",
            "icon": "DefaultAddonPVRClient.png",
            "node": "radiorecordings",
            "path": "pvr://recordings/radio/deleted?view=grouped",
            "link": "false"
        },
        {
            "name": "Radio Timers",
            "icon": "DefaultAddonPVRClient.png",
            "node": "radiotimers",
            "path": "pvr://timers/radio/timers",
            "link": "false"
        }
    ],
    "grouping://shortcuts/links/pvr/":[
        {
            "name": "TV Channels",
            "path": "ActivateWindow(TVChannels)",
            "node": "tvguide",
            "link": "true",
            "icon": "special://skin/extras/icons/livetv.png"
        },
        {
            "name": "TV Guide",
            "path": "ActivateWindow(TVGuide)",
            "node": "tvguide",
            "link": "true",
            "icon": "special://skin/extras/icons/livetv.png"
        },
        {
            "name": "TV Recordings",
            "path": "ActivateWindow(TVRecordings)",
            "node": "tvguide",
            "link": "true",
            "icon": "special://skin/extras/icons/livetv.png"
        },
        {
            "name": "TV Timers",
            "path": "ActivateWindow(TVTimers)",
            "node": "tvguide",
            "link": "true",
            "icon": "special://skin/extras/icons/livetv.png"
        },
        {
            "name": "TV TimerRules",
            "path": "ActivateWindow(TVTimerRules)",
            "node": "tvguide",
            "link": "true",
            "icon": "special://skin/extras/icons/livetv.png"
        },
        {
            "name": "TV Search",
            "path": "ActivateWindow(TVSearch)",
            "node": "tvguide",
            "link": "true",
            "icon": "special://skin/extras/icons/livetv.png"
        },
        {
            "name": "Radio Channels",
            "path": "ActivateWindow(RadioChannels)",
            "node": "tvguide",
            "link": "true",
            "icon": "special://skin/extras/icons/radio.png"
        },
        {
            "name": "Radio Guide",
            "path": "ActivateWindow(RadioGuide)",
            "node": "tvguide",
            "link": "true",
            "icon": "special://skin/extras/icons/radio.png"
        },
        {
            "name": "Radio Recordings",
            "path": "ActivateWindow(RadioRecordings)",
            "node": "tvguide",
            "link": "true",
            "icon": "special://skin/extras/icons/radio.png"
        },
        {
            "name": "Radio Timers",
            "path": "ActivateWindow(RadioTimers)",
            "node": "tvguide",
            "link": "true",
            "icon": "special://skin/extras/icons/radio.png"
        },
        {
            "name": "Radio TimerRules",
            "path": "ActivateWindow(RadioTimerRules)",
            "node": "tvguide",
            "link": "true",
            "icon": "special://skin/extras/icons/radio.png"
        },
        {
            "name": "Radio Search",
            "path": "ActivateWindow(RadioSearch)",
            "node": "tvguide",
            "link": "true",
            "icon": "special://skin/extras/icons/radio.png"
        }
    ],
    "grouping://shortcuts/links/hubs/": [
        {
            "name": "Home",
            "path": "ActivateWindow(Home)",
            "icon": "special://skin/extras/icons/home.png",
            "link": "true"
        },
        {
            "name": "Movies Hub",
            "path": "ActivateWindow(1101)",
            "icon": "special://skin/extras/icons/film.png",
            "link": "true"
        },
        {
            "name": "TV Shows Hub",
            "path": "ActivateWindow(1102)",
            "icon": "special://skin/extras/icons/tv.png",
            "link": "true"
        },
        {
            "name": "Music Hub",
            "path": "ActivateWindow(1103)",
            "icon": "special://skin/extras/icons/songs.png",
            "link": "true"
        },
        {
            "name": "Live TV Hub",
            "path": "ActivateWindow(1104)",
            "icon": "special://skin/extras/icons/livetv.png",
            "link": "true"
        },
        {
            "name": "Custom Hub 1106",
            "path": "ActivateWindow(1106)",
            "icon": "special://skin/extras/icons/diagram-project.png",
            "link": "true"
        },
        {
            "name": "Custom Hub 1107",
            "path": "ActivateWindow(1107)",
            "icon": "special://skin/extras/icons/diagram-project.png",
            "link": "true"
        },
        {
            "name": "Custom Hub 1108",
            "path": "ActivateWindow(1108)",
            "icon": "special://skin/extras/icons/diagram-project.png",
            "link": "true"
        },
        {
            "name": "Custom Hub 1109",
            "path": "ActivateWindow(1109)",
            "icon": "special://skin/extras/icons/diagram-project.png",
            "link": "true"
        },
        {
            "name": "Add-ons Hub",
            "path": "ActivateWindow(1132)",
            "icon": "special://skin/extras/icons/addon.png",
            "link": "true"
        },
        {
            "name": "Library Next Aired",
            "path": "ActivateWindow(1131)",
            "icon": "special://skin/extras/icons/book.png",
            "link": "true"
        },
        {
            "name": "Trakt Next Aired",
            "path": "ActivateWindow(1130)",
            "icon": "special://skin/extras/icons/calendar-day.png",
            "link": "true"
        }
    ],
    "grouping://shortcuts/links/kodi/": [
        {
            "name": "File Manager",
            "path": "ActivateWindow(filemanager)",
            "icon": "special://skin/extras/icons/filebox.png",
            "link": "true"
        },
        {
            "name": "Add-ons Browser",
            "path": "ActivateWindow(addonbrowser)",
            "icon": "special://skin/extras/icons/addons.png",
            "link": "true"
        },
        {
            "name": "System Info",
            "path": "ActivateWindow(systeminfo)",
            "icon": "special://skin/extras/icons/sysinfo.png",
            "link": "true"
        },
        {
            "name": "Weather Window",
            "path": "ActivateWindow(weather)",
            "icon": "special://skin/extras/icons/sun2.png",
            "link": "true"
        },
        {
            "name": "Weather Dialog",
            "path": "ActivateWindow(1161)",
            "icon": "special://skin/extras/icons/cloud-sun-rain.png",
            "link": "true"
        },
        {
            "name": "Favourites",
            "path": "ActivateWindow(1160)",
            "icon": "special://skin/extras/icons/heart.png",
            "link": "true"
        },
        {
            "name": "Skin Settings",
            "path": "ActivateWindow(skinsettings)",
            "icon": "special://skin/extras/icons/paintbrush.png",
            "link": "true"
        },
        {
            "name": "Interface Settings",
            "path": "ActivateWindow(interfacesettings)",
            "icon": "special://skin/extras/icons/skinsettings.png",
            "link": "true"
        },
        {
            "name": "Event Log",
            "path": "ActivateWindow(eventlog)",
            "icon": "special://skin/extras/icons/list-check.png",
            "link": "true"
        },
        {
            "icon": "special://skin/extras/icons/configure.png",
            "name": "Configure TMDbHelper",
            "path": "RunPlugin(plugin://plugin.video.themoviedb.helper/?info=dir_settings)",
            "link": "true"
        },
        {
            "icon": "special://skin/extras/icons/shapes.png",
            "name": "Configure widgets",
            "path": "RunScript(script.skinvariables,\"run_executebuiltin=SetProperty(CustomDialogSettingsTitle,[CAPITALIZE]$LOCALIZE[31086][/CAPITALIZE],Home)||SetProperty(CustomDialogSettingsItems,Items_Settings_AllMenuConfigure,Home)||sleep=0.4||ActivateWindow(1118)\")",
            "link": "true"
        }
    ],
    "grouping://shortcuts/widgets/experimental/": [
        {
            "name": "Stacked Folder",
            "path": "Stacked_Folder",
            "icon": "special://skin/extras/icons/list-ol.png",
            "link": "true"
        },
        {
            "name": "Stacked Movie Recommendations",
            "path": "Stacked_Movie_Recommendations",
            "icon": "special://skin/extras/icons/list-ol.png",
            "link": "true"
        },
        {
            "name": "Stacked TV Show Recommendations",
            "path": "Stacked_TVShows_Recommendations",
            "icon": "special://skin/extras/icons/list-ol.png",
            "link": "true"
        },
        {
            "name": "Stacked Movie Year",
            "path": "Stacked_Movie_Year",
            "icon": "special://skin/extras/icons/list-ol.png",
            "link": "true"
        },
        {
            "name": "Stacked TV Show Year",
            "path": "Stacked_TVShows_Year",
            "icon": "special://skin/extras/icons/list-ol.png",
            "link": "true"
        },
        {
            "name": "Stacked Movie Genre",
            "path": "Stacked_Movie_Genre",
            "icon": "special://skin/extras/icons/list-ol.png",
            "link": "true"
        },
        {
            "name": "Stacked TV Show Genre",
            "path": "Stacked_TVShows_Genre",
            "icon": "special://skin/extras/icons/list-ol.png",
            "link": "true"
        }
    ],
    "grouping://shortcuts/links/commands/": [
        {
            "name": "Log-off",
            "path": "System.LogOff",
            "icon": "special://skin/extras/icons/logout.png",
            "link": "true"
        },
        {
            "name": "Quit",
            "path": "Quit",
            "icon": "special://skin/extras/icons/right-to-bracket.png",
            "link": "true"
        },
        {
            "name": "Screensaver",
            "path": "ActivateScreensaver",
            "icon": "special://skin/extras/icons/desktop.png",
            "link": "true"
        },
        {
            "name": "Power",
            "path": "Powerdown",
            "icon": "special://skin/extras/icons/power.png",
            "link": "true"
        },
        {
            "name": "Minimise",
            "path": "Minimize",
            "icon": "special://skin/extras/icons/minimize.png",
            "link": "true"
        },
        {
            "name": "Reboot",
            "path": "Reboot",
            "icon": "special://skin/extras/icons/recycle.png",
            "link": "true"
        },
        {
            "name": "Reboot to Android",
            "path": "RebootToAndroid",
            "icon": "special://skin/extras/icons/recycle.png",
            "link": "true",
            "rule": "System.Platform.Linux"
        },
        {
            "name": "Reload Skin",
            "path": "ReloadSkin",
            "icon": "special://skin/extras/icons/rotate.png",
            "link": "true"
        },
        {
            "name": "Suspend",
            "path": "Suspend",
            "icon": "special://skin/extras/icons/bed.png",
            "link": "true"
        },
        {
            "name": "Eject",
            "path": "EjectTray()",
            "icon": "special://skin/extras/icons/eject.png",
            "link": "true"
        },
        {
            "name": "Clean Video Library",
            "path": "CleanLibrary(video)",
            "icon": "special://skin/extras/icons/soap.png",
            "link": "true"
        },
        {
            "name": "Clean Music Library",
            "path": "CleanLibrary(music)",
            "icon": "special://skin/extras/icons/soap.png",
            "link": "true"
        },
        {
            "name": "Update Video Library",
            "path": "UpdateLibrary(video)",
            "icon": "special://skin/extras/icons/chart-pie.png",
            "link": "true"
        },
        {
            "name": "Update Music Library",
            "path": "UpdateLibrary(music)",
            "icon": "special://skin/extras/icons/chart-pie.png",
            "link": "true"
        }
    ]
}