<?xml version="1.0" encoding="UTF-8"?>
<window type="dialog" id="1163">
    <defaultcontrol always="true">450</defaultcontrol>
    <onunload>ClearProperty(Path,1163)</onunload>
    <onunload>ClearProperty(Target,1163)</onunload>
    <onunload>ClearProperty(Header,1163)</onunload>
    <onload>SetProperty(TMDbHelper.ContextMenu,True)</onload>
    <controls>

        <include>DialogCustom1163_Hubs</include>

        <include content="Furniture_Busy">
            <param name="hasspinner">true</param>
            <param name="spinspinner">true</param>
            <param name="icon">special://skin/extras/icons/kodi.png</param>
            <param name="haslabel">false</param>
            <param name="spinnervisible">[!Window.IsActive(DialogVolumeBar.xml) | Player.Muted]</param>
            <param name="visible_delay">400</param>
            <param name="windowopen_condition">False</param>
            <param name="visible">[Container(450).IsUpdating]</param>
        </include>

    </controls>
</window>
