<?xml version="1.0" encoding="UTF-8"?>
<includes>
    <include name="_Categories_Selector_PreItemFade">
        <animation effect="fade" start="100" end="0" delay="100" time="300" tween="quadratic" reversible="false" condition="!Container($PARAM[id]).OnNext">Conditional</animation>
    </include>

    <include name="Categories_Selector_Movement_Position">
        <focusposition>0</focusposition>
        <movement>3</movement>
    </include>

    <include name="Categories_Selector_Movement_Submenu">
        <include content="Categories_Selector_Movement_Position">
            <param name="id">$PARAM[id]</param>
        </include>
        <width>920</width>
    </include>
    <include name="Categories_Selector_Movement_Mainmenu">
        <include content="Categories_Selector_Movement_Position">
            <param name="id">$PARAM[id]</param>
        </include>
        <width>680</width>
    </include>

    <include name="Categories_Selector">
        <param name="id">300</param>
        <param name="window_id" />
        <param name="slide">False</param>
        <param name="font">font_main_black</param>
        <param name="color_fo">main_fg_100</param>
        <param name="color_nf">main_fg_30</param>
        <param name="hidden_button">List_ButtonMenu_Row_HiddenButton_Home</param>
        <param name="shorten">False</param>
        <param name="preitem_fade">True</param>
        <param name="hitrect_x">0</param>
        <param name="hitrect_y">0</param>
        <param name="hitrect_w">0</param>
        <param name="hitrect_h">0</param>
        <definition>
            <include content="List_ButtonMenu_Row">
                <param name="id">$PARAM[id]</param>
                <param name="color_fo">$PARAM[color_fo]</param>
                <param name="color_nf">$PARAM[color_nf]</param>
                <param name="itemlayout_w">160</param>
                <param name="offset_x">view_button_offset_x</param>
                <param name="control">fixedlist</param>
                <param name="font">$PARAM[font]</param>
                <param name="backing">true</param>
                <param name="hidden_button">$PARAM[hidden_button]</param>
                <param name="hidden_button_prefix">$PARAM[hidden_button_prefix]</param>
                <preloaditems>0</preloaditems>
                <scrolltime tween="quadratic">0</scrolltime>

                <hitrect x="$PARAM[hitrect_x]" y="$PARAM[hitrect_y]" w="$PARAM[hitrect_w]" h="$PARAM[hitrect_h]" />

                <nested />

                <include condition="![$PARAM[shorten]]" content="Categories_Selector_Movement_Submenu">
                    <param name="id">$PARAM[id]</param>
                </include>
                <include condition="$PARAM[shorten]" content="Categories_Selector_Movement_Mainmenu">
                    <param name="id">$PARAM[id]</param>
                </include>

                <onfocus condition="$PARAM[slide]">SetProperty(Slide.WidgetContainer,$PARAM[id],$PARAM[window_id])</onfocus>
                <onfocus condition="![$PARAM[slide]]">ClearProperty(Slide.WidgetContainer,$PARAM[window_id])</onfocus>

                <left>160</left>
                <height>hub_categorieswidget_h</height>
                <top>hub_categorieswidget_t</top>
            </include>

        </definition>
    </include>

    <include name="Categories_Selector_Fake_Button_NF">
        <control type="button">
            <width>auto</width>
            <height>256</height>
            <centertop>50%</centertop>
            <aligny>top</aligny>
            <textoffsety>$PARAM[textoffsety]</textoffsety>
            <texturenofocus />
            <include>Texture_MainMenu_Highlight_ToggleButton_FakeFocus</include>
            <font>$PARAM[font]</font>
            <textcolor>$PARAM[textcolor_nf]</textcolor>
            <label>$INFO[Container($PARAM[id]).ListItemNoWrap($PARAM[pos]).Label]</label>
            <textoffsetx>70</textoffsetx>
            <onclick>SetFocus($PARAM[id],$PARAM[pos])</onclick>
            <onclick>Action(Select)</onclick>
        </control>
    </include>

    <include name="Categories_Selector_Fake_Button_FO">
        <control type="togglebutton">
            <width>auto</width>
            <height>256</height>
            <centertop>50%</centertop>
            <aligny>top</aligny>
            <textoffsety>$PARAM[textoffsety]</textoffsety>
            <include>Texture_MainMenu_Highlight_ToggleButton_FakeFocus</include>
            <usealttexture>Control.HasFocus($PARAM[id])</usealttexture>
            <font>$PARAM[font]</font>
            <textcolor>$PARAM[textcolor_fo]</textcolor>
            <label>$INFO[Container($PARAM[id]).ListItem.Label]</label>
            <textoffsetx>70</textoffsetx>
            <altlabel>[COLOR=$VAR[ColorSelected]]$INFO[Container($PARAM[id]).ListItem.Label][/COLOR]</altlabel>
            <onclick>SetFocus($PARAM[id],0)</onclick>
            <onclick>Action(Select)</onclick>
        </control>
    </include>

    <include name="Categories_Selector_Fake">
        <param name="id">302</param>
        <param name="font">font_mini</param>
        <param name="textoffsety">109</param>
        <param name="textcolor_nf">main_fg_30</param>
        <param name="textcolor_fo">main_fg_90</param>
        <param name="include_five">false</param>
        <definition>
            <control type="group">
                <animation effect="slide" start="0" end="-64" time="400" tween="quadratic" easing="out" condition="!Container($PARAM[id]).OnScrollNext" reversible="false">Conditional</animation>
                <animation effect="slide" start="0" end="64" time="400" tween="quadratic" easing="out" condition="!Container($PARAM[id]).OnScrollPrevious" reversible="false">Conditional</animation>

                <!-- Position 0 -->
                <control type="grouplist">
                    <height>256</height>
                    <orientation>horizontal</orientation>
                    <itemgap>-80</itemgap>
                    <visible>Container($PARAM[id]).Position(0)</visible>
                    <include content="Categories_Selector_Fake_Button_FO">
                        <param name="id">$PARAM[id]</param>
                        <param name="pos">0</param>
                        <param name="font">$PARAM[font]</param>
                        <param name="textoffsety">$PARAM[textoffsety]</param>
                        <param name="textcolor_fo">$PARAM[textcolor_fo]</param>
                    </include>
                    <include content="Categories_Selector_Fake_Button_NF">
                        <param name="id">$PARAM[id]</param>
                        <param name="pos">1</param>
                        <param name="font">$PARAM[font]</param>
                        <param name="textoffsety">$PARAM[textoffsety]</param>
                        <param name="textcolor_nf">$PARAM[textcolor_nf]</param>
                    </include>
                    <include content="Categories_Selector_Fake_Button_NF">
                        <param name="id">$PARAM[id]</param>
                        <param name="pos">2</param>
                        <param name="font">$PARAM[font]</param>
                        <param name="textoffsety">$PARAM[textoffsety]</param>
                        <param name="textcolor_nf">$PARAM[textcolor_nf]</param>
                    </include>
                    <include content="Categories_Selector_Fake_Button_NF">
                        <param name="id">$PARAM[id]</param>
                        <param name="pos">3</param>
                        <param name="font">$PARAM[font]</param>
                        <param name="textoffsety">$PARAM[textoffsety]</param>
                        <param name="textcolor_nf">$PARAM[textcolor_nf]</param>
                    </include>
                    <include content="Categories_Selector_Fake_Button_NF" condition="$PARAM[include_five]">
                        <param name="id">$PARAM[id]</param>
                        <param name="pos">4</param>
                        <param name="font">$PARAM[font]</param>
                        <param name="textoffsety">$PARAM[textoffsety]</param>
                        <param name="textcolor_nf">$PARAM[textcolor_nf]</param>
                    </include>
                </control>

                <!-- Position 1 -->
                <control type="grouplist">
                    <height>256</height>
                    <orientation>horizontal</orientation>
                    <itemgap>-80</itemgap>
                    <visible>Container($PARAM[id]).Position(1)</visible>
                    <include content="Categories_Selector_Fake_Button_NF">
                        <param name="id">$PARAM[id]</param>
                        <param name="pos">-1</param>
                        <param name="font">$PARAM[font]</param>
                        <param name="textoffsety">$PARAM[textoffsety]</param>
                        <param name="textcolor_nf">$PARAM[textcolor_nf]</param>
                    </include>
                    <include content="Categories_Selector_Fake_Button_FO">
                        <param name="id">$PARAM[id]</param>
                        <param name="pos">0</param>
                        <param name="font">$PARAM[font]</param>
                        <param name="textoffsety">$PARAM[textoffsety]</param>
                        <param name="textcolor_fo">$PARAM[textcolor_fo]</param>
                    </include>
                    <include content="Categories_Selector_Fake_Button_NF">
                        <param name="id">$PARAM[id]</param>
                        <param name="pos">1</param>
                        <param name="font">$PARAM[font]</param>
                        <param name="textoffsety">$PARAM[textoffsety]</param>
                        <param name="textcolor_nf">$PARAM[textcolor_nf]</param>
                    </include>
                    <include content="Categories_Selector_Fake_Button_NF">
                        <param name="id">$PARAM[id]</param>
                        <param name="pos">2</param>
                        <param name="font">$PARAM[font]</param>
                        <param name="textoffsety">$PARAM[textoffsety]</param>
                        <param name="textcolor_nf">$PARAM[textcolor_nf]</param>
                    </include>
                </control>

                <!-- Position 2 -->
                <control type="grouplist">
                    <height>256</height>
                    <orientation>horizontal</orientation>
                    <itemgap>-80</itemgap>
                    <visible>Container($PARAM[id]).Position(2)</visible>
                    <include content="Categories_Selector_Fake_Button_NF">
                        <param name="id">$PARAM[id]</param>
                        <param name="pos">-2</param>
                        <param name="font">$PARAM[font]</param>
                        <param name="textoffsety">$PARAM[textoffsety]</param>
                        <param name="textcolor_nf">$PARAM[textcolor_nf]</param>
                    </include>
                    <include content="Categories_Selector_Fake_Button_NF">
                        <param name="id">$PARAM[id]</param>
                        <param name="pos">-1</param>
                        <param name="font">$PARAM[font]</param>
                        <param name="textoffsety">$PARAM[textoffsety]</param>
                        <param name="textcolor_nf">$PARAM[textcolor_nf]</param>
                    </include>
                    <include content="Categories_Selector_Fake_Button_FO">
                        <param name="id">$PARAM[id]</param>
                        <param name="pos">0</param>
                        <param name="font">$PARAM[font]</param>
                        <param name="textoffsety">$PARAM[textoffsety]</param>
                        <param name="textcolor_fo">$PARAM[textcolor_fo]</param>
                    </include>
                    <include content="Categories_Selector_Fake_Button_NF">
                        <param name="id">$PARAM[id]</param>
                        <param name="pos">1</param>
                        <param name="font">$PARAM[font]</param>
                        <param name="textoffsety">$PARAM[textoffsety]</param>
                        <param name="textcolor_nf">$PARAM[textcolor_nf]</param>
                    </include>
                </control>

                <!-- Position 3 -->
                <control type="grouplist">
                    <height>256</height>
                    <orientation>horizontal</orientation>
                    <itemgap>-80</itemgap>
                    <visible>Container($PARAM[id]).Position(3)</visible>
                    <include content="Categories_Selector_Fake_Button_NF">
                        <param name="id">$PARAM[id]</param>
                        <param name="pos">-3</param>
                        <param name="font">$PARAM[font]</param>
                        <param name="textoffsety">$PARAM[textoffsety]</param>
                        <param name="textcolor_nf">$PARAM[textcolor_nf]</param>
                    </include>
                    <include content="Categories_Selector_Fake_Button_NF">
                        <param name="id">$PARAM[id]</param>
                        <param name="pos">-2</param>
                        <param name="font">$PARAM[font]</param>
                        <param name="textoffsety">$PARAM[textoffsety]</param>
                        <param name="textcolor_nf">$PARAM[textcolor_nf]</param>
                    </include>
                    <include content="Categories_Selector_Fake_Button_NF">
                        <param name="id">$PARAM[id]</param>
                        <param name="pos">-1</param>
                        <param name="font">$PARAM[font]</param>
                        <param name="textoffsety">$PARAM[textoffsety]</param>
                        <param name="textcolor_nf">$PARAM[textcolor_nf]</param>
                    </include>
                    <include content="Categories_Selector_Fake_Button_FO">
                        <param name="id">$PARAM[id]</param>
                        <param name="pos">0</param>
                        <param name="font">$PARAM[font]</param>
                        <param name="textoffsety">$PARAM[textoffsety]</param>
                        <param name="textcolor_fo">$PARAM[textcolor_fo]</param>
                    </include>
                </control>
            </control>
        </definition>
    </include>
</includes>