<?xml version="1.0" encoding="UTF-8"?>
<includes>

    <include name="List_Button_Row">
        <param name="item_h">80</param>
        <param name="itemlayout_h">120</param>
        <param name="detailed">false</param>
        <param name="orientation">horizontal</param>
        <param name="control">fixedlist</param>
        <param name="item_w">240</param>
        <param name="itemlayout_w">280</param>
        <param name="itemlayout_include">Layout_Button</param>
        <definition>
            <include content="List_Core">
                <param name="id">$PARAM[id]</param>
                <param name="detailed">$PARAM[detailed]</param>
                <param name="orientation">$PARAM[orientation]</param>
                <param name="control">$PARAM[control]</param>
                <param name="item_w">$PARAM[item_w]</param>
                <param name="item_h">$PARAM[item_h]</param>
                <param name="itemlayout_w">$PARAM[itemlayout_w]</param>
                <param name="itemlayout_h">$PARAM[itemlayout_h]</param>
                <param name="itemlayout_include">$PARAM[itemlayout_include]</param>
                <param name="offset_x">$PARAM[offset_x]</param>
                <param name="offset_y">$PARAM[offset_y]</param>
                <param name="icon">$PARAM[icon]</param>
                <param name="misc">$PARAM[misc]</param>
                <nested />
            </include>
        </definition>
    </include>

    <include name="List_Reviews_Row">
        <param name="item_h">view_poster_item_h</param>
        <param name="itemlayout_h">view_poster_itemlayout_h</param>
        <param name="item_w">520</param>
        <param name="itemlayout_w">560</param>
        <definition>
            <include content="List_Core" condition="!Skin.HasSetting(Rows.EnableWrapList)">
                <param name="orientation">horizontal</param>
                <param name="control">fixedlist</param>
                <param name="id">$PARAM[id]</param>
                <param name="item_w">$PARAM[item_w]</param>
                <param name="item_h">$PARAM[item_h]</param>
                <param name="itemlayout_w">$PARAM[itemlayout_w]</param>
                <param name="itemlayout_h">$PARAM[itemlayout_h]</param>
                <param name="itemlayout_include">Layout_Reviews</param>
                <param name="icon">$PARAM[icon]</param>
                <param name="textcolor">$PARAM[textcolor]</param>
                <param name="offset_x">$PARAM[offset_x]</param>
                <param name="offset_y">$PARAM[offset_y]</param>
                <param name="shadow_colordiffuse">$PARAM[shadow_colordiffuse]</param>
                <param name="hidden_button_enabled">$PARAM[hidden_button_enabled]</param>
                <param name="hidden_button">$PARAM[hidden_button]</param>
                <nested />
            </include>
            <include content="List_Core" condition="Skin.HasSetting(Rows.EnableWrapList)">
                <param name="orientation">horizontal</param>
                <param name="control">wraplist</param>
                <param name="id">$PARAM[id]</param>
                <param name="item_w">$PARAM[item_w]</param>
                <param name="item_h">$PARAM[item_h]</param>
                <param name="itemlayout_w">$PARAM[itemlayout_w]</param>
                <param name="itemlayout_h">$PARAM[itemlayout_h]</param>
                <param name="itemlayout_include">Layout_Reviews</param>
                <param name="icon">$PARAM[icon]</param>
                <param name="textcolor">$PARAM[textcolor]</param>
                <param name="offset_x">40</param>
                <param name="offset_y">$PARAM[offset_y]</param>
                <param name="shadow_colordiffuse">$PARAM[shadow_colordiffuse]</param>
                <param name="preloaditems">0</param>
                <param name="hidden_button_enabled">$PARAM[hidden_button_enabled]</param>
                <param name="hidden_button">$PARAM[hidden_button]</param>
                <left>view_wrap_l</left>
                <right>view_wrap_r</right>
                <focusposition>0</focusposition>
                <nested />
            </include>
        </definition>
    </include>

    <include name="List_EPGGrid">
        <param name="channelheight">80</param>
        <param name="channelwidth">520</param>
        <param name="include_channels">Layout_PVRGuide_Channels</param>
        <param name="include_programs">Layout_PVRGuide_Programs</param>
        <definition>
            <control type="epggrid" id="$PARAM[id]">
                <nested />
                <scrolltime tween="quadratic">300</scrolltime>
                <timeblocks>24</timeblocks>
                <rulerunit>6</rulerunit>
                <rulerlayout height="80" width="480">
                    <control type="label" id="2">
                        <top>20</top>
                        <left>0</left>
                        <height>35</height>
                        <align>left</align>
                        <aligny>center</aligny>
                        <font>font_tiny</font>
                        <label>$INFO[ListItem.Label]</label>
                        <textcolor>main_fg_30</textcolor>
                        <visible>!String.IsEqual(ListItem.Label,System.Date)</visible>
                    </control>
                </rulerlayout>
                <channellayout height="$PARAM[channelheight]" width="$PARAM[channelwidth]">
                    <include content="$PARAM[include_channels]">
                        <param name="detailed">$PARAM[detailed]</param>
                        <param name="item_h">$PARAM[channelheight]</param>
                    </include>
                </channellayout>
                <focusedchannellayout height="$PARAM[channelheight]" width="$PARAM[channelwidth]">
                    <include content="$PARAM[include_channels]">
                        <param name="selected">false</param>
                        <param name="detailed">$PARAM[detailed]</param>
                        <param name="item_h">$PARAM[channelheight]</param>
                        <visible>[Control.HasFocus(11) | ControlGroup(9000).HasFocus()]</visible>
                    </include>
                    <include content="$PARAM[include_channels]">
                        <param name="selected">true</param>
                        <param name="detailed">$PARAM[detailed]</param>
                        <param name="item_h">$PARAM[channelheight]</param>
                        <visible>![Control.HasFocus(11) | ControlGroup(9000).HasFocus()]</visible>
                    </include>
                </focusedchannellayout>
                <itemlayout height="$PARAM[channelheight]" width="480">
                    <include content="$PARAM[include_programs]">
                        <param name="detailed">$PARAM[detailed]</param>
                    </include>
                </itemlayout>
                <focusedlayout height="$PARAM[channelheight]" width="480">
                    <include content="$PARAM[include_programs]">
                        <param name="selected">false</param>
                        <param name="visible">[Control.HasFocus(11) | ControlGroup(9000).HasFocus()]</param>
                        <param name="detailed">$PARAM[detailed]</param>
                    </include>
                    <include content="$PARAM[include_programs]">
                        <param name="selected">true</param>
                        <param name="visible">![Control.HasFocus(11) | ControlGroup(9000).HasFocus()]</param>
                        <param name="detailed">$PARAM[detailed]</param>
                    </include>
                </focusedlayout>
            </control>
        </definition>
    </include>

    <include name="List_DialogSelect">
        <param name="item_height">80</param>
        <param name="detailed">false</param>
        <param name="itemlayout_include">Layout_DialogSelect</param>
        <param name="control">list</param>
        <param name="orientation">vertical</param>
        <definition>
            <include content="List_Core">
                <param name="orientation">$PARAM[orientation]</param>
                <param name="control">$PARAM[control]</param>
                <param name="id">$PARAM[id]</param>
                <param name="altfocus">$PARAM[altfocus]</param>
                <param name="item_h">$PARAM[item_height]</param>
                <param name="itemlayout_h">$PARAM[item_height]</param>
                <param name="item_w">$PARAM[item_w]</param>
                <param name="itemlayout_w">$PARAM[itemlayout_w]</param>
                <param name="itemlayout_include">$PARAM[itemlayout_include]</param>
                <param name="detailed">$PARAM[detailed]</param>
                <param name="variation">$PARAM[variation]</param>
                <param name="misc">$PARAM[misc]</param>
                <param name="icon">$PARAM[icon]</param>
                <param name="offset_x">0</param>
                <param name="offset_y">0</param>
                <param name="textcolor">$PARAM[textcolor]</param>
                <nested />
            </include>
        </definition>
    </include>

    <include name="List_MediaList">
        <param name="item_h">80</param>
        <param name="itemlayout_h">80</param>
        <param name="itemlayout_include">Layout_MediaList</param>
        <param name="control">list</param>
        <definition>
            <include content="List_Core">
                <param name="orientation">vertical</param>
                <param name="control">$PARAM[control]</param>
                <param name="id">$PARAM[id]</param>
                <param name="altfocus">$PARAM[altfocus]</param>
                <param name="item_h">$PARAM[item_h]</param>
                <param name="item_w">$PARAM[item_w]</param>
                <param name="itemlayout_h">$PARAM[itemlayout_h]</param>
                <param name="itemlayout_include">$PARAM[itemlayout_include]</param>
                <param name="detailed">$PARAM[detailed]</param>
                <param name="misc">$PARAM[misc]</param>
                <param name="offset_x">0</param>
                <param name="offset_y">20</param>
                <nested />
            </include>
        </definition>
    </include>

    <include name="List_PlayList">
        <param name="item_h">80</param>
        <param name="itemlayout_h">80</param>
        <param name="itemlayout_include">Layout_PlayList</param>
        <param name="control">list</param>
        <definition>
            <include content="List_Core">
                <param name="orientation">$PARAM[orientation]</param>
                <param name="control">$PARAM[control]</param>
                <param name="id">$PARAM[id]</param>
                <param name="altfocus">$PARAM[altfocus]</param>
                <param name="item_h">$PARAM[item_h]</param>
                <param name="item_w">$PARAM[item_w]</param>
                <param name="itemlayout_w">$PARAM[itemlayout_w]</param>
                <param name="itemlayout_h">$PARAM[itemlayout_h]</param>
                <param name="itemlayout_include">$PARAM[itemlayout_include]</param>
                <param name="detailed">$PARAM[detailed]</param>
                <param name="misc">$PARAM[misc]</param>
                <!-- <param name="offset_x">40</param> -->
                <param name="offset_y">0</param>
                <nested />
            </include>
        </definition>
    </include>

    <include name="List_IconBrowser">
        <param name="item_w">520</param>
        <param name="item_h">140</param>
        <param name="itemlayout_w">560</param>
        <param name="itemlayout_h">180</param>
        <definition>
            <include content="List_Core">
                <param name="orientation">vertical</param>
                <param name="control">panel</param>
                <param name="id">$PARAM[id]</param>
                <param name="item_w">$PARAM[item_w]</param>
                <param name="item_h">$PARAM[item_h]</param>
                <param name="itemlayout_w">$PARAM[itemlayout_w]</param>
                <param name="itemlayout_h">$PARAM[itemlayout_h]</param>
                <param name="itemlayout_include">Layout_IconBrowser</param>
                <param name="detailed">$PARAM[detailed]</param>
                <param name="offset_y">40</param>
                <param name="offset_x">40</param>
                <nested />
            </include>
        </definition>
    </include>

    <include name="List_AddonCategories">
        <param name="itemlayout_include">Layout_Iconic</param>
        <param name="width">440</param>
        <param name="height">80</param>
        <param name="detailed">false</param>
        <param name="orientation">vertical</param>
        <param name="control">list</param>
        <definition>
            <include content="List_Core">
                <param name="orientation">$PARAM[orientation]</param>
                <param name="control">$PARAM[control]</param>
                <param name="id">$PARAM[id]</param>
                <param name="item_w">$PARAM[width]</param>
                <param name="item_h">$PARAM[height]</param>
                <param name="itemlayout_w">$PARAM[width]</param>
                <param name="itemlayout_h">$PARAM[height]</param>
                <param name="offset_x">0</param>
                <param name="offset_y">0</param>
                <param name="itemlayout_include">$PARAM[itemlayout_include]</param>
                <param name="altfocus">$PARAM[altfocus]</param>
                <param name="detailed">$PARAM[detailed]</param>
                <param name="misc">$PARAM[misc]</param>
                <nested />
            </include>
        </definition>
    </include>

    <include name="List_PVRRecordings">
        <param name="orientation">vertical</param>
        <param name="control">list</param>
        <param name="item_h">120</param>
        <param name="itemlayout_h">120</param>
        <param name="itemlayout_include">Layout_PVRRecordings</param>
        <param name="detailed">true</param>
        <definition>
            <include content="List_Core">
                <param name="orientation">$PARAM[orientation]</param>
                <param name="control">$PARAM[control]</param>
                <param name="id">$PARAM[id]</param>
                <param name="item_h">$PARAM[item_h]</param>
                <param name="itemlayout_h">$PARAM[itemlayout_h]</param>
                <param name="itemlayout_include">$PARAM[itemlayout_include]</param>
                <param name="misc">$PARAM[misc]</param>
                <param name="detailed">$PARAM[detailed]</param>
                <param name="offset_y">0</param>
                <param name="offset_x">0</param>
                <param name="textcolor">$PARAM[textcolor]</param>
                <nested />
                <movement>3</movement>
                <focusposition>2</focusposition>
            </include>
        </definition>
    </include>

    <include name="_List_Card_Row">
        <param name="control">fixedlist</param>
        <param name="altfocus">false</param>
        <param name="detailed">false</param>
        <param name="indicator">true</param>
        <param name="offset_x">view_offx</param>
        <param name="offset_y">80</param>
        <param name="item_w">view_card_item_w</param>
        <param name="item_h">view_poster_item_h</param>
        <param name="itemlayout_w">view_card_itemlayout_w</param>
        <param name="itemlayout_h">view_poster_itemlayout_h</param>
        <param name="itemlayout_include">Layout_Card</param>
        <param name="hidden_button_enabled">false</param>
        <param name="hidden_button">List_Widget_Row_HiddenButton</param>
        <definition>
            <include content="List_Core">
                <param name="orientation">horizontal</param>
                <param name="control">$PARAM[control]</param>
                <param name="id">$PARAM[id]</param>

                <param name="item_w">view_poster_item_w</param>
                <param name="item_h">view_poster_item_h</param>
                <param name="itemlayout_w">view_poster_itemlayout_w</param>
                <param name="itemlayout_h">view_poster_itemlayout_h</param>
                <param name="itemlayout_include">Layout_Poster</param>

                <param name="focusedlayout_special">true</param>
                <param name="offset_y">$PARAM[offset_y]</param>
                <param name="offset_x">$PARAM[offset_x]</param>
                <param name="detailed">$PARAM[detailed]</param>

                <param name="hidden_button_enabled">$PARAM[hidden_button_enabled]</param>
                <param name="hidden_button">$PARAM[hidden_button]</param>
                <nested />
                <focusedlayout width="$PARAM[itemlayout_w]" height="$PARAM[itemlayout_h]">
                    <include condition="$PARAM[hidden_button_enabled]" content="$PARAM[hidden_button]">
                        <param name="id">$PARAM[id]</param>
                    </include>
                    <control type="group">
                        <left>$PARAM[offset_x]</left>
                        <right>-$PARAM[offset_x]</right>
                        <top>$PARAM[offset_y]</top>
                        <bottom>-$PARAM[offset_y]</bottom>
                        <control type="group">
                            <animation effect="fade" start="100" end="0" condition="[Control.HasFocus($PARAM[id]) | $PARAM[altfocus]]">Conditional</animation>
                            <include content="$PARAM[itemlayout_include]">
                                <param name="selected">false</param>
                                <param name="item_w">$PARAM[item_w]</param>
                                <param name="item_h">$PARAM[item_h]</param>
                                <param name="misc">$PARAM[misc]</param>
                                <param name="id">$PARAM[id]</param>
                                <param name="detailed">$PARAM[detailed]</param>
                                <param name="indicator">$PARAM[indicator]</param>
                                <param name="variation">$PARAM[variation]</param>
                                <param name="diffuse">$PARAM[diffuse]</param>
                                <param name="icon">$PARAM[icon]</param>
                                <param name="textcolor">$PARAM[textcolor]</param>
                                <param name="shadow_colordiffuse">$PARAM[shadow_colordiffuse]</param>
                            </include>
                        </control>
                        <control type="group">
                            <animation effect="fade" start="100" end="0" condition="![Control.HasFocus($PARAM[id]) | $PARAM[altfocus]]">Conditional</animation>
                            <include content="$PARAM[itemlayout_include]">
                                <param name="selected">true</param>
                                <param name="item_w">$PARAM[item_w]</param>
                                <param name="item_h">$PARAM[item_h]</param>
                                <param name="misc">$PARAM[misc]</param>
                                <param name="id">$PARAM[id]</param>
                                <param name="detailed">$PARAM[detailed]</param>
                                <param name="indicator">$PARAM[indicator]</param>
                                <param name="variation">$PARAM[variation]</param>
                                <param name="diffuse">$PARAM[diffuse]</param>
                                <param name="icon">$PARAM[icon]</param>
                                <param name="textcolor">$PARAM[textcolor]</param>
                                <param name="shadow_colordiffuse">$PARAM[shadow_colordiffuse]</param>
                            </include>
                        </control>
                    </control>
                </focusedlayout>
            </include>
        </definition>
    </include>

    <include name="List_Card_Row_Movement"><movement>view_card_movement</movement></include>
    <include name="List_Card_Row">
        <definition>
            <include content="_List_Card_Row" condition="!Skin.HasSetting(Rows.EnableWrapList)">
                <param name="misc">$PARAM[misc]</param>
                <param name="id">$PARAM[id]</param>
                <param name="detailed">$PARAM[detailed]</param>
                <param name="indicator">$PARAM[indicator]</param>
                <param name="variation">$PARAM[variation]</param>
                <param name="diffuse">$PARAM[diffuse]</param>
                <param name="icon">$PARAM[icon]</param>
                <param name="textcolor">$PARAM[textcolor]</param>
                <param name="shadow_colordiffuse">$PARAM[shadow_colordiffuse]</param>
                <param name="offset_x">$PARAM[offset_x]</param>
                <param name="offset_y">$PARAM[offset_y]</param>
                <param name="control">fixedlist</param>
                <param name="hidden_button_enabled">$PARAM[hidden_button_enabled]</param>
                <param name="hidden_button">$PARAM[hidden_button]</param>
                <nested />
                <include>List_Card_Row_Movement</include>
            </include>
            <include content="_List_Card_Row" condition="Skin.HasSetting(Rows.EnableWrapList)">
                <param name="misc">$PARAM[misc]</param>
                <param name="id">$PARAM[id]</param>
                <param name="detailed">$PARAM[detailed]</param>
                <param name="indicator">$PARAM[indicator]</param>
                <param name="variation">$PARAM[variation]</param>
                <param name="diffuse">$PARAM[diffuse]</param>
                <param name="icon">$PARAM[icon]</param>
                <param name="textcolor">$PARAM[textcolor]</param>
                <param name="shadow_colordiffuse">$PARAM[shadow_colordiffuse]</param>
                <param name="offset_y">$PARAM[offset_y]</param>
                <param name="offset_x">40</param>
                <param name="preloaditems">0</param>
                <param name="control">wraplist</param>
                <param name="hidden_button_enabled">$PARAM[hidden_button_enabled]</param>
                <param name="hidden_button">$PARAM[hidden_button]</param>
                <left>view_wrap_l</left>
                <right>view_wrap_r</right>
                <focusposition>0</focusposition>
                <nested />
            </include>
        </definition>
    </include>

    <include name="List_Banner_Row_Movement"><movement>0</movement></include>
    <include name="List_Banner_Row">
        <definition>
            <include content="List_Core" condition="!Skin.HasSetting(Rows.EnableWrapList)">
                <param name="orientation">horizontal</param>
                <param name="control">fixedlist</param>
                <param name="id">$PARAM[id]</param>
                <param name="item_w">view_banner_item_w</param>
                <param name="item_h">view_poster_item_h</param>
                <param name="itemlayout_w">view_banner_itemlayout_w</param>
                <param name="itemlayout_h">view_poster_itemlayout_h</param>
                <param name="itemlayout_include">Layout_Banner</param>
                <param name="offset_y">$PARAM[offset_y]</param>
                <param name="detailed">$PARAM[detailed]</param>
                <param name="hidden_button_enabled">$PARAM[hidden_button_enabled]</param>
                <param name="hidden_button">$PARAM[hidden_button]</param>
                <nested />
                <include>List_Banner_Row_Movement</include>
            </include>
            <include content="List_Core" condition="Skin.HasSetting(Rows.EnableWrapList)">
                <param name="orientation">horizontal</param>
                <param name="control">wraplist</param>
                <param name="id">$PARAM[id]</param>
                <param name="item_w">view_banner_item_w</param>
                <param name="item_h">view_poster_item_h</param>
                <param name="itemlayout_w">view_banner_itemlayout_w</param>
                <param name="itemlayout_h">view_poster_itemlayout_h</param>
                <param name="itemlayout_include">Layout_Banner</param>
                <param name="offset_y">$PARAM[offset_y]</param>
                <param name="offset_x">40</param>
                <param name="detailed">$PARAM[detailed]</param>
                <param name="preloaditems">0</param>
                <param name="hidden_button_enabled">$PARAM[hidden_button_enabled]</param>
                <param name="hidden_button">$PARAM[hidden_button]</param>
                <left>view_wrap_l</left>
                <right>view_wrap_r</right>
                <focusposition>0</focusposition>
                <nested />
            </include>
        </definition>
    </include>

    <include name="List_Poster_Row_Movement"><movement>view_poster_movement</movement></include>
    <include name="List_Poster_Row">
        <param name="focusedlayout_special">false</param>
        <definition>
            <include content="List_Core" condition="!Skin.HasSetting(Rows.EnableWrapList)">
                <param name="orientation">horizontal</param>
                <param name="control">fixedlist</param>
                <param name="id">$PARAM[id]</param>
                <param name="item_w">view_poster_item_w</param>
                <param name="item_h">view_poster_item_h</param>
                <param name="itemlayout_w">view_poster_itemlayout_w</param>
                <param name="itemlayout_h">view_poster_itemlayout_h</param>
                <param name="itemlayout_include">Layout_Poster</param>
                <param name="focusedlayout_special">$PARAM[focusedlayout_special]</param>
                <param name="offset_x">$PARAM[offset_x]</param>
                <param name="icon">$PARAM[icon]</param>
                <param name="detailed">$PARAM[detailed]</param>
                <param name="hidden_button_enabled">$PARAM[hidden_button_enabled]</param>
                <param name="hidden_button">$PARAM[hidden_button]</param>
                <nested />
                <include>List_Poster_Row_Movement</include>
            </include>
            <include content="List_Core" condition="Skin.HasSetting(Rows.EnableWrapList)">
                <param name="orientation">horizontal</param>
                <param name="control">wraplist</param>
                <param name="id">$PARAM[id]</param>
                <param name="item_w">view_poster_item_w</param>
                <param name="item_h">view_poster_item_h</param>
                <param name="itemlayout_w">view_poster_itemlayout_w</param>
                <param name="itemlayout_h">view_poster_itemlayout_h</param>
                <param name="itemlayout_include">Layout_Poster</param>
                <param name="focusedlayout_special">$PARAM[focusedlayout_special]</param>
                <param name="offset_y">$PARAM[offset_y]</param>
                <param name="offset_x">40</param>
                <param name="icon">$PARAM[icon]</param>
                <param name="detailed">$PARAM[detailed]</param>
                <param name="preloaditems">0</param>
                <param name="hidden_button_enabled">$PARAM[hidden_button_enabled]</param>
                <param name="hidden_button">$PARAM[hidden_button]</param>
                <left>view_wrap_l</left>
                <right>view_wrap_r</right>
                <focusposition>0</focusposition>
                <nested />
            </include>
        </definition>
    </include>

    <include name="List_Landscape_Row_Movement"><movement>view_landscape_movement</movement></include>
    <include name="List_Landscape_Row">
        <param name="item_w">view_landscape_item_w</param>
        <param name="item_h">view_landscape_item_h</param>
        <param name="itemlayout_w">view_landscape_itemlayout_w</param>
        <param name="itemlayout_h">view_landscape_itemlayout_h</param>
        <definition>
            <include content="List_Core" condition="!Skin.HasSetting(Rows.EnableWrapList)">
                <param name="orientation">horizontal</param>
                <param name="control">fixedlist</param>
                <param name="id">$PARAM[id]</param>
                <param name="item_w">$PARAM[item_w]</param>
                <param name="item_h">$PARAM[item_h]</param>
                <param name="itemlayout_w">$PARAM[itemlayout_w]</param>
                <param name="itemlayout_h">$PARAM[itemlayout_h]</param>
                <param name="itemlayout_include">Layout_Landscape</param>
                <param name="icon">$PARAM[icon]</param>
                <param name="textcolor">$PARAM[textcolor]</param>
                <param name="offset_x">$PARAM[offset_x]</param>
                <param name="offset_y">$PARAM[offset_y]</param>
                <param name="shadow_colordiffuse">$PARAM[shadow_colordiffuse]</param>
                <param name="hidden_button_enabled">$PARAM[hidden_button_enabled]</param>
                <param name="hidden_button">$PARAM[hidden_button]</param>
                <nested />
                <include>List_Landscape_Row_Movement</include>
            </include>
            <include content="List_Core" condition="Skin.HasSetting(Rows.EnableWrapList)">
                <param name="orientation">horizontal</param>
                <param name="control">wraplist</param>
                <param name="id">$PARAM[id]</param>
                <param name="item_w">$PARAM[item_w]</param>
                <param name="item_h">$PARAM[item_h]</param>
                <param name="itemlayout_w">$PARAM[itemlayout_w]</param>
                <param name="itemlayout_h">$PARAM[itemlayout_h]</param>
                <param name="itemlayout_include">Layout_Landscape</param>
                <param name="icon">$PARAM[icon]</param>
                <param name="textcolor">$PARAM[textcolor]</param>
                <param name="offset_x">40</param>
                <param name="offset_y">$PARAM[offset_y]</param>
                <param name="shadow_colordiffuse">$PARAM[shadow_colordiffuse]</param>
                <param name="preloaditems">0</param>
                <param name="hidden_button_enabled">$PARAM[hidden_button_enabled]</param>
                <param name="hidden_button">$PARAM[hidden_button]</param>
                <left>view_wrap_l</left>
                <right>view_wrap_r</right>
                <focusposition>0</focusposition>
                <nested />
            </include>
        </definition>
    </include>
    
    <include name="List_Square_Row">
        <param name="item_w">view_poster_item_w</param>
        <param name="item_h">view_poster_item_h</param>
        <param name="itemlayout_w">view_poster_itemlayout_w</param>
        <param name="itemlayout_h">view_poster_itemlayout_h</param>
        <param name="orientation">horizontal</param>
        <param name="use_movement">true</param>
        <definition>
            <include content="List_Core" condition="!Skin.HasSetting(Rows.EnableWrapList)">
                <param name="orientation">$PARAM[orientation]</param>
                <param name="control">fixedlist</param>
                <param name="id">$PARAM[id]</param>
                <param name="item_w">$PARAM[item_w]</param>
                <param name="item_h">$PARAM[item_h]</param>
                <param name="itemlayout_w">$PARAM[itemlayout_w]</param>
                <param name="itemlayout_h">$PARAM[itemlayout_h]</param>
                <param name="offset_x">$PARAM[offset_x]</param>
                <param name="offset_y">$PARAM[offset_y]</param>
                <param name="itemlayout_include">Layout_Square</param>
                <param name="hidden_button_enabled">$PARAM[hidden_button_enabled]</param>
                <param name="hidden_button">$PARAM[hidden_button]</param>
                <include condition="$PARAM[use_movement]">List_Poster_Row_Movement</include>
                <nested />
            </include>
            <include content="List_Core" condition="Skin.HasSetting(Rows.EnableWrapList)">
                <param name="orientation">$PARAM[orientation]</param>
                <param name="control">wraplist</param>
                <param name="id">$PARAM[id]</param>
                <param name="item_w">$PARAM[item_w]</param>
                <param name="item_h">$PARAM[item_h]</param>
                <param name="itemlayout_w">$PARAM[itemlayout_w]</param>
                <param name="itemlayout_h">$PARAM[itemlayout_h]</param>
                <param name="offset_x">40</param>
                <param name="offset_y">$PARAM[offset_y]</param>
                <param name="itemlayout_include">Layout_Square</param>
                <param name="preloaditems">0</param>
                <param name="hidden_button_enabled">$PARAM[hidden_button_enabled]</param>
                <param name="hidden_button">$PARAM[hidden_button]</param>
                <left>view_wrap_l</left>
                <right>view_wrap_r</right>
                <focusposition>0</focusposition>
                <nested />
            </include>
        </definition>
    </include>

    <include name="List_ButtonMenu_Row_HiddenButton_View_OnFocus">
        <param name="condition">true</param>
        <definition>
            <onfocus condition="$PARAM[condition]">ClearProperty($PARAM[prefix]SpecialFolderPath)</onfocus>
            <onfocus condition="$PARAM[condition]">ClearProperty($PARAM[prefix]SpecialFolderLabel)</onfocus>
            <onfocus condition="$PARAM[condition]">ClearProperty($PARAM[prefix]SpecialFolderStyle)</onfocus>
            <onfocus condition="$PARAM[condition]">ClearProperty($PARAM[prefix]SpecialFolderSortBy)</onfocus>
            <onfocus condition="$PARAM[condition]">ClearProperty($PARAM[prefix]SpecialFolderSortOrder)</onfocus>
            <onfocus condition="$PARAM[condition]">ClearProperty($PARAM[prefix]SpecialFolderLimit)</onfocus>

            <!-- Update Style -->
            <onfocus condition="$PARAM[condition] + !String.IsEmpty(Container(300).ListItem.Property(useWidgetListStyle))">SetProperty($PARAM[prefix]SpecialFolderStyle,$INFO[Container(300).ListItem.Property(useWidgetListStyle)])</onfocus>

            <!-- Update Sortby -->
            <onfocus condition="$PARAM[condition] + !String.IsEmpty(Container(300).ListItem.Property(useWidgetListSortby))">SetProperty($PARAM[prefix]SpecialFolderSortby,$INFO[Container(300).ListItem.Property(useWidgetListSortby)])</onfocus>

            <!-- Update Sortorder -->
            <onfocus condition="$PARAM[condition] + !String.IsEmpty(Container(300).ListItem.Property(useWidgetListSortorder))">SetProperty($PARAM[prefix]SpecialFolderSortorder,$INFO[Container(300).ListItem.Property(useWidgetListSortorder)])</onfocus>

            <!-- Update Limit -->
            <onfocus condition="$PARAM[condition] + !String.IsEmpty(Container(300).ListItem.Property(useWidgetListLimit))">SetProperty($PARAM[prefix]SpecialFolderLimit,$INFO[Container(300).ListItem.Property(useWidgetListLimit)])</onfocus>

            <!-- Update Path -->
            <onfocus condition="$PARAM[condition] + !String.IsEmpty($PARAM[container]ListItem.FolderPath) + $PARAM[container]ListItem.IsFolder + String.IsEmpty(Container(300).ListItem.Property(useWidgetList))">SetProperty($PARAM[prefix]SpecialFolderPath,$INFO[$PARAM[container]ListItem.FolderPath])</onfocus>
            <onfocus condition="$PARAM[condition] + !String.IsEmpty($PARAM[container]ListItem.FolderPath) + $PARAM[container]ListItem.IsFolder + String.IsEmpty(Container(300).ListItem.Property(useWidgetList))">SetProperty($PARAM[prefix]SpecialFolderLabel,$INFO[$PARAM[container]ListItem.Label])</onfocus>

            <!-- Update Label -->
            <onfocus condition="$PARAM[condition] + !String.IsEmpty($PARAM[container]ListItem.Property(list)) + String.IsEmpty(Container(300).ListItem.Property(useWidgetList))">SetProperty($PARAM[prefix]SpecialFolderPath,$INFO[$PARAM[container]ListItem.Property(list)])</onfocus>
            <onfocus condition="$PARAM[condition] + !String.IsEmpty($PARAM[container]ListItem.Property(list)) + String.IsEmpty(Container(300).ListItem.Property(useWidgetList))">SetProperty($PARAM[prefix]SpecialFolderLabel,$INFO[$PARAM[container]ListItem.Label])</onfocus>
        </definition>
    </include>

    <include name="List_ButtonMenu_Row_HiddenButton_Home_OnFocus">
        <param name="condition">true</param>
        <param name="force_widget">false</param>
        <definition>
            <onfocus>RunScript(script.skinvariables,run_executebuiltin=special://skin/shortcuts/builtins/skinvariables-specialfolderpath.json,use_rules,condition=$PARAM[condition],prefix=$PARAM[prefix],force_widget=$PARAM[force_widget])</onfocus>
        </definition>
    </include>

    <include name="List_ButtonMenu_Row_HiddenButton_Hubs">
        <control type="button">
            <visible allowhiddenfocus="true">false</visible>
            <animation effect="fade" start="0" end="0" time="400" reversible="false">Focus</animation>
            <include>List_ButtonMenu_Row_HiddenButton_Hubs_OnFocus</include>
        </control>
    </include>

    <include name="List_ButtonMenu_Row_HiddenButton_View">
        <control type="button">
            <visible allowhiddenfocus="true">false</visible>
            <animation effect="fade" start="0" end="0" time="400" reversible="false">Focus</animation>
            <include>List_ButtonMenu_Row_HiddenButton_View_OnFocus</include>
        </control>
    </include>

    <include name="List_ButtonMenu_Row_HiddenButton_Home">
        <control type="button">
            <visible allowhiddenfocus="true">false</visible>
            <animation effect="fade" start="0" end="0" time="400" reversible="false">Focus</animation>
            <include content="List_ButtonMenu_Row_HiddenButton_Home_OnFocus">
                <param name="prefix">$PARAM[prefix]</param>
                <param name="force_widget">$PARAM[force_widget]</param>
            </include>
        </control>
    </include>

    <include name="List_ButtonMenu_Row_HiddenButton_ERow_OnFocus">
        <param name="condition">true</param>
        <param name="prefix" />
        <definition>
            <onfocus condition="$PARAM[condition]">ClearProperty($PARAM[prefix]SpecialFolderPath)</onfocus>
            <onfocus condition="$PARAM[condition]">ClearProperty($PARAM[prefix]SpecialFolderLabel)</onfocus>
            <onfocus condition="$PARAM[condition]">ClearProperty($PARAM[prefix]SpecialFolderStyle)</onfocus>
            <onfocus condition="$PARAM[condition]">ClearProperty($PARAM[prefix]SpecialFolderSortBy)</onfocus>
            <onfocus condition="$PARAM[condition]">ClearProperty($PARAM[prefix]SpecialFolderSortOrder)</onfocus>
            <onfocus condition="$PARAM[condition]">ClearProperty($PARAM[prefix]SpecialFolderLimit)</onfocus>
            <onfocus condition="$PARAM[condition]">SetProperty(TMDbHelper.WidgetContainer,$INFO[$PARAM[container]ListItem.Property(list_id)])</onfocus>
        </definition>
    </include>
    <include name="List_ButtonMenu_Row_HiddenButton_ERow">
        <control type="button">
            <visible allowhiddenfocus="true">false</visible>
            <!-- <animation effect="fade" start="0" end="0" time="400" reversible="false">Focus</animation> -->
            <include>List_ButtonMenu_Row_HiddenButton_ERow_OnFocus</include>
        </control>
    </include>

    <include name="List_ButtonMenu_Row_HiddenButton_Hubs_OnFocus">
        <include content="List_ButtonMenu_Row_HiddenButton_View_OnFocus">
            <param name="container">Container(302).</param>
        </include>
    </include>

    <include name="List_Core_UseWrapList">
        <param name="control">list</param>
        <param name="wraplist">[False]</param>
        <definition>
            <include content="Object_Control" condition="$PARAM[wraplist]">
                <param name="control">wraplist</param>
                <param name="id">$PARAM[id]</param>
                <nested />
            </include>
            <include content="Object_Control" condition="!$PARAM[wraplist]">
                <param name="control">$PARAM[control]</param>
                <param name="id">$PARAM[id]</param>
                <nested />
            </include>
        </definition>
    </include>

    <include name="List_ButtonMenu_Row">
        <param name="control">list</param>
        <param name="itemlayout_w">240</param>
        <param name="font">font_mini_bold</param>
        <param name="color_fo">main_fg_100</param>
        <param name="color_nf">main_fg_30</param>
        <param name="altfocus">false</param>
        <param name="offset_x">40</param>
        <param name="hidden_button">List_ButtonMenu_Row_HiddenButton_View</param>
        <param name="backing">false</param>
        <param name="wraplist">[False]</param>
        <definition>
            <include content="List_Core_UseWrapList">
                <param name="id">$PARAM[id]</param>
                <param name="control">$PARAM[control]</param>
                <param name="wraplist">$PARAM[wraplist]</param>
                <nested />
                <include content="$PARAM[hidden_button]_OnFocus">
                    <param name="id">$PARAM[id]</param>
                    <param name="container">Container($PARAM[id]).</param>
                    <param name="prefix">$PARAM[hidden_button_prefix]</param>
                    <param name="force_widget">$PARAM[hidden_button_force_widget]</param>
                </include>
                <orientation>horizontal</orientation>
                <scrolltime tween="quadratic">400</scrolltime>
                <itemlayout height="120" width="$PARAM[itemlayout_w]">
                    <control type="group">
                        <left>$PARAM[offset_x]</left>
                        <right>-$PARAM[offset_x]</right>
                        <control type="group">
                            <right>40</right>
                            <control type="label">
                                <centertop>50%</centertop>
                                <height>20</height>
                                <aligny>center</aligny>
                                <textoffsetx>0</textoffsetx>
                                <align>center</align>
                                <font>$PARAM[font]</font>
                                <textcolor>$PARAM[color_nf]</textcolor>
                                <label>$INFO[ListItem.Label]</label>
                            </control>
                        </control>
                    </control>
                </itemlayout>
                <focusedlayout height="120" width="$PARAM[itemlayout_w]" condition="![Control.HasFocus($PARAM[id]) | $PARAM[altfocus]]">
                    <control type="group">
                        <left>$PARAM[offset_x]</left>
                        <right>-$PARAM[offset_x]</right>
                        <control type="group">
                            <right>40</right>
                            <control type="label">
                                <centertop>50%</centertop>
                                <height>20</height>
                                <aligny>center</aligny>
                                <textoffsetx>0</textoffsetx>
                                <align>center</align>
                                <font>$PARAM[font]</font>
                                <textcolor>$PARAM[color_fo]</textcolor>
                                <label>$INFO[ListItem.Label]</label>
                            </control>
                        </control>
                    </control>
                </focusedlayout>
                <focusedlayout height="120" width="$PARAM[itemlayout_w]" condition="[Control.HasFocus($PARAM[id]) | $PARAM[altfocus]]">
                    <include content="$PARAM[hidden_button]">
                        <param name="id">$PARAM[id]</param>
                        <param name="prefix">$PARAM[hidden_button_prefix]</param>
                        <param name="force_widget">$PARAM[hidden_button_force_widget]</param>
                    </include>
                    <control type="group">
                        <left>$PARAM[offset_x]</left>
                        <right>-$PARAM[offset_x]</right>
                        <control type="group">
                            <right>40</right>
                            <control type="group">
                                <centertop>50%</centertop>
                                <height>256</height>
                                <left>-60</left>
                                <right>-60</right>
                                <control type="image">
                                    <include>Texture_MainMenu_Highlight_H</include>
                                </control>
                            </control>
                            <control type="label">
                                <centertop>50%</centertop>
                                <height>20</height>
                                <aligny>center</aligny>
                                <textoffsetx>0</textoffsetx>
                                <align>center</align>
                                <font>$PARAM[font]</font>
                                <textcolor>$VAR[ColorSelected]</textcolor>
                                <label>$INFO[ListItem.Label]</label>
                            </control>
                        </control>
                    </control>
                </focusedlayout>
            </include>
        </definition>
    </include>

    <include name="List_Widget_Row_HiddenButton">
        <control type="button">
            <visible allowhiddenfocus="true">false</visible>
            <animation effect="fade" start="0" end="0" time="600" reversible="false">Focus</animation>
            <include content="List_Widget_Row_HiddenButton_OnFocus">
                <param name="id">$PARAM[id]</param>
            </include>
        </control>
    </include>

    <include name="List_Widget_Row_HiddenButton_OnFocus">
        <param name="condition">true</param>
        <definition>
            <onfocus condition="$PARAM[condition]">SetProperty(WidgetMeta.$PARAM[id].Label,$INFO[$PARAM[container]ListItem.Label])</onfocus>
            <onfocus condition="$PARAM[condition]">SetProperty(WidgetMeta.$PARAM[id].Title,$INFO[$PARAM[container]ListItem.Title])</onfocus>
            <onfocus condition="$PARAM[condition]">SetProperty(WidgetMeta.$PARAM[id].TVShowTitle,$INFO[$PARAM[container]ListItem.TVShowTitle])</onfocus>
            <onfocus condition="$PARAM[condition]">SetProperty(WidgetMeta.$PARAM[id].Genre,$INFO[$PARAM[container]ListItem.Genre])</onfocus>
            <onfocus condition="$PARAM[condition]">SetProperty(WidgetMeta.$PARAM[id].Year,$INFO[$PARAM[container]ListItem.Year])</onfocus>
            <onfocus condition="$PARAM[condition]">SetProperty(WidgetMeta.$PARAM[id].Studio,$INFO[$PARAM[container]ListItem.Studio])</onfocus>
            <onfocus condition="$PARAM[condition]">SetProperty(WidgetMeta.$PARAM[id].FolderPath,$INFO[$PARAM[container]ListItem.FolderPath])</onfocus>
        </definition>
    </include>

    <include name="List_Core">
        <param name="orientation">horizontal</param>
        <param name="control">list</param>
        <param name="id" />
        <param name="preloaditems">2</param>
        <param name="tween">quadratic</param>
        <param name="scrolltime">400</param>
        <param name="viewtype">list</param>
        <param name="offset_x">view_offx</param>
        <param name="offset_y">80</param>
        <param name="itemlayout_w" />
        <param name="itemlayout_h" />
        <param name="item_w" />
        <param name="item_h" />
        <param name="itemlayout_include" />
        <param name="focusedlayout_special">false</param>
        <param name="altfocus">false</param>
        <param name="detailed">false</param>
        <param name="indicator">true</param>
        <param name="hidden_button_enabled">false</param>
        <param name="hidden_button">List_Widget_Row_HiddenButton</param>
        <definition>
            <control type="$PARAM[control]" id="$PARAM[id]">
                <nested />
                <include content="$PARAM[hidden_button]_OnFocus" condition="$PARAM[hidden_button_enabled]">
                    <param name="container">Container($PARAM[id]).</param>
                    <param name="id">$PARAM[id]</param>
                </include>
                <orientation>$PARAM[orientation]</orientation>
                <preloaditems>$PARAM[preloaditems]</preloaditems>
                <scrolltime tween="$PARAM[tween]">$PARAM[scrolltime]</scrolltime>

                <itemlayout width="$PARAM[itemlayout_w]" height="$PARAM[itemlayout_h]">
                    <control type="group">
                        <left>$PARAM[offset_x]</left>
                        <right>-$PARAM[offset_x]</right>
                        <top>$PARAM[offset_y]</top>
                        <bottom>-$PARAM[offset_y]</bottom>
                        <include content="$PARAM[itemlayout_include]">
                            <param name="selected">false</param>
                            <param name="item_w">$PARAM[item_w]</param>
                            <param name="item_h">$PARAM[item_h]</param>
                            <param name="misc">$PARAM[misc]</param>
                            <param name="id">$PARAM[id]</param>
                            <param name="detailed">$PARAM[detailed]</param>
                            <param name="indicator">$PARAM[indicator]</param>
                            <param name="variation">$PARAM[variation]</param>
                            <param name="diffuse">$PARAM[diffuse]</param>
                            <param name="icon">$PARAM[icon]</param>
                            <param name="textcolor">$PARAM[textcolor]</param>
                            <param name="shadow_colordiffuse">$PARAM[shadow_colordiffuse]</param>
                        </include>
                    </control>
                </itemlayout>
                <include content="Object_FocusedLayout" condition="!$PARAM[focusedlayout_special]">
                    <param name="width">$PARAM[itemlayout_w]</param>
                    <param name="height">$PARAM[itemlayout_h]</param>
                    <include condition="$PARAM[hidden_button_enabled]" content="$PARAM[hidden_button]">
                        <param name="id">$PARAM[id]</param>
                    </include>
                    <control type="group">
                        <left>$PARAM[offset_x]</left>
                        <right>-$PARAM[offset_x]</right>
                        <top>$PARAM[offset_y]</top>
                        <bottom>-$PARAM[offset_y]</bottom>
                        <control type="group">
                            <animation effect="fade" start="100" end="0" condition="[Control.HasFocus($PARAM[id]) | $PARAM[altfocus]]">Conditional</animation>
                            <include content="$PARAM[itemlayout_include]">
                                <param name="selected">false</param>
                                <param name="item_w">$PARAM[item_w]</param>
                                <param name="item_h">$PARAM[item_h]</param>
                                <param name="misc">$PARAM[misc]</param>
                                <param name="id">$PARAM[id]</param>
                                <param name="detailed">$PARAM[detailed]</param>
                                <param name="indicator">$PARAM[indicator]</param>
                                <param name="variation">$PARAM[variation]</param>
                                <param name="diffuse">$PARAM[diffuse]</param>
                                <param name="icon">$PARAM[icon]</param>
                                <param name="textcolor">$PARAM[textcolor]</param>
                                <param name="shadow_colordiffuse">$PARAM[shadow_colordiffuse]</param>
                            </include>
                        </control>
                        <control type="group">
                            <animation effect="fade" start="100" end="0" condition="![Control.HasFocus($PARAM[id]) | $PARAM[altfocus]]">Conditional</animation>
                            <include content="$PARAM[itemlayout_include]">
                                <param name="selected">true</param>
                                <param name="item_w">$PARAM[item_w]</param>
                                <param name="item_h">$PARAM[item_h]</param>
                                <param name="misc">$PARAM[misc]</param>
                                <param name="id">$PARAM[id]</param>
                                <param name="detailed">$PARAM[detailed]</param>
                                <param name="indicator">$PARAM[indicator]</param>
                                <param name="variation">$PARAM[variation]</param>
                                <param name="diffuse">$PARAM[diffuse]</param>
                                <param name="icon">$PARAM[icon]</param>
                                <param name="textcolor">$PARAM[textcolor]</param>
                                <param name="shadow_colordiffuse">$PARAM[shadow_colordiffuse]</param>
                            </include>
                        </control>
                    </control>
                </include>
            </control>
        </definition>
    </include>

</includes>
