<?xml version="1.0" encoding="UTF-8"?>
<window type="window">
    <defaultcontrol>7000</defaultcontrol>
    <controls>
        <include>Dialog_Dim_Overlay</include>
        <control type="group">
            <include>Dimension_DialogSideMenu</include>
            <include>Animation_Right_Delay</include>

            <!-- Bottom Layer -->
            <include content="Dialog_Background_Side">
                <param name="slide_condition">True</param>
                <param name="dialog_size">Dimension_DialogSideMenu</param>
                <!-- Side Buttons -->
                <control type="group">
                    <include>Dimension_Dialog_Body</include>
                    <control type="grouplist" id="9000">
                        <include>Dialog_Side_Grouplist_Def</include>
                        <onleft>7000</onleft>
                        <include content="DialogInfo_Button">
                            <param name="vertical">true</param>
                            <param name="id">18</param>
                            <param name="groupid">9101</param>
                            <param name="sliceid">9201</param>
                            <param name="label">$LOCALIZE[186]</param>
                            <param name="icon">special://skin/extras/icons/circle-check.png</param>
                            <include content="DialogInfo_Button_HintLabel">
                                <param name="label">$LOCALIZE[186]</param>
                            </include>
                        </include>
                        <include content="DialogInfo_Button">
                            <param name="vertical">true</param>
                            <param name="id">19</param>
                            <param name="groupid">9103</param>
                            <param name="sliceid">9203</param>
                            <param name="label">$LOCALIZE[222]</param>
                            <param name="icon">special://skin/extras/icons/circle-xmark.png</param>
                            <include content="DialogInfo_Button_HintLabel">
                                <param name="label">$LOCALIZE[222]</param>
                            </include>
                        </include>
                    </control>
                </control>
            </include>

            <include content="Dialog_Foreground_Side">
                <param name="dialog_size">Dimension_DialogSideMenu</param>
                <param name="slide_condition">True</param>
                <param name="lines_right">0</param>
                <param name="topline">true</param>
                <param name="subline">true</param>

                <!-- Header -->
                <include content="Dialog_Head">
                    <param name="id">7900</param>
                    <param name="label">$LOCALIZE[21422]</param>
                </include>
                <include>Dialog_Head_CloseButton</include>

                <!-- Content -->
                <control type="group">
                    <include>Dimension_Dialog_Body</include>
                    <control type="group">
                        <include>Dimension_Dialog_Body_Group</include>
                        <control type="grouplist" id="7000">
                            <onup>noop</onup>
                            <onright>9000</onright>
                            <ondown condition="Control.IsEnabled(20)">20</ondown>
                            <ondown condition="!Control.IsEnabled(20)">17</ondown>
                            <include content="Settings_Button">
                                <param name="id">15</param>
                                <param name="control">button</param>
                            </include>
                            <include content="Settings_Button">
                                <param name="id">16</param>
                                <param name="control">button</param>
                            </include>
                        </control>

                        <control type="group">
                            <height>80</height>
                            <top>160</top>
                            <control type="image">
                                <include>Texture_Menu_Highlight_H</include>
                                <visible>Control.HasFocus(20)</visible>
                            </control>
                            <include content="Settings_Button">
                                <param name="id">17</param>
                                <param name="control">edit</param>
                                <onup>16</onup>
                                <onright>20</onright>
                                <textwidth>320</textwidth>
                            </include>
                            <control type="button" id="20">
                                <onleft>17</onleft>
                                <onright>9000</onright>
                                <onup>16</onup>
                                <width>32</width>
                                <height>32</height>
                                <centertop>50%</centertop>
                                <right>40</right>
                                <hitrect x="-24" y="-24" w="80" h="80" />
                                <texturenofocus colordiffuse="$VAR[ColorSelected_30]">buttons/browse.png</texturenofocus>
                                <texturefocus colordiffuse="$VAR[ColorSelected]">buttons/browse.png</texturefocus>
                                <font />
                                <textcolor>00ffffff</textcolor>
                                <selectedcolor>00ffffff</selectedcolor>
                                <focusedcolor>00ffffff</focusedcolor>
                                <visible>Control.IsEnabled(20)</visible>
                            </control>
                            <control type="group" id="1000">
                                <animation effect="slide" end="60" condition="!Control.IsEnabled(20)">Conditional</animation>
                                <width>32</width>
                                <height>32</height>
                                <centertop>50%</centertop>
                                <right>100</right>
                                <control type="image">
                                    <texture colordiffuse="$VAR[ColorSelected_30]">buttons/editname.png</texture>
                                    <visible>!Control.HasFocus(17)</visible>
                                </control>
                                <control type="image">
                                    <texture colordiffuse="$VAR[ColorSelected]">buttons/editname.png</texture>
                                    <visible>Control.HasFocus(17)</visible>
                                </control>
                            </control>
                        </control>
                    </control>
                </control>
            </include>

        </control>
    </controls>
</window>