<?xml version="1.0" encoding="UTF-8"?>
<window type="dialog" id="1118">
    <defaultcontrol always="true">8001</defaultcontrol>
    <onunload>ClearProperty(CustomDialogSettingsItems,Home)</onunload>
    <controls>
        <include>Object_Overlay</include>

        <include content="Dialog_Background">
            <include>Animation_SlideIn_Dialog</include>
            <include>Dimension_DialogSelect</include>
            <include>Dialog_Overlay_Buttons</include>
            <include content="Dialog_Header">
                <param name="id" value="7000" />
                <label>$INFO[Window(Home).Property(CustomDialogSettingsTitle)]</label>
            </include>
            <include content="Dialog_Group">
                <control type="group">
                    <right>0</right>
                    <width>dialog_button_width</width>
                    <control type="grouplist" id="9000">
                        <onleft>61</onleft>
                        <itemgap>20</itemgap>
                        <control type="button" id="9001" description="Close">
                            <height>row_height</height>
                            <label>$LOCALIZE[15067]</label>
                            <onclick>Close</onclick>
                        </control>
                    </control>
                </control>

                <control type="group">
                    <right>dialog_button_width</right>
                    <control type="group">
                        <right>dialog_pad</right>
                        <control type="grouplist" id="8000">
                            <left>-dialog_pad</left>
                            <pagecontrol>61</pagecontrol>
                            <onright>61</onright>
                            <include condition="String.IsEqual(Window(Home).Property(CustomDialogSettingsItems),Items_Settings_Recommendations)">Items_Settings_Recommendations</include>
                            <include condition="String.IsEqual(Window(Home).Property(CustomDialogSettingsItems),Items_Settings_Ratings)">Items_Settings_Ratings</include>
                            <include condition="String.IsEqual(Window(Home).Property(CustomDialogSettingsItems),Items_Settings_Background)">Items_Settings_Background</include>
                        </control>
                        <include content="Dialog_Scrollbar">
                            <onright>9000</onright>
                            <onleft>8000</onleft>
                        </include>
                    </control>
                </control>
            </include>
        </include>
    </controls>
</window>
