<?xml version="1.0" encoding="UTF-8"?>
<includes>
    <include name="Vert_Red_Line">
        <control type="image">
            <top>-1</top>
            <height>1</height>
            <texture colordiffuse="44ff0000">common/white.png</texture>
        </control>
    </include>

    <include name="Vert_Red_Line_5">
        <include>Vert_Red_Line</include>
        <include>Vert_Red_Line</include>
        <include>Vert_Red_Line</include>
        <include>Vert_Red_Line</include>
        <include>Vert_Red_Line</include>
    </include>

    <include name="Horz_Red_Line">
        <control type="image">
            <left>-1</left>
            <width>1</width>
            <texture colordiffuse="44ff0000">common/white.png</texture>
        </control>
    </include>

    <include name="Horz_Red_Line_5">
        <include>Horz_Red_Line</include>
        <include>Horz_Red_Line</include>
        <include>Horz_Red_Line</include>
        <include>Horz_Red_Line</include>
        <include>Horz_Red_Line</include>
    </include>

    <variable name="Overlay_InfoLabel_WidgetContainer">
        <value condition="Window.IsVisible(1120)">$INFO[Window(1120).Property(TMDBHelper.WidgetContainer)]$INFO[Window(1120).Property(Slide.WidgetContainer), (,)]</value>
        <value condition="Window.IsVisible(1121)">$INFO[Window(1121).Property(TMDBHelper.WidgetContainer)]$INFO[Window(1121).Property(Slide.WidgetContainer), (,)]</value>
        <value condition="Window.IsVisible(musicinformation)">$INFO[Window(musicinformation).Property(TMDBHelper.WidgetContainer)]$INFO[Window(musicinformation).Property(Slide.WidgetContainer), (,)]</value>
        <value condition="Window.IsVisible(movieinformation)">$INFO[Window(movieinformation).Property(TMDBHelper.WidgetContainer)]$INFO[Window(movieinformation).Property(Slide.WidgetContainer), (,)]</value>
        <value condition="Window.IsVisible(Home)">$INFO[Window(Home).Property(TMDBHelper.WidgetContainer)]$INFO[Window(Home).Property(Slide.WidgetContainer), (,)]</value>
        <value condition="Window.IsVisible(1101)">$INFO[Window(1101).Property(TMDBHelper.WidgetContainer)]$INFO[Window(1101).Property(Slide.WidgetContainer), (,)]</value>
        <value condition="Window.IsVisible(1102)">$INFO[Window(1102).Property(TMDBHelper.WidgetContainer)]$INFO[Window(1102).Property(Slide.WidgetContainer), (,)]</value>
        <value condition="Window.IsVisible(1103)">$INFO[Window(1103).Property(TMDBHelper.WidgetContainer)]$INFO[Window(1103).Property(Slide.WidgetContainer), (,)]</value>
        <value condition="Window.IsVisible(1104)">$INFO[Window(1104).Property(TMDBHelper.WidgetContainer)]$INFO[Window(1104).Property(Slide.WidgetContainer), (,)]</value>
        <value condition="Window.IsVisible(1105)">$INFO[Window(1105).Property(TMDBHelper.WidgetContainer)]$INFO[Window(1105).Property(Slide.WidgetContainer), (,)]</value>
        <value condition="Window.IsVisible(videos)">$INFO[Window(videos).Property(TMDBHelper.WidgetContainer)]$INFO[Window(videos).Property(Slide.WidgetContainer), (,)]</value>
        <value condition="Window.IsVisible(music)">$INFO[Window(music).Property(TMDBHelper.WidgetContainer)]$INFO[Window(music).Property(Slide.WidgetContainer), (,)]</value>
    </variable>


    <include name="Overlay_InfoLabel">
        <definition>
            <control type="button" id="$PARAM[id]">
                <nested />
                <texturenofocus colordiffuse="panel_bg_70">common/white.png</texturenofocus>
                <textoffsetx>0</textoffsetx>
                <aligny>center</aligny>
                <height>40</height>
                <font>font_debug</font>
                <align>left</align>
                <textcolor>magenta</textcolor>
                <width>auto</width>
            </control>
        </definition>
    </include>
</includes>