<?xml version="1.0" encoding="UTF-8"?>
<includes>

    <include name="NextAired_GroupList">
        <control type="grouplist" id="5000">
            <top>500</top>
            <onleft>303</onleft>
            <orientation>vertical</orientation>
            <control type="group" id="5999">
                <height>widget_tbump_h</height>
            </control>
            <nested />
        </control>
    </include>

    <include name="NextAired_Content">
        <include content="Home_Widgets_Infopanel">
            <param name="visible">true</param>
            <include content="Info_Panel">
            </include>
        </include>

        <include content="NextAired_GroupList">
            <include content="NextAired_Widgets">
                <param name="info">$PARAM[info]</param>
            </include>
        </include>
    </include>

    <include name="NextAired_Window">
        <include>Defs_TMDbHelper_Loader</include>
        <include>Background_Main</include>
        <include>Background_Transition</include>

        <control type="group" id="320">

            <include>Animation_View_WindowChange</include>

            <animation type="Conditional" condition="Control.IsVisible(330)" reversible="false">
                <effect type="slide" end="0,-20" time="60" tween="sine" />
                <effect type="slide" end="0,20" time="180" tween="sine" delay="80" />
            </animation>

            <nested />

        </control>

        <include>Home_Transitions</include>
        <include>Home_Fade</include>
        <include>Home_Header</include>
        <include>Home_Bumper</include>
        <include>Home_Menu</include>
    </include>

    <include name="NextAired_Widget">
        <param name="include">List_Landscape_Row</param>
        <param name="secondary_label">$LOCALIZE[31371] $LOCALIZE[571]</param>
        <definition>
            <include content="_Widget_Row">
                <param name="id">50$PARAM[id]</param>
                <param name="groupid">51$PARAM[id]</param>
                <param name="label">$PARAM[label]</param>
                <param name="secondary_label">$PARAM[secondary_label]</param>
                <param name="sort_condition">True</param>
                <param name="sort_descending">False</param>
                <param name="include">$PARAM[include]</param>
                <param name="altvisible">$PARAM[altvisible]</param>
                <param name="transition_include">true</param>
                <param name="transition_hidden">Control.HasFocus(50$PARAM[id])</param>
                <onfocus>SetProperty(TMDbHelper.WidgetContainer,50$PARAM[id])</onfocus>
                <onback condition="!Integer.IsEqual(Container(50$PARAM[id]).ListItem.CurrentItem,1)">5000</onback>
                <onback condition="!Integer.IsEqual(Container(50$PARAM[id]).ListItem.CurrentItem,1)">SetFocus(50$PARAM[id],0,absolute)</onback>
                <onback condition="Integer.IsEqual(Container(50$PARAM[id]).ListItem.CurrentItem,1)">3000</onback>

                <onfocus>SetProperty(Transition.WidgetStyle,$PARAM[include],Home)</onfocus>
                <onunfocus>ClearProperty(Transition.WidgetStyle,Home)</onunfocus>

                <nested />
            </include>
        </definition>
    </include>

    <include name="NextAired_Widgets">
        <include content="NextAired_Widget">
            <param name="id">01</param>
            <param name="label">$INFO[Container(5001).ListItem.Property(widget)]$INFO[Container(5001).ListItem.Property(air_date_short),$COMMA ,]</param>
            <param name="visible">true</param>
            <content target="videos">plugin://plugin.video.themoviedb.helper/?info=$PARAM[info]&amp;reload=$INFO[System.Time(hh)]&amp;startdate=-1&amp;days=1&amp;widget=True&amp;type=episode</content>
        </include>
        <include content="NextAired_Widget">
            <param name="id">02</param>
            <param name="label">$INFO[Container(5002).ListItem.Property(widget)]$INFO[Container(5002).ListItem.Property(air_date_short),$COMMA ,]</param>
            <param name="visible">true</param>
            <content target="videos">plugin://plugin.video.themoviedb.helper/?info=$PARAM[info]&amp;reload=$INFO[System.Time(hh)]&amp;startdate=0&amp;days=1&amp;widget=True&amp;type=episode</content>
        </include>
        <include content="NextAired_Widget">
            <param name="id">03</param>
            <param name="label">$INFO[Container(5003).ListItem.Property(widget)]$INFO[Container(5003).ListItem.Property(air_date_short),$COMMA ,]</param>
            <param name="visible">true</param>
            <content target="videos">plugin://plugin.video.themoviedb.helper/?info=$PARAM[info]&amp;reload=$INFO[System.Time(hh)]&amp;startdate=1&amp;days=1&amp;widget=True&amp;type=episode</content>
        </include>
        <include content="NextAired_Widget">
            <param name="id">04</param>
            <param name="label">$INFO[Container(5004).ListItem.Property(widget)]$INFO[Container(5004).ListItem.Property(air_date_short),$COMMA ,]</param>
            <param name="visible">true</param>
            <content target="videos">plugin://plugin.video.themoviedb.helper/?info=$PARAM[info]&amp;reload=$INFO[System.Time(hh)]&amp;startdate=2&amp;days=1&amp;widget=True&amp;type=episode</content>
        </include>
        <include content="NextAired_Widget">
            <param name="id">05</param>
            <param name="label">$INFO[Container(5005).ListItem.Property(widget)]$INFO[Container(5005).ListItem.Property(air_date_short),$COMMA ,]</param>
            <param name="visible">true</param>
            <content target="videos">plugin://plugin.video.themoviedb.helper/?info=$PARAM[info]&amp;reload=$INFO[System.Time(hh)]&amp;startdate=3&amp;days=1&amp;widget=True&amp;type=episode</content>
        </include>
        <include content="NextAired_Widget">
            <param name="id">06</param>
            <param name="label">$INFO[Container(5006).ListItem.Property(widget)]$INFO[Container(5006).ListItem.Property(air_date_short),$COMMA ,]</param>
            <param name="visible">true</param>
            <content target="videos">plugin://plugin.video.themoviedb.helper/?info=$PARAM[info]&amp;reload=$INFO[System.Time(hh)]&amp;startdate=4&amp;days=1&amp;widget=True&amp;type=episode</content>
        </include>
        <include content="NextAired_Widget">
            <param name="id">07</param>
            <param name="label">$INFO[Container(5007).ListItem.Property(widget)]$INFO[Container(5007).ListItem.Property(air_date_short),$COMMA ,]</param>
            <param name="visible">true</param>
            <content target="videos">plugin://plugin.video.themoviedb.helper/?info=$PARAM[info]&amp;reload=$INFO[System.Time(hh)]&amp;startdate=5&amp;days=1&amp;widget=True&amp;type=episode</content>
        </include>
        <include content="NextAired_Widget">
            <param name="id">08</param>
            <param name="label">$INFO[Container(5008).ListItem.Property(widget)]$INFO[Container(5008).ListItem.Property(air_date_short),$COMMA ,]</param>
            <param name="visible">true</param>
            <content target="videos">plugin://plugin.video.themoviedb.helper/?info=$PARAM[info]&amp;reload=$INFO[System.Time(hh)]&amp;startdate=6&amp;days=1&amp;widget=True&amp;type=episode</content>
        </include>
    </include>

    <include name="NextAired_InfoPanels">
        <include content="Info_Panel">
            <param name="titlelabel">$VAR[Label_Title_Container]</param>
            <param name="plotlabel">$VAR[Label_Plot_Container]</param>
            <param name="container">Container(5001).</param>
            <visible>Integer.IsEqual(Window.Property(TMDBHelper.WidgetContainer),5001)</visible>
        </include>
        <include content="Info_Panel">
            <param name="titlelabel">$VAR[Label_Title_Container]</param>
            <param name="plotlabel">$VAR[Label_Plot_Container]</param>
            <param name="container">Container(5002).</param>
            <visible>Integer.IsEqual(Window.Property(TMDBHelper.WidgetContainer),5002)</visible>
        </include>
        <include content="Info_Panel">
            <param name="titlelabel">$VAR[Label_Title_Container]</param>
            <param name="plotlabel">$VAR[Label_Plot_Container]</param>
            <param name="container">Container(5003).</param>
            <visible>Integer.IsEqual(Window.Property(TMDBHelper.WidgetContainer),5003)</visible>
        </include>
        <include content="Info_Panel">
            <param name="titlelabel">$VAR[Label_Title_Container]</param>
            <param name="plotlabel">$VAR[Label_Plot_Container]</param>
            <param name="container">Container(5004).</param>
            <visible>Integer.IsEqual(Window.Property(TMDBHelper.WidgetContainer),5004)</visible>
        </include>
        <include content="Info_Panel">
            <param name="titlelabel">$VAR[Label_Title_Container]</param>
            <param name="plotlabel">$VAR[Label_Plot_Container]</param>
            <param name="container">Container(5005).</param>
            <visible>Integer.IsEqual(Window.Property(TMDBHelper.WidgetContainer),5005)</visible>
        </include>
        <include content="Info_Panel">
            <param name="titlelabel">$VAR[Label_Title_Container]</param>
            <param name="plotlabel">$VAR[Label_Plot_Container]</param>
            <param name="container">Container(5006).</param>
            <visible>Integer.IsEqual(Window.Property(TMDBHelper.WidgetContainer),5006)</visible>
        </include>
        <include content="Info_Panel">
            <param name="titlelabel">$VAR[Label_Title_Container]</param>
            <param name="plotlabel">$VAR[Label_Plot_Container]</param>
            <param name="container">Container(5007).</param>
            <visible>Integer.IsEqual(Window.Property(TMDBHelper.WidgetContainer),5007)</visible>
        </include>
        <include content="Info_Panel">
            <param name="titlelabel">$VAR[Label_Title_Container]</param>
            <param name="plotlabel">$VAR[Label_Plot_Container]</param>
            <param name="container">Container(5008).</param>
            <visible>Integer.IsEqual(Window.Property(TMDBHelper.WidgetContainer),5008)</visible>
        </include>
    </include>
</includes>
