<?xml version="1.0" encoding="UTF-8"?>
<includes>
    <include name="Hub_Submenu_List">
        <include content="Home_Selector_Widget">
            <param name="id">$PARAM[id]</param>
            <param name="window_id">$PARAM[window_id]</param>
            <param name="font">font_mini</param>
            <param name="color_fo">main_fg_30</param>
            <param name="color_nf">main_fg_30</param>
            <param name="hidden_button">List_ButtonMenu_Row_HiddenButton_View</param>
            <top>0</top>
            <left>0</left>
            <height>240</height>
            <width>2080</width>
            <focusposition>4</focusposition>
            <movement>3</movement>
            <onback>303</onback>
            <onback>SetFocus(303,$VAR[Action_Menu_Position],absolute)</onback>
            <nested />
        </include>
    </include>

    <include name="Hub_Submenu_Grouplist">
        <control type="grouplist" id="3000">
            <top>-240</top>
            <height>240</height>
            <left>-80</left>
            <width>2080</width>
            <orientation>vertical</orientation>
            <onback>303</onback>
            <onback>SetFocus(303,$VAR[Action_Menu_Position],absolute)</onback>
            <nested />
        </control>
    </include>

    <include name="Hub_Menu_List">
        <include content="Home_Selector_Widget">
            <param name="window_id">$PARAM[window_id]</param>
            <param name="hidden_button">List_ButtonMenu_Row_HiddenButton_Hubs</param>
            <focusposition>3</focusposition>
            <movement>3</movement>
            <width>1720</width>
            <left>160</left>
            <height>selectorwidget_h</height>
            <top>selectorwidget_t</top>
            <onback>303</onback>
            <onback>SetFocus(303,$VAR[Action_Menu_Position],absolute)</onback>
            <nested />
        </include>
    </include>

    <include name="Hub_Menu_Grouplist">
        <control type="grouplist">
            <onup>SetFocus(303,$VAR[Action_Menu_Position],absolute)</onup>
            <onleft>SetFocus(303,$VAR[Action_Menu_Position],absolute)</onleft>
            <onright>SetFocus(303,$VAR[Action_Menu_Position],absolute)</onright>
            <ondown>5000</ondown>
            <right>-x16</right>
            <visible>!$EXP[Exp_InfoDialogs]</visible>
            <include>Animation_Transition_InfoPanel_Hide</include>
            <include content="Home_Fullscreen_Widget_Group">
                <param name="window_id">$PARAM[window_id]</param>
                <param name="visible">[!ControlGroup(5000).HasFocus()]</param>
            </include>
            <nested />
        </control>
    </include>

    <include name="Hub_Widget_Grouplist">
        <control type="grouplist" id="5000">
            <animation effect="slide" time="400" end="0" start="0,440" tween="quadratic" easing="out" reversible="false" condition="!Integer.IsEqual(Window.Property(TMDBHelper.WidgetContainer),301)">Conditional</animation>
            <animation effect="slide" time="400" end="0,440" start="0" tween="quadratic" easing="out" reversible="false" condition="Integer.IsEqual(Window.Property(TMDBHelper.WidgetContainer),301)">Conditional</animation>
            <top>500</top>
            <bottom>0</bottom>
            <orientation>vertical</orientation>
            <onleft>SetFocus(303,$VAR[Action_Menu_Position],absolute)</onleft>
            <onright>SetFocus($INFO[Window.Property(TMDbHelper.WidgetContainer)],0,absolute)</onright>
            <onright>SetFocus(303,$VAR[Action_Menu_Position],absolute)</onright>
            <onup>3000</onup>

            <include content="Action_Widget_End">
                <param name="topid">5991</param>
            </include>

            <control type="group" id="5990">
                <height>widget_tbump_h</height>
            </control>
            <include content="_DialogInfo_WidgetRow">
                <param name="id">5991</param>
                <param name="groupid">5992</param>
                <param name="label">[CAPITALIZE]$VAR[Label_Hub_Background][/CAPITALIZE]</param>
                <param name="secondary_label">$LOCALIZE[31371] $LOCALIZE[571]</param>
                <param name="sort_condition">True</param>
                <param name="sort_descending">False</param>
                <param name="include">List_Landscape_Row</param>
                <param name="transition_include">true</param>
                <param name="transition_hidden">Control.HasFocus(5991)</param>
                <param name="altvisible">[!ControlGroup(5000).HasFocus() + !System.IdleTime(1)] + !String.IsEmpty(Window.Property(SpecialFolderPath)) + String.IsEmpty(container(300).listitem.property(useWidgetList))</param>
                <content target="$VAR[Path_Hub_Target]">$VAR[Path_Hub_Content]</content>
                <onfocus>SetProperty(TMDbHelper.WidgetContainer,5991)</onfocus>
                <onback condition="!Integer.IsEqual(Container(5991).ListItem.CurrentItem,1)">5000</onback>
                <onback condition="!Integer.IsEqual(Container(5991).ListItem.CurrentItem,1)">SetFocus(5991,0,absolute)</onback>
                <onback condition="Integer.IsEqual(Container(5991).ListItem.CurrentItem,1)">3000</onback>

                <onfocus>SetProperty(Transition.WidgetStyle,List_Landscape_Row,Home)</onfocus>
                <onunfocus>ClearProperty(Transition.WidgetStyle,Home)</onunfocus>
            </include>
            <nested />
            <control type="group" id="5999">
                <visible>!$EXP[Exp_InfoDialogs]</visible>
                <include>Furniture_Bottom</include>
            </control>
        </control>
    </include>

    <include name="Hub_Menu_Group">
        <control type="group">
            <include>Animation_Half_WindowChange</include>
            <nested />
        </control>
    </include>


    <include name="Hub_Main_Group">
        <param name="fullscreen_content">$VAR[Path_Hub_Content]</param>
        <param name="fullscreen_target">$VAR[Path_Hub_Target]</param>
        <!-- <param name="fullscreen_label">$VAR[Label_Hub_WidgetOnly_Background]</param> -->
        <param name="fullscreen_label">$LOCALIZE[31105]</param>
        <param name="fullscreen_sort">$VAR[Label_Hub_Sort]</param>
        <param name="fullscreen_descending">False</param>
        <param name="fullscreen_sortby">random</param>
        <definition>
            <include>Defs_TMDbHelper_Loader</include>
            <include>Background_Main</include>
            <include>Background_Transition</include>

            <include content="Home_Fullscreen_Widget_List">
                <param name="content">$PARAM[fullscreen_content]</param>
                <param name="target">$PARAM[fullscreen_target]</param>
                <param name="sortby">$PARAM[fullscreen_sortby]</param>
                <param name="sortorder">$PARAM[fullscreen_sortorder]</param>
                <param name="limit">$PARAM[fullscreen_limit]</param>
                <param name="window_id">$PARAM[window_id]</param>
            </include>

            <control type="group" id="320">

                <include>Animation_View_WindowChange</include>

                <animation type="Conditional" condition="Control.IsVisible(330)" reversible="false">
                    <effect type="slide" end="0,-20" time="60" tween="sine" />
                    <effect type="slide" end="0,20" time="180" tween="sine" delay="80" />
                </animation>

                <include content="Home_Widgets_Infopanel">
                    <param name="visible">true</param>
                    <include content="Info_Panel">
                        <param name="titlelabel">$VAR[Label_Title_C301]</param>
                        <param name="plotlabel">$VAR[Label_Plot_C301]</param>
                        <param name="container">Container(301).</param>
                        <visible>Integer.IsEqual(Window.Property(TMDBHelper.WidgetContainer),301)</visible>
                        <visible>!Integer.IsEqual(Container(301).NumItems,0)</visible>
                    </include>
                    <include content="Info_Viewline">
                        <!-- <param name="label">$LOCALIZE[31105]</param>
                        <param name="secondary_label">$LOCALIZE[31371] $LOCALIZE[590]</param> -->
                        <param name="label">$PARAM[fullscreen_label]</param>
                        <param name="secondary_label">$PARAM[fullscreen_sort]</param>
                        <param name="sort_condition">True</param>
                        <param name="sort_descending">$PARAM[fullscreen_descending]</param>
                        <param name="item_condition">true</param>
                        <param name="item_count">$INFO[Container(301).NumItems]</param>
                        <left>0</left>
                        <top>320</top>
                        <visible>Integer.IsEqual(Window.Property(TMDBHelper.WidgetContainer),301)</visible>
                        <visible>!Integer.IsEqual(Container(301).NumItems,0)</visible>
                    </include>
                </include>

                <include content="Info_Panel">
                    <param name="titlelabel">$VAR[Label_Title_Container]</param>
                    <param name="container">Container(5991).</param>
                    <param name="plotlabel">$VAR[Label_Plot_Container]</param>
                    <width>info_panel_w</width>
                    <left>view_top</left>
                    <top>view_top</top>
                    <visible>Integer.IsEqual(Window.Property(TMDBHelper.WidgetContainer),5991)</visible>
                    <include>Animation_Transition_InfoPanel_Cond</include>
                </include>

                <nested />
            </control>

            <include>Home_Transitions</include>
            <include>Home_Fade</include>
            <include>Home_Header</include>
            <include>Home_Bumper</include>
            <include>Home_Menu</include>
            <include>View_Dialog_Plot</include>
        </definition>
    </include>
</includes>