<?xml version="1.0" encoding="UTF-8"?>
<includes>

    <include name="Background_ExtraFanart">
        <control type="fadelabel" id="99998">
            <description>Randomizer for plugin-free multiple fanart</description>
            <font>font_statusbar</font>
            <height>1</height>
            <width>1</width>
            <top>-1000</top>
            <info>ListItem.Art(fanart)</info>
            <info>ListItem.Art(fanart1)</info>
            <info>ListItem.Art(fanart2)</info>
            <info>ListItem.Art(fanart3)</info>
            <info>ListItem.Art(fanart4)</info>
            <info>ListItem.Art(fanart5)</info>
            <info>ListItem.Art(fanart6)</info>
            <info>ListItem.Art(fanart7)</info>
            <info>ListItem.Art(fanart8)</info>
            <info>ListItem.Art(fanart9)</info>
            <info>ListItem.Art(tvshow.fanart)</info>
            <info>ListItem.Art(tvshow.fanart1)</info>
            <info>ListItem.Art(tvshow.fanart2)</info>
            <info>ListItem.Art(tvshow.fanart3)</info>
            <info>ListItem.Art(tvshow.fanart4)</info>
            <info>ListItem.Art(tvshow.fanart5)</info>
            <info>ListItem.Art(tvshow.fanart6)</info>
            <info>ListItem.Art(tvshow.fanart7)</info>
            <info>ListItem.Art(tvshow.fanart8)</info>
            <info>ListItem.Art(tvshow.fanart9)</info>
            <randomize>true</randomize>
            <include>Defs_PauseAtEnd</include>
            <scroll>false</scroll>
            <scrollout>false</scrollout>
            <resetonlabelchange>true</resetonlabelchange>
            <visible>$EXP[Exp_HasExtraFanart]</visible>
        </control>
    </include>

    <include name="Background_BusyLoader">
        <control type="group">
            <visible>Window.IsVisible(DialogBusy.xml) | [Window.IsVisible(1190) + !$EXP[Exp_InfoDialogs]]</visible>
            <animation effect="fade" start="0" end="100" time="5000" tween="cubic" easing="inout" reversible="true">Visible</animation>
            <animation effect="fade" start="100" end="0" time="1000" tween="cubic" easing="inout" reversible="true">Hidden</animation>
            <animation effect="fade" start="100" end="0" time="1000" tween="cubic" easing="inout" reversible="false" condition="![Window.IsVisible(DialogBusy.xml) | [Window.IsVisible(1190) + !$EXP[Exp_InfoDialogs]]]">Conditional</animation>
            <include content="Background_Image">
                <param name="texture" value="common/blur2.png" />
            </include>
            <control type="multiimage">
                <animation effect="fade" start="100" end="15" condition="true">Conditional</animation>
                <timeperimage>50</timeperimage>
                <aspectratio align="center" aligny="center">stretch</aspectratio>
                <fadetime>10</fadetime>
                <imagepath>resource://resource.images.arctic.waves/</imagepath>
                <randomize>false</randomize>
            </control>
        </control>
    </include>

    <include name="Background_Blur">
        <control type="group">
            <include content="Background_NotVideo">
                <param name="fade_end" value="70" />
            </include>
            <include content="Object_Control">
                <param name="control" value="image" />
                <fadetime>2000</fadetime>
                <texture background="true">$INFO[Window(Home).Property(TMDbHelper.ListItem.BlurImage)]</texture>
                <visible>![Skin.String(ForegroundStyle,FlixArt) | Skin.String(ForegroundStyle,KeyArt)] | !$EXP[Exp_ShowSideArt]</visible>
            </include>

            <include content="Object_Control" condition="[Skin.String(ForegroundStyle,FlixArt) | Skin.String(ForegroundStyle,KeyArt)]" >
                <param name="control" value="image" />
                <fadetime>1000</fadetime>
                <width>200%</width>
                <animation effect="fade" start="0" end="100" time="1000">Visible</animation>
                <animation effect="fade" end="0" start="100" time="1000">Hidden</animation>
                <visible>String.IsEqual(Window(Home).Property(TMDbHelper.ListItem.BlurImage.Original),ListItem.Art(fanart)) | String.IsEqual(Window(Home).Property(TMDbHelper.ListItem.BlurImage.Original),ListItem.Art(tvshow.fanart)) | String.IsEqual(Window(Home).Property(TMDbHelper.ListItem.BlurImage.Original),Window(Home).Property(TMDbHelper.ListItem.Fanart)) | String.IsEqual(Window(Home).Property(TMDbHelper.ListItem.BlurImage.Original),Window(Home).Property(TMDbHelper.ListItem.TVShow.Fanart))</visible>
                <visible>$EXP[Exp_ShowSideArt]</visible>
                <texture background="true">$INFO[Window(Home).Property(TMDbHelper.ListItem.BlurImage)]</texture>
            </include>

            <include content="Object_Control">
                <param name="control" value="image" />
                <texture colordiffuse="main_bg_45">common/bg.jpg</texture>
            </include>
        </control>
    </include>

    <variable name="Background_Fanart_Var">
        <value condition="$EXP[Exp_IsPersonInfo]">common/blur2.png</value>
        <value condition="$EXP[Exp_HasBackgroundFanart] + $EXP[Exp_HasExtraFanart] + !String.IsEmpty(Control.GetLabel(99998))">$INFO[Control.GetLabel(99998)]</value>
        <value condition="$EXP[Exp_HasBackgroundFanart] + !String.IsEmpty(ListItem.Art(fanart))">$INFO[ListItem.Art(fanart)]</value>
        <value condition="$EXP[Exp_HasBackgroundFanart] + !String.IsEmpty(ListItem.EPGEventIcon) + !Skin.HasSetting(PVR.DisableEPGEventIconFanart)">$INFO[ListItem.EPGEventIcon]</value>
        <value condition="Window.IsMedia + Control.IsVisible(502) + Control.HasFocus(503) + !String.IsEmpty(Container(503).ListItem.Art(fanart))">$INFO[Container(503).ListItem.Art(fanart)]</value>
        <value condition="Window.IsMedia + Control.IsVisible(512) + Control.HasFocus(513) + !String.IsEmpty(Container(513).ListItem.Art(fanart))">$INFO[Container(513).ListItem.Art(fanart)]</value>
        <value condition="Window.IsMedia + Control.IsVisible(522) + Control.HasFocus(523) + !String.IsEmpty(Container(523).ListItem.Art(fanart))">$INFO[Container(523).ListItem.Art(fanart)]</value>
        <value condition="$EXP[Exp_HasBackgroundFanart] + !String.IsEmpty(Window(Home).Property(TMDbHelper.ListItem.Fanart)) + [!$EXP[Exp_WidgetWindow] | String.IsEqual(Container.ListItem.Title,Window(Home).Property(TMDBHelper.ListItem.Title))]">$INFO[Window(Home).Property(TMDbHelper.ListItem.Fanart)]</value>
        <value>common/blur2.png</value>
    </variable>

    <include name="Background_StartUp">
        <include content="Object_Control">
            <param name="control">multiimage</param>
            <imagepath colordiffuse="main_back">$VAR[Image_StartUp]</imagepath>
            <randomize>true</randomize>
            <timeperimage>20000</timeperimage>
            <fadetime>400</fadetime>
        </include>
    </include>

    <include name="Background_Fanart">
        <control type="group">
            <control type="image">
                <fadetime>600</fadetime>
                <aspectratio>scale</aspectratio>
                <texture background="true">$VAR[Background_Fanart_Var]</texture>
                <include>Background_NotVideo</include>
            </control>
            <include content="Object_Control">
                <param name="control" value="image" />
                <texture colordiffuse="main_bg_60">common/bg.jpg</texture>
            </include>
        </control>
    </include>

    <include name="Background_Image">
        <param name="texture" default="common/blur2.png" />
        <definition>
            <include content="Object_Control">
                <param name="control" value="image" />
                <aspectratio>scale</aspectratio>
                <texture background="true" colordiffuse="main_back">$PARAM[texture]</texture>
                <include content="Background_NotVideo">
                    <param name="fade_end" value="70" />
                </include>
            </include>
        </definition>
    </include>

    <include name="Background_None">
        <include content="Object_Control" condition="![Skin.String(ForegroundStyle,KeyArt) | Skin.String(ForegroundStyle,FlixArt)]">
            <param name="control" value="image" />
            <texture colordiffuse="main_back">common/bg.jpg</texture>
            <include content="Background_NotVideo">
                <param name="fade_end" value="70" />
            </include>
        </include>
        <include content="Object_Control" condition="Skin.String(ForegroundStyle,KeyArt) | Skin.String(ForegroundStyle,FlixArt)">
            <param name="control" value="image" />
            <texture colordiffuse="main_bg_100">common/bg.jpg</texture>
            <include content="Background_NotVideo">
                <param name="fade_end" value="70" />
            </include>
        </include>
    </include>

    <include name="Background_NotVideo">
        <param name="fade_end" default="0" />
        <definition>
            <animation effect="fade" start="100" end="$PARAM[fade_end]" time="400" tween="sine" easing="out" reversible="false" condition="$EXP[Exp_HasBackgroundVideo]">Conditional</animation>
            <animation effect="fade" start="$PARAM[fade_end]" end="100" time="400" tween="sine" easing="out" reversible="false" condition="!$EXP[Exp_HasBackgroundVideo]">Conditional</animation>
        </definition>
    </include>

    <include name="Background_Video">
        <include content="Object_Control" condition="!Skin.HasSetting(UseBackgroundVideo)">
            <param name="control" value="videowindow" />
            <description>Off-screen videowindow for background video</description>
            <top>-2160</top>
            <width>1920</width>
            <height>1080</height>
        </include>
        <include content="Object_Control" condition="Skin.HasSetting(UseBackgroundVideo)">
            <param name="control" value="videowindow" />
            <description>On-screen videowindow for background video</description>
        </include>
    </include>

    <include name="Background_Main">
        <include>Background_Video</include>
        <include content="Object_Control" condition="$EXP[Exp_SettingsDialogs]">
            <param name="control" value="group" />
            <description>Plain background used to prevent fadetime transitions</description>
            <include>Animation_Background_FadeInOut</include>
            <include>Background_Image</include>
        </include>
        <include content="Object_Control" condition="!$EXP[Exp_SettingsDialogs]">
            <param name="control" value="group" />
            <include>Animation_Background_FadeInOut</include>
            <include condition="Skin.String(BackgroundStyle,None)">Background_None</include>
            <include condition="Skin.String(BackgroundStyle,Image)">Background_Image</include>
            <include condition="Skin.String(BackgroundStyle,Fanart)">Background_Fanart</include>
            <include condition="Skin.String(BackgroundStyle,Blur)">Background_Blur</include>
            <include condition="System.HasAddon(resource.images.arctic.waves)">Background_BusyLoader</include>
            <nested />
        </include>
        <control type="group">
            <include>Animation_Background_FadeInOut</include>
            <include content="Object_Control" condition="Skin.String(DividerStyle,Fade) | String.IsEmpty(Skin.String(DividerStyle))" >
                <param name="control" value="image" />
                <texture colordiffuse="main_bg_100">common/floor.png</texture>
            </include>
        </control>
    </include>

</includes>
