<?xml version="1.0" encoding="UTF-8"?>
<window type="window" id="1103">
    <onload>SetProperty(TMDbHelper.WidgetContainer,301)</onload>
    <defaultcontrol>300</defaultcontrol>
    <menucontrol>303</menucontrol>
    <include>Action_Blur_Onload</include>
    <include>Action_Hub_Refocus_Onload</include>
    <controls>
        <include content="Hub_Controls">
            <param name="window_id">1103</param>
            <param name="widgets_only">Skin.HasSetting(Hub.Music.DisableSubmenu)</param>
            <param name="include">skinshortcuts-template-musicmenu</param>
            <param name="categories_include">skinshortcuts-group-musicmenu</param>
            <param name="widgets_include">skinshortcuts-template-musicwidgets</param>
        </include>
    </controls>
</window>