<?xml version="1.0" encoding="UTF-8"?>
<window>
    <defaultcontrol>11</defaultcontrol>
    <onload>SetProperty(TMDbHelper.WidgetContainer,11,Home)</onload>
    <onunload>ClearProperty(TMDbHelper.WidgetContainer,Home)</onunload>
    <controls>
        <include content="Object_GlassPanel">
            <param name="colordiffuse" value="panel_bg" />
            <left>40</left>
            <top>40</top>
            <bottom>40</bottom>
            <width>720</width>
            <include>Animation_SlideIn_Dialog</include>
            <include content="Object_GlassPanel">
                <include content="List_PVRRecordings">
                    <param name="id" value="11" />
                    <param name="misc" value="20" />
                    <param name="controltype" value="fixedlist" />
                    <param name="context_button" value="true" />
                    <movement>4</movement>
                    <focusposition>3</focusposition>
                    <top>20</top>
                    <bottom>20</bottom>
                </include>
            </include>
        </include>
    </controls>
</window>
