<?xml version="1.0" encoding="UTF-8"?>
<includes>

    <include name="Widget_Label">
        <param name="usewidgetlabel" default="false" />
        <param name="infowidget" default="false" />
        <definition>
            <control type="group" id="$PARAM[groupid]">
                <nested />
                <top>-320</top>
                <height>-280</height>
                <left>80</left>
                <right>80</right>
                <visible>$PARAM[visible]</visible>
                <control type="label">
                    <top>40</top>
                    <height>30</height>
                    <aligny>center</aligny>
                    <textcolor>main_fg_30</textcolor>
                    <include content="Object_Include" condition="$PARAM[usewidgetlabel]">
                        <label>[CAPITALIZE]$INFO[Container($PARAM[id]).ListItem.Property(widget)][/CAPITALIZE]</label>
                    </include>
                    <label>$PARAM[label]</label>
                    <font>font_small_bold</font>
                    <visible>!Control.HasFocus($PARAM[id])</visible>
                </control>
                <control type="label">
                    <top>30</top>
                    <height>30</height>
                    <aligny>center</aligny>
                    <textcolor>main_fg_100</textcolor>
                    <include content="Object_Include" condition="$PARAM[usewidgetlabel]">
                        <label>[CAPITALIZE]$INFO[Container($PARAM[id]).ListItem.Property(widget)][/CAPITALIZE]</label>
                    </include>
                    <label>$PARAM[label]</label>
                    <font>font_medium_bold</font>
                    <visible>Control.HasFocus($PARAM[id])</visible>
                    <visible>!$PARAM[infowidget] | !String.IsEqual(Window(Home).Property(Slide.WidgetInfoStyle),Full) | Integer.IsEqual(Container($PARAM[id]).NumItems,0)</visible>
                </control>

                <control type="group">
                    <visible>Control.HasFocus($PARAM[id]) + $PARAM[infowidget] + !Integer.IsEqual(Container($PARAM[id]).NumItems,0)</visible>
                    <animation effect="fade" start="0" end="100" delay="200" time="400" reversible="false">Visible</animation>

                    <!-- Info Widget Top -->
                    <control type="group">
                        <visible>String.IsEqual(Window(Home).Property(Slide.WidgetInfoStyle),Full)</visible>
                        <animation effect="slide" end="0,infowidget_slide_infotop" condition="true">Conditional</animation>
                        <control type="label">
                            <top>-50</top>
                            <height>30</height>
                            <aligny>center</aligny>
                            <textcolor>main_fg_100</textcolor>
                            <include content="Object_Include" condition="$PARAM[usewidgetlabel]">
                                <label>[CAPITALIZE]$INFO[Container($PARAM[id]).ListItem.Property(widget)][/CAPITALIZE]</label>
                            </include>
                            <label>$PARAM[label]</label>
                            <font>font_medium_bold</font>
                            <visible>Control.HasFocus($PARAM[id])</visible>
                            <visible>String.IsEqual(Window(Home).Property(Slide.WidgetInfoStyle),Full)</visible>
                        </control>
                        <include content="Info_Panel">
                            <param name="title" value="true" />
                            <param name="infoline" value="true" />
                            <param name="container" value="Container($PARAM[id])." />
                            <param name="plotwidth" value="1180" />
                            <param name="details" value="false" />
                            <param name="line_id" value="0" />
                            <param name="controltype" value="label" />
                            <param name="plotbox">false</param>
                            <param name="plotheight">40</param>
                            <width>1180</width>
                        </include>
                    </control>

                    <!-- Info Widget Bottom -->
                    <control type="group">
                        <animation effect="slide" end="0,infowidget_slide_infobottom" condition="true">Conditional</animation>
                        <include content="Info_Panel">
                            <param name="title">false</param>
                            <param name="infoline">false</param>
                            <param name="container" value="Container($PARAM[id])." />
                            <param name="plotwidth" value="1180" />
                            <param name="details" value="true" />
                            <param name="line_id" value="0" />
                            <param name="controltype" value="label" />
                            <param name="plotbox">true</param>
                            <param name="plotheight">80</param>
                            <param name="plotlabel">[COLOR=main_fg_90]$VAR[Label_Plot_Widget_Title,[B],[/B]][/COLOR]$VAR[Label_Plot_Widget]</param>
                            <width>1180</width>
                        </include>
                    </control>
                </control>
                <control type="group">
                    <top>80</top>
                    <height>280</height>
                    <visible>$PARAM[busy_visible]</visible>
                    <include>Animation_FadeIn_Delay</include>
                    <include content="Object_BusySpinner">
                        <param name="colordiffuse" value="main_fg" />
                        <param name="label" value="$LOCALIZE[31023] $PARAM[label]" />
                    </include>
                </control>
            </control>
        </definition>
    </include>

    <include name="Widget_SlideAnimation">
        <animation effect="slide" time="400" tween="quadratic" end="0,infowidget_slide_bottom_full" condition="!String.IsEmpty(Window(Home).Property(Slide.WidgetContainer)) + Integer.IsLess(Window(Home).Property(Slide.WidgetContainer),$PARAM[id]) + String.IsEqual(Window(Home).Property(Slide.WidgetInfoStyle),Full)">Conditional</animation>

        <animation effect="slide" time="400" tween="quadratic" start="0" end="0,infowidget_slide_bottom_plot" reversible="false" condition="!String.IsEmpty(Window(Home).Property(Slide.WidgetContainer)) + Integer.IsLess(Window(Home).Property(Slide.WidgetContainer),$PARAM[id])">Conditional</animation>
        <animation effect="slide" time="400" tween="quadratic" end="0" start="0,infowidget_slide_bottom_plot" reversible="false" condition="![!String.IsEmpty(Window(Home).Property(Slide.WidgetContainer)) + Integer.IsLess(Window(Home).Property(Slide.WidgetContainer),$PARAM[id])]">Conditional</animation>

        <animation effect="slide" time="400" tween="quadratic" start="0" end="0,infowidget_slide_top" reversible="false" condition="!String.IsEmpty(Window(Home).Property(Slide.WidgetContainer)) + Integer.IsGreater(Window(Home).Property(Slide.WidgetContainer),$PARAM[id]) + String.IsEqual(Window(Home).Property(Slide.WidgetInfoStyle),Full)">Conditional</animation>
        <animation effect="slide" time="400" tween="quadratic" end="0" start="0,infowidget_slide_top" reversible="false" condition="![!String.IsEmpty(Window(Home).Property(Slide.WidgetContainer)) + Integer.IsGreater(Window(Home).Property(Slide.WidgetContainer),$PARAM[id]) + String.IsEqual(Window(Home).Property(Slide.WidgetInfoStyle),Full)]">Conditional</animation>

        <animation effect="slide" time="400" tween="quadratic" start="0" end="0,infowidget_slide_pos" reversible="false" condition="Control.HasFocus($PARAM[id]) + $PARAM[infowidget] + String.IsEqual(Window(Home).Property(Slide.WidgetInfoStyle),Full)">Conditional</animation>
        <animation effect="slide" time="400" tween="quadratic" end="0" start="0,infowidget_slide_pos" reversible="false" condition="![Control.HasFocus($PARAM[id]) + $PARAM[infowidget] + String.IsEqual(Window(Home).Property(Slide.WidgetInfoStyle),Full)]">Conditional</animation>


        <!-- <animation effect="slide" time="400" tween="quadratic" end="0,-40" condition="!String.IsEmpty(Window(Home).Property(Slide.WidgetContainer)) + !String.IsEqual(Window(Home).Property(Slide.WidgetInfoStyle),Full)">Conditional</animation> -->
    </include>

    <include name="Widget_Poster">
        <param name="visible" default="true" />
        <param name="altvisible" default="false" />
        <param name="include" default="List_Poster_Row" />
        <param name="busy_visible" default="true" />
        <param name="usewidgetlabel" default="false" />
        <param name="infowidget" default="false" />
        <definition>
            <include content="Widget_Label">
                <param name="groupid" value="$PARAM[groupid]" />
                <param name="label" value="$PARAM[label]" />
                <param name="id" value="$PARAM[id]" />
                <param name="visible" value="[Container($PARAM[id]).IsUpdating | !Integer.IsEqual(Container($PARAM[id]).NumItems,0) | $PARAM[altvisible]] + $PARAM[visible]" />
                <param name="busy_visible" value="Container($PARAM[id]).IsUpdating + $PARAM[busy_visible]" />
                <param name="usewidgetlabel" value="$PARAM[usewidgetlabel]" />
                <param name="infowidget" value="$PARAM[infowidget]" />
                <include content="Widget_SlideAnimation">
                    <param name="infowidget">$PARAM[infowidget]</param>
                    <param name="id">$PARAM[id]</param>
                </include>
            </include>
            <include content="$PARAM[include]">
                <param name="id" value="$PARAM[id]" />
                <param name="context_button" value="true" />
                <param name="icon" value="$PARAM[icon]" />
                <param name="detailed" value="$PARAM[detailed]" />
                <param name="item_h" value="$PARAM[item_h]" />
                <param name="itemlayout_h" value="$PARAM[itemlayout_h]" />
                <nested />
                <top>300</top>
                <height>780</height>
                <animation effect="fade" start="100" end="0" time="0" condition="Container($PARAM[id]).IsUpdating + $PARAM[busy_visible]">Conditional</animation>
                <visible>[Container($PARAM[id]).IsUpdating | !Integer.IsEqual(Container($PARAM[id]).NumItems,0) | $PARAM[altvisible]] + $PARAM[visible]</visible>
                <include content="Widget_SlideAnimation">
                    <param name="infowidget">$PARAM[infowidget]</param>
                    <param name="id">$PARAM[id]</param>
                </include>
            </include>
        </definition>
    </include>

    <include name="Widget_Submenu">
        <param name="include" default="List_Button_Row" />
        <param name="item_h" default="140" />
        <param name="itemlayout_h" default="180" />
        <param name="detailed" default="true" />
        <definition>
            <include content="Widget_Poster">
                <param name="groupid" value="$PARAM[groupid]" />
                <param name="label" value="$PARAM[label]" />
                <param name="id" value="$PARAM[id]" />
                <param name="icon" value="$PARAM[icon]" />
                <param name="detailed" value="$PARAM[detailed]" />
                <param name="infowidget" value="$PARAM[infowidget]" />
                <param name="item_h" value="$PARAM[item_h]" />
                <param name="itemlayout_h" value="$PARAM[itemlayout_h]" />
                <param name="include" value="$PARAM[include]" />
                <nested />
            </include>
            <control type="group" id="$PARAM[spacerid]">
                <top>-180</top>
                <height>0</height>
                <visible>Container($PARAM[id]).IsUpdating | !Integer.IsEqual(Container($PARAM[id]).NumItems,0)</visible>
            </control>
        </definition>
    </include>

</includes>
