<?xml version="1.0" encoding="UTF-8"?>
<window type="dialog">
    <zorder>2</zorder>
    <defaultcontrol always="true">20</defaultcontrol>
    <controls>
        <include>Dialog_Dim_Overlay</include>
        <control type="group">
            <include>Dimension_DialogMainMenu</include>
            <include>Animation_Right_Delay</include>

            <include content="Dialog_Background_Group">
                <param name="dialog_size">Dimension_DialogMainMenu</param>
            </include>

            <control type="group">
                <include content="Dimension_Padding">
                    <param name="pad">40</param>
                </include>
                <include content="Dialog_Overlay_Mode_Glass">
                    <param name="flipped">false</param>
                </include>
            </control>

            <control type="group">

                <!-- Header -->
                <include content="Dialog_Head">
                    <param name="id">2</param>
                </include>
                <include>Dialog_Head_CloseButton</include>

                <!-- Content -->
                <control type="group">
                    <bottom>240</bottom>
                    <include>Dimension_Dialog_Body</include>
                    <control type="group" id="8000">
                        <include>Dimension_Dialog_Body_Group</include>
                        <control type="group">
                            <!-- Left Group -->
                            <control type="group">
                                <width>50%</width>

                                <control type="image">
                                    <texture colordiffuse="main_fg_12">common/white.png</texture>
                                    <height>1</height>
                                    <top>-20</top>
                                    <left>20</left>
                                    <right>80</right>
                                </control>

                                <control type="image">
                                    <texture colordiffuse="main_fg_12">common/white.png</texture>
                                    <height>1</height>
                                    <bottom>-20</bottom>
                                    <left>20</left>
                                    <right>80</right>
                                </control>

                                <control type="grouplist" id="7000">
                                    <onright>10</onright>
                                    <right>60</right>
                                    <onback>20</onback>
                                    <include content="Settings_Button">
                                        <param name="id">22</param>
                                        <param name="control">button</param>
                                        <label>$LOCALIZE[467]</label>
                                    </include>
                                    <include content="Settings_Button">
                                        <param name="id">12</param>
                                        <param name="control">button</param>
                                        <label>$LOCALIZE[551]</label>
                                    </include>
                                    <include content="Settings_Button">
                                        <param name="id">16</param>
                                        <param name="control">button</param>
                                        <label>$LOCALIZE[21424]</label>
                                    </include>
                                    <include content="Settings_Button">
                                        <param name="id">17</param>
                                        <param name="control">button</param>
                                        <label>$LOCALIZE[21427]</label>
                                    </include>
                                    <include content="Settings_Button">
                                        <param name="id">18</param>
                                        <param name="control">button</param>
                                        <label>$LOCALIZE[21429]</label>
                                    </include>
                                    <include content="Settings_Button">
                                        <param name="id">19</param>
                                        <param name="control">button</param>
                                        <label>$LOCALIZE[31015]</label>
                                    </include>
                                    <include content="Settings_Button">
                                        <param name="id">23</param>
                                        <param name="control">button</param>
                                        <label>$LOCALIZE[21458]</label>
                                    </include>
                                    <include content="Settings_Button">
                                        <param name="id">24</param>
                                        <param name="control">radiobutton</param>
                                        <label>$LOCALIZE[20395]</label>
                                    </include>
                                </control>

                            </control>
                            <control type="group">
                                <left>50%</left>
                                <right>20</right>
                                <include content="Dialog_Outline_InnerBox">
                                    <left>-40</left>
                                    <top>-20</top>
                                    <bottom>-20</bottom>
                                </include>
                                <control type="group">
                                    <left>-20</left>
                                    <right>20</right>
                                    <include content="List_DialogSelect">
                                        <param name="id">10</param>
                                        <param name="itemlayout_include">Layout_DialogBasic</param>
                                        <top>0</top>
                                        <onleft>7000</onleft>
                                        <onback>20</onback>
                                    </include>
                                </control>
                            </control>
                        </control>
                    </control>
                    <include content="Dialog_InfoText">
                        <param name="label">$LOCALIZE[31133]</param>
                    </include>
                </control>

                <!-- Buttons -->
                <include content="Dialog_Tray_Grouplist_Left">
                    <include content="Dialog_Button_Expanded">
                        <param name="id">20</param>
                        <param name="builtin">true</param>
                        <param name="label">$LOCALIZE[186]</param>
                        <param name="icon">special://skin/extras/icons/circle-check.png</param>
                    </include>
                    <include content="Dialog_Button_Expanded">
                        <param name="id">21</param>
                        <param name="label">$LOCALIZE[222]</param>
                        <param name="builtin">true</param>
                        <param name="icon">special://skin/extras/icons/circle-xmark.png</param>
                        <onclick>Close</onclick>
                    </include>
                </include>

            </control>

        </control>
    </controls>
</window>