{
    "infolabels": {
        "groupname": "Window.Property(groupname)",
        "label": "Container(211).ListItem.Label",
        "labelID": "Container(211).ListItem.Property(labelID)",
        "defaultID": "Container(211).ListItem.Property(defaultID)",
        "submenuID": "Container(211).ListItem.Property(submenuID)"
    },
    "regex": {
        "regexID": {
            "regex": "[^0-9a-zA-Z]+",
            "value": "",
            "input": "{label}"
        }
    },
    "values": {
        "submenuID": [
            {
                "rules": ["!String.IsEmpty(Container(211).ListItem.Property(submenuID))"],
                "value": "{submenuID}"
            },
            {
                "rules": ["!String.IsEmpty(Container(211).ListItem.Property(defaultID))"],
                "value": "{groupname}-submenu-{defaultID}"
            },
            {
                "rules": ["!String.IsEmpty(Container(211).ListItem.Property(labelID))"],
                "value": "{groupname}-submenu-{labelID}"
            },
            "{groupname}-submenu-{regexID}"
        ]
    },
    "actions": [
        "SetProperty(customProperty,submenuID)",
        "SetProperty(customValue,{submenuID})",
        "SendClick(404)",
        "route=add_skinstring_history=SkinShortcuts.SubmenuIDs&value={submenuID}",
        "RunScript(script.skinshortcuts,type=manage&group={submenuID})"
    ]
}