<?xml version="1.0" encoding="UTF-8"?>
<includes>

    <include name="Search_View">

        <include content="Object_Hidden_Button">
            <param name="id">64</param>
            <onfocus>$VAR[Action_Var_Search_ToMediaFilter]</onfocus>
        </include>

        <include content="Object_Hidden_Button">
            <param name="id">67</param>
            <onfocus>SetFocus($VAR[Action_View_ContentID])</onfocus>
            <include condition="Skin.String(Navigation.Global.OnDown,Explore)">Action_View_Explore_OnFocus</include>
        </include>

        <include content="Object_Hidden_Button">
            <param name="id">68</param>
            <onfocus condition="![$EXP[Search_View_HasItems] + !$EXP[Search_View_IsUpdating]]">PreviousMenu</onfocus>
            <onfocus condition="$EXP[Search_View_HasItems] + !$EXP[Search_View_IsUpdating]">SetProperty(List.Target,$INFO[Container(5099).ListItem.Property(target)])</onfocus>
            <onfocus condition="$EXP[Search_View_HasItems] + !$EXP[Search_View_IsUpdating] + String.IsEmpty(Window.Property(MediaFilterWall))">ClearProperty(MediaFilterBase)</onfocus>
            <onfocus condition="$EXP[Search_View_HasItems] + !$EXP[Search_View_IsUpdating] + String.IsEmpty(Window.Property(MediaFilterWall))">ClearProperty(MediaFilterWall)</onfocus>
            <onfocus condition="$EXP[Search_View_HasItems] + !$EXP[Search_View_IsUpdating] + String.IsEmpty(Window.Property(MediaFilterWall))">SetFocus($VAR[Action_Search_ContentID])</onfocus>
            <onfocus condition="$EXP[Search_View_HasItems] + !$EXP[Search_View_IsUpdating] + !String.IsEmpty(Window.Property(MediaFilterWall))">Runscript(script.skinvariables,$VAR[MediaWall_Search_ScriptTypeDef],use_rules,id=$VAR[Action_Search_ContentID],win_prop=WallSlideOut,focus_id=$VAR[Action_Search_ContentID],clear_prop_one=MediaFilterBase,clear_prop_two=MediaFilterWall)</onfocus>
        </include>

        <control type="group">
            <include>Animation_View_WindowChange</include>
            <include>Animation_Group_Bumper</include>
            <control type="group">
                <description>Lower Half Widgets</description>
                <include>Animation_Half_WindowChange_UpDown</include>
                <include>Search_View_Widgets_Group</include>
                <include>Search_View_Widgets_NoResults</include>
                <include>Search_View_Widgets_Footer</include>
            </control>
            <include content="MediaWall_Main" condition="$EXP[Exp_FilterWall_IsEnabled]">
                <param name="interchange_condition">[$EXP[Search_View_HasItems] + !$EXP[Search_View_IsUpdating]]</param>
            </include>
            <include>Search_View_Widgets_InfoPanel</include>
        </control>
    </include>

    <expression name="Search_View_HasItems">[[Integer.IsEqual(Container(5099).ListItem.Property(listid),50) + !Integer.IsEqual(Container(50).NumItems,0) + Control.IsVisible(50)] | [Integer.IsEqual(Container(5099).ListItem.Property(listid),51) + !Integer.IsEqual(Container(51).NumItems,0) + Control.IsVisible(51)] | [Integer.IsEqual(Container(5099).ListItem.Property(listid),52) + !Integer.IsEqual(Container(52).NumItems,0) + Control.IsVisible(52)]]</expression>

    <expression name="Search_View_IsUpdating">[[Integer.IsEqual(Container(5099).ListItem.Property(listid),50) + Container(50).IsUpdating + Control.IsVisible(50)] | [Integer.IsEqual(Container(5099).ListItem.Property(listid),51) + Container(51).IsUpdating + Control.IsVisible(51)] | [Integer.IsEqual(Container(5099).ListItem.Property(listid),52) + Container(52).IsUpdating + Control.IsVisible(52)]]</expression>

    <include name="Search_View_Widgets_InfoPanel">
        <control type="group">
            <include content="MediaWall_Info_Transition" condition="$EXP[Exp_FilterWall_IsEnabled]">
                <param name="condition">$EXP[Exp_MediaFilter_IsActive]</param>
            </include>
            <include content="Hub_Widgets_Infopanel">
                <param name="visible">$EXP[Search_View_HasItems] + !$EXP[Search_View_IsUpdating]</param>
                <param name="conditional_fade">False</param>
                <include content="Info_Panel">
                    <param name="container">Container.</param>
                </include>
            </include>
        </control>
    </include>

    <include name="Search_View_Widgets_NoResults">
        <control type="group">
            <include content="Widget_Busy">
                <param name="label">$INFO[Container(5099).ListItem.Label]</param>
                <param name="visible">[$EXP[Search_View_IsUpdating]]</param>
                <height>divider_bottom</height>
                <bottom>46</bottom>
                <left>200</left>
            </include>
        </control>
        <control type="grouplist">
            <visible>!$EXP[Search_View_HasItems] | $EXP[Search_View_IsUpdating]</visible>
            <left>view_side</left>
            <right>view_side</right>
            <top>-240</top>
            <bottom>view_pad</bottom>
            <orientation>vertical</orientation>
            <align>center</align>
            <control type="label">
                <font>font_midi_black</font>
                <label>$LOCALIZE[31046]$INFO[Container(5099).ListItem.Label,: ,]</label>
                <align>left</align>
                <height>30</height>
                <textcolor>main_fg_100</textcolor>
                <visible>!$EXP[Search_View_IsUpdating]</visible>
            </control>
            <control type="textbox">
                <top>20</top>
                <font>font_main_plot</font>
                <label>$LOCALIZE[31500] "[CAPITALIZE]$VAR[Label_Search_HeadingFilter][/CAPITALIZE]".[CR]$LOCALIZE[31501].</label>
                <align>left</align>
                <aligny>center</aligny>
                <height>90</height>
                <textcolor>main_fg_30</textcolor>
                <visible>!$EXP[Search_View_IsUpdating]</visible>
            </control>
            <control type="label">
                <font>font_midi_black</font>
                <label>Searching...</label>
                <align>left</align>
                <height>30</height>
                <textcolor>main_fg_100</textcolor>
                <visible>$EXP[Search_View_IsUpdating]</visible>
            </control>
            <control type="textbox">
                <top>20</top>
                <font>font_main_plot</font>
                <label>$LOCALIZE[31368] "[CAPITALIZE]$VAR[Label_Search_HeadingFilter][/CAPITALIZE]"$INFO[Container(5099).ListItem.Label, $LOCALIZE[1405] ,].</label>
                <align>left</align>
                <aligny>center</aligny>
                <height>90</height>
                <textcolor>main_fg_30</textcolor>
                <visible>$EXP[Search_View_IsUpdating]</visible>
            </control>
            <control type="group">
                <height>-25</height>
            </control>
        </control>
    </include>

    <include name="Search_View_Widgets_Footer">
        <control type="group">
            <visible>!$EXP[Exp_InfoDialogs]</visible>
            <control type="group">
                <visible>String.IsEmpty(Window.Property(MediaFilterWall))</visible>
                <visible>String.IsEmpty(Window.Property(MediaFilterBase))</visible>
                <visible>!Window.IsVisible(1171)</visible>
                <include condition="Skin.String(Furniture.BottomLeft.Enable,Library) | Skin.String(Furniture.BottomLeft.Enable,Always)">Furniture_Bottom_Left</include>
                <include>View_Furniture_Bottom_Group_NextLabel</include>
            </control>
            <include>Furniture_Bottom_Right</include>
        </control>
    </include>

    <variable name="Search_Content_Discover">
        <value condition="!Skin.HasSetting(Search.DisableDiscover) + String.IsEqual(Container(5099).ListItem.Property(guid),guid-libraryall)">$VAR[Path_DiscoverWidgets_Join]$VAR[Path_DiscoverWidgets_Film,&amp;&amp;,]$VAR[Path_DiscoverWidgets_Show,&amp;&amp;,]</value>
        <value condition="!Skin.HasSetting(Search.DisableDiscover) + String.IsEqual(Container(5099).ListItem.Property(guid),guid-librarymovies)">$VAR[Path_DiscoverWidgets_Join]$VAR[Path_DiscoverWidgets_Film,&amp;&amp;,]</value>
        <value condition="!Skin.HasSetting(Search.DisableDiscover) + String.IsEqual(Container(5099).ListItem.Property(guid),guid-librarytvshows)">$VAR[Path_DiscoverWidgets_Join]$VAR[Path_DiscoverWidgets_Show,&amp;&amp;,]</value>
        <value condition="!Skin.HasSetting(Search.DisableDiscover) + String.IsEqual(Container(5099).ListItem.Property(guid),guid-discovermovies)">$VAR[Path_DiscoverWidgets_Join]$VAR[Path_DiscoverWidgets_Film,&amp;&amp;,]</value>
        <value condition="!Skin.HasSetting(Search.DisableDiscover) + String.IsEqual(Container(5099).ListItem.Property(guid),guid-discovertvshows)">$VAR[Path_DiscoverWidgets_Join]$VAR[Path_DiscoverWidgets_Show,&amp;&amp;,]</value>
        <value condition="Skin.HasSetting(Search.DisableDiscover)">$VAR[skinvariables-searchmenu-widgets-52]</value>
        <value>-</value>
    </variable>


    <include name="Search_View_Widgets_Group">
        <control type="group">
            <visible>!$EXP[Exp_InfoDialogs]</visible>
            <include>Animation_Transition_InfoPanel_Hide</include>
            <control type="group">
                <visible>$EXP[Search_View_HasItems] + !$EXP[Search_View_IsUpdating]</visible>
                <animation type="Conditional" reversible="false" condition="[$EXP[Exp_FilterWall_IsActive]]">
                    <effect type="slide" end="0,-334" start="0" time="400" delay="0" tween="cubic" easing="out" />
                </animation>
                <animation type="Conditional" reversible="false" condition="![$EXP[Exp_FilterWall_IsActive]]">
                    <effect type="slide" start="0,-334" end="0" time="400" delay="0" tween="cubic" easing="out" />
                </animation>
                <include content="Info_Viewline">
                    <param name="library_condition">false</param>
                    <param name="label">$INFO[Container(5099).ListItem.Label]</param>
                </include>
            </control>
        </control>
        <control type="group" id="6000">
            <include content="Animation_ConditionalFade">
                <param name="condition">[!$EXP[Search_View_HasItems] | $EXP[Search_View_IsUpdating]]</param>
            </include>
            <include content="MediaWall_View_Transition" condition="$EXP[Exp_FilterWall_IsEnabled]">
                <param name="condition">$EXP[Exp_MediaFilter_IsActive]</param>
            </include>
            <control type="group">
                <include>Transitions_List_Visibility</include>
                <include content="List_Square_Row">
                    <param name="id">50</param>
                    <height>divider_bottom</height>
                    <bottom>40</bottom>
                    <content limit="$VAR[Path_DiscoverWidgets_ItemLimit]" sortby="$VAR[Path_DiscoverWidgets_SortBy]" sortorder="$VAR[Path_DiscoverWidgets_SortOrder]" browse="$VAR[Defs_BrowseLimitedLists]" target="$INFO[Window.Property(List.Target)]">$VAR[skinvariables-searchmenu-widgets-50]</content>
                    <visible>Skin.HasSetting(Search.DisableDiscover)</visible>
                    <visible>Integer.IsEqual(Container(5099).ListItem.Property(listid),50)</visible>

                    <include content="Action_View_Movement_OnUp">
                        <param name="id">50</param>
                    </include>

                    <include>Action_View_Movement_OnDown</include>

                    <include content="Action_View_Movement_OnLeftRight">
                        <param name="id">50</param>
                        <param name="onback">[Integer.IsEqual(Container(50).CurrentItem,1)]</param>
                    </include>
                    <pagecontrol>60</pagecontrol>
                    <onfocus>SetProperty(TMDbHelper.WidgetContainer,50)</onfocus>
                </include>
                <include content="List_Landscape_Row">
                    <param name="id">51</param>
                    <height>divider_bottom</height>
                    <bottom>40</bottom>
                    <content limit="$VAR[Path_DiscoverWidgets_ItemLimit]" sortby="$VAR[Path_DiscoverWidgets_SortBy]" sortorder="$VAR[Path_DiscoverWidgets_SortOrder]" browse="$VAR[Defs_BrowseLimitedLists]" target="$INFO[Window.Property(List.Target)]">$VAR[skinvariables-searchmenu-widgets-51]</content>
                    <onfocus>SetProperty(List.Target,$INFO[Container(5099).ListItem.Property(target)])</onfocus>
                    <visible>Skin.HasSetting(Search.DisableDiscover)</visible>
                    <include content="Action_View_Movement_OnUp">
                        <param name="id">51</param>
                    </include>
                    <include>Action_View_Movement_OnDown</include>
                    <include content="Action_View_Movement_OnLeftRight">
                        <param name="id">51</param>
                        <param name="onback">[Integer.IsEqual(Container(51).CurrentItem,1)]</param>
                    </include>
                    <pagecontrol>60</pagecontrol>
                    <onfocus>SetProperty(TMDbHelper.WidgetContainer,51)</onfocus>
                </include>
                <include content="List_Poster_Row">
                    <param name="id">52</param>
                    <height>divider_bottom</height>
                    <bottom>40</bottom>
                    <content limit="$VAR[Path_DiscoverWidgets_ItemLimit]" sortby="$VAR[Path_DiscoverWidgets_SortBy]" sortorder="$VAR[Path_DiscoverWidgets_SortOrder]" browse="$VAR[Defs_BrowseLimitedLists]" target="$INFO[Window.Property(List.Target)]">$VAR[Search_Content_Discover]</content>
                    <onfocus>SetProperty(List.Target,$INFO[Container(5099).ListItem.Property(target)])</onfocus>
                    <include content="Action_View_Movement_OnUp">
                        <param name="id">52</param>
                    </include>
                    <include>Action_View_Movement_OnDown</include>
                    <include content="Action_View_Movement_OnLeftRight">
                        <param name="id">52</param>
                        <param name="onback">[Integer.IsEqual(Container(52).CurrentItem,1)]</param>
                    </include>
                    <pagecontrol>60</pagecontrol>
                    <onfocus>SetProperty(TMDbHelper.WidgetContainer,52)</onfocus>
                </include>
            </control>
            <include>Transitions_List_Poster_Row</include>
        </control>

        <control type="group">
            <height>scrollbar_w</height>
            <centerbottom>100</centerbottom>
            <left>view_side</left>
            <right>view_pad</right>
            <visible>[!String.IsEmpty(Window.Property(MediaFilterWall)) | !String.IsEmpty(Window.Property(MediaFilterBase))]</visible>
            <control type="group">
                <visible>[Skin.String(Furniture.BottomLeft.Enable,Library) | Skin.String(Furniture.BottomLeft.Enable,Always)]</visible>
                <control type="group">
                    <width>50</width>
                    <height>50</height>
                    <centertop>50%</centertop>
                    <include>Info_KodiLogo_Image</include>
                </control>
                <control type="label">
                    <label>$INFO[Container(50).NumItems,[COLOR=main_fg_90][B],[/B][/COLOR]] $LOCALIZE[31022]</label>
                    <left>80</left>
                    <include>Defs_Label_FooterItem</include>
                    <visible>Integer.IsEqual(Container(5099).ListItem.Property(listid),50)</visible>
                </control>
                <control type="label">
                    <label>$INFO[Container(51).NumItems,[COLOR=main_fg_90][B],[/B][/COLOR]] $LOCALIZE[31022]</label>
                    <left>80</left>
                    <include>Defs_Label_FooterItem</include>
                    <visible>Integer.IsEqual(Container(5099).ListItem.Property(listid),51)</visible>
                </control>
                <control type="label">
                    <label>$INFO[Container(52).NumItems,[COLOR=main_fg_90][B],[/B][/COLOR]] $LOCALIZE[31022]</label>
                    <left>80</left>
                    <include>Defs_Label_FooterItem</include>
                    <visible>Integer.IsEqual(Container(5099).ListItem.Property(listid),52)</visible>
                </control>
            </control>
            <control type="group">
                <visible>![Skin.String(Furniture.BottomLeft.Enable,Library) | Skin.String(Furniture.BottomLeft.Enable,Always)]</visible>
                <animation effect="fade" start="100" end="30" condition="true">Conditional</animation>
                <control type="group">
                    <top>-15</top>
                    <height>35</height>
                    <include content="Info_Viewline">
                        <param name="library_condition">false</param>
                        <param name="label">$INFO[Container(50).NumItems] $LOCALIZE[31022]</param>
                        <param name="custom_icon_condition">Skin.HasSetting(Furniture.EnableViewLineIcons)</param>
                        <param name="custom_icon">special://skin/extras/icons/kodi.png</param>
                        <!-- <param name="custom_label_condition">true</param>
                        <param name="custom_label">$INFO[ListItem.SortLetter]</param> -->
                        <top>0</top>
                        <left>0</left>
                        <visible>Integer.IsEqual(Container(5099).ListItem.Property(listid),50)</visible>
                    </include>
                    <include content="Info_Viewline">
                        <param name="library_condition">false</param>
                        <param name="label">$INFO[Container(51).NumItems] $LOCALIZE[31022]</param>
                        <param name="custom_icon_condition">Skin.HasSetting(Furniture.EnableViewLineIcons)</param>
                        <param name="custom_icon">special://skin/extras/icons/kodi.png</param>
                        <!-- <param name="custom_label_condition">true</param>
                        <param name="custom_label">$INFO[ListItem.SortLetter]</param> -->
                        <top>0</top>
                        <left>0</left>
                        <visible>Integer.IsEqual(Container(5099).ListItem.Property(listid),51)</visible>
                    </include>
                    <include content="Info_Viewline">
                        <param name="library_condition">false</param>
                        <param name="label">$INFO[Container(52).NumItems] $LOCALIZE[31022]</param>
                        <param name="custom_icon_condition">Skin.HasSetting(Furniture.EnableViewLineIcons)</param>
                        <param name="custom_icon">special://skin/extras/icons/kodi.png</param>
                        <!-- <param name="custom_label_condition">true</param>
                        <param name="custom_label">$INFO[ListItem.SortLetter]</param> -->
                        <top>0</top>
                        <left>0</left>
                        <visible>Integer.IsEqual(Container(5099).ListItem.Property(listid),52)</visible>
                    </include>
                </control>
            </control>
        </control>

        <include content="Categories_Selector">
            <param name="id">5099</param>
            <param name="hidden_button">List_ButtonMenu_Row_HiddenButton_Search</param>
            <param name="hidden_button_enabled">true</param>
            <param name="font">font_mini</param>
            <top>920</top>
            <onup>6000</onup>
            <include>Action_View_Movement_OnDown</include>
            <visible allowhiddenfocus="true">False</visible>
            <content>
                <item>
                    <label>$LOCALIZE[342] (TMDb)</label>
                    <property name="target">videos</property>
                    <property name="guid">guid-discovermovies</property>
                    <property name="listid">$NUMBER[52]</property>
                    <property name="onfocus_one">SetProperty(TMDbHelper.WidgetContainer,52)</property>
                    <property name="main_guid">$INFO[Container(5099).ListItem.Property(guid)]</property>
                    <property name="discover">true</property>
                    <visible>!Skin.HasSetting(Search.DisableDiscover)</visible>
                </item>
                <item>
                    <label>$LOCALIZE[20343] (TMDb)</label>
                    <property name="target">videos</property>
                    <property name="guid">guid-discovertvshows</property>
                    <property name="listid">$NUMBER[52]</property>
                    <property name="onfocus_one">SetProperty(TMDbHelper.WidgetContainer,52)</property>
                    <property name="main_guid">$INFO[Container(5099).ListItem.Property(guid)]</property>
                    <property name="discover">true</property>
                    <visible>!Skin.HasSetting(Search.DisableDiscover)</visible>
                </item>
                <!-- <item>
                    <label>$LOCALIZE[31382]</label>
                    <property name="target">videos</property>
                    <property name="guid">guid-libraryall</property>
                    <property name="listid">$NUMBER[52]</property>
                    <property name="onfocus_one">SetProperty(TMDbHelper.WidgetContainer,52)</property>
                    <property name="main_guid">$INFO[Container(5099).ListItem.Property(guid)]</property>
                    <visible>!Skin.HasSetting(Search.DisableDiscover)</visible>
                </item> -->
                <item>
                    <label>$LOCALIZE[342] ($LOCALIZE[14022])</label>
                    <property name="target">videos</property>
                    <property name="guid">guid-librarymovies</property>
                    <property name="listid">$NUMBER[52]</property>
                    <property name="onfocus_one">SetProperty(TMDbHelper.WidgetContainer,52)</property>
                    <property name="main_guid">$INFO[Container(5099).ListItem.Property(guid)]</property>
                    <visible>!Skin.HasSetting(Search.DisableDiscover)</visible>
                </item>
                <item>
                    <label>$LOCALIZE[20343] ($LOCALIZE[14022])</label>
                    <property name="target">videos</property>
                    <property name="guid">guid-librarytvshows</property>
                    <property name="listid">$NUMBER[52]</property>
                    <property name="onfocus_one">SetProperty(TMDbHelper.WidgetContainer,52)</property>
                    <property name="main_guid">$INFO[Container(5099).ListItem.Property(guid)]</property>
                    <visible>!Skin.HasSetting(Search.DisableDiscover)</visible>
                </item>
                <include>skinvariables-searchmenu-rowitems</include>
            </content>
        </include>

    </include>


</includes>