<?xml version="1.0" encoding="UTF-8"?>
<overrides>
    <doNotShareMenu />

    <widgetPlaylists>True</widgetPlaylists>
    <thumbnailBrowseDefault>special://skin/extras/icons/</thumbnailBrowseDefault>
    <backgroundBrowse>True</backgroundBrowse>
    <widgetRename>True</widgetRename>

    <!-- Warning to Remove Settings -->
    <warn heading="31078" message="31079">ActivateWindow(Settings)</warn>

    <!-- Reboot From Nand -->
    <override action="RebootToAndroid">
        <action>System.ExecWait("/usr/sbin/rebootfromnand")</action>
        <action>Reboot()</action>
    </override>

    <!-- Additional Common Shortcuts -->
    <shortcut label="$LOCALIZE[20183]" type="571" grouping="commands" thumbnail="special://skin/extras/icons/update.png" icon="special://skin/extras/icons/update.png">ReloadSkin()</shortcut>
    <shortcut label="RebootFromNand" type="571" grouping="commands" thumbnail="special://skin/extras/icons/power.png" icon="special://skin/extras/icons/power.png" condition="System.Platform.Linux">RebootToAndroid</shortcut>

    <!-- Default Widgets Set for Movie Hub -->
    <propertydefault labelID="369" group="moviemenu" property="widgetPath">special://skin/extras/hub/movies/titles/</propertydefault>
    <propertydefault labelID="movies" group="moviemenu" property="widgetPath">plugin://plugin.video.themoviedb.helper/?info=dir_movie&amp;tmdb_type=none</propertydefault>
    <propertydefault labelID="20434" group="moviemenu" property="widgetPath">videodb://movies/sets/</propertydefault>
    <propertydefault labelID="20434--0" group="moviemenu" property="widgetPath">plugin://plugin.video.themoviedb.helper/?info=all_items&amp;tmdb_type=collection</propertydefault>
    <propertydefault labelID="135" group="moviemenu" property="widgetPath">videodb://movies/genres/</propertydefault>
    <propertydefault labelID="135--0" group="moviemenu" property="widgetPath">plugin://plugin.video.themoviedb.helper/?info=genres&amp;tmdb_type=movie</propertydefault>
    <propertydefault labelID="562" group="moviemenu" property="widgetPath">videodb://movies/years/</propertydefault>
    <propertydefault labelID="20388" group="moviemenu" property="widgetPath">videodb://movies/studios/</propertydefault>
    <propertydefault labelID="19334" group="moviemenu" property="widgetPath">plugin://plugin.video.themoviedb.helper/?info=watch_providers&amp;tmdb_type=movie</propertydefault>
    <propertydefault labelID="20459" group="moviemenu" property="widgetPath">videodb://movies/tags/</propertydefault>
    <propertydefault labelID="21861" group="moviemenu" property="widgetPath">plugin://plugin.video.themoviedb.helper/?info=all_items&amp;tmdb_type=keyword</propertydefault>
    <propertydefault labelID="21861" group="moviemenu" property="widgetSortby">random</propertydefault>

    <!-- Default Widgets Set for TV Hub -->
    <propertydefault labelID="369" group="tvshowmenu" property="widgetPath">special://skin/extras/hub/tvshows/titles/</propertydefault>
    <propertydefault labelID="tvshows" group="tvshowmenu" property="widgetPath">plugin://plugin.video.themoviedb.helper/?info=dir_tv&amp;tmdb_type=none</propertydefault>
    <propertydefault labelID="31013" group="tvshowmenu" property="widgetPath">plugin://plugin.video.themoviedb.helper/?info=dir_calendar_trakt&amp;tmdb_type=tv</propertydefault>
    <propertydefault labelID="135" group="tvshowmenu" property="widgetPath">videodb://tvshows/genres/</propertydefault>
    <propertydefault labelID="135--0" group="tvshowmenu" property="widgetPath">plugin://plugin.video.themoviedb.helper/?info=genres&amp;tmdb_type=tv</propertydefault>
    <propertydefault labelID="562" group="tvshowmenu" property="widgetPath">videodb://tvshows/years/</propertydefault>
    <propertydefault labelID="20388" group="tvshowmenu" property="widgetPath">videodb://tvshows/studios/</propertydefault>
    <propertydefault labelID="19334" group="tvshowmenu" property="widgetPath">plugin://plugin.video.themoviedb.helper/?info=watch_providers&amp;tmdb_type=tv</propertydefault>
    <propertydefault labelID="20459" group="tvshowmenu" property="widgetPath">videodb://tvshows/tags/</propertydefault>

    <!-- Default Widgets Set for Music Hub -->
    <propertydefault labelID="135" group="musicmenu" property="widgetPath">musicdb://genres/</propertydefault>
    <propertydefault labelID="135" group="musicmenu" property="widgetTarget">music</propertydefault>
    <propertydefault labelID="133" group="musicmenu" property="widgetPath">musicdb://artists/</propertydefault>
    <propertydefault labelID="133" group="musicmenu" property="widgetTarget">music</propertydefault>
    <propertydefault labelID="132" group="musicmenu" property="widgetPath">musicdb://albums/</propertydefault>
    <propertydefault labelID="132" group="musicmenu" property="widgetTarget">music</propertydefault>
    <propertydefault labelID="29994" group="musicmenu" property="widgetPath">library://music/musicroles/</propertydefault>
    <propertydefault labelID="29994" group="musicmenu" property="widgetTarget">music</propertydefault>
    <propertydefault labelID="271" group="musicmenu" property="widgetPath">library://music/top100/</propertydefault>
    <propertydefault labelID="271" group="musicmenu" property="widgetTarget">music</propertydefault>
    <propertydefault labelID="562" group="musicmenu" property="widgetPath">musicdb://years/</propertydefault>
    <propertydefault labelID="562" group="musicmenu" property="widgetTarget">music</propertydefault>

    <!-- Default Widgets Set for PVR Hub -->
    <propertydefault labelID="19019" group="pvrmenu" property="widgetPath">pvr://channels/tv</propertydefault>
    <propertydefault labelID="19019" group="pvrmenu" property="widgetTarget">TVChannels</propertydefault>
    <propertydefault labelID="22020" group="pvrmenu" property="widgetPath">pvr://channels/tv</propertydefault>
    <propertydefault labelID="22020" group="pvrmenu" property="widgetTarget">TVGuide</propertydefault>
    <propertydefault labelID="137" group="pvrmenu" property="widgetPath">pvr://channels/tv</propertydefault>
    <propertydefault labelID="137" group="pvrmenu" property="widgetTarget">TVGuide</propertydefault>

    <!-- Default Widgets Set for Search -->
    <propertydefault labelID="342" group="searchmenu" property="widgetAspect">Poster</propertydefault>
    <propertydefault labelID="20343" group="searchmenu" property="widgetAspect">Poster</propertydefault>
    <propertydefault labelID="movies" group="searchmenu" property="widgetAspect">Poster</propertydefault>
    <propertydefault labelID="tvshows" group="searchmenu" property="widgetAspect">Poster</propertydefault>
    <propertydefault labelID="31168" group="searchmenu" property="widgetAspect">Poster</propertydefault>
    <propertydefault labelID="31169" group="searchmenu" property="widgetAspect">Poster</propertydefault>
    <propertydefault labelID="132" group="searchmenu" property="widgetAspect">Square</propertydefault>
    <propertydefault labelID="133" group="searchmenu" property="widgetAspect">Square</propertydefault>

    <!-- Default Widgets Set for Home > Addons -->
    <propertydefault labelID="1037" group="24001.1" property="widgetAspect">Square</propertydefault>
    <propertydefault labelID="1038" group="24001.1" property="widgetAspect">Square</propertydefault>
    <propertydefault labelID="20244" group="24001.1" property="widgetAspect">Square</propertydefault>
    <propertydefault labelID="1043" group="24001.1" property="widgetAspect">Square</propertydefault>
    <propertydefault labelID="1039" group="24001.1" property="widgetAspect">Square</propertydefault>

    <!-- Default Use Widget Full -->
    <propertydefault labelID="39031" group="moviemenu" property="useWidgetList">1</propertydefault>
    <propertydefault labelID="39031" group="tvshowmenu" property="useWidgetList">1</propertydefault>
    <propertydefault labelID="39031" group="musicmenu" property="useWidgetList">1</propertydefault>
    <propertydefault labelID="39031" group="pvrmenu" property="useWidgetList">1</propertydefault>


    <!-- Widget Aspect (Style for Standard) -->
    <property property="widgetAspect">Poster</property>
    <property property="widgetAspect">Square</property>
    <property property="widgetAspect">Landscape</property>
    <property property="widgetAspect">Card</property>
    <property property="widgetAspect">Banner</property>
    <propertySettings property="widgetAspect" buttonID="9901" showNone="False" title="[CAPITALIZE]$LOCALIZE[31173] $LOCALIZE[736][/CAPITALIZE]" />

    <!-- Widget Aspect (Style for Adapative) -->
    <property property="useWidgetListStyle">Square</property>
    <property property="useWidgetListStyle">Landscape</property>
    <propertySettings property="useWidgetListStyle" buttonID="9905" showNone="False" title="[CAPITALIZE]$LOCALIZE[31173] $LOCALIZE[736][/CAPITALIZE]" />

    <!-- Widget Target -->
    <property property="widgetTarget">videos</property>
    <property property="widgetTarget">music</property>
    <property property="widgetTarget">pictures</property>
    <property property="widgetTarget">programs</property>
    <property property="widgetTarget">tvguide</property>
    <propertySettings property="widgetTarget" buttonID="9902" title="[CAPITALIZE]$LOCALIZE[31173] $LOCALIZE[31106][/CAPITALIZE]" />

    <!-- Widget Sort -->
    <property property="widgetSortby">name</property>
    <property property="widgetSortby">random</property>
    <property property="widgetSortby">dateadded</property>
    <property property="widgetSortby">lastplayed</property>
    <property property="widgetSortby">playcount</property>
    <property property="widgetSortby">year</property>
    <property property="widgetSortby">rating</property>
    <property property="widgetSortby">userrating</property>
    <property property="widgetSortby">votes</property>
    <property property="widgetSortby">genre</property>
    <property property="widgetSortby">country</property>
    <property property="widgetSortby">studio</property>
    <property property="widgetSortby">playlistorder</property>
    <property property="widgetSortby">episodenumber</property>
    <property property="widgetSortby">season</property>
    <property property="widgetSortby">numberofepisodes</property>
    <property property="widgetSortby">numberofwatchedepisodes</property>
    <property property="widgetSortby">tvshowstatus</property>
    <property property="widgetSortby">tvshowtitle</property>
    <property property="widgetSortby">file</property>
    <property property="widgetSortby">title</property>
    <property property="widgetSortby">tracknumber</property>
    <property property="widgetSortby">time</property>
    <property property="widgetSortby">artist</property>
    <property property="widgetSortby">album</property>
    <property property="widgetSortby">lastupdated</property>
    <property property="widgetSortby">lastused</property>
    <property property="widgetSortby">date</property>
    <propertySettings property="widgetSortby" buttonID="9903" title="[CAPITALIZE]$LOCALIZE[31173] $LOCALIZE[31016][/CAPITALIZE]" />

    <!-- Widget Direction -->
    <property property="widgetSortorder">ascending</property>
    <property property="widgetSortorder">descending</property>
    <propertySettings property="widgetSortorder" buttonID="9904" title="[CAPITALIZE]$LOCALIZE[31173] $LOCALIZE[580][/CAPITALIZE]" />

    <!-- Widget Limit -->
    <property property="widgetLimit" label="10 ">$NUMBER[10]</property>
    <property property="widgetLimit" label="20 ">$NUMBER[20]</property>
    <property property="widgetLimit" label="30 ">$NUMBER[30]</property>
    <property property="widgetLimit" label="40 ">$NUMBER[40]</property>
    <property property="widgetLimit" label="50 ">$NUMBER[50]</property>
    <property property="widgetLimit" label="100 ">$NUMBER[100]</property>
    <property property="widgetLimit" label="$LOCALIZE[21428] ">$NUMBER[99999]</property>
    <propertySettings property="widgetLimit" buttonID="9907" title="[CAPITALIZE]$LOCALIZE[31173] $LOCALIZE[31188][/CAPITALIZE]" />


    <!-- Onback Management -->
    <!-- <onback to="9312">312</onback> -->

    <!-- Icon Overrides -->
    <icon image="DefaultShortcut.png">special://skin/extras/icons/shortcut.png</icon>
    <icon image="Events.png">special://skin/extras/icons/clipboard.png</icon>
    <icon image="DefaultVideo.png">special://skin/extras/icons/video.png</icon>
    <icon image="DefaultMovies.png">special://skin/extras/icons/film.png</icon>
    <icon image="DefaultTVShows.png">special://skin/extras/icons/tv.png</icon>
    <icon image="DefaultAudio.png">special://skin/extras/icons/songs.png</icon>
    <icon image="DefaultMusicAlbums.png">special://skin/extras/icons/songs.png</icon>
    <icon image="DefaultMusicVideos.png">special://skin/extras/icons/musicvideo.png</icon>
    <icon image="DefaultPicture.png">special://skin/extras/icons/pictures.png</icon>
    <icon image="DefaultProgram.png">special://skin/extras/icons/addons.png</icon>
    <icon image="DefaultDVDFull.png">special://skin/extras/icons/cd.png</icon>
    <icon image="DefaultFolder.png">special://skin/extras/icons/folder.png</icon>
    <icon image="UnknownUser.png">special://skin/extras/icons/actor.png</icon>
    <icon image="DefaultVideoPlaylists.png">special://skin/extras/icons/playlist.png</icon>
    <icon image="DefaultMusicPlaylists.png">special://skin/extras/icons/playlist.png</icon>
    <icon image="DefaultRecentlyAddedMovies.png">special://skin/extras/icons/recentlyadded.png</icon>
    <icon image="DefaultActor.png">special://skin/extras/icons/artist.png</icon>
    <icon image="DefaultCountry.png">special://skin/extras/icons/world.png</icon>
    <icon image="DefaultDirector.png">special://skin/extras/icons/director.png</icon>
    <icon image="DefaultGenre.png">special://skin/extras/icons/genre.png</icon>
    <icon image="DefaultMusicGenre.png">special://skin/extras/icons/audiogenre.png</icon>
    <icon image="DefaultSets.png">special://skin/extras/icons/sets.png</icon>
    <icon image="DefaultStudios.png">special://skin/extras/icons/director.png</icon>
    <icon image="DefaultTags.png">special://skin/extras/icons/tags.png</icon>
    <icon image="DefaultMovieTitle.png">special://skin/extras/icons/film.png</icon>
    <icon image="DefaultTVShowTitle.png">special://skin/extras/icons/tv.png</icon>
    <icon image="DefaultMusicVideoTitle.png">special://skin/extras/icons/musicvideo.png</icon>
    <icon image="DefaultYear.png">special://skin/extras/icons/year.png</icon>
    <icon image="DefaultRecentlyAddedEpisodes.png">special://skin/extras/icons/recentlyadded.png</icon>
    <icon image="DefaultRecentlyAddedMusicVideos.png">special://skin/extras/icons/recentlyadded.png</icon>
    <icon image="DefaultInProgressShows.png">special://skin/extras/icons/recentlyadded.png</icon>
    <icon image="DefaultMusicArtists.png">special://skin/extras/icons/artist.png</icon>
    <icon image="DefaultMusicGenres.png">special://skin/extras/icons/audiogenre.png</icon>
    <icon image="DefaultMusicSongs.png">special://skin/extras/icons/song.png</icon>
    <icon image="DefaultMusicYears.png">special://skin/extras/icons/years.png</icon>
    <icon image="DefaultMusicTop100.png">special://skin/extras/icons/top100.png</icon>
    <icon image="DefaultMusicRecentlyAdded.png">special://skin/extras/icons/recentlyadded.png</icon>
    <icon image="DefaultMusicRecentlyPlayed.png">special://skin/extras/icons/recent.png</icon>
    <icon image="DefaultAddonVideo.png">special://skin/extras/icons/video-addons.png</icon>
    <icon image="DefaultAddonMusic.png">special://skin/extras/icons/songs.png</icon>
    <icon image="DefaultAddonProgram.png">special://skin/extras/icons/addons.png</icon>

    <availableshortcutlabel action="ActivateWindow(Videos)">$LOCALIZE[3]</availableshortcutlabel>
    <availableshortcutlabel action="ActivateWindow(Music)">$LOCALIZE[2]</availableshortcutlabel>

    <!-- Shortcuts -->
    <groupings>

        <node label="32029">
            <content>common</content>
        </node>
        <node label="31075">
            <shortcut label="342" type="32029">ActivateWindow(1101)</shortcut>
            <shortcut label="20343" type="32029">ActivateWindow(1102)</shortcut>
            <shortcut label="2" type="32029">ActivateWindow(1103)</shortcut>
            <shortcut label="31085" type="32029">ActivateWindow(1104)</shortcut>
            <shortcut label="24001" type="32029">ActivateWindow(1132)</shortcut>
            <shortcut label="31076" type="32029">ActivateWindow(1130)</shortcut>
            <shortcut label="31080" type="32029">ActivateWindow(1131)</shortcut>
        </node>
        <node label="TMDbHelper">
            <shortcut label="342" type="32010" condition="System.HasAddon(plugin.video.themoviedb.helper)">||BROWSE||plugin.video.themoviedb.helper/?info=dir_movie</shortcut>
            <shortcut label="20343" type="32010" condition="System.HasAddon(plugin.video.themoviedb.helper)">||BROWSE||plugin.video.themoviedb.helper/?info=dir_tv</shortcut>
            <shortcut label="590" type="32010" condition="System.HasAddon(plugin.video.themoviedb.helper)">||BROWSE||plugin.video.themoviedb.helper/?info=dir_random</shortcut>
            <shortcut label="593" type="32010" condition="System.HasAddon(plugin.video.themoviedb.helper)">||BROWSE||plugin.video.themoviedb.helper/</shortcut>
        </node>
        <node label="32030">
            <content>video</content>
            <node label="32040">
                <content>playlist-video</content>
            </node>
            <node label="32010">
                <shortcut label="1037" type="32014" icon="DefaultAddonVideo.png">ActivateWindow(Videos,Addons,return)</shortcut>
                <content>addon-video</content>
            </node>
            <node label="32075">
                <content>videosources</content>
                <content>upnp-video</content>
            </node>
        </node>
        <node label="32031">
            <content>music</content>
            <node label="32040">
                <content>playlist-audio</content>
            </node>
            <node label="32011">
                <shortcut label="1038" type="32019" icon="DefaultAddonMusic.png">ActivateWindow(MusicLibrary,Addons,return)</shortcut>
                <content>addon-audio</content>
            </node>
            <node label="32075">
                <content>musicsources</content>
                <content>upnp-music</content>
            </node>
        </node>
        <node label="32017" condition="System.GetBool(pvrmanager.enabled)" version="13">
            <content>pvr</content>
            <node label="19023">
                <content>pvr-tv</content>
            </node>
            <node label="19024">
                <content>pvr-radio</content>
            </node>
        </node>
        <node label="32017" condition="PVR.HasTVChannels" version="14">
            <content>pvr</content>
            <node label="19023">
                <content>pvr-tv</content>
            </node>
        </node>
        <node label="32087" condition="PVR.HasRadioChannels" version="14">
            <content>radio</content>
            <node label="19024">
                <content>pvr-radio</content>
            </node>
        </node>
        <node label="32020">
            <content>picturesources</content>
        </node>
        <node label="32007">
            <node label="32009">
                <shortcut label="10001" type="32021" icon="DefaultAddonProgram.png">ActivateWindow(Programs,Addons,return)</shortcut>
                <shortcut label="20244" type="32021" icon="DefaultAddonProgram.png" condition="System.Platform.Android">ActivateWindow(Programs,androidapp://sources/apps,return)</shortcut>
                <content>addon-program</content>
            </node>
            <node label="32010">
                <shortcut label="1037" type="32014" icon="DefaultAddonVideo.png">ActivateWindow(Videos,Addons,return)</shortcut>
                <content>addon-video</content>
            </node>
            <node label="32011">
                <shortcut label="1038" type="32019" icon="DefaultAddonMusic.png">ActivateWindow(MusicLibrary,Addons,return)</shortcut>
                <content>addon-audio</content>
            </node>
            <node label="32012">
                <shortcut label="1039" type="32020" icon="DefaultAddonPicture.png">ActivateWindow(Pictures,Addons,return)</shortcut>
                <content>addon-image</content>
            </node>
        </node>
        <node label="32006">
            <content>favourite</content>
        </node>
        <node label="10004">
            <content>settings</content>
        </node>
        <node label="32054">
            <content>commands</content>
        </node>
        <!-- script.skin.helper.service smart shortcuts -->
        <shortcut label="32118" type="32010" condition="System.HasAddon(script.skin.helper.service)">||BROWSE||script.skin.helper.service/?action=smartshortcuts</shortcut>

        <shortcut label="TMDbHelper Movies" type="32010" condition="System.HasAddon(plugin.video.themoviedb.helper)">||BROWSE||plugin.video.themoviedb.helper/?info=dir_movie</shortcut>
        <shortcut label="TMDbHelper TV" type="32010" condition="System.HasAddon(plugin.video.themoviedb.helper)">||BROWSE||plugin.video.themoviedb.helper/?info=dir_tv</shortcut>
        <shortcut label="TMDbHelper Randomised" type="32010" condition="System.HasAddon(plugin.video.themoviedb.helper)">||BROWSE||plugin.video.themoviedb.helper/?info=dir_random</shortcut>
        <shortcut label="TMDbHelper All" type="32010" condition="System.HasAddon(plugin.video.themoviedb.helper)">||BROWSE||plugin.video.themoviedb.helper/</shortcut>
    </groupings>


    <!-- Widget Grouping -->
    <widget-groupings>
        <node label="$LOCALIZE[31049]">
            <node label="$LOCALIZE[342]">
                <shortcut widget="NewMovies" label="$LOCALIZE[20382]" icon="DefaultRecentlyAddedMovies.png" widgetTarget="videos" type="videos">special://skin/extras/playlists/NewMovies.xsp</shortcut>
                <shortcut widget="RecentMovies" label="$LOCALIZE[31089]" icon="DefaultMusicRecentlyPlayed.png" widgetTarget="videos" type="videos">special://skin/extras/playlists/RecentMovies.xsp</shortcut>
                <shortcut widget="RandomMovies" label="$LOCALIZE[590]" icon="DefaultMovies.png" widgetTarget="videos" type="videos">special://skin/extras/playlists/RandomMovies.xsp</shortcut>
                <shortcut widget="InProgressMovies" label="$LOCALIZE[31090]" icon="special://skin/extras/icons/timer.png" widgetTarget="videos" type="videos">special://skin/extras/playlists/InProgressMovies.xsp</shortcut>
                <shortcut widget="TopRatedMovies" label="$LOCALIZE[31091]" icon="DefaultMusicTop100Albums.png" widgetTarget="videos" type="videos">special://skin/extras/playlists/TopRatedMovies.xsp</shortcut>
                <shortcut widget="Top250Movies" label="$LOCALIZE[31092]" icon="DefaultMusicTop100Albums.png" widgetTarget="videos" type="videos">special://skin/extras/playlists/Top250Movies.xsp</shortcut>
                <shortcut widget="UnwatchedMovies" label="$LOCALIZE[16101]" icon="DefaultMovies.png" widgetTarget="videos" type="videos">special://skin/extras/playlists/UnwatchedMovies.xsp</shortcut>
                <shortcut widget="MovieNodes" label="$LOCALIZE[31093]" icon="special://skin/extras/icons/title.png" widgetTarget="videos" type="videos">library://video/movies/</shortcut>
                <shortcut widget="MovieGenres" label="$LOCALIZE[135]" icon="DefaultGenre.png" widgetTarget="videos" type="videos">library://video/movies/genres.xml</shortcut>
                <shortcut widget="MovieSets" label="$LOCALIZE[20434]" icon="DefaultSets.png" widgetTarget="videos" type="videos">videodb://movies/sets/</shortcut>
            </node>
            <node label="$LOCALIZE[20343]">
                <shortcut widget="NewTvShows" label="$LOCALIZE[20382]" icon="DefaultRecentlyAddedMovies.png" widgetTarget="videos" type="videos">special://skin/extras/playlists/NewShows.xsp</shortcut>
                <shortcut widget="RecentTvShows" label="$LOCALIZE[31089]" icon="DefaultMusicRecentlyPlayed.png" widgetTarget="videos" type="videos">special://skin/extras/playlists/RecentTvShows.xsp</shortcut>
                <shortcut widget="InProgress" label="$LOCALIZE[31090]" icon="special://skin/extras/icons/timer.png" widgetTarget="videos" type="videos">library://video/tvshows/inprogressshows.xml</shortcut>
                <shortcut widget="RandomTvShows" label="$LOCALIZE[590]" icon="DefaultTVShows.png" widgetTarget="videos" type="videos">special://skin/extras/playlists/RandomTvShows.xsp</shortcut>
                <shortcut widget="TopRatedTvShows" label="$LOCALIZE[31091]" icon="DefaultMusicTop100Albums.png" widgetTarget="videos" type="videos">special://skin/extras/playlists/TopRatedTvShows.xsp</shortcut>
                <shortcut widget="TvShowNodes" label="$LOCALIZE[31093]" icon="special://skin/extras/icons/title.png" widgetTarget="videos" type="videos">library://video/tvshows/</shortcut>
                <shortcut widget="TvShowGenres" label="$LOCALIZE[135]" icon="DefaultGenre.png" widgetTarget="videos" type="videos">library://video/tvshows/genres.xml</shortcut>
            </node>
            <node label="$LOCALIZE[20360]">
                <shortcut widget="NewEpisodes" label="$LOCALIZE[20382]" icon="DefaultRecentlyAddedMovies.png" widgetTarget="videos" type="videos">special://skin/extras/playlists/NewEpisodes.xsp</shortcut>
                <shortcut widget="Recent Episodes" label="$LOCALIZE[31089]" icon="DefaultMusicRecentlyPlayed.png" widgetTarget="videos" type="videos">special://skin/extras/playlists/RecentEpisodes.xsp</shortcut>
                <shortcut widget="RandomEpisodes" label="$LOCALIZE[590]" icon="DefaultTVShows.png" widgetTarget="videos" type="videos">special://skin/extras/playlists/RandomEpisodes.xsp</shortcut>
                <shortcut widget="UnwatchedEpisodes" label="$LOCALIZE[16101]" icon="DefaultTVShows.png" widgetTarget="videos" type="videos">special://skin/extras/playlists/UnwatchedEpisodes.xsp</shortcut>
                <shortcut widget="InProgressEpisodes" label="$LOCALIZE[31090]" icon="special://skin/extras/icons/timer.png" widgetTarget="videos" type="videos">special://skin/extras/playlists/InProgressEpisodes.xsp</shortcut>
                <shortcut widget="TopRatedEpisodes" label="$LOCALIZE[31091]" icon="DefaultMusicTop100Albums.png" widgetTarget="videos" type="videos">special://skin/extras/playlists/TopRatedEpisodes.xsp</shortcut>
            </node>
            <node label="$LOCALIZE[249]">
                <shortcut widget="NewAlbums" label="$LOCALIZE[20382]" icon="DefaultMusicRecentlyAdded.png" widgetTarget="music" type="music">musicdb://recentlyaddedalbums/</shortcut>
                <shortcut widget="RecentAlbums" label="$LOCALIZE[31089]" icon="DefaultMusicRecentlyPlayed.png" widgetTarget="music" type="music">musicdb://recentlyplayedalbums/</shortcut>
                <shortcut widget="TopAlbums" label="$LOCALIZE[10505]" icon="DefaultMusicTop100Albums.png" widgetTarget="music" type="music">musicdb://top100/albums/</shortcut>
                <shortcut widget="RandomAlbums" label="$LOCALIZE[31094]" icon="DefaultMusicAlbums.png" widgetTarget="music" type="music">special://skin/extras/playlists/RandomAlbums.xsp</shortcut>
                <shortcut widget="RandomArtists" label="$LOCALIZE[31095]" icon="DefaultMusicArtists.png" widgetTarget="music" type="music">special://skin/extras/playlists/RandomArtists.xsp</shortcut>
                <shortcut widget="MusicNodes" label="$LOCALIZE[31093]" icon="special://skin/extras/icons/title.png" widgetTarget="music" type="music">library://music/</shortcut>
            </node>
            <node label="$LOCALIZE[31085]">
                <shortcut widget="LastPlayedChannels" label="$LOCALIZE[568]" icon="DefaultAddonPVRClient.png" widgetTarget="TVChannels" type="pvr">pvr://channels/tv/*?view=lastplayed</shortcut>
                <shortcut widget="AllChannels" label="$LOCALIZE[19287]" icon="DefaultAddonPVRClient.png" widgetTarget="TVChannels" type="pvr">pvr://channels/tv/*</shortcut>
                <shortcut widget="ActiveRecordings" label="$LOCALIZE[31096]" icon="DefaultAddonPVRClient.png" widgetTarget="TVRecordings" type="pvr">pvr://recordings/tv/active?view=flat</shortcut>
                <shortcut widget="GroupedActiveRecordings" label="$LOCALIZE[31097]" icon="DefaultAddonPVRClient.png" widgetTarget="TVRecordings" type="pvr">pvr://recordings/tv/active?view=grouped</shortcut>
                <shortcut widget="DeletedRecordings" label="$LOCALIZE[19184]" icon="DefaultAddonPVRClient.png" widgetTarget="pvr" type="TVRecordings">pvr://recordings/tv/deleted?view=flat</shortcut>
                <shortcut widget="GroupedDeletedRecordings" label="$LOCALIZE[31098]" icon="DefaultAddonPVRClient.png" widgetTarget="TVRecordings" type="pvr">pvr://recordings/tv/deleted?view=grouped</shortcut>
                <shortcut widget="Timers" label="$LOCALIZE[19040]" icon="DefaultAddonPVRClient.png" widgetTarget="TVTimers" type="pvr">pvr://timers/tv/timers</shortcut>
            </node>
            <node label="$LOCALIZE[19021]">
                <shortcut widget="RadioLastPlayedChannels" label="$LOCALIZE[568]" icon="DefaultAddonPVRClient.png" widgetTarget="RadioChannels" type="pvr">pvr://channels/radio/*?view=lastplayed</shortcut>
                <shortcut widget="RadioAllChannels" label="$LOCALIZE[19287]" icon="DefaultAddonPVRClient.png" widgetTarget="pvr" type="RadioChannels">pvr://channels/radio/*</shortcut>
                <shortcut widget="RadioActiveRecordings" label="$LOCALIZE[31096]" icon="DefaultAddonPVRClient.png" widgetTarget="RadioRecordings" type="pvr">pvr://recordings/radio/active?view=flat</shortcut>
                <shortcut widget="RadioGroupedActiveRecordings" label="$LOCALIZE[31097]" icon="DefaultAddonPVRClient.png" widgetTarget="RadioRecordings" type="pvr">pvr://recordings/radio/active?view=grouped</shortcut>
                <shortcut widget="RadioDeletedRecordings" label="$LOCALIZE[19184]" icon="DefaultAddonPVRClient.png" widgetTarget="RadioRecordings" type="pvr">pvr://recordings/radio/deleted?view=flat</shortcut>
                <shortcut widget="RadioGroupedDeletedRecordings" label="$LOCALIZE[31098]" icon="DefaultAddonPVRClient.png" widgetTarget="RadioRecordings" type="pvr">pvr://recordings/radio/deleted?view=grouped</shortcut>
                <shortcut widget="RadioTimers" label="$LOCALIZE[19040]" icon="DefaultAddonPVRClient.png" widgetTarget="RadioTimers" type="pvr">pvr://timers/radio/timers</shortcut>
            </node>
            <node label="$LOCALIZE[29921]">
                <content>widgets</content>
                <shortcut widget="VideoSources" label="$LOCALIZE[31099]" icon="DefaultVideo.png" widgetTarget="videos" type="videos">sources://video/</shortcut>
                <shortcut widget="MusicSources" label="$LOCALIZE[31100]" icon="DefaultMusicSongs.png" widgetTarget="music" type="music">sources://music/</shortcut>
                <shortcut widget="PictureSources" label="$LOCALIZE[31101]" icon="DefaultPicture.png" widgetTarget="pictures" type="pictures">sources://pictures/</shortcut>
            </node>
            <shortcut widget="Favourites" label="$LOCALIZE[1036]" widgetTarget="">favourites://</shortcut>
        </node>
        <node label="$LOCALIZE[24001]">
            <node label="$LOCALIZE[1037]">
                <content>addon-video</content>
            </node>
            <node label="$LOCALIZE[1038]">
                <content>addon-audio</content>
            </node>
            <node label="$LOCALIZE[1039]">
                <content>addon-image</content>
            </node>
            <node label="$LOCALIZE[1043]">
                <content>addon-program-plugin</content>
            </node>
            <shortcut label="10001" icon="DefaultAddonProgram.png" widget="addon" widgetType="program" widgetTarget="programs" type="programs">addons://sources/executable/</shortcut>
            <shortcut label="20244" icon="DefaultAddonProgram.png" widget="addon" widgetType="program" widgetTarget="programs" type="programs" condition="System.Platform.Android">androidapp://sources/apps/</shortcut>
            <shortcut label="1037" icon="DefaultAddonVideo.png" widget="addon" widgetType="video" widgetTarget="videos" type="videos">addons://sources/video/</shortcut>
            <shortcut label="1038" icon="DefaultAddonMusic.png" widget="addon" widgetType="music" widgetTarget="music" type="music">addons://sources/audio/</shortcut>
            <shortcut label="1039" icon="DefaultAddonPicture.png" widget="addon" widgetType="picture" widgetTarget="pictures" type="pictures">addons://sources/image/</shortcut>
        </node>
        <node label="$LOCALIZE[3]">
            <content>video</content>
            <node label="$LOCALIZE[20012]">
                <content>playlist-video</content>
            </node>
            <node label="$LOCALIZE[1037]">
                <content>addon-video</content>
            </node>
            <node label="$LOCALIZE[31099]">
                <content>videosources</content>
            </node>
        </node>
        <node label="$LOCALIZE[2]">
            <content>music</content>
            <node label="$LOCALIZE[20011]">
                <content>playlist-audio</content>
            </node>
            <node label="$LOCALIZE[1038]">
                <content>addon-audio</content>
            </node>
            <node label="$LOCALIZE[31100]">
                <content>musicsources</content>
            </node>
        </node>
        <node label="$LOCALIZE[31101]">
            <content>picturesources</content>
        </node>
        <node label="$LOCALIZE[1036]">
            <content>favourite</content>
        </node>
        <shortcut label="TMDbHelper Movies" type="32010" condition="System.HasAddon(plugin.video.themoviedb.helper)">||BROWSE||plugin.video.themoviedb.helper/?info=dir_movie</shortcut>
        <shortcut label="TMDbHelper TV" type="32010" condition="System.HasAddon(plugin.video.themoviedb.helper)">||BROWSE||plugin.video.themoviedb.helper/?info=dir_tv</shortcut>
        <shortcut label="TMDbHelper Randomised" type="32010" condition="System.HasAddon(plugin.video.themoviedb.helper)">||BROWSE||plugin.video.themoviedb.helper/?info=dir_random</shortcut>
        <shortcut label="TMDbHelper All" type="32010" condition="System.HasAddon(plugin.video.themoviedb.helper)">||BROWSE||plugin.video.themoviedb.helper/</shortcut>
    </widget-groupings>

    <!-- customsearch Grouping -->
    <customsearch-groupings>
        <node label="32010">
            <content>addon-video</content>
        </node>
        <node label="32011">
            <content>addon-audio</content>
        </node>
        <node label="32012">
            <content>addon-image</content>
        </node>
        <node label="32009">
            <content>addon-program</content>
        </node>
    </customsearch-groupings>
    <customsearchdefaultitems-groupings>
        <shortcut label="Movies" type="571" icon="special://skin/extras/icons/film.png">DefaultSearch-Movies</shortcut>
        <shortcut label="Tv Shows" type="571" icon="special://skin/extras/icons/tv.png">DefaultSearch-TvShows</shortcut>
        <shortcut label="Episodes" type="571" icon="special://skin/extras/icons/tv.png">DefaultSearch-Episodes</shortcut>
        <shortcut label="Tags" type="571" icon="special://skin/extras/icons/tags.png">DefaultSearch-Tags</shortcut>
        <shortcut label="Genres" type="571" icon="special://skin/extras/icons/genres.png">DefaultSearch-Genres</shortcut>
        <shortcut label="Year" type="571" icon="special://skin/extras/icons/years.png">DefaultSearch-Year</shortcut>
        <shortcut label="Studio" type="571" icon="special://skin/extras/icons/studio.png">DefaultSearch-Studio</shortcut>
        <shortcut label="Country" type="571" icon="special://skin/extras/icons/country.png">DefaultSearch-Country</shortcut>
        <shortcut label="Actor" type="571" icon="special://skin/extras/icons/person.png">DefaultSearch-Actor</shortcut>
        <shortcut label="Director" type="571" icon="special://skin/extras/icons/person.png">DefaultSearch-Director</shortcut>
        <shortcut label="Albums" type="571" icon="special://skin/extras/icons/songs.png">DefaultSearch-Albums</shortcut>
        <shortcut label="Artists" type="571" icon="special://skin/extras/icons/songs.png">DefaultSearch-Artists</shortcut>
        <shortcut label="Songs" type="571" icon="special://skin/extras/icons/songs.png">DefaultSearch-Songs</shortcut>
        <shortcut label="Music Videos" type="571" icon="special://skin/extras/icons/musicvideo.png">DefaultSearch-MusicVideos</shortcut>
        <shortcut label="Music Video Artists" type="571" icon="special://skin/extras/icons/musicvideo.png">DefaultSearch-MusicVideoArtists</shortcut>
        <shortcut label="Youtube" type="571" icon="special://skin/extras/icons/youtube.png">DefaultSearch-Youtube</shortcut>
        <shortcut label="Netflix" type="571" icon="special://skin/extras/icons/netflix.png">DefaultSearch-Netflix</shortcut>
        <shortcut label="Hulu" type="571" icon="special://skin/extras/icons/hulu.png">DefaultSearch-Hulu</shortcut>
        <shortcut label="Disney+" type="571" icon="special://skin/extras/icons/disneyplus.png">DefaultSearch-DisneyPlus</shortcut>
        <shortcut label="Spotify Artists" type="571" icon="special://skin/extras/icons/spotify.png">DefaultSearch-SpotifyArtists</shortcut>
        <shortcut label="Spotify Albums" type="571" icon="special://skin/extras/icons/spotify.png">DefaultSearch-SpotifyAlbums</shortcut>
        <shortcut label="Spotify Songs" type="571" icon="special://skin/extras/icons/spotify.png">DefaultSearch-SpotifySongs</shortcut>
        <shortcut label="Spotify Playlists" type="571" icon="special://skin/extras/icons/spotify.png">DefaultSearch-SpotifyPlaylists</shortcut>
        <shortcut label="Radio DE" type="571" icon="special://skin/extras/icons/radio.png">DefaultSearch-RadioDE</shortcut>
        <shortcut label="TMDb Movies" type="571" icon="special://skin/extras/icons/film.png">DefaultSearch-TMDBMovies</shortcut>
        <shortcut label="TMDb Shows" type="571" icon="special://skin/extras/icons/tv.png">DefaultSearch-TMDBShows</shortcut>
        <shortcut label="TMDb Sets" type="571" icon="special://skin/extras/icons/sets.png">DefaultSearch-TMDBSets</shortcut>
        <shortcut label="TMDb People" type="571" icon="special://skin/extras/icons/person3.png">DefaultSearch-TMDBPeople</shortcut>
        <shortcut label="Trakt Lists" type="571" icon="special://skin/extras/icons/trakt.png">DefaultSearch-TMDBListsTrakt</shortcut>
        <shortcut label="MDB Lists" type="571" icon="special://skin/extras/icons/list.png">DefaultSearch-TMDBListsMDBList</shortcut>

    </customsearchdefaultitems-groupings>
</overrides>
