<?xml version="1.0" encoding="UTF-8"?>
<window type="window">
    <defaultcontrol>7000</defaultcontrol>
    <controls>
        <include content="Dialog_Overlay_Side">
            <include>Animation_Right_Delay</include>
            <include>Dimension_DialogSideMenu</include>
            <include content="Dialog_Head">
                <param name="id" value="7900" />
                <param name="label">$LOCALIZE[21422]</param>
            </include>
            <include content="Dialog_Body">
                <include content="Dialog_Body_Group">
                    <control type="grouplist" id="7000">
                        <onup>noop</onup>
                        <onright>9000</onright>
                        <ondown condition="Control.IsEnabled(20)">20</ondown>
                        <ondown condition="!Control.IsEnabled(20)">17</ondown>
                        <include content="Settings_Button">
                            <param name="id" value="15" />
                            <param name="control" value="button" />
                        </include>
                        <include content="Settings_Button">
                            <param name="id" value="16" />
                            <param name="control" value="button" />
                        </include>
                    </control>

                    <control type="group">
                        <height>x08</height>
                        <top>x16</top>
                        <control type="image">
                            <include>Texture_Menu_Highlight_H</include>
                            <visible>Control.HasFocus(20)</visible>
                        </control>
                        <include content="Settings_Button">
                            <param name="id" value="17" />
                            <param name="control" value="edit" />
                            <onup>16</onup>
                            <onright>20</onright>
                            <textwidth>x32</textwidth>
                        </include>
                        <control type="button" id="20">
                            <onleft>17</onleft>
                            <onup>16</onup>
                            <onright>9000</onright>
                            <width>32</width>
                            <height>32</height>
                            <centertop>50%</centertop>
                            <right>40</right>
                            <hitrect x="-24" y="-24" w="80" h="80" />
                            <texturenofocus colordiffuse="80ffffff">buttons/browse.png</texturenofocus>
                            <texturefocus colordiffuse="$VAR[ColorSelected]">buttons/browse.png</texturefocus>
                            <font />
                            <textcolor>00ffffff</textcolor>
                            <selectedcolor>00ffffff</selectedcolor>
                            <focusedcolor>00ffffff</focusedcolor>
                            <visible>Control.IsEnabled(20)</visible>
                        </control>
                        <control type="group" id="1000">
                            <animation effect="slide" end="60" condition="!Control.IsEnabled(20)">Conditional</animation>
                            <width>32</width>
                            <height>32</height>
                            <centertop>50%</centertop>
                            <right>100</right>
                            <control type="image">
                                <texture colordiffuse="80ffffff">buttons/editname.png</texture>
                                <visible>!Control.HasFocus(17)</visible>
                            </control>
                            <control type="image">
                                <texture colordiffuse="$VAR[ColorSelected]">buttons/editname.png</texture>
                                <visible>Control.HasFocus(17)</visible>
                            </control>
                        </control>
                    </control>

                    <control type="textbox">
                        <top>x28</top>
                        <label>$INFO[Control.GetLabel(17).index(1)]</label>
                        <font>font_mini_plot</font>
                        <left>x04</left>
                        <right>x04</right>
                        <aligny>top</aligny>
                    </control>
                </include>
                <include content="Dialog_Side_Grouplist">
                    <param name="id">9000</param>
                    <onright>noop</onright>
                    <onleft>7000</onleft>
                    <include content="DialogInfo_Button">
                        <param name="vertical">true</param>
                        <param name="id">18</param>
                        <param name="groupid">9101</param>
                        <param name="sliceid">9201</param>
                        <param name="label">$LOCALIZE[186]</param>
                        <param name="icon">special://skin/extras/icons/circle-check.png</param>
                        <include content="DialogInfo_Button_HintLabel">
                            <param name="label">$LOCALIZE[186]</param>
                        </include>
                    </include>
                    <include content="DialogInfo_Button">
                        <param name="vertical">true</param>
                        <param name="id">19</param>
                        <param name="groupid">9103</param>
                        <param name="sliceid">9203</param>
                        <param name="label">$LOCALIZE[222]</param>
                        <param name="icon">special://skin/extras/icons/circle-xmark.png</param>
                        <include content="DialogInfo_Button_HintLabel">
                            <param name="label">$LOCALIZE[222]</param>
                        </include>
                    </include>
                </include>
            </include>
        </include>
    </controls>
</window>