[
    {
        "label": "Movies",
        "icon": "special://skin/extras/icons/film.png",
        "path": "library://video/movies/",
        "target": "videos",
        "guid": "guid-45ec4acd",
        "widget_style": "Apps"
    },
    {
        "label": "Recently added",
        "path": "library://video/movies/recentlyaddedmovies.xml/",
        "icon": "special://skin/extras/icons/recentlyadded.png",
        "target": "videos",
        "guid": "guid-c9b3d1e5"
    },
    {
        "label": "In-Progress Movies",
        "path": "special://skin/extras/playlists/InProgressMovies.xsp",
        "icon": "special://skin/extras/icons/list-ol.png",
        "target": "videos",
        "guid": "guid-f75348bb"
    }
]