<contents>
    <value name="comments">Home Widgets Only</value>
    <value name="window_id">Home</value>
    <template>generator/data/parts/basic_include.xmltemplate</template>
    <value name="includes_name">skinvariables-homemenu-widgetsonly</value>
    <value name="includes_part">
        <items menu="sidemenu">
            <item>
                <value name="comments">Widget Group</value>
                <template>generator/data/parts/basic_content.xmltemplate</template>
                <condition>Skin.HasSetting(Hub.{window_id}.DisableSubmenu)</condition>
                <condition>{item_global_widgets}==</condition>
                <value name="includes_name">Hub_Menu_Group</value>
                <value name="includes_part">
                    <template>generator/data/parts/widgets_grouplist.xmltemplate</template>
                    <datafile>generator/data/setup/widgets_grouplist.xml</datafile>
                    <datafile>generator/data/setup/widgetsclassic_grouplist.xml</datafile>
                    <value name="all_standard_widgets">
                        <items mode="widgets" item="{item_x}" menu="{item_menu}">
                            <item>
                                <template>generator/data/parts/widgets_row.xmltemplate</template>
                                <datafile>generator/data/setup/widgets_row.xml</datafile>
                                <condition>{item_path}!=</condition>
                                <condition>{item_disabled}!=True</condition>
                                <enumitem name="enum_x">widget_{parent_item_menu}_{parent_item_x}</enumitem>
                            </item>
                        </items>
                    </value>
                    <value name="all_endrow_selector">
                        <value name="comments">Widget Selector</value>
                        <template>generator/data/parts/endrow_selector.xmltemplate</template>
                        <condition>Skin.HasSetting(Hub.{window_id}.WidgetSelector)</condition>
                        <value name="endrow_visible">String.IsEqual(Container({sidemenu_id}).ListItem.Property(guid),{item_guid})</value>
                        <value name="all_endrow_items">
                            <items mode="widgets" item="{item_x}" menu="{item_menu}">
                                <item>
                                    <template>generator/data/parts/endrow_item.xmltemplate</template>
                                    <datafile>generator/data/setup/onclick_path.xml</datafile>
                                    <datafile>generator/data/setup/endrow_item.xml</datafile>
                                    <condition>{item_path}!=</condition>
                                    <condition>{item_disabled}!=True</condition>
                                    <enumitem name="enum_x">endrow_{parent_item_menu}_{parent_item_x}</enumitem>
                                </item>
                            </items>
                        </value>
                    </value>
                </value>
            </item>
        </items>
    </value>
    <value name="includes_misc">
        <value name="comments">Widget Global Group</value>
        <template>generator/data/parts/basic_content.xmltemplate</template>
        <condition>Skin.HasSetting(Hub.{window_id}.DisableSubmenu)</condition>
        <value name="includes_name">Hub_Menu_Group</value>
        <value name="includes_part">
            <template>generator/data/parts/widgets_grouplist.xmltemplate</template>
            <datafile>generator/data/setup/widgets_grouplist.xml</datafile>
            <datafile>generator/data/setup/globalhomewidgets_grouplist.xml</datafile>
            <value name="all_standard_widgets">
                <items menu="homemenu-globalwidgets">
                    <item>
                        <template>generator/data/parts/widgets_row.xmltemplate</template>
                        <datafile>generator/data/setup/widgets_row.xml</datafile>
                        <condition>{item_path}!=</condition>
                        <condition>{item_disabled}!=True</condition>
                        <enumitem name="enum_x">widget_homemenu_globalwidgets</enumitem>
                    </item>
                </items>
            </value>
            <value name="all_endrow_selector">
                <value name="comments">Widget Global Selector</value>
                <template>generator/data/parts/endrow_selector.xmltemplate</template>
                <condition>Skin.HasSetting(Hub.{window_id}.WidgetSelector)</condition>
                <value name="endrow_visible">!String.IsEmpty(Container({sidemenu_id}).ListItem.Property(global_widgets))</value>
                <value name="all_endrow_items">
                    <items menu="homemenu-globalwidgets">
                        <item>
                            <template>generator/data/parts/endrow_item.xmltemplate</template>
                            <datafile>generator/data/setup/onclick_path.xml</datafile>
                            <condition>{item_path}!=</condition>
                            <condition>{item_disabled}!=True</condition>
                            <enumitem name="enum_x">endrow_homemenu_globalwidgets</enumitem>
                        </item>
                    </items>
                </value>
            </value>
        </value>
    </value>
</contents>