<?xml version="1.0" encoding="UTF-8"?>
<window>
    <controls>
        <include condition="!Window.IsVisible(videoosd)">Object_Overlay</include>
        <include content="Dialog_Background">
            <visible>!Window.IsVisible(DialogSubtitles.xml)</visible>
            <visible>!Window.IsVisible(DialogSlider.xml)</visible>
            <include>Animation_SlideIn_Dialog</include>
            <include condition="Window.IsVisible(videoosd)">Dimension_DialogSelect_OSD</include>
            <include condition="!Window.IsVisible(videoosd)">Dimension_DialogSelect</include>
            <include>Dialog_Overlay_Buttons</include>
            <include content="Dialog_Header">
                <param name="id" value="2" />
                <include content="Object_Include" condition="Window.IsVisible(videoosd)">
                    <align>left</align>
                </include>
            </include>
            <include content="Dialog_Group">
                <control type="group">
                    <right>0</right>
                    <width>dialog_button_width</width>

                    <control type="grouplist" id="9000">
                        <onleft>61</onleft>
                        <itemgap>20</itemgap>
                        <control type="button" id="28" description="OK">
                            <height>row_height</height>
                        </control>
                        <control type="button" id="29" description="Cancel">
                            <height>row_height</height>
                        </control>
                        <control type="button" id="30" description="Clear">
                            <height>row_height</height>
                        </control>
                    </control>

                    <!-- <control type="image">
                        <height>dialog_button_width</height>
                        <bottom>0</bottom>
                        <texture background="true">$INFO[Container(6).ListITem.Icon]</texture>
                    </control> -->
                </control>

                <control type="group">
                    <right>dialog_button_width</right>
                    <control type="group">
                        <right>dialog_pad</right>

                        <control type="grouplist" id="5">
                            <left>-dialog_pad</left>
                            <pagecontrol>61</pagecontrol>
                            <onright>61</onright>
                        </control>

                        <include content="Dialog_Scrollbar">
                            <onright>9000</onright>
                            <onleft>5</onleft>
                        </include>
                    </control>
                </control>


            </include>
        </include>


        <include content="Dialog_Settings_Button">
            <param name="id" value="7" />
            <param name="control" value="button" />
            <description>Default Setting Button</description>
        </include>

        <include content="Dialog_Settings_Button">
            <param name="id" value="8" />
            <param name="control" value="radiobutton" />
            <description>Default Setting Button</description>
        </include>

        <include content="Dialog_Settings_Button">
            <param name="id" value="9" />
            <param name="control" value="spincontrolex" />
            <description>Default Setting Button</description>
        </include>

        <include content="Dialog_Settings_Button">
            <param name="id" value="11" />
            <param name="control" value="image" />
            <description>Default Setting Button</description>
            <visible>false</visible>
        </include>

        <include content="Dialog_Settings_Button">
            <param name="id" value="12" />
            <param name="control" value="edit" />
            <description>Default Setting Button</description>
        </include>

        <include content="Dialog_Settings_Button">
            <param name="id" value="13" />
            <param name="control" value="sliderex" />
            <description>Default Setting Button</description>
        </include>

        <include content="Dialog_Settings_Label">
            <param name="id" value="14" />
            <param name="control" value="label" />
            <description>Default Setting Label</description>
        </include>
    </controls>
</window>
