<contents>
    <value name="comments">Static Sidemenu Button</value>
    <template>generator/data/parts/basic_include.xmltemplate</template>
    <value name="includes_name">skinvariables-sidemenu-staticbutton-primary</value>
    <value name="includes_part">
        <items menu="sidemenu">
            <item>
                <template>generator/data/parts/menu_buttonitem_primary.xmltemplate</template>
                <condition>{item_x}==0</condition>
            </item>
        </items>
    </value>
</contents>