<?xml version="1.0" encoding="UTF-8"?>
<window>
    <controls>

        <include content="Dialog_Overlay_Side">
            <include>Animation_Right_Delay</include>
            <include>Dimension_DialogFullMenu</include>
            <include content="Dialog_Head">
                <param name="id">100</param>
            </include>
            <include content="Dialog_Body">
                <include content="Dialog_Body_Group">
                
                    <include content="List_DialogSelect">
                        <param name="id">150</param>
                        <onright>120</onright>
                        <width>settings_category_w</width>
                    </include>

                    <control type="image" id="110" description="Service Logo">
                        <height>dialog_button_w</height>
                        <bottom>0</bottom>
                        <width>settings_category_w</width>
                        <aspectratio aligny="bottom">keep</aspectratio>
                    </control>

                    <include content="List_DialogSelect">
                        <param name="id">120</param>
                        <param name="itemlayout_include">Layout_DialogSubtitles</param>
                        <param name="item_height">x10</param>
                        <onleft>150</onleft>
                        <onright>61</onright>
                        <pagecontrol>61</pagecontrol>
                        <left>settings_category_w</left>
                    </include>

                    <control type="label" id="130" description="Textbox">
                        <height>40</height>
                        <font>font_tiny</font>
                        <align>center</align>
                        <top>-40</top>
                    </control>

                    <control type="label" id="140" description="Textbox">
                        <height>40</height>
                        <font>font_tiny</font>
                        <align>right</align>
                        <bottom>-40</bottom>
                    </control>

                    <control type="label" description="Filename">
                        <height>40</height>
                        <font>font_tiny</font>
                        <align>left</align>
                        <label>$INFO[Player.FileName]</label>
                        <bottom>-40</bottom>
                    </control>

                </include>

                <include content="Dialog_Scrollbar">
                    <param name="id">61</param>
                    <onright>9000</onright>
                    <onleft>120</onleft>
                </include>

                <include content="Dialog_Side_Grouplist">
                    <param name="id">9000</param>
                    <onright>noop</onright>
                    <onleft>61</onleft>
                    <include content="Dialog_Side_Button">
                        <param name="id">01</param>
                        <param name="label">$LOCALIZE[15067]</param>
                        <param name="icon">special://skin/extras/icons/circle-xmark.png</param>
                        <onclick>Close</onclick>
                    </include>
                    <include content="DialogInfo_Button">
                        <param name="vertical">true</param>
                        <param name="id">160</param>
                        <param name="groupid">9102</param>
                        <param name="sliceid">9202</param>
                        <param name="label">$LOCALIZE[413]</param>
                        <param name="icon">special://skin/extras/icons/circle-plus.png</param>
                        <include content="DialogInfo_Button_HintLabel">
                            <param name="label">$LOCALIZE[413]</param>
                        </include>
                    </include>
                </include>
            </include>
        </include>


    </controls>
</window>
