<?xml version="1.0" encoding="UTF-8"?>
<window type="window" id="1106">
    <include content="Hub_Onload">
        <param name="window_id">1106</param>
    </include>
    <onload condition="String.IsEmpty(Skin.String(HomeSwitcher.1106.UpNextMode))">Skin.SetString(HomeSwitcher.1106.UpNextMode,library_nextaired)</onload>
    <controls>
        <include>Background</include>

        <include>Hub_Window_Refocus_Buttons</include>

        <include content="Home_Control">
            <param name="window">1106</param>
            <param name="overlay">false</param>
            <onup>ActivateWindow(1181)</onup>
            <oninfo>ActivateWindow(1181)</oninfo>
            <ondown>$VAR[Hub_Action_Down]</ondown>
            <onback>303</onback>
            <onclick condition="Skin.String(HomeSwitcher.1106.UpNextMode,library_nextaired)">Skin.SetString(HomeSwitcher.1106.UpNextMode,trakt_calendar)</onclick>
            <onclick condition="Skin.String(HomeSwitcher.1106.UpNextMode,trakt_calendar)">Skin.SetString(HomeSwitcher.1106.UpNextMode,library_nextaired)</onclick>
        </include>

        <control type="group">
            <include>Animation_Group_Bumper</include>

            <include>NextAired_Info</include>

            <!-- Widgets Groups -->
            <control type="group" id="500">
                <include>Animation_View_WindowChange</include>
                <include content="NextAired_Content">
                    <param name="info">$INFO[Skin.String(HomeSwitcher.1106.UpNextMode)]</param>
                </include>
            </control>

            <control type="group">
                <include>Furniture_Reposition</include>
                <visible>!$EXP[Exp_InfoDialogs]</visible>
                <include>Furniture_Footer_Right</include>
            </control>

            <include>Home_Switcher</include>
        </control>


    </controls>
</window>