<?xml version="1.0" encoding="UTF-8"?>
<window type="dialog" id="1160">
    <defaultcontrol always="true">450</defaultcontrol>
    <controls>

        <include content="Dialog_Overlay_Side">
            <param name="dialog_size">Dimension_DialogWideMenu</param>
            <include>Animation_Right_Delay</include>
            <include content="Dialog_Head">
                <param name="label">$LOCALIZE[1036]</param>
            </include>
            <include content="Dialog_Body">
                <include content="List_DialogSelect">
                    <param name="id">450</param>
                    <param name="detailed">True</param>
                    <param name="item_height">100</param>
                    <param name="textcolor">dialog_fg</param>
                    <include>Dimension_Dialog_Body_Group</include>
                    <pagecontrol>61</pagecontrol>
                    <onright>61</onright>
                    <onleft>Close</onleft>
                    <onclick>RunScript(script.skinvariables,run_executebuiltin=special://skin/shortcuts/skinvariables-openfavourite.json,use_rules,folderpath=$INFO[Container(450).ListItem.FolderPath])</onclick>
                    <!-- <onclick>Close</onclick>
                    <onclick>$INFO[Container(450).ListItem.FolderPath]</onclick> -->
                    <content>favourites://</content>
                </include>
                <include content="Dialog_Scrollbar">
                    <param name="id">61</param>
                    <onright>9000</onright>
                    <onleft>450</onleft>
                    <right>0</right>
                </include>
                <include content="Dialog_Side_Grouplist">
                    <param name="id">9000</param>
                    <onleft>61</onleft>
                    <include content="Dialog_Side_Button">
                        <param name="id">01</param>
                        <param name="label">$LOCALIZE[15067]</param>
                        <param name="icon">special://skin/extras/icons/circle-xmark.png</param>
                        <onclick>Close</onclick>
                    </include>
                </include>
            </include>
        </include>

    </controls>
</window>
