<?xml version="1.0" encoding="UTF-8"?>
<includes>

    <variable name="Hub_Submenu_Highlight">
        <value condition="!String.IsEmpty(Container(302).ListItem.Property(useWidgetList)) + [!String.IsEmpty(Container(302).ListItem.Property(widgetPath)) | !String.IsEmpty(Container(302).ListItem.Property(list))]">main_fg_90</value>
        <value condition="String.IsEmpty(Container(300).ListItem.Property(useWidgetList)) + String.IsEmpty(Container(302).ListItem.Property(widgetPath)) + String.IsEmpty(Container(302).ListItem.Property(list)) + !String.IsEmpty(Container(302).ListItem.FolderPath)">main_fg_90</value>
        <value>main_fg_30</value>
    </variable>

    <include name="Hub_Submenu_List">
        <param name="ondown">340</param>
        <param name="hidden_button">List_ButtonMenu_Row_HiddenButton_View</param>
        <definition>
            <include content="Categories_Selector" condition="!Skin.HasSetting(Hubs.HideSubmenus)">
                <param name="id">$PARAM[id]</param>
                <param name="window_id">$PARAM[window_id]</param>
                <param name="font">font_mini</param>
                <param name="color_fo">$VAR[Hub_Submenu_Highlight]</param>
                <param name="color_nf">main_fg_30</param>
                <param name="hidden_button">$PARAM[hidden_button]</param>
                <param name="hidden_button_prefix">$PARAM[hidden_button_prefix]</param>
                <param name="slide">Skin.HasSetting(Slide.WidgetContainer)</param>
                <param name="hitrect_x">40</param>
                <param name="hitrect_y">20</param>
                <param name="hitrect_w">1640</param>
                <param name="hitrect_h">80</param>
                <top>0</top>
                <left>240</left>
                <height>240</height>
                <include content="Action_Menu_Movement_OnBack">
                    <param name="id">$PARAM[id]</param>
                </include>
                <onup>300</onup>
                <ondown>$PARAM[ondown]</ondown>
                <onfocus>SetProperty(TMDbHelper.WidgetContainer,301,$PARAM[window_id])</onfocus>
                <nested />
            </include>
        </definition>
    </include>

    <include name="Hub_Submenu_Group">
        <control type="group" id="3000">

            <visible>!$EXP[Exp_InfoDialogs]</visible>
            <include>Animation_Transition_InfoPanel_Hide</include>
            <include>Transitions_Down_Visibility</include>

            <top>800</top>
            <height>240</height>
            <left>view_button_left</left>
            <orientation>vertical</orientation>
            <animation effect="slide" time="400" end="0" start="0,30" tween="quadratic" easing="out" reversible="false" condition="String.IsEmpty(Window.Property(Slide.WidgetContainer))">Conditional</animation>
            <animation effect="slide" time="400" end="0,30" start="0" tween="quadratic" easing="out" reversible="false" condition="!String.IsEmpty(Window.Property(Slide.WidgetContainer))">Conditional</animation>
            <nested />

        </control>
    </include>

    <include name="Hub_Menu_Group_Spotlight_Slide">
        <animation effect="slide" time="400" end="0" start="0,-120" tween="quadratic" easing="out" reversible="false" condition="![Integer.IsEqual(Container(301).NumItems,0) + !Container(301).IsUpdating + Integer.IsEqual(Window.Property(TMDBHelper.WidgetContainer),301) + String.IsEmpty(Window.Property(Slide.WidgetContainer))]">Conditional</animation>
        <animation effect="slide" time="400" end="0,-120" start="0" tween="quadratic" easing="out" reversible="false" condition="Integer.IsEqual(Container(301).NumItems,0) + !Container(301).IsUpdating + Integer.IsEqual(Window.Property(TMDBHelper.WidgetContainer),301) + String.IsEmpty(Window.Property(Slide.WidgetContainer))">Conditional</animation>
    </include>

    <include name="Hub_Menu_Group">
        <param name="widgets_only">false</param>
        <definition>
            <control type="group">
                <include>Animation_Half_WindowChange</include>
                <include condition="![$PARAM[widgets_only]]">Hub_Menu_Group_Spotlight_Slide</include>
                <animation effect="slide" time="400" end="0" start="0,-320" tween="quadratic" easing="out" reversible="false" condition="String.IsEmpty(Window.Property(Slide.WidgetContainer))">Conditional</animation>
                <animation effect="slide" time="400" end="0,-320" start="0" tween="quadratic" easing="out" reversible="false" condition="!String.IsEmpty(Window.Property(Slide.WidgetContainer))">Conditional</animation>
                <nested />
            </control>
        </definition>
    </include>

    <include name="Hub_Controls">
        <param name="fullscreen_content">$VAR[Path_Hub_WidgetOnly_Content]</param>
        <param name="fullscreen_target">$VAR[Path_Hub_WidgetOnly_Target]</param>
        <param name="fullscreen_label">$VAR[Label_Hub_Spotlight]</param>
        <param name="fullscreen_sort">$VAR[Label_Hub_Sort]</param>
        <param name="fullscreen_descending">False</param>
        <param name="fullscreen_sortby">random</param>
        <param name="widgets_only">false</param>
        <definition>

            <!-- Background -->
            <include>View_Bumper</include>
            <include condition="![[$PARAM[widgets_only]]]">Spotlight_Fallback_Slideshow</include>
            <include>Defs_TMDbHelper_Loader</include>
            <include content="Background_Main">
                <param name="faded_background">false</param>
            </include>

            <include content="Hub_Main_Group">
                <param name="widgets_only">[$PARAM[widgets_only]]</param>

                <!-- Spotlight: Individual -->
                <include content="Spotlight_List" condition="![[$PARAM[widgets_only]]]">
                    <param name="window_id">$PARAM[window_id]</param>
                    <param name="sortby">$PARAM[fullscreen_sortby]</param>
                    <param name="sortorder">$PARAM[fullscreen_sortorder]</param>
                    <param name="target">$PARAM[fullscreen_target]</param>
                    <param name="limit">$PARAM[fullscreen_limit]</param>
                    <param name="browse">never</param>
                    <param name="content">$PARAM[fullscreen_content]</param>
                    <visible>String.IsEmpty(Container(300).ListItem.Property(widgetPath.Spotlight))</visible>
                </include>

                <include condition="![[$PARAM[widgets_only]]]">$PARAM[include]</include>

                <include content="Hub_Widgets_Only" condition="[$PARAM[widgets_only]]">
                    <param name="widgets_include">$PARAM[widgets_include]</param>
                </include>

                <include content="Hub_Menu_Group" condition="![[$PARAM[widgets_only]]]">
                    <include content="Hub_Categories">
                        <param name="categories_include">$PARAM[categories_include]</param>
                        <param name="window_id">$PARAM[window_id]</param>
                    </include>
                </include>

            </include>

            <include>Widget_Transitions</include>

            <!-- Side Fade -->
            <include>Home_Fade</include>

            <!-- Furniture -->
            <control type="group">
                <visible>!$EXP[Exp_InfoDialogs]</visible>
                <include>Furniture_Top</include>
                <include>Home_FloatingClock</include>
            </control>

            <nested />

            <!-- SideMenu -->
            <include>Home_Menu</include>

            <!-- Plot Dialog Overlay -->
            <include>View_Dialog_Plot</include>
        </definition>
    </include>

    <include name="Hub_Widgets_Only">

        <include content="Object_Hidden_Button">
            <param name="id">300</param>
            <onfocus condition="!Integer.IsEqual(Container(400).NumItems,0)">SetFocus(400)</onfocus>
            <onleft>SetFocus($VAR[Action_Menu_ID])</onleft>
            <onright>SetFocus($VAR[Action_Menu_ID])</onright>
            <ondown>SetFocus($VAR[Action_Menu_ID])</ondown>
            <onup>SetFocus($VAR[Action_Menu_ID])</onup>
            <onback>SetFocus($VAR[Action_Menu_ID])</onback>
            <onclick>SetFocus($VAR[Action_Menu_ID])</onclick>
        </include>

        <include content="Hub_Widgets_Group">
            <include content="Home_Widgets_Infopanel">
                <include content="Info_Panel">
                    <param name="container">Container.</param>
                </include>
            </include>
            <include content="Hub_Menu_Group">
                <include content="Hub_Widgets_Grouplist">
                    <param name="id">400</param>
                    <param name="topid">401</param>
                    <param name="mainmenuid"></param>
                    <param name="widgets_only">True</param>
                    <param name="visible">True</param>
                    <control type="group" id="401">
                        <height>widget_tbump_h</height>
                    </control>

                    <include>$PARAM[widgets_include]</include>

                    <control type="group" id="499">
                    </control>
                </include>
            </include>
        </include>
    </include>

    <include name="Hub_Home">
        <include condition="!Skin.HasSetting(Hub.Home.DisableSubmenu)">skinshortcuts-template-home-spotlight</include>

        <include>Background_Main_Overlay</include>
        <include>Background_Transition</include>

        <include content="Hub_Menu_Group">
            <include content="Hub_Submenu_Group" condition="!Skin.HasSetting(Hub.Home.DisableSubmenu)">
                <include>skinshortcuts-template-home-submenulist</include>
            </include>
        </include>

        <include content="Hub_Widgets_Group">
            <include>skinshortcuts-template-widgets</include>
        </include>

    </include>

    <include name="Hub_Main_Group">
        <control type="group" id="320">
            <include>Animation_View_WindowChange</include>
            <include>Animation_Group_Bumper</include>
            <nested />
            <include condition="![[$PARAM[widgets_only]]]">Spotlight_Info</include>
        </control>
    </include>

    <include name="Hub_Widgets_Group">
        <control type="group" id="340">
            <nested />
        </control>
    </include>


    <include name="Hub_Categories">
        <control type="group">
            <visible>!$EXP[Exp_InfoDialogs]</visible>
            <include>Animation_Transition_InfoPanel_Hide</include>
            <include content="Spotlight_Main">
                <param name="visible">[!Integer.IsEqual(Container(301).NumItems,0) | Container(301).IsUpdating]</param>
            </include>
            <include>Transitions_Down_Visibility</include>
            <include content="Categories_Selector">
                <param name="window_id">$PARAM[window_id]</param>
                <param name="hitrect_x">-40</param>
                <param name="hitrect_y">740</param>
                <param name="hitrect_w">1640</param>
                <param name="hitrect_h">80</param>
                <param name="shorten">True</param>
                <param name="hidden_button_prefix">Item.$INFO[Container(300).ListItem.Property(id)]302.</param>

                <onup condition="[!Integer.IsEqual(Container(301).NumItems,0) | Container(301).IsUpdating]">311</onup>
                <include content="Action_Widget_Top">
                    <param name="id">300</param>
                    <param name="condition">[![!Integer.IsEqual(Container(301).NumItems,0) | Container(301).IsUpdating]]</param>
                </include>

                <include content="Action_Menu_Movement_OnBack">
                    <param name="id">300</param>
                </include>
                <ondown condition="!Skin.HasSetting(Hubs.HideSubmenus)">302</ondown>
                <ondown condition="Skin.HasSetting(Hubs.HideSubmenus)">340</ondown>
                <onfocus>SetProperty(TMDbHelper.WidgetContainer,301,$PARAM[window_id])</onfocus>

                <include content="Animation_Fade_In">
                    <param name="condition">![!String.IsEmpty(Window.Property(Slide.WidgetContainer))]</param>
                    <param name="delay">200</param>
                </include>
                <include content="Animation_ConditionalFade">
                    <param name="condition">[!String.IsEmpty(Window.Property(Slide.WidgetContainer))]</param>
                </include>
                <content>
                    <include>$PARAM[categories_include]</include>
                </content>
            </include>
        </control>
    </include>

    <include name="Hub_Widgets_Grouplist">
        <control type="grouplist" id="$PARAM[id]">

            <top>940</top>
            <bottom>-440</bottom>

            <include condition="![[$PARAM[widgets_only]]]">Hub_Widgets_Grouplist__Def_Layout_Expanded</include>
            <include condition="[[$PARAM[widgets_only]]]" content="Hub_Widgets_Grouplist__Def_Layout_Basic">
                <param name="id">$PARAM[id]</param>
            </include>

            <include content="Action_Widget_End" condition="[[$PARAM[widgets_only]]] | !Skin.String(Movement.Content.OnDown,Loop)">
                <param name="topid">$PARAM[topid]</param>
                <param name="id">$PARAM[id]</param>
            </include>

            <visible>$PARAM[visible]</visible>

            <nested />
        </control>
    </include>

    <include name="Home_Widgets_Infopanel">
        <param name="visible">True</param>
        <definition>
            <control type="group">
                <width>info_panel_w</width>
                <height>300</height>
                <left>view_side</left>
                <top>view_top</top>
                <visible>$PARAM[visible]</visible>
                <include>Animation_Transition_InfoPanel_Cond</include>
                <nested />
            </control>
        </definition>
    </include>

    <include name="Hub_Widgets_Grouplist__Def_Layout_Expanded">
        <onup condition="!Skin.HasSetting(Hubs.HideSubmenus)">302</onup>
        <onup condition="Skin.HasSetting(Hubs.HideSubmenus)">300</onup>

        <animation effect="slide" time="400" start="0,widget_sbump_h" end="0" tween="quadratic" easing="out" reversible="false" condition="Integer.IsEqual(Window.Property(TMDBHelper.WidgetContainer),301)">Conditional</animation>
        <animation effect="slide" time="400" start="0" end="0,widget_sbump_h" tween="quadratic" easing="out" reversible="false" condition="!Integer.IsEqual(Window.Property(TMDBHelper.WidgetContainer),301)">Conditional</animation>

        <animation effect="slide" time="400" start="0,-80" end="0" tween="quadratic" easing="out" reversible="false" condition="![Integer.IsEqual(Container(302).NumItems,0) + Integer.IsEqual(Window.Property(TMDBHelper.WidgetContainer),301)]">Conditional</animation>
        <animation effect="slide" time="400" start="0" end="0,-80" tween="quadratic" easing="out" reversible="false" condition="Integer.IsEqual(Container(302).NumItems,0) + Integer.IsEqual(Window.Property(TMDBHelper.WidgetContainer),301)">Conditional</animation>
    </include>

    <include name="Hub_Widgets_Grouplist__Def_Layout_Basic">
        <include content="Action_Widget_Top">
            <param name="id">$PARAM[id]</param>
        </include>
        <animation effect="slide" end="0,widget_sbump_h" condition="true">Conditional</animation>
    </include>
</includes>