{
    "prefix": "Exp_View",
    "viewtypes": {
        "50":   "31320",
        "51":   "31045",
        "52":   "20021",
        "53":   "31431",
        "54":   "31423",
        "57":   "31424",
        "500":  "31556",
        "510":  "31555",
        "520":  "31554",
        "530":  "31557",
        "540":  "31561",
        "560":  "31058",
        "570":  "31101",
        "502":  "31152",
        "512":  "31153",
        "522":  "31155",
        "532":  "31318",
        "542":  "31323",
        "572":  "31325",
        "550":  "31479",
        "551":  "31480",
        "552":  "31559",
        "553":  "31120"
    },
    "icons": {
        "50":   "special://skin/extras/viewtypes/square.jpg",
        "51":   "special://skin/extras/viewtypes/landscape.jpg",
        "52":   "special://skin/extras/viewtypes/poster.jpg",
        "53":   "special://skin/extras/viewtypes/circle.jpg",
        "54":   "special://skin/extras/viewtypes/card.jpg",
        "57":   "special://skin/extras/viewtypes/board.jpg",
        "500":  "special://skin/extras/viewtypes/wall-square.jpg",
        "510":  "special://skin/extras/viewtypes/wall-landscape.jpg",
        "520":  "special://skin/extras/viewtypes/wall-poster.jpg",
        "530":  "special://skin/extras/viewtypes/wall-circle.jpg",
        "540":  "special://skin/extras/viewtypes/wall-overview.jpg",
        "560":  "special://skin/extras/viewtypes/wall-ring.jpg",
        "570":  "special://skin/extras/viewtypes/wall-board.jpg",
        "502":  "special://skin/extras/viewtypes/combined-square.jpg",
        "512":  "special://skin/extras/viewtypes/combined-landscape.jpg",
        "522":  "special://skin/extras/viewtypes/combined-poster.jpg",
        "532":  "special://skin/extras/viewtypes/combined-circle.jpg",
        "542":  "special://skin/extras/viewtypes/combined-card.jpg",
        "572":  "special://skin/extras/viewtypes/combined-board.jpg",
        "550":  "special://skin/extras/viewtypes/list-detailed.jpg",
        "551":  "special://skin/extras/viewtypes/list-flixart.jpg",
        "552":  "special://skin/extras/viewtypes/list-media.jpg",
        "553":  "special://skin/extras/viewtypes/list-basic.jpg"
    },
    "rules": {
        "images": {
            "rule": "Container.Content(images)",
            "viewtypes": ["50", "51", "52", "57", "500", "510", "520", "570", "553"],
            "library": "51",
            "plugins": "51"
        },
        "videos": {
            "rule": "Container.Content(videos)",
            "viewtypes": ["51", "57", "510", "551", "570", "553"],
            "library": "51",
            "plugins": "51"
        },
        "movies": {
            "rule": "Container.Content(movies)",
            "viewtypes": ["51", "52", "53", "54", "57", "510", "520", "530", "540", "560", "570", "550", "551", "552", "553"],
            "library": "52",
            "plugins": "52"
        },
        "sets": {
            "rule": "Container.Content(sets)",
            "viewtypes": ["51", "52", "53", "54", "57", "510", "520", "530", "540", "560", "570", "512", "522", "532", "542", "572", "550", "551", "552", "553"],
            "library": "512",
            "plugins": "512"
        },
        "tvshows": {
            "rule": "!String.IsEqual(Container.Property(param.info),episode_groups) + Container.Content(tvshows)",
            "viewtypes": ["51", "52", "53", "54", "57", "510", "520", "530", "540", "560", "570", "512", "522", "532", "542", "572", "550", "551", "552", "553"],
            "library": "52",
            "plugins": "52"
        },
        "episode-groups-tvshows": {
            "rule": "String.IsEqual(Container.Property(param.info),episode_groups) + Container.Content(tvshows)",
            "viewtypes": ["51", "52", "53", "57", "510", "520", "530", "540", "560", "570", "512", "522", "532", "542", "572", "550", "551", "552", "553"],
            "library": "512",
            "plugins": "512"
        },
        "seasons": {
            "rule": "!String.IsEqual(Container.Property(param.info),episode_group_seasons) + Container.Content(seasons)",
            "viewtypes": ["51", "52", "53", "57", "510", "520", "530", "540", "560", "512", "522", "532", "542", "572", "550", "551", "552", "553"],
            "library": "512",
            "plugins": "512"
        },
        "episode-groups-seasons": {
            "rule": "String.IsEqual(Container.Property(param.info),episode_group_seasons) + Container.Content(seasons)",
            "viewtypes": ["51", "52", "53", "57", "510", "520", "530", "540", "560", "570", "512", "522", "532", "542", "572", "550", "551", "552", "553"],
            "library": "512",
            "plugins": "512"
        },
        "episodes": {
            "rule": "Container.Content(episodes)",
            "viewtypes": ["51", "57", "510", "530", "540", "560", "570", "550", "551", "552", "553"],
            "library": "51",
            "plugins": "51"
        },
        "videoversions": {
            "rule": "Container.Content(videoversions)",
            "viewtypes": ["51", "52", "53", "54", "57", "510", "520", "530", "540", "560", "570", "550", "551", "552", "553"],
            "library": "512",
            "plugins": "512"
        },
        "genres": {
            "rule": "!Window.IsVisible(MyMusicNav.xml) + Container.Content(genres)",
            "viewtypes": ["50", "53", "500", "530", "560", "512", "522", "532", "542", "572", "553"],
            "library": "512",
            "plugins": "512"
        },
        "genres-music": {
            "rule": "Window.IsVisible(MyMusicNav.xml) + Container.Content(genres)",
            "viewtypes": ["50", "53", "500", "530", "560", "510", "512", "522", "532", "542", "572", "553"],
            "library": "512",
            "plugins": "512"
        },
        "years": {
            "rule": "!Window.IsVisible(MyMusicNav.xml) + Container.Content(years)",
            "viewtypes": ["50", "53", "500", "530", "560", "512", "522", "532", "542", "572", "553"],
            "library": "512",
            "plugins": "512"
        },
        "years-music": {
            "rule": "Window.IsVisible(MyMusicNav.xml) + Container.Content(years)",
            "viewtypes": ["50", "53", "500", "530", "560", "502", "512", "522", "532", "542", "572", "553"],
            "library": "512",
            "plugins": "512"
        },
        "studios": {
            "rule": "Container.Content(studios)",
            "viewtypes": ["50", "53", "500", "530", "560", "512", "522", "532", "542", "572", "553"],
            "library": "512",
            "plugins": "512"
        },
        "directors": {
            "rule": "Container.Content(directors)",
            "viewtypes": ["50", "53", "500", "530", "560", "512", "522", "532", "542", "572", "553"],
            "library": "512",
            "plugins": "512"
        },
        "countries": {
            "rule": "Container.Content(countries)",
            "viewtypes": ["50", "53", "500", "530", "560", "512", "522", "532", "542", "572", "553"],
            "library": "512",
            "plugins": "512"
        },
        "tags": {
            "rule": "Container.Content(tags)",
            "viewtypes": ["50", "53", "500", "530", "560", "512", "522", "532", "542", "572", "553"],
            "library": "512",
            "plugins": "512"
        },
        "roles": {
            "rule": "Container.Content(roles)",
            "viewtypes": ["50", "53", "500", "530", "560", "502", "512", "522", "532", "542", "572", "553"],
            "library": "512",
            "plugins": "512"
        },
        "actors": {
            "rule": "Container.Content(actors)",
            "viewtypes": ["52", "53", "520", "530", "560", "502", "512", "522", "532", "542", "572", "553"],
            "library": "512",
            "plugins": "512"
        },
        "playlists": {
            "rule": "Container.Content(playlists)",
            "viewtypes": ["50", "500", "560", "553"],
            "library": "50",
            "plugins": "50"
        },
        "musicvideos": {
            "rule": "Container.Content(musicvideos)",
            "viewtypes": ["50", "51", "52", "53", "57", "500", "510", "520", "530", "540", "560", "570", "502", "512", "522", "532", "542", "572", "552", "553"],
            "library": "51",
            "plugins": "51"
        },
        "artists": {
            "rule": "Container.Content(artists)",
            "viewtypes": ["50", "51", "53", "57", "500", "510", "530", "540", "560", "570", "502", "532", "550", "551", "552", "553"],
            "library": "50",
            "plugins": "50"
        },
        "albums": {
            "rule": "Container.Content(albums)",
            "viewtypes": ["50", "53", "500", "530", "540", "560", "502", "532", "550", "551", "552", "553"],
            "library": "50",
            "plugins": "50"
        },
        "songs": {
            "rule": "Container.Content(songs)",
            "viewtypes": ["50", "53", "500", "530", "540", "560", "550", "551", "552", "553"],
            "library": "553",
            "plugins": "553"
        },
        "files": {
            "rule": "Container.Content(files)",
            "viewtypes": ["50", "51", "57", "500", "560", "570", "552", "553"],
            "library": "50",
            "plugins": "50"
        },
        "sources": {
            "rule": "Container.Content(sources)",
            "viewtypes": ["50", "51", "57", "500", "560", "570", "553"],
            "library": "50",
            "plugins": "50"
        },
        "addons": {
            "rule": "Container.Content(addons)",
            "viewtypes": ["50", "53", "500", "530", "540", "560", "553"],
            "library": "50",
            "plugins": "50"
        },
        "recordings": {
            "rule": "Container.Content(recordings)",
            "viewtypes": ["51", "57", "510", "570", "553"],
            "library": "51",
            "plugins": "51"
        },

        "games": {
            "rule": "Container.Content(games)",
            "viewtypes": ["50", "51", "52", "53", "54", "57", "500", "510", "520", "530", "540", "560", "570", "550", "551", "552", "553"],
            "library": "51",
            "plugins": "51"
        },
        "none-games": {
            "rule": "Container.Content() + Window.IsVisible(MyGames.xml)",
            "viewtypes": ["50", "51", "52", "53", "54", "57", "500", "510", "520", "530", "540", "560", "570", "550", "551", "552", "553"],
            "library": "51",
            "plugins": "51"
        },
        "none-recordings": {
            "rule": "Container.Content() + Window.IsVisible(MyPVRRecordings.xml)",
            "viewtypes": ["51", "57", "510", "570", "553"],
            "library": "51",
            "plugins": "51"
        },
        "none-timers": {
            "rule": "Container.Content() + Window.IsVisible(MyPVRTimers.xml)",
            "viewtypes": ["51", "57", "510", "570", "553"],
            "library": "51",
            "plugins": "51"
        },
        "none-search": {
            "rule": "Container.Content() + Window.IsVisible(MyPVRSearch.xml)",
            "viewtypes": ["51", "57", "510", "570", "553"],
            "library": "51",
            "plugins": "51"
        },
        "none-providers": {
            "rule": "Container.Content() + String.IsEqual(Container.Property(param.info),watch_providers)",
            "viewtypes": ["50", "53", "500", "530", "560", "512", "522", "532", "542", "572", "553"],
            "library": "50",
            "plugins": "50"
        },
        "none": {
            "rule": "Container.Content() + !Window.IsVisible(MyGames.xml) + !Window.IsVisible(MyPVRRecordings.xml) + !Window.IsVisible(MyPVRTimers.xml) + !Window.IsVisible(MyPVRSearch.xml) + !String.IsEqual(Container.Property(param.info),watch_providers)",
            "viewtypes": ["50", "53", "500", "530", "560", "553"],
            "library": "50",
            "plugins": "50"
        }

    }
}