<?xml version="1.0" encoding="UTF-8"?>
<window>
    <zorder>2</zorder>
    <defaultcontrol>3</defaultcontrol>

    <controls>

        <!-- Button Template -->
        <include content="Settings_Button">
            <param name="id">7</param>
            <param name="control">button</param>
            <textoffsetx>20</textoffsetx>
            <align>center</align>
            <width>240</width>
        </include>

        <!-- Button Template -->
        <include content="Settings_Button">
            <param name="id">10</param>
            <param name="control">button</param>
            <width>400</width>
        </include>

        <!-- Separator Template -->
        <control type="image" id="9">
            <visible>false</visible>
        </control>

        <!-- Label Template -->
        <include content="Settings_Label">
            <param name="id">14</param>
            <param name="control">label</param>
        </include>

        <include>Dialog_Dim_Overlay</include>

        <control type="group">
            <include>Dimension_DialogMainMenu</include>
            <include>Animation_Right_Delay</include>



            <include content="Dialog_Foreground_Side">
                <param name="slide_condition">true</param>
                <param name="dialog_size">Dimension_DialogMainMenu</param>
                <param name="lines_right">0</param>
                <param name="topline">false</param>
                <param name="subline">false</param>
            </include>

            <control type="group">
                <right>dialog_panelgroup_w</right>
                <!-- Header -->
                <include content="Dialog_Head">
                    <param name="label">$LOCALIZE[35058]</param>
                </include>
                <include>Dialog_Head_CloseButton</include>

                <!-- Content -->
                <control type="group">
                    <include>Dimension_Dialog_Body</include>
                    <control type="group">
                        <include>Dimension_Dialog_Body_Group</include>
                        <control type="group">
                            <width>400</width>
                            <control type="image">
                                <texture colordiffuse="main_fg_12">common/white.png</texture>
                                <height>1</height>
                                <top>-20</top>
                                <left>20</left>
                                <right>20</right>
                            </control>
                            <control type="image">
                                <texture colordiffuse="main_fg_12">common/white.png</texture>
                                <height>1</height>
                                <bottom>-20</bottom>
                                <left>20</left>
                                <right>20</right>
                            </control>
                            <control type="grouplist" id="3">
                                <onright>5</onright>
                            </control>
                        </control>
                        <control type="group">
                            <left>420</left>
                            <right>320</right>
                            <include content="Dialog_Outline_InnerBox">
                                <top>-20</top>
                                <bottom>-20</bottom>
                            </include>

                            <control type="group">
                                <left>40</left>
                                <right>40</right>
                                <control type="gamecontroller" id="31">
                                    <centerleft>50%</centerleft>
                                    <width>480</width>
                                    <height>480</height>
                                </control>
                                <control type="textbox" id="32">
                                    <top>480</top>
                                    <font>font_main_plot</font>
                                    <aligny>center</aligny>
                                    <align>center</align>
                                </control>
                            </control>

                        </control>
                        <control type="group">
                            <width>300</width>
                            <right>20</right>
                            <include content="Dialog_Outline_InnerBox">
                                <top>-20</top>
                                <bottom>-20</bottom>
                                <right>0</right>
                                <left>20</left>
                            </include>
                            <control type="grouplist" id="5">
                                <onleft>3</onleft>
                                <pagecontrol>61</pagecontrol>
                                <onright>9000</onright>
                                <left>40</left>
                                <right>20</right>
                            </control>
                        </control>
                    </control>

                </control>

            </control>

            <control type="group">
                <include>Dialog_Side_Panel_Group_Def</include>
                <!-- Side Buttons -->
                <control type="group">
                    <include>Dimension_Dialog_Body</include>
                    <control type="grouplist" id="9000">
                        <include>Dialog_Side_Expanded_Grouplist_Def</include>
                        <onright>61</onright>
                        <onleft>5</onleft>
                        <include content="DialogInfo_ExpandedButton">
                            <param name="id">18</param>
                            <param name="groupid">9101</param>
                            <param name="label">$LOCALIZE[186]</param>
                            <param name="icon">special://skin/extras/icons/circle-check.png</param>
                        </include>
                        <include content="DialogInfo_ExpandedButton">
                            <param name="id">17</param>
                            <param name="groupid">9102</param>
                            <param name="label">$LOCALIZE[10043]</param>
                            <param name="icon">special://skin/extras/icons/circle-question.png</param>
                        </include>
                        <include content="DialogInfo_ExpandedButton">
                            <param name="id">19</param>
                            <param name="groupid">9103</param>
                            <param name="label">$LOCALIZE[13007]</param>
                            <param name="icon">special://skin/extras/icons/triangle-exclamation.png</param>
                        </include>
                        <include content="DialogInfo_ExpandedButton">
                            <param name="id">20</param>
                            <param name="groupid">9104</param>
                            <param name="label">$LOCALIZE[21452]</param>
                            <param name="icon">special://skin/extras/icons/circle-plus.png</param>
                        </include>
                        <include content="DialogInfo_ExpandedButton">
                            <param name="id">21</param>
                            <param name="groupid">9105</param>
                            <param name="label">$LOCALIZE[35019]</param>
                            <param name="icon">special://skin/extras/icons/not-equal.png</param>
                        </include>
                        <include content="DialogInfo_ExpandedButton">
                            <param name="id">22</param>
                            <param name="groupid">9106</param>
                            <param name="label">$LOCALIZE[35021]</param>
                            <param name="icon">special://skin/extras/icons/download.png</param>
                        </include>
                    </control>
                </control>
            </control>

        </control>

    </controls>
</window>
