<?xml version="1.0" encoding="UTF-8"?>
<window type="window" id="1105">
    <defaultcontrol>9099</defaultcontrol>
    <menucontrol>303</menucontrol>

    <!-- TESTER -->
    <!-- Normal -->
    <onload condition="!String.IsEmpty(Window(Home).Property(CustomSearchTerm))">RunScript(script.skinvariables,set_editcontrol=9099,window_id=1105,setfocus=6000,text=$INFO[Window(Home).Property(CustomSearchTerm)])</onload>
    <onload condition="!String.IsEmpty(Window(Home).Property(CustomSearchTerm))">ClearProperty(CustomSearchTerm,Home)</onload>
    <onload condition="String.IsEmpty(Window(Home).Property(CustomSearchTerm)) + !Skin.HasSetting(Search.FocusEditControl)">SetFocus(9097)</onload>

    <onload>SetProperty(MenuSubmenuVisibility,Window(Home).Property(MenuSubmenuVisibility))</onload>
    <onload>ClearProperty(MenuSubmenuVisibility,Home)</onload>

    <onunload condition="!String.IsEmpty(Control.GetLabel(9099).index(1))">RunScript(script.skinvariables,add_skinstring_history=SearchHistory,value=$INFO[Control.GetLabel(9099).index(1)])</onunload>

    <controls>
        <include content="Object_Hidden_List">
            <param name="id">9008</param>
            <content>$VAR[Path_Search_ItemCountSum]</content>
        </include>

        <include>Defs_TMDbHelper_Loader</include>

        <include>Background_Main</include>

        <control type="group">
            <include>skinshortcuts-template-searchmenu</include>
        </control>

        <include>Background_Transition</include>

        <control type="group">
            <left>view_menu</left>
            <top>view_pad</top>
            <width>40</width>
            <height>40</height>
            <visible>!$EXP[Exp_InfoDialogs]</visible>
            <control type="image">
                <include>Texture_Circle_Highlight_V</include>
                <aspectratio>keep</aspectratio>
                <width>10</width>
                <height>10</height>
                <centertop>50%</centertop>
                <left>-20</left>
            </control>
            <control type="image">
                <aspectratio>keep</aspectratio>
                <bordersize>icon_home_bordersize</bordersize>
                <texture colordiffuse="main_fg_90">special://skin/extras/icons/search.png</texture>
            </control>
        </control>

        <control type="group">
            <left>view_menu</left>
            <bottom>view_pad</bottom>
            <width>40</width>
            <height>40</height>
            <visible>!$EXP[Exp_InfoDialogs]</visible>
            <control type="image">
                <aspectratio>keep</aspectratio>
                <bordersize>icon_home_bordersize</bordersize>
                <texture colordiffuse="main_fg_30">special://skin/extras/icons/bars.png</texture>
            </control>
        </control>

        <include content="Home_Bumper">
            <param name="groupid">6000</param>
            <param name="menuid">90000</param>
        </include>

        <include>View_Dialog_Plot</include>

    </controls>
</window>
