<?xml version="1.0" encoding="UTF-8"?>
<includes>

    <include name="Shortcuts_Window_Content">

        <include content="Object_Hidden_Button">
            <param name="id">1300</param>
            <onfocus>SetFocus(300)</onfocus>
            <onfocus condition="String.IsEqual(Window.Property(categories_menu),menu=homemenu)">SetProperty(Shortcuts.Category,$INFO[Container(303).ListItem.Property(guid)],Home)</onfocus>
            <onfocus condition="!String.IsEqual(Window.Property(categories_menu),menu=homemenu)">ClearProperty(Shortcuts.Category,Home)</onfocus>
            <onfocus>SetProperty(Shortcuts.Position,$INFO[Container(300).CurrentItem],Home)</onfocus>
            <onfocus>SetProperty(Shortcuts.EditMenu,$INFO[Container(300).ListItem.Property(menu),menu=,],Home)</onfocus>
            <onfocus>ClearProperty(Shortcuts.EditMode,Home)</onfocus>
            <onfocus>ClearProperty(Shortcuts.EditGUID,Home)</onfocus>
            <onfocus>AlarmClock(openwindow,ActivateWindow(1116),00:00,silent)</onfocus>
        </include>

        <include content="Object_Hidden_Button">
            <param name="id">1302</param>
            <onfocus>SetFocus(302)</onfocus>
            <onfocus>ClearProperty(Shortcuts.Category,Home)</onfocus>
            <onfocus>SetProperty(Shortcuts.Position,$INFO[Container(302).CurrentItem],Home)</onfocus>
            <onfocus>SetProperty(Shortcuts.EditMenu,$INFO[Container(302).ListItem.Property(menu),menu=,],Home)</onfocus>
            <onfocus>SetProperty(Shortcuts.EditMode,$INFO[Container(302).ListItem.Property(mode),mode=,],Home)</onfocus>
            <onfocus>SetProperty(Shortcuts.EditGUID,$INFO[Container(300).ListItem.Property(guid),guid=,],Home)</onfocus>
            <onfocus>AlarmClock(openwindow,ActivateWindow(1116),00:00,silent)</onfocus>
        </include>

        <include content="Object_Hidden_Button">
            <param name="id">1304</param>
            <onfocus>SetFocus(304)</onfocus>
            <onfocus>ClearProperty(Shortcuts.Category,Home)</onfocus>
            <onfocus>SetProperty(Shortcuts.Position,$INFO[Container(304).CurrentItem],Home)</onfocus>
            <onfocus>SetProperty(Shortcuts.EditMenu,$INFO[Container(304).ListItem.Property(menu),menu=,],Home)</onfocus>
            <onfocus>SetProperty(Shortcuts.EditMode,$VAR[Path_SkinVariables_1304_EditMode],Home)</onfocus>
            <onfocus>SetProperty(Shortcuts.EditGUID,$VAR[Path_SkinVariables_1304_EditGUID],Home)</onfocus>
            <onfocus>AlarmClock(openwindow,ActivateWindow(1116),00:00,silent)</onfocus>
        </include>

        <control type="group" id="340">
            <right>800</right>
            <include>Shortcuts_Window_Content_Spotlight</include>
            <include>Shortcuts_Window_Content_Categories</include>
            <include>Shortcuts_Window_Content_Widgets</include>
            <include>Shortcuts_Window_Content_Tray</include>
        </control>

        <include>Shortcuts_Window_Help</include>
    </include>

    <include name="Shortcuts_Window_Help">
        <control type="group">
            <width>600</width>
            <bottom>view_top</bottom>
            <right>120</right>
            <top>view_top</top>
            <control type="group">
                <include>Settings_Box</include>
                <include content="Dimension_Padding">
                    <param name="pad">-40</param>
                </include>
            </control>
            <control type="group">
                <control type="label">
                    <centertop>20</centertop>
                    <height>40</height>
                    <font>font_midi_black</font>
                    <textcolor>main_fg_90</textcolor>
                    <label>$VAR[Label_Shortcut_HelpHead]</label>
                </control>
                <control type="textbox">
                    <top>120</top>
                    <height>auto</height>
                    <font>font_main_plot</font>
                    <textcolor>main_fg_70</textcolor>
                    <label>$VAR[Label_Shortcut_HelpText]</label>
                </control>
            </control>
        </control>
    </include>

    <expression name="Shortcuts_Dialog_Exp_IsWidgetMode">[String.IsEqual(Window(Home).Property(Shortcuts.EditMode),mode=widgets) | String.IsEqual(Window(Home).Property(Shortcuts.EditMenu),menu=searchmenu) | String.EndsWith(Window(Home).Property(Shortcuts.EditMenu),-widgetsonly) | String.EndsWith(Window(Home).Property(Shortcuts.EditMenu),-globalwidgets) | String.EndsWith(Window(Home).Property(Shortcuts.EditMenu),-extendedwidgets)]</expression>

    <expression name="Shortcuts_Dialog_Exp_WidgetsOnly">[[Skin.HasSetting(Hub.Home.DisableSubmenu) + String.IsEqual(Window(Home).Property(Shortcuts.EditMenu),menu=homemenu)] | [Skin.HasSetting(Hub.1101.DisableSubmenu) + String.IsEqual(Window(Home).Property(Shortcuts.EditMenu),menu=1101menu)] | [Skin.HasSetting(Hub.1102.DisableSubmenu) + String.IsEqual(Window(Home).Property(Shortcuts.EditMenu),menu=1102menu)] | [Skin.HasSetting(Hub.1103.DisableSubmenu) + String.IsEqual(Window(Home).Property(Shortcuts.EditMenu),menu=1103menu)] | [Skin.HasSetting(Hub.1104.DisableSubmenu) + String.IsEqual(Window(Home).Property(Shortcuts.EditMenu),menu=1104menu)] | [Skin.HasSetting(Hub.1105.DisableSubmenu) + String.IsEqual(Window(Home).Property(Shortcuts.EditMenu),menu=1105menu)] | [Skin.HasSetting(Hub.1106.DisableSubmenu) + String.IsEqual(Window(Home).Property(Shortcuts.EditMenu),menu=1106menu)] | [Skin.HasSetting(Hub.1107.DisableSubmenu) + String.IsEqual(Window(Home).Property(Shortcuts.EditMenu),menu=1107menu)] | [Skin.HasSetting(Hub.1108.DisableSubmenu) + String.IsEqual(Window(Home).Property(Shortcuts.EditMenu),menu=1108menu)] | [Skin.HasSetting(Hub.1109.DisableSubmenu) + String.IsEqual(Window(Home).Property(Shortcuts.EditMenu),menu=1109menu)]]</expression>

    <expression name="Shortcuts_Window_Exp_WidgetsOnly">[[Skin.HasSetting(Hub.Home.DisableSubmenu) + String.IsEqual(Window.Property(categories_menu),menu=homemenu)] | [Skin.HasSetting(Hub.1101.DisableSubmenu) + String.IsEqual(Window.Property(categories_menu),menu=1101menu)] | [Skin.HasSetting(Hub.1102.DisableSubmenu) + String.IsEqual(Window.Property(categories_menu),menu=1102menu)] | [Skin.HasSetting(Hub.1103.DisableSubmenu) + String.IsEqual(Window.Property(categories_menu),menu=1103menu)] | [Skin.HasSetting(Hub.1104.DisableSubmenu) + String.IsEqual(Window.Property(categories_menu),menu=1104menu)] | [Skin.HasSetting(Hub.1105.DisableSubmenu) + String.IsEqual(Window.Property(categories_menu),menu=1105menu)] | [Skin.HasSetting(Hub.1106.DisableSubmenu) + String.IsEqual(Window.Property(categories_menu),menu=1106menu)] | [Skin.HasSetting(Hub.1107.DisableSubmenu) + String.IsEqual(Window.Property(categories_menu),menu=1107menu)] | [Skin.HasSetting(Hub.1108.DisableSubmenu) + String.IsEqual(Window.Property(categories_menu),menu=1108menu)] | [Skin.HasSetting(Hub.1109.DisableSubmenu) + String.IsEqual(Window.Property(categories_menu),menu=1109menu)]]</expression>

    <expression name="Shortcuts_Window_Exp_WidgetSelector">[[Skin.HasSetting(Hub.Home.WidgetSelector) + String.IsEqual(Window.Property(categories_menu),menu=homemenu)] | [Skin.HasSetting(Hub.1101.WidgetSelector) + String.IsEqual(Window.Property(categories_menu),menu=1101menu)] | [Skin.HasSetting(Hub.1102.WidgetSelector) + String.IsEqual(Window.Property(categories_menu),menu=1102menu)] | [Skin.HasSetting(Hub.1103.WidgetSelector) + String.IsEqual(Window.Property(categories_menu),menu=1103menu)] | [Skin.HasSetting(Hub.1104.WidgetSelector) + String.IsEqual(Window.Property(categories_menu),menu=1104menu)] | [Skin.HasSetting(Hub.1105.WidgetSelector) + String.IsEqual(Window.Property(categories_menu),menu=1105menu)] | [Skin.HasSetting(Hub.1106.WidgetSelector) + String.IsEqual(Window.Property(categories_menu),menu=1106menu)] | [Skin.HasSetting(Hub.1107.WidgetSelector) + String.IsEqual(Window.Property(categories_menu),menu=1107menu)] | [Skin.HasSetting(Hub.1108.WidgetSelector) + String.IsEqual(Window.Property(categories_menu),menu=1108menu)] | [Skin.HasSetting(Hub.1109.WidgetSelector) + String.IsEqual(Window.Property(categories_menu),menu=1109menu)]]</expression>

    <include name="Shortcuts_Window_Content_Spotlight">
        <control type="group">
            <left>160</left>
            <!-- <top>200</top> -->
            <top>300</top>
            <height>hub_categorieswidget_h</height>
            <visible>!$EXP[Shortcuts_Window_Exp_WidgetsOnly]</visible>
            <!-- <include content="Settings_Label">
                <top>-20</top>
                <label>$LOCALIZE[31026] > $INFO[Window.Property(hub_prefix)] > $LOCALIZE[31105]</label>
            </include> -->
            <control type="button" id="301">
                <left>0</left>
                <!-- <top>20</top> -->
                <label>$LOCALIZE[31105]</label>
                <label2>$VAR[Label_Shortcut_HubSpotlight_Window_Path]</label2>
                <!-- <width>920</width> -->
                <align>left</align>
                <aligny>center</aligny>
                <textcolor>main_fg_70</textcolor>
                <textoffsetx>40</textoffsetx>
                <font>font_mini</font>
                <height>80</height>
                <onup>306</onup>
                <ondown>300</ondown>
                <onleft>303</onleft>
                <onclick>SetProperty(Options.Mode.Heading,Spotlight)</onclick>
                <onclick>SetProperty(Options.Mode.Heading.Sublabel,$INFO[Container(300).ListItem.Label])</onclick>
                <onclick>SetProperty(Options.Mode,Categories.Spotlight)</onclick>
                <onclick>SetFocus(33999)</onclick>
                <texturenofocus />
            </control>
        </control>
    </include>

    <variable name="Shortcuts_Window_Content_Categories_List_Filter">
        <value condition="String.IsEqual(Window.Property(categories_menu),menu=homemenu)">$INFO[Container(303).ListItem.Property(guid),&amp;filter_key=sidemenu_guid&amp;filter_value=,&amp;filter_empty=true]</value>
    </variable>

    <include name="Shortcuts_Window_Content_Categories_List">
        <control type="group">
            <include content="Categories_Selector">
                <param name="id">300</param>
                <param name="offset_x">view_button_offset_x</param>
                <param name="control">fixedlist</param>
                <param name="font">font_main_black</param>
                <param name="color_fo">main_fg_100</param>
                <param name="color_nf">main_fg_70</param>
                <param name="backing">true</param>
                <param name="hidden_button">Items_Null</param>
                <param name="small">true</param>
                <param name="altfocus">[Integer.IsEqual(Window.Property(list_id),300) + [ControlGroup(3000).HasFocus() | ControlGroup(39000).HasFocus()]]</param>
                <preloaditems>0</preloaditems>
                <movement>1</movement>
                <top>20</top>
                <left>0</left>
                <height>hub_categorieswidget_h</height>
                <onup>301</onup>
                <onleft>303</onleft>
                <ondown>302</ondown>
                <!-- <animation effect="slide" end="-240" condition="Integer.IsLess(Container(300).NumItems,3)">Conditional</animation> -->

                <onclick>SetFocus(1300)</onclick>

                <content>plugin://script.skinvariables/?info=get_shortcuts_node&amp;edit=True$INFO[Window.Property(categories_menu),&amp;,]$VAR[Path_SkinVariables_SkinFolder,&amp;skin=,]$INFO[Window(Home).Property(SkinVariables.ShortcutsNode.Reload),&amp;reload=,]$VAR[Shortcuts_Window_Content_Categories_List_Filter]</content>

                <visible>!$EXP[Shortcuts_Window_Exp_WidgetsOnly]</visible>
            </include>
        </control>
    </include>

    <include name="Shortcuts_Window_Content_Categories_Submenu">
        <control type="group">
            <!-- <top>60</top> -->
            <top>80</top>
            <height>hub_categorieswidget_h</height>
            <visible>!$EXP[Shortcuts_Window_Exp_WidgetsOnly]</visible>

            <include content="Categories_Selector">
                <param name="id">302</param>
                <param name="small">true</param>
                <param name="offset_x">view_button_offset_x</param>
                <param name="control">fixedlist</param>
                <param name="font">font_mini</param>
                <param name="color_fo">main_fg_100</param>
                <param name="color_nf">main_fg_70</param>
                <param name="label_fo">String.IsEqual(Window.Property(list_id),302)</param>
                <param name="backing">true</param>
                <param name="hidden_button">Items_Null</param>
                <param name="altfocus">[Integer.IsEqual(Window.Property(list_id),302) + [ControlGroup(3000).HasFocus() | ControlGroup(39000).HasFocus()]]</param>
                <preloaditems>0</preloaditems>
                <movement>1</movement>
                <width>1060</width>
                <onup>300</onup>
                <top>0</top>
                <left>0</left>
                <onleft>303</onleft>
                <ondown>304</ondown>
                <onclick>SetFocus(1302)</onclick>
                <visible>String.IsEmpty(Container(300).ListItem.Property(submenulist_path))</visible>
                <visible>!String.IsEmpty(Container(300).ListItem.Property(guid))</visible>
                <content>plugin://script.skinvariables/?info=get_shortcuts_node&amp;mode=submenu&amp;skin=$VAR[Path_SkinVariables_SkinFolder]$INFO[Container(300).ListItem.Property(menu),&amp;menu=,]$INFO[Container(300).ListItem.Property(guid),&amp;guid=,]$INFO[Window(Home).Property(SkinVariables.ShortcutsNode.Reload),&amp;reload=,]</content>
            </include>

            <control type="label">
                <left>0</left>
                <top>20</top>
                <visible>!String.IsEmpty(Container(300).ListItem.Property(submenulist_path))</visible>
                <label>$LOCALIZE[31003]$INFO[Container(300).ListItem.Property(submenulist_path),: ,]</label>
                <width max="1080">auto</width>
                <align>left</align>
                <aligny>center</aligny>
                <textcolor>main_fg_70</textcolor>
                <textoffsetx>40</textoffsetx>
                <font>font_mini</font>
                <height>80</height>
            </control>
        </control>
    </include>

    <include name="Shortcuts_Window_Content_Categories">
        <control type="group">
            <left>160</left>
            <top>360</top>
            <include>Shortcuts_Window_Content_Categories_List</include>
            <include>Shortcuts_Window_Content_Categories_Submenu</include>
        </control>
    </include>

    <variable name="Shortcuts_Window_OnlyWidgets_Path">
        <value condition="$EXP[Shortcuts_Window_Exp_WidgetsOnly] + !String.IsEqual(Window.Property(categories_menu),menu=homemenu)">plugin://script.skinvariables/?info=get_shortcuts_node&amp;edit=True&amp;skin=$VAR[Path_SkinVariables_SkinFolder]$INFO[Window.Property(categories_menu),&amp;,-widgetsonly]$INFO[Window(Home).Property(SkinVariables.ShortcutsNode.Reload),&amp;reload=,]</value>
        <value>plugin://script.skinvariables/?info=get_shortcuts_node&amp;edit=True&amp;mode=widgets&amp;skin=$VAR[Path_SkinVariables_SkinFolder]$INFO[Container(303).ListItem.Property(menu),&amp;menu=,]$INFO[Container(303).ListItem.Property(guid),&amp;guid=,]$INFO[Window(Home).Property(SkinVariables.ShortcutsNode.Reload),&amp;reload=,]</value>
    </variable>

    <variable name="Shortcuts_Window_CategoryWidgets_Path">
        <value>plugin://script.skinvariables/?info=get_shortcuts_node&amp;edit=True&amp;mode=widgets&amp;skin=$VAR[Path_SkinVariables_SkinFolder]$INFO[Container(300).ListItem.Property(menu),&amp;menu=,]$INFO[Container(300).ListItem.Property(guid),&amp;guid=,]$INFO[Window(Home).Property(SkinVariables.ShortcutsNode.Reload),&amp;reload=,]</value>
    </variable>

    <include name="Shortcuts_Window_Content_Widgets">

        <control type="group">
            <visible>!$EXP[Shortcuts_Window_Exp_WidgetsOnly]</visible>
            <!-- Submenu Widgets -->
            <include content="Object_Hidden_List">
                <param name="id">3141</param>
                <content>plugin://script.skinvariables/?info=get_shortcuts_node&amp;mode=widgets&amp;skin=$VAR[Path_SkinVariables_SkinFolder]$INFO[Container(302).ListItem.Property(menu),&amp;menu=,]$INFO[Container(302).ListItem.Property(guid),&amp;guid=,]$INFO[Window(Home).Property(SkinVariables.ShortcutsNode.Reload),&amp;reload=,]</content>
                <visible>String.IsEmpty(Container(302).ListItem.Property(blank))</visible>
            </include>
            <!-- Category Widgets -->
            <include content="Object_Hidden_List">
                <param name="id">3142</param>
                <content>plugin://script.skinvariables/?info=get_shortcuts_node&amp;mode=widgets&amp;skin=$VAR[Path_SkinVariables_SkinFolder]$INFO[Container(300).ListItem.Property(menu),&amp;menu=,]$INFO[Container(300).ListItem.Property(guid),&amp;guid=,]$INFO[Window(Home).Property(SkinVariables.ShortcutsNode.Reload),&amp;reload=,]</content>
                <visible>String.IsEmpty(Container(300).ListItem.Property(blank))</visible>
            </include>
            <!-- Sidemenu Widgets -->
            <include content="Object_Hidden_List">
                <param name="id">3143</param>
                <content>plugin://script.skinvariables/?info=get_shortcuts_node&amp;mode=widgets&amp;skin=$VAR[Path_SkinVariables_SkinFolder]$INFO[Container(303).ListItem.Property(menu),&amp;menu=,]$INFO[Container(303).ListItem.Property(guid),&amp;guid=,]$INFO[Window(Home).Property(SkinVariables.ShortcutsNode.Reload),&amp;reload=,]</content>
                <visible>String.IsEqual(Window.Property(categories_menu),menu=homemenu)</visible>
                <visible>String.IsEmpty(Container(303).ListItem.Property(blank))</visible>
            </include>
            <!-- Global Widgets -->
            <include content="Object_Hidden_List">
                <param name="id">3144</param>
                <content>plugin://script.skinvariables/?info=get_shortcuts_node&amp;skin=$VAR[Path_SkinVariables_SkinFolder]$INFO[Window.Property(categories_menu),&amp;,-globalwidgets]$INFO[Window(Home).Property(SkinVariables.ShortcutsNode.Reload),&amp;reload=,]</content>
            </include>
        </control>

        <control type="grouplist" id="304">
            <left>160</left>
            <visible>!$EXP[Shortcuts_Window_Exp_WidgetsOnly]</visible>
            <orientation>vertical</orientation>
            <top>560</top>
            <onup>302</onup>
            <ondown>305</ondown>
            <onleft>303</onleft>
            <control type="button" id="3041">

                <label>Widgets (Submenu)</label>
                <label2>$INFO[Container(3141).ListItemAbsolute(0).Label]$INFO[Container(3141).ListItemAbsolute(1).Label, | ,]$INFO[Container(3141).ListItemAbsolute(2).Label, | ,]$INFO[Container(3141).ListItemAbsolute(3).Label, | ,]$INFO[Container(3141).ListItemAbsolute(4).Label, | ,]$INFO[Container(3141).ListItemAbsolute(5).Label, | ,]$INFO[Container(3141).ListItemAbsolute(6).Label, | ,]$INFO[Container(3141).ListItemAbsolute(7).Label, | ,]$INFO[Container(3141).ListItemAbsolute(8).Label, | ,]$INFO[Container(3141).ListItemAbsolute(9).Label, | ,]</label2>
                <!-- <width>920</width> -->
                <align>left</align>
                <aligny>center</aligny>
                <textcolor>main_fg_70</textcolor>
                <textoffsetx>40</textoffsetx>
                <font>font_mini</font>
                <height>80</height>
                <texturenofocus />

                <onclick>ClearProperty(Shortcuts.Category,Home)</onclick>
                <onclick>SetProperty(Shortcuts.Position,0,Home)</onclick>
                <onclick>SetProperty(Shortcuts.EditMenu,$INFO[Container(302).ListItem.Property(menu),menu=,],Home)</onclick>
                <onclick>SetProperty(Shortcuts.EditMode,mode=widgets,Home)</onclick>
                <onclick>SetProperty(Shortcuts.EditGUID,$INFO[Container(302).ListItem.Property(guid),guid=,],Home)</onclick>
                <onclick>ActivateWindow(1116)</onclick>

                <visible>!Integer.IsEqual(Container(302).NumItems,0)</visible>
                <visible>!Container(302).IsUpdating</visible>
                <visible>Control.IsVisible(302)</visible>
                <visible>Control.IsVisible(3141)</visible>

            </control>
            <control type="button" id="3042">

                <label>Widgets (Category)</label>
                <label2>$INFO[Container(3142).ListItemAbsolute(0).Label]$INFO[Container(3142).ListItemAbsolute(1).Label, | ,]$INFO[Container(3142).ListItemAbsolute(2).Label, | ,]$INFO[Container(3142).ListItemAbsolute(3).Label, | ,]$INFO[Container(3142).ListItemAbsolute(4).Label, | ,]$INFO[Container(3142).ListItemAbsolute(5).Label, | ,]$INFO[Container(3142).ListItemAbsolute(6).Label, | ,]$INFO[Container(3142).ListItemAbsolute(7).Label, | ,]$INFO[Container(3142).ListItemAbsolute(8).Label, | ,]$INFO[Container(3142).ListItemAbsolute(9).Label, | ,]</label2>
                <!-- <width>920</width> -->
                <align>left</align>
                <aligny>center</aligny>
                <textcolor>main_fg_70</textcolor>
                <textoffsetx>40</textoffsetx>
                <font>font_mini</font>
                <height>80</height>
                <texturenofocus />

                <onclick>ClearProperty(Shortcuts.Category,Home)</onclick>
                <onclick>SetProperty(Shortcuts.Position,0,Home)</onclick>
                <onclick>SetProperty(Shortcuts.EditMenu,$INFO[Container(300).ListItem.Property(menu),menu=,],Home)</onclick>
                <onclick>SetProperty(Shortcuts.EditMode,mode=widgets,Home)</onclick>
                <onclick>SetProperty(Shortcuts.EditGUID,$INFO[Container(300).ListItem.Property(guid),guid=,],Home)</onclick>
                <onclick>ActivateWindow(1116)</onclick>

                <visible>!Integer.IsEqual(Container(300).NumItems,0)</visible>
                <visible>!Container(300).IsUpdating</visible>
                <visible>Control.IsVisible(300)</visible>
                <visible>Control.IsVisible(3142)</visible>

            </control>
            <control type="button" id="3043">

                <label>Widgets (Sidemenu)</label>
                <label2>$INFO[Container(3143).ListItemAbsolute(0).Label]$INFO[Container(3143).ListItemAbsolute(1).Label, | ,]$INFO[Container(3143).ListItemAbsolute(2).Label, | ,]$INFO[Container(3143).ListItemAbsolute(3).Label, | ,]$INFO[Container(3143).ListItemAbsolute(4).Label, | ,]$INFO[Container(3143).ListItemAbsolute(5).Label, | ,]$INFO[Container(3143).ListItemAbsolute(6).Label, | ,]$INFO[Container(3143).ListItemAbsolute(7).Label, | ,]$INFO[Container(3143).ListItemAbsolute(8).Label, | ,]$INFO[Container(3143).ListItemAbsolute(9).Label, | ,]</label2>
                <!-- <width>920</width> -->
                <align>left</align>
                <aligny>center</aligny>
                <textcolor>main_fg_70</textcolor>
                <textoffsetx>40</textoffsetx>
                <font>font_mini</font>
                <height>80</height>
                <texturenofocus />

                <onclick>ClearProperty(Shortcuts.Category,Home)</onclick>
                <onclick>SetProperty(Shortcuts.Position,0,Home)</onclick>
                <onclick>SetProperty(Shortcuts.EditMenu,$INFO[Container(303).ListItem.Property(menu),menu=,],Home)</onclick>
                <onclick>SetProperty(Shortcuts.EditMode,mode=widgets,Home)</onclick>
                <onclick>SetProperty(Shortcuts.EditGUID,$INFO[Container(303).ListItem.Property(guid),guid=,],Home)</onclick>
                <onclick>ActivateWindow(1116)</onclick>

                <visible>!Integer.IsEqual(Container(303).NumItems,0)</visible>
                <visible>!Container(303).IsUpdating</visible>
                <visible>Control.IsVisible(303)</visible>
                <visible>Control.IsVisible(3143)</visible>
                <visible>String.IsEqual(Window.Property(categories_menu),menu=homemenu)</visible>

            </control>
            <control type="button" id="3044">

                <label>Widgets (Global)</label>
                <label2>$INFO[Container(3144).ListItemAbsolute(0).Label]$INFO[Container(3144).ListItemAbsolute(1).Label, | ,]$INFO[Container(3144).ListItemAbsolute(2).Label, | ,]$INFO[Container(3144).ListItemAbsolute(3).Label, | ,]$INFO[Container(3144).ListItemAbsolute(4).Label, | ,]$INFO[Container(3144).ListItemAbsolute(5).Label, | ,]$INFO[Container(3144).ListItemAbsolute(6).Label, | ,]$INFO[Container(3144).ListItemAbsolute(7).Label, | ,]$INFO[Container(3144).ListItemAbsolute(8).Label, | ,]$INFO[Container(3144).ListItemAbsolute(9).Label, | ,]</label2>

                <!-- <width>920</width> -->
                <align>left</align>
                <aligny>center</aligny>
                <textcolor>main_fg_70</textcolor>
                <textoffsetx>40</textoffsetx>
                <font>font_mini</font>
                <height>80</height>
                <texturenofocus />

                <onclick>ClearProperty(Shortcuts.Category,Home)</onclick>
                <onclick>SetProperty(Shortcuts.Position,0,Home)</onclick>
                <onclick>SetProperty(Shortcuts.EditMenu,$INFO[Window.Property(categories_menu),,-globalwidgets],Home)</onclick>
                <onclick>ClearProperty(Shortcuts.EditMode,Home)</onclick>
                <onclick>ClearProperty(Shortcuts.EditGUID,Home)</onclick>
                <onclick>ActivateWindow(1116)</onclick>

                <visible>Control.IsVisible(3144)</visible>

            </control>
        </control>

        <control type="group">
            <left>160</left>
            <top>200</top>
            <bottom>100</bottom>

            <include content="List_DialogSelect">
                <param name="id">304</param>
                <param name="item_height">100</param>
                <param name="textcolor">main_fg_70</param>
                <param name="itemlayout_include">Layout_Shortcuts</param>
                <param name="altfocus">[Integer.IsEqual(Window.Property(list_id),304) + [ControlGroup(3000).HasFocus() | ControlGroup(39000).HasFocus()]]</param>
                <param name="misc">0</param>
                <param name="control">list</param>
                <param name="detailed">True</param>
                <content>$VAR[Shortcuts_Window_OnlyWidgets_Path]</content>
                <left>0</left>
                <top>90</top>
                <onup>302</onup>
                <ondown>305</ondown>
                <onleft>303</onleft>
                <!-- <width>920</width> -->
                <bottom>70</bottom>
                <onclick>SetFocus(1304)</onclick>
                <visible>$EXP[Shortcuts_Window_Exp_WidgetsOnly]</visible>
            </include>
        </control>
    </include>

    <include name="Shortcuts_Window_Side_Groups">
        <control type="group">
            <left>0</left>
            <top>260</top>
            <bottom>260</bottom>
            <width>view_side</width>
            <visible>String.IsEqual(Window.Property(categories_menu),menu=homemenu)</visible>

            <include content="Settings_Arrows">
                <param name="arrow_prev_visible">Container(303).HasPrevious</param>
                <param name="arrow_next_visible">Container(303).HasNext</param>
                <param name="colordiffuse">main_fg_70</param>
            </include>
            <control type="list" id="303">
                <focusposition>2</focusposition>
                <movement>2</movement>
                <onright>340</onright>

                <onclick>ClearProperty(Shortcuts.EditMode,Home)</onclick>
                <onclick>ClearProperty(Shortcuts.EditGUID,Home)</onclick>
                <onclick>SetProperty(Shortcuts.EditMenu,$INFO[Container(303).ListItem.Property(menu),menu=,],Home)</onclick>
                <onclick>SetProperty(Shortcuts.Position,$INFO[Container(303).CurrentItem],Home)</onclick>
                <onclick>ActivateWindow(1116)</onclick>

                <hitrect x="40" w="120" />
                <orientation>vertical</orientation>
                <scrolltime tween="quadratic">400</scrolltime>
                <include content="Home_Menu_List_ItemLayout">
                    <param name="id">303</param>
                    <param name="hidden_button">Items_Null</param>
                    <param name="hidden_button_enabled">False</param>
                    <param name="layoutnf">[False]</param>
                    <param name="layoutfo">[String.IsEqual(Window.Property(categories_menu),menu=homemenu)]</param>
                </include>
                <content>plugin://script.skinvariables/?info=get_shortcuts_node&amp;edit=True&amp;skin=$VAR[Path_SkinVariables_SkinFolder]$INFO[Window(Home).Property(SkinVariables.ShortcutsNode.Reload),&amp;reload=,]&amp;menu=sidemenu</content>
            </control>
        </control>
    </include>

    <include name="Shortcuts_Window_Content_Tray">
        <control type="grouplist" id="306">
            <left>130</left>
            <centertop>240</centertop>
            <itemgap>0</itemgap>
            <orientation>horizontal</orientation>
            <height>160</height>
            <onleft>303</onleft>
            <onright>noop</onright>
            <onup>2800</onup>
            <ondown>301</ondown>

            <include content="Dialog_Side_Button">
                <param name="vertical">false</param>
                <param name="id">06</param>
                <param name="baseid">35</param>
                <param name="textcolor">main_fg</param>
                <param name="nf_opacity">70</param>
                <param name="db_opacity">12</param>
                <param name="label">$VAR[Shortcuts_Window_Var_Label_ClassicMode]</param>
                <param name="icon">$VAR[Shortcuts_Window_Var_Image_ClassicMode]</param>
                <onclick condition="String.IsEqual(Window.Property(categories_menu),menu=homemenu)">Skin.ToggleSetting(Hub.Home.DisableSubmenu)</onclick>
                <onclick condition="String.IsEqual(Window.Property(categories_menu),menu=1101menu)">Skin.ToggleSetting(Hub.1101.DisableSubmenu)</onclick>
                <onclick condition="String.IsEqual(Window.Property(categories_menu),menu=1102menu)">Skin.ToggleSetting(Hub.1102.DisableSubmenu)</onclick>
                <onclick condition="String.IsEqual(Window.Property(categories_menu),menu=1103menu)">Skin.ToggleSetting(Hub.1103.DisableSubmenu)</onclick>
                <onclick condition="String.IsEqual(Window.Property(categories_menu),menu=1104menu)">Skin.ToggleSetting(Hub.1104.DisableSubmenu)</onclick>
                <onclick condition="String.IsEqual(Window.Property(categories_menu),menu=1105menu)">Skin.ToggleSetting(Hub.1105.DisableSubmenu)</onclick>
                <onclick condition="String.IsEqual(Window.Property(categories_menu),menu=1106menu)">Skin.ToggleSetting(Hub.1106.DisableSubmenu)</onclick>
                <onclick condition="String.IsEqual(Window.Property(categories_menu),menu=1107menu)">Skin.ToggleSetting(Hub.1107.DisableSubmenu)</onclick>
                <onclick condition="String.IsEqual(Window.Property(categories_menu),menu=1108menu)">Skin.ToggleSetting(Hub.1108.DisableSubmenu)</onclick>
                <onclick condition="String.IsEqual(Window.Property(categories_menu),menu=1109menu)">Skin.ToggleSetting(Hub.1109.DisableSubmenu)</onclick>
            </include>

            <include content="Dialog_Side_Button">
                <param name="vertical">false</param>
                <param name="id">08</param>
                <param name="baseid">35</param>
                <param name="textcolor">main_fg</param>
                <param name="nf_opacity">70</param>
                <param name="db_opacity">12</param>
                <param name="label">$VAR[Shortcuts_Window_Var_Label_WidgetSelector]</param>
                <param name="icon">$VAR[Shortcuts_Window_Var_Image_WidgetSelector]</param>
                <onclick condition="String.IsEqual(Window.Property(categories_menu),menu=homemenu)">Skin.ToggleSetting(Hub.Home.WidgetSelector)</onclick>
                <onclick condition="String.IsEqual(Window.Property(categories_menu),menu=1101menu)">Skin.ToggleSetting(Hub.1101.WidgetSelector)</onclick>
                <onclick condition="String.IsEqual(Window.Property(categories_menu),menu=1102menu)">Skin.ToggleSetting(Hub.1102.WidgetSelector)</onclick>
                <onclick condition="String.IsEqual(Window.Property(categories_menu),menu=1103menu)">Skin.ToggleSetting(Hub.1103.WidgetSelector)</onclick>
                <onclick condition="String.IsEqual(Window.Property(categories_menu),menu=1104menu)">Skin.ToggleSetting(Hub.1104.WidgetSelector)</onclick>
                <onclick condition="String.IsEqual(Window.Property(categories_menu),menu=1105menu)">Skin.ToggleSetting(Hub.1105.WidgetSelector)</onclick>
                <onclick condition="String.IsEqual(Window.Property(categories_menu),menu=1106menu)">Skin.ToggleSetting(Hub.1106.WidgetSelector)</onclick>
                <onclick condition="String.IsEqual(Window.Property(categories_menu),menu=1107menu)">Skin.ToggleSetting(Hub.1107.WidgetSelector)</onclick>
                <onclick condition="String.IsEqual(Window.Property(categories_menu),menu=1108menu)">Skin.ToggleSetting(Hub.1108.WidgetSelector)</onclick>
                <onclick condition="String.IsEqual(Window.Property(categories_menu),menu=1109menu)">Skin.ToggleSetting(Hub.1109.WidgetSelector)</onclick>
            </include>

            <include content="Dialog_Side_Button">
                <param name="vertical">false</param>
                <param name="id">01</param>
                <param name="baseid">35</param>
                <param name="textcolor">main_fg</param>
                <param name="nf_opacity">70</param>
                <param name="db_opacity">12</param>
                <param name="label">$LOCALIZE[31456]</param>
                <param name="icon">special://skin/extras/icons/download.png</param>
                <onclick>RunScript(script.skinvariables,run_dialog=select,heading=Prebuilt,separator=||,list=library-basic||tmdb-basic,"executebuiltin=route=copy_menufolder=special://skin/shortcuts/prebuilt/{v}/&amp;skin=$VAR[Path_SkinVariables_SkinFolder]")</onclick>
            </include>

            <include content="Dialog_Side_Button">
                <param name="vertical">false</param>
                <param name="id">02</param>
                <param name="baseid">35</param>
                <param name="textcolor">main_fg</param>
                <param name="nf_opacity">70</param>
                <param name="db_opacity">12</param>
                <param name="label">$LOCALIZE[31494]</param>
                <param name="icon">special://skin/extras/icons/code-pull-request.png</param>
                <onclick>RunPlugin(plugin://script.skinvariables/?info=get_shortcuts_node&amp;skin=$VAR[Path_SkinVariables_SkinFolder]$INFO[Window.Property(categories_menu),&amp;,]&amp;func=do_refresh&amp;&amp;False&amp;&amp;ActivateWindow(1115))</onclick>
            </include>

        </control>

        <control type="grouplist" id="305">
            <left>160</left>
            <centerbottom>100</centerbottom>
            <itemgap>0</itemgap>
            <orientation>horizontal</orientation>
            <height>160</height>

            <onright>noop</onright>
            <onleft>303</onleft>

            <onup>304</onup>
            <control type="button" id="35021">
                <centertop>50%</centertop>
                <height>80</height>
                <label>[CAPITALIZE]$LOCALIZE[31377][/CAPITALIZE]$VAR[Shortcuts_Window_Var_Label_NavigationOnDown,: ,]</label>
                <width max="920">auto</width>
                <align>left</align>
                <aligny>top</aligny>
                <textcolor>main_fg_70</textcolor>
                <textoffsetx>40</textoffsetx>
                <textoffsety>17</textoffsety>
                <font>font_main</font>
                <onclick>RunScript(script.skinvariables,run_dialog=select,heading=$LOCALIZE[31324] > $LOCALIZE[31008],separator=||,list=$LOCALIZE[571]||$LOCALIZE[31148],"executebuiltin_0=Skin.Reset(Navigation.$INFO[Container(2804).ListItem.Property(value)].OnDown)","executebuiltin_1=Skin.SetString(Navigation.$INFO[Container(2804).ListItem.Property(value)].OnDown,Explore)")</onclick>
                <texturenofocus />
            </control>

            <include content="Dialog_Side_Button">
                <param name="vertical">false</param>
                <param name="id">22</param>
                <param name="baseid">35</param>
                <param name="textcolor">main_fg</param>
                <param name="nf_opacity">70</param>
                <param name="db_opacity">12</param>
                <param name="label">$LOCALIZE[31148]</param>
                <param name="icon">special://skin/extras/icons/shapes.png</param>
                <param name="visible">[[String.IsEqual(Container(2804).ListItem.Property(value),Hub.Home) + Skin.String(Navigation.Hub.Home.OnDown,Explore)] | [String.IsEqual(Container(2804).ListItem.Property(value),Hub.Home) + String.IsEmpty(Skin.String(Navigation.Hub.Home.OnDown)) + Skin.String(Navigation.Global.OnDown,Explore)]]</param>


                <!-- Global Widgets -->
                <onclick>ClearProperty(Shortcuts.EditGUID,Home)</onclick>
                <onclick>SetProperty(Shortcuts.EditMenu,menu=homemenu-extendedwidgets,Home)</onclick>
                <onclick>ClearProperty(Shortcuts.EditMode,Home)</onclick>
                <onclick>ClearProperty(Shortcuts.Category,Home)</onclick>

                <onclick>ActivateWindow(1116)</onclick>

            </include>

            <include content="Dialog_Side_Button">
                <param name="vertical">false</param>
                <param name="id">11</param>
                <param name="baseid">35</param>
                <param name="textcolor">main_fg</param>
                <param name="nf_opacity">70</param>
                <param name="db_opacity">12</param>
                <param name="label">$LOCALIZE[137]</param>
                <param name="icon">special://skin/extras/icons/search.png</param>
                <onclick>SetProperty(Shortcuts.EditMenu,menu=searchmenu,Home)</onclick>
                <onclick>ClearProperty(Shortcuts.EditMode,Home)</onclick>
                <onclick>ClearProperty(Shortcuts.EditGUID,Home)</onclick>
                <onclick>ActivateWindow(1116)</onclick>
            </include>

            <include content="Dialog_Side_Button">
                <param name="vertical">false</param>
                <param name="id">12</param>
                <param name="baseid">35</param>
                <param name="textcolor">main_fg</param>
                <param name="nf_opacity">70</param>
                <param name="db_opacity">12</param>
                <param name="label">$LOCALIZE[33063]</param>
                <param name="icon">special://skin/extras/icons/bars.png</param>
                <onclick>SetProperty(CustomDialogSettingsTitle,[CAPITALIZE]$LOCALIZE[31086][/CAPITALIZE],Home)</onclick>
                <onclick>SetProperty(CustomDialogSettingsItems,Items_Settings_PowerMenuConfigure,Home)</onclick>
                <onclick>ActivateWindow(1118)</onclick>
            </include>
        </control>
    </include>

    <variable name="Shortcuts_Window_Var_Label_NavigationOnDown">
        <value condition="String.IsEqual(Container(2804).ListItem.Property(value),Hub.Home) + !String.IsEmpty(Skin.String(Navigation.Hub.Home.OnDown))">$INFO[Skin.String(Navigation.Hub.Home.OnDown)]</value>
        <value condition="String.IsEqual(Container(2804).ListItem.Property(value),Hub.1101) + !String.IsEmpty(Skin.String(Navigation.Hub.1101.OnDown))">$INFO[Skin.String(Navigation.Hub.1101.OnDown)]</value>
        <value condition="String.IsEqual(Container(2804).ListItem.Property(value),Hub.1102) + !String.IsEmpty(Skin.String(Navigation.Hub.1102.OnDown))">$INFO[Skin.String(Navigation.Hub.1102.OnDown)]</value>
        <value condition="String.IsEqual(Container(2804).ListItem.Property(value),Hub.1103) + !String.IsEmpty(Skin.String(Navigation.Hub.1103.OnDown))">$INFO[Skin.String(Navigation.Hub.1103.OnDown)]</value>
        <value condition="String.IsEqual(Container(2804).ListItem.Property(value),Hub.1104) + !String.IsEmpty(Skin.String(Navigation.Hub.1104.OnDown))">$INFO[Skin.String(Navigation.Hub.1104.OnDown)]</value>
        <value condition="String.IsEqual(Container(2804).ListItem.Property(value),Hub.1106) + !String.IsEmpty(Skin.String(Navigation.Hub.1106.OnDown))">$INFO[Skin.String(Navigation.Hub.1106.OnDown)]</value>
        <value condition="String.IsEqual(Container(2804).ListItem.Property(value),Hub.1107) + !String.IsEmpty(Skin.String(Navigation.Hub.1107.OnDown))">$INFO[Skin.String(Navigation.Hub.1107.OnDown)]</value>
        <value condition="String.IsEqual(Container(2804).ListItem.Property(value),Hub.1108) + !String.IsEmpty(Skin.String(Navigation.Hub.1108.OnDown))">$INFO[Skin.String(Navigation.Hub.1108.OnDown)]</value>
        <value condition="String.IsEqual(Container(2804).ListItem.Property(value),Hub.1109) + !String.IsEmpty(Skin.String(Navigation.Hub.1109.OnDown))">$INFO[Skin.String(Navigation.Hub.1109.OnDown)]</value>
        <value>$LOCALIZE[571]$INFO[Skin.String(Navigation.Global.OnDown), (,)]</value>
    </variable>

    <variable name="Shortcuts_Window_Var_Label_ClassicMode">
        <value condition="$EXP[Shortcuts_Window_Exp_WidgetsOnly]">$LOCALIZE[31143]</value>
        <value>$LOCALIZE[31037]</value>
    </variable>

    <variable name="Shortcuts_Window_Var_Image_ClassicMode">
        <value condition="$EXP[Shortcuts_Window_Exp_WidgetsOnly]">special://skin/extras/icons/diagram-next.png</value>
        <value>special://skin/extras/icons/route.png</value>
    </variable>

    <variable name="Shortcuts_Window_Var_Label_WidgetSelector">
        <value condition="$EXP[Shortcuts_Window_Exp_WidgetSelector]">$LOCALIZE[31083]</value>
        <value>$LOCALIZE[31373]</value>
    </variable>

    <variable name="Shortcuts_Window_Var_Image_WidgetSelector">
        <value condition="$EXP[Shortcuts_Window_Exp_WidgetSelector]">special://skin/extras/icons/pager.png</value>
        <value>special://skin/extras/icons/rectangle-list.png</value>
    </variable>

    <include name="Shortcuts_Window_Spinner_Button">
        <control type="group">
            <height>80</height>
            <left>160</left>
            <centertop>100</centertop>
            <include content="Object_Width" condition="Skin.HasSetting(Furniture.EnableClock.TopLeft)">
                <param name="width">640</param>
            </include>
            <width>settings_category_w</width>
            <control type="group">
                <visible>ControlGroup(2800).HasFocus()</visible>
                <control type="image">
                    <include>Texture_Menu_Highlight_H</include>
                </control>
            </control>
            <control type="grouplist" id="2800">
                <height>80</height>
                <centertop>50%</centertop>
                <align>right</align>
                <orientation>horizontal</orientation>

                <onleft>Action(Select)</onleft>
                <onright>Action(Select)</onright>
                <ondown>306</ondown>

                <right>-10</right>
                <control type="button" id="2801">
                    <width>30</width>
                    <height>30</height>
                    <centertop>50%</centertop>
                    <texturenofocus colordiffuse="main_fg_30" flipx="false">buttons/triangle-left.png</texturenofocus>
                    <texturefocus colordiffuse="$VAR[ColorSelected]" flipx="false">buttons/triangle-left.png</texturefocus>

                    <onclick>Control.Move(2804,-1)</onclick>
                    <onclick>SetFocus(2804)</onclick>
                    <onclick>Action(Select)</onclick>
                    <onclick>SetFocus(2801)</onclick>

                </control>
                <control type="button" id="2802">
                    <width>30</width>
                    <height>30</height>
                    <centertop>50%</centertop>
                    <texturenofocus colordiffuse="main_fg_30" flipx="true">buttons/triangle-left.png</texturenofocus>
                    <texturefocus colordiffuse="$VAR[ColorSelected]" flipx="true">buttons/triangle-left.png</texturefocus>

                    <onclick>Control.Move(2804,1)</onclick>
                    <onclick>SetFocus(2804)</onclick>
                    <onclick>Action(Select)</onclick>
                    <onclick>SetFocus(2802)</onclick>

                </control>
                <control type="group" id="2803">
                    <width>40</width>
                </control>
            </control>
        </control>
        <include content="Furniture_Top">
            <param name="label">$LOCALIZE[21450]$INFO[Window.Property(hub_prefix),: ,]</param>
            <param name="include_topbar_animation">False</param>
        </include>
    </include>

    <include name="Shortcuts_Window_Spinner_List">
        <include content="Object_Hidden_List">
            <param name="id">2804</param>
            <content>
                <item>
                    <label>Home</label>
                    <property name="value">Hub.Home</property>
                    <onclick>SetProperty(categories_menu,menu=homemenu)</onclick>
                    <onclick>SetProperty(hub_prefix,Home)</onclick>
                </item>
                <item>
                    <label>1101</label>
                    <property name="value">Hub.1101</property>
                    <onclick>SetProperty(categories_menu,menu=1101menu)</onclick>
                    <onclick>SetProperty(hub_prefix,1101)</onclick>
                </item>
                <item>
                    <label>1102</label>
                    <property name="value">Hub.1102</property>
                    <onclick>SetProperty(categories_menu,menu=1102menu)</onclick>
                    <onclick>SetProperty(hub_prefix,1102)</onclick>
                </item>
                <item>
                    <label>1103</label>
                    <property name="value">Hub.1103</property>
                    <onclick>SetProperty(categories_menu,menu=1103menu)</onclick>
                    <onclick>SetProperty(hub_prefix,1103)</onclick>
                </item>
                <item>
                    <label>1104</label>
                    <property name="value">Hub.1104</property>
                    <onclick>SetProperty(categories_menu,menu=1104menu)</onclick>
                    <onclick>SetProperty(hub_prefix,1104)</onclick>
                </item>
                <item>
                    <label>1106</label>
                    <property name="value">Hub.1106</property>
                    <onclick>SetProperty(categories_menu,menu=1106menu)</onclick>
                    <onclick>SetProperty(hub_prefix,1106)</onclick>
                </item>
                <item>
                    <label>1107</label>
                    <property name="value">Hub.1107</property>
                    <onclick>SetProperty(categories_menu,menu=1107menu)</onclick>
                    <onclick>SetProperty(hub_prefix,1107)</onclick>
                </item>
                <item>
                    <label>1108</label>
                    <property name="value">Hub.1108</property>
                    <onclick>SetProperty(categories_menu,menu=1108menu)</onclick>
                    <onclick>SetProperty(hub_prefix,1108)</onclick>
                </item>
                <item>
                    <label>1109</label>
                    <property name="value">Hub.1109</property>
                    <onclick>SetProperty(categories_menu,menu=1109menu)</onclick>
                    <onclick>SetProperty(hub_prefix,1109)</onclick>
                </item>
            </content>
        </include>
    </include>
</includes>
