[
    {
        "label": "TV shows",
        "icon": "special://skin/extras/icons/tv.png",
        "path": "library://video/tvshows/",
        "target": "videos",
        "guid": "guid-b2148549",
        "widget_style": "Apps"
    },
    {
        "label": "Recent Tv Shows",
        "path": "special://skin/extras/playlists/RecentTvShows.xsp",
        "icon": "DefaultMusicRecentlyPlayed.png",
        "target": "videos",
        "guid": "guid-110946c0"
    },
    {
        "label": "In-Progress",
        "path": "library://video/tvshows/inprogressshows.xml",
        "icon": "special://skin/extras/icons/timer.png",
        "target": "videos",
        "guid": "guid-1e7585de"
    }
]