<?xml version="1.0" encoding="UTF-8"?>
<window type="dialog">
    <controls>

        <control type="group">
            <visible>Player.Muted</visible>
            <include>Animation_SlideIn_Dialog</include>
            <top>x04</top>
            <height>x08</height>
            <include content="Info_Codec_LabelIcon">
                <param name="icon">special://skin/extras/icons/volume-xmark.png</param>
                <right>x08</right>
            </include>
        </control>

        <include content="Furniture_Busy">
            <param name="hasprogress">true</param>
            <param name="progress">Control.GetLabel(933)</param>
            <param name="progress_id">933</param>
            <param name="icon">special://skin/extras/icons/volume-low.png</param>
            <param name="mainlabel">$LOCALIZE[13376]$INFO[Control.GetLabel(933), ,%]</param>
            <param name="minilabel">$INFO[Player.Volume]</param>
            <visible>!Player.Muted</visible>
            <include>Animation_SlideIn_Dialog</include>
        </include>

        <control type="label" id="31">
            <left>-2000</left>
            <width>100</width>
            <visible>False</visible>
        </control>

        <control type="progress" id="933">
            <left>-2000</left>
            <width>100</width>
            <height>1</height>
            <info>Player.Volume</info>
        </control>
    </controls>
</window>
