<?xml version="1.0" encoding="UTF-8"?>
<includes>

    <include name="Settings_Main_Group">
        <control type="group">
            <nested />
            <left>view_side</left>
            <top>view_top</top>
            <bottom>view_pad</bottom>
            <right>view_pad</right>
            <include content="Animation_Settings_WindowChange">
                <param name="windowopen">$PARAM[windowopen_condition]</param>
                <param name="windowclose">$PARAM[windowclose_condition]</param>
            </include>
        </control>
    </include>

    <include name="Settings_Left_Group">
        <control type="group">
            <nested />
            <width>480</width>

            <control type="image">
                <texture colordiffuse="main_fg_12">common/white.png</texture>
                <height>1</height>
                <right>40</right>
                <top>-40</top>
            </control>
            <control type="image">
                <texture colordiffuse="main_fg_12">common/white.png</texture>
                <height>1</height>
                <right>40</right>
                <bottom>80</bottom>
            </control>

        </control>
    </include>

    <include name="Settings_Left_Content">
        <control type="group">
            <nested />
            <top>-x02</top>
            <bottom>x10</bottom>
            <left>-x04</left>
            <right>-x02</right>
        </control>
    </include>

    <include name="Settings_Left_Grouplist">
        <control type="grouplist" id="$PARAM[id]">
            <nested />
            <top>-x02</top>
            <bottom>x10</bottom>
            <left>-x04</left>
            <right>x02</right>
        </control>
    </include>

    <include name="Settings_Right_Group">
        <control type="group">

            <control type="image">
                <texture border="20" colordiffuse="main_fg_12">common/dialog.png</texture>
                <bottom>80</bottom>
                <top>-40</top>
                <left>-x02</left>
            </control>
            <nested />
            <left>settings_category_w</left>
        </control>
    </include>

    <include name="Settings_Right_Grouplist">
        <control type="grouplist" id="$PARAM[id]">
            <nested />
            <onright>61</onright>
            <pagecontrol>61</pagecontrol>
            <top>-x02</top>
            <left>0</left>
            <right>x02</right>
            <bottom>x10</bottom>
        </control>
    </include>

    <include name="Settings_KodiVersion">
        <control type="label">
            <nested />
            <label>$INFO[System.FriendlyName][CR]$INFO[System.ProfileName]</label>
            <textcolor>main_fg_30</textcolor>
            <height>x08</height>
            <centerbottom>20</centerbottom>
            <left>0</left>
            <font>font_mini</font>
        </control>
    </include>

    <include name="Settings_Dialog">
        <include>Home_Fade</include>
        <control type="group">
            <nested />
        </control>
    </include>

    <include name="Settings_Header">
        <include content="Dialog_Head">
            <param name="id">0</param>
            <param name="label">$VAR[Label_Header_Mini]</param>
            <top>view_pad</top>
            <left>view_side</left>
        </include>
    </include>

    <include name="Settings_Changer">
        <definition>
            <control type="group">
                <width>80</width>
                <height>80</height>
                <centerbottom>100</centerbottom>
                <centerleft>100</centerleft>
                <control type="group">
                    <control type="image">
                        <bordersize>10</bordersize>
                        <aspectratio>keep</aspectratio>
                        <texture colordiffuse="main_fg_30">special://skin/extras/icons/kodi.png</texture>
                    </control>
                </control>
            </control>
            <control type="group">
                <width>80</width>
                <height>80</height>
                <centertop>100</centertop>
                <centerleft>100</centerleft>
                <control type="group">
                    <visible>![ControlGroup(30000).HasFocus() | ControlGroup(30030).HasFocus()]</visible>
                    <control type="image">
                        <bordersize>14</bordersize>
                        <aspectratio>keep</aspectratio>
                        <texture colordiffuse="main_fg_30">$VAR[Image_SettingsWindow]</texture>
                    </control>
                </control>
                <control type="group">
                    <visible>[ControlGroup(30000).HasFocus() | ControlGroup(30030).HasFocus()]</visible>
                    <control type="image">
                        <texture flipy="true">special://profile/addon_data/script.texturemaker/ArcticFuse/circle_v.png</texture>
                        <aspectratio>keep</aspectratio>
                        <width>10</width>
                        <height>10</height>
                        <centertop>50%</centertop>
                        <left>0</left>
                    </control>
                    <control type="image">
                        <bordersize>14</bordersize>
                        <aspectratio>keep</aspectratio>
                        <texture colordiffuse="main_fg_100">$VAR[Image_SettingsWindow]</texture>
                    </control>
                </control>
            </control>
            <control type="group">
                <height>80</height>
                <left>160</left>
                <centertop>100</centertop>
                <width>settings_category_w</width>
                <control type="label">
                    <align>left</align>
                    <height>20</height>
                    <centertop>50%</centertop>
                    <textoffsetx>40</textoffsetx>
                    <font>font_midi_black</font>
                    <visible>![ControlGroup(30030).HasFocus() | Integer.IsEqual(Window(Home).Property(SettingsChanger.Switch),30031) | Integer.IsEqual(Window(Home).Property(SettingsChanger.Switch),30032)]</visible>
                    <textcolor>main_fg_100</textcolor>
                    <label>$VAR[Label_Header_Mini]</label>
                </control>
                <control type="image">
                    <visible>ControlGroup(30030).HasFocus() | Integer.IsEqual(Window(Home).Property(SettingsChanger.Switch),30031) | Integer.IsEqual(Window(Home).Property(SettingsChanger.Switch),30032)</visible>
                    <include>Texture_Menu_Highlight_H</include>
                </control>
                <control type="label">
                    <align>left</align>
                    <height>20</height>
                    <centertop>50%</centertop>
                    <textoffsetx>40</textoffsetx>
                    <font>font_midi_black</font>
                    <visible>ControlGroup(30030).HasFocus() | Integer.IsEqual(Window(Home).Property(SettingsChanger.Switch),30031) | Integer.IsEqual(Window(Home).Property(SettingsChanger.Switch),30032)</visible>
                    <textcolor>$VAR[ColorSelected]</textcolor>
                    <label>$VAR[Label_Header_Mini]</label>
                </control>
            </control>
            <control type="grouplist" id="30030">
                <ondown condition="Window.IsVisible(addonbrowser)">6000</ondown>
                <ondown condition="Window.IsVisible(eventlog)">8000</ondown>
                <ondown condition="!Window.IsVisible(addonbrowser) + !Window.IsVisible(eventlog)">3</ondown>
                <height>80</height>
                <left>170</left>
                <centertop>100</centertop>
                <width>settings_category_w</width>
                <align>right</align>
                <orientation>horizontal</orientation>
                <onleft>Action(Select)</onleft>
                <onright>Action(Select)</onright>
                <control type="button" id="30032">
                    <width>30</width>
                    <height>30</height>
                    <centertop>50%</centertop>
                    <texturenofocus colordiffuse="main_fg_30" flipx="false">buttons/triangle-left.png</texturenofocus>
                    <texturefocus colordiffuse="$VAR[ColorSelected]" flipx="false">buttons/triangle-left.png</texturefocus>
                    <onclick>SetProperty(SettingsChanger.Switch,30032,Home)</onclick>
                    <onclick condition="Window.IsVisible(systeminfo)">ReplaceWindow(eventlog)</onclick>
                    <onclick condition="Window.IsVisible(skinsettings)">ReplaceWindow(systeminfo)</onclick>
                    <onclick condition="Window.IsVisible(interfacesettings)">ReplaceWindow(skinsettings)</onclick>
                    <onclick condition="Window.IsVisible(mediasettings)">ReplaceWindow(interfacesettings)</onclick>
                    <onclick condition="Window.IsVisible(playersettings)">ReplaceWindow(mediasettings)</onclick>
                    <onclick condition="Window.IsVisible(systemsettings)">ReplaceWindow(playersettings)</onclick>
                    <onclick condition="Window.IsVisible(servicesettings)">ReplaceWindow(systemsettings)</onclick>
                    <onclick condition="Window.IsVisible(pvrsettings)">ReplaceWindow(servicesettings)</onclick>
                    <onclick condition="Window.IsVisible(profiles)">ReplaceWindow(pvrsettings)</onclick>
                    <onclick condition="Window.IsVisible(addonbrowser)">ReplaceWindow(profiles)</onclick>
                    <onclick condition="Window.IsVisible(eventlog)">ReplaceWindow(addonbrowser)</onclick>
                </control>
                <control type="button" id="30031">
                    <width>30</width>
                    <height>30</height>
                    <centertop>50%</centertop>
                    <texturenofocus colordiffuse="main_fg_30" flipx="true">buttons/triangle-left.png</texturenofocus>
                    <texturefocus colordiffuse="$VAR[ColorSelected]" flipx="true">buttons/triangle-left.png</texturefocus>
                    <onclick>SetProperty(SettingsChanger.Switch,30031,Home)</onclick>
                    <onclick condition="Window.IsVisible(systeminfo)">ReplaceWindow(skinsettings)</onclick>
                    <onclick condition="Window.IsVisible(skinsettings)">ReplaceWindow(interfacesettings)</onclick>
                    <onclick condition="Window.IsVisible(interfacesettings)">ReplaceWindow(mediasettings)</onclick>
                    <onclick condition="Window.IsVisible(mediasettings)">ReplaceWindow(playersettings)</onclick>
                    <onclick condition="Window.IsVisible(playersettings)">ReplaceWindow(systemsettings)</onclick>
                    <onclick condition="Window.IsVisible(systemsettings)">ReplaceWindow(servicesettings)</onclick>
                    <onclick condition="Window.IsVisible(servicesettings)">ReplaceWindow(pvrsettings)</onclick>
                    <onclick condition="Window.IsVisible(pvrsettings)">ReplaceWindow(profiles)</onclick>
                    <onclick condition="Window.IsVisible(profiles)">ReplaceWindow(addonbrowser)</onclick>
                    <onclick condition="Window.IsVisible(addonbrowser)">ReplaceWindow(eventlog)</onclick>
                    <onclick condition="Window.IsVisible(eventlog)">ReplaceWindow(systeminfo)</onclick>
                </control>
                <control type="group" id="30033">
                    <width>40</width>
                </control>
            </control>
            <control type="grouplist" id="30000">
                <nested />
                <height>x08</height>
                <right>x08</right>
                <left>680</left>
                <align>center</align>
                <centerbottom>100</centerbottom>
                <orientation>horizontal</orientation>
                <include>Items_Settings_Changer</include>
                <visible allowhiddenfocus="true">False</visible>
                <!-- <visible allowhiddenfocus="true">ControlGroup(30030).HasFocus() | ControlGroup(30000).HasFocus()</visible> -->
                <animation effect="fade" start="0" end="100" time="400" delay="200">Visible</animation>
                <animation effect="fade" start="100" end="0" time="400">Hidden</animation>
            </control>

            <include content="Dialog_Overlay_Side">
                <visible>ControlGroup(30040).HasFocus() | ControlGroup(30700).HasFocus()</visible>
                <include>Animation_Right_Delay</include>
                <include>Dimension_DialogSideMenu</include>
                <include content="Dialog_Head">
                    <param name="label">$LOCALIZE[5]</param>
                </include>
                <include content="Dialog_Body">
                    <include content="Dialog_Body_Grouplist">
                        <param name="id">30040</param>
                        <onleft condition="Window.IsVisible(addonbrowser)">6000</onleft>
                        <onleft condition="Window.IsVisible(eventlog)">8000</onleft>
                        <onleft condition="!Window.IsVisible(addonbrowser) + !Window.IsVisible(eventlog)">3</onleft>
                        <onright>30700</onright>
                        <include>Items_Settings_SideChanger</include>
                    </include>
                    <include content="Dialog_Side_Grouplist">
                        <param name="id">30700</param>
                        <onright condition="Window.IsVisible(addonbrowser)">6000</onright>
                        <onright condition="Window.IsVisible(eventlog)">8000</onright>
                        <onright condition="!Window.IsVisible(addonbrowser) + !Window.IsVisible(eventlog)">3</onright>
                        <onleft>30040</onleft>
                        <include content="Dialog_Side_Button">
                            <param name="id">1</param>
                            <param name="baseid">307</param>
                            <param name="label">$LOCALIZE[15067]</param>
                            <param name="icon">special://skin/extras/icons/circle-xmark.png</param>
                            <onclick condition="Window.IsVisible(addonbrowser)">SetFocus(6000)</onclick>
                            <onclick condition="Window.IsVisible(eventlog)">SetFocus(8000)</onclick>
                            <onclick condition="!Window.IsVisible(addonbrowser) + !Window.IsVisible(eventlog)">SetFocus(3)</onclick>
                        </include>
                    </include>
                </include>
            </include>
        </definition>
    </include>

    <include name="Settings_Changer_Button">
        <param name="width">80</param>
        <param name="itemgap">80</param>
        <definition>
            <control type="button" id="$PARAM[button_id]">
                <!-- <left>16</left> -->
                <width>$PARAM[width]</width>
                <height>$PARAM[width]</height>
                <texturenofocus />
                <include>Texture_KeyboardButton</include>
                <onclick>SetProperty(SettingsChanger.Switch,$PARAM[button_id],Home)</onclick>
                <onclick>ReplaceWindow($PARAM[window])</onclick>
                <onfocus condition="!Window.IsVisible($PARAM[window])">SetProperty(SettingsChanger.Switch,$PARAM[button_id],Home)</onfocus>
                <onfocus condition="!Window.IsVisible($PARAM[window])">ReplaceWindow($PARAM[window])</onfocus>
            </control>
            <control type="group" id="$PARAM[group_id]">
                <left>-$PARAM[itemgap]</left>
                <width>$PARAM[width]</width>
                <height>$PARAM[width]</height>

                <control type="image">
                    <texture flipy="true">special://profile/addon_data/script.texturemaker/ArcticFuse/circle_v.png</texture>
                    <aspectratio>keep</aspectratio>
                    <width>10</width>
                    <height>10</height>
                    <centerleft>50%</centerleft>
                    <bottom>0</bottom>
                    <visible>Window.IsActive($PARAM[window])</visible>
                    <visible>!Control.HasFocus($PARAM[button_id])</visible>
                    <animation effect="fade" start="0" end="100" delay="50" time="100" reversible="false">Visible</animation>
                    <animation effect="fade" start="100" end="0" delay="50" time="100" reversible="false">Hidden</animation>
                </control>

                <control type="group">
                    <visible>![Window.IsActive($PARAM[window]) | Control.HasFocus($PARAM[button_id])]</visible>
                    <animation effect="fade" start="0" end="100" delay="50" time="100" reversible="false">Visible</animation>
                    <animation effect="fade" start="100" end="0" delay="50" time="100" reversible="false">Hidden</animation>
                    <!-- <control type="label">
                        <label>[CR][CR]$PARAM[label]</label>
                        <textcolor>main_fg_30</textcolor>
                        <font>font_hint_button</font>
                        <align>center</align>
                        <aligny>top</aligny>
                        <textoffsetx>0</textoffsetx>
                        <top>2</top>
                    </control> -->
                    <control type="image">
                        <bordersize>14</bordersize>
                        <!-- <top>-10</top>
                        <bottom>10</bottom> -->
                        <aspectratio>keep</aspectratio>
                        <texture colordiffuse="main_fg_30">$PARAM[icon]</texture>
                    </control>
                </control>
                <control type="group">
                    <visible>Window.IsActive($PARAM[window]) | Control.HasFocus($PARAM[button_id])</visible>
                    <animation effect="fade" start="0" end="100" delay="50" time="100" reversible="false">Visible</animation>
                    <animation effect="fade" start="100" end="0" delay="50" time="100" reversible="false">Hidden</animation>
                    <!-- <control type="label">
                        <label>[CR][CR]$PARAM[label]</label>
                        <textcolor>$VAR[ColorSelected]</textcolor>
                        <font>font_hint_button</font>
                        <align>center</align>
                        <aligny>top</aligny>
                        <textoffsetx>0</textoffsetx>
                        <top>2</top>
                    </control> -->
                    <control type="image">
                        <bordersize>14</bordersize>
                        <!-- <top>-10</top>
                        <bottom>10</bottom> -->
                        <aspectratio>keep</aspectratio>
                        <texture colordiffuse="$VAR[ColorSelected]">$PARAM[icon]</texture>
                    </control>
                </control>
            </control>
        </definition>
    </include>


    <include name="Settings_Button">
        <param name="control" default="button" />
        <definition>
            <control type="$PARAM[control]" id="$PARAM[id]">
                <nested />
                <align>left</align>
                <font>font_main</font>
                <height>x08</height>
                <textoffsetx>x04</textoffsetx>
                <texturenofocus />
                <alttexturenofocus />
            </control>
        </definition>
    </include>

    <include name="Settings_Label">
        <param name="control" default="label" />
        <definition>
            <control type="$PARAM[control]" id="$PARAM[id]">
                <nested />
                <align>left</align>
                <font>font_hint_black</font>
                <top>x04</top>
                <height>x04</height>
                <textoffsetx>x04</textoffsetx>
                <textcolor>main_fg_30</textcolor>
            </control>
        </definition>
    </include>

    <include name="Settings_Level">
        <param name="id">20</param>
        <definition>
            <control type="group">
                <nested />
                <height>x08</height>
                <right>x06</right>
                <centerbottom>-80</centerbottom>
                <control type="button" id="$PARAM[id]">
                    <align>left</align>
                    <font>font_mini</font>
                    <textoffsetx>100</textoffsetx>
                    <texturenofocus />
                    <onup>$PARAM[onup]</onup>
                    <ondown>$PARAM[ondown]</ondown>
                    <onleft>$PARAM[onleft]</onleft>
                    <onclick>settingslevelchange</onclick>
                </control>
                <control type="group">
                    <centertop>50%</centertop>
                    <left>40</left>
                    <height>40</height>
                    <width>40</width>
                    <control type="image">
                        <bordersize>-12</bordersize>
                        <aspectratio align="left">keep</aspectratio>
                        <texture colordiffuse="main_fg_70">special://skin/extras/icons/settings.png</texture>
                        <visible>!Control.HasFocus($PARAM[id])</visible>
                    </control>
                    <control type="image">
                        <bordersize>-12</bordersize>
                        <aspectratio align="left">keep</aspectratio>
                        <texture colordiffuse="$VAR[ColorSelected]">special://skin/extras/icons/settings.png</texture>
                        <visible>Control.HasFocus($PARAM[id])</visible>
                    </control>
                </control>
            </control>
        </definition>
    </include>

    <include name="Settings_InfoText">
        <param name="visible">true</param>
        <!-- <param name="visible">![ControlGroup(30000).HasFocus() | ControlGroup(30030).HasFocus()]</param> -->
        <param name="font">font_mini_plot</param>
        <param name="icon">buttons/info.png</param>
        <definition>
            <control type="group">
                <nested />
                <bottom>-20</bottom>
                <left>0</left>
                <right>40</right>
                <!-- <bottom>-20</bottom> -->
                <!-- <left>40</left> -->
                <height>x08</height>
                <animation effect="fade" start="0" end="100" time="400" delay="200">Visible</animation>
                <animation effect="fade" start="100" end="0" time="400">Hidden</animation>
                <visible>$PARAM[visible]</visible>
                <control type="image">
                    <centertop>50%</centertop>
                    <left>0</left>
                    <height>32</height>
                    <width>32</width>
                    <aspectratio align="left">keep</aspectratio>
                    <texture colordiffuse="main_fg_70">$PARAM[icon]</texture>
                </control>
                <control type="textbox" id="$PARAM[id]">
                    <left>60</left>
                    <height>80</height>
                    <centertop>50%</centertop>
                    <textcolor>main_fg_70</textcolor>
                    <font>$PARAM[font]</font>
                    <aligny>center</aligny>
                    <label>$PARAM[label]</label>
                </control>
                <control type="textbox">
                    <left>60</left>
                    <height>80</height>
                    <centertop>50%</centertop>
                    <textcolor>main_fg_70</textcolor>
                    <font>$PARAM[font]</font>
                    <aligny>center</aligny>
                    <label>$LOCALIZE[19055]</label>
                    <visible>String.IsEmpty(Control.GetLabel($PARAM[id]))</visible>
                </control>

            </control>
        </definition>
    </include>

</includes>
