{
    "output": "template.xml",
    "header": "<?xml version=\"1.0\" encoding=\"UTF-8\"?>\n<template>",
    "footer": "</template>",
    "global": {
        "parts_stackedwidgets": {
            "template": "skinvariables-generator-parts-stackedwidgets.xmltemplate",
            "prev_id": "$PYTHON[5002 + int(id) - 1]"
        },
        "parts_standardwidgets": {
            "template": "skinvariables-generator-parts-standardwidgets.xmltemplate"
        },
        "parts_widgets": {
            "template": "skinvariables-generator-parts-widgets.xmltemplate",
            "id": "$PYTHON[5003 + int(id)]",
            "groupid": "$PYTHON[5103 + int(id)]",
            "grouplistid": "5000",
            "squareid": "5001",
            "landscapeid": "5002",
            "posterid": "5003",
            "topid": "5004",
            "refocus": "SetFocus(393)",
            "visible": "[true]",
            "altvisible": "[$SKINSHORTCUTS[widgetAltVisible]]"
        }
    },
    "genxml": [
        {
            "template": "skinvariables-generator-main.xmltemplate",
            "parts_stackedwidgets": {
                "template": "skinvariables-generator-parts-stackedwidgets.xmltemplate",
                "prev_id": "$PYTHON[int(mainmenuid) * 1000 + 600 + int(id) - 1]"
            },
            "parts_adaptivewidgets": {
                "template": "skinvariables-generator-parts-adaptivewidgets.xmltemplate",
                "landscapeid": "$PYTHON[int(mainmenuid) * 1000 + 411]",
                "landscapegroupid": "$PYTHON[int(mainmenuid) * 1000 + 412]",
                "squareid": "$PYTHON[int(mainmenuid) * 1000 + 421]",
                "squaregroupid": "$PYTHON[int(mainmenuid) * 1000 + 422]",
                "posterid": "$PYTHON[int(mainmenuid) * 1000 + 431]",
                "postergroupid": "$PYTHON[int(mainmenuid) * 1000 + 432]",
                "grouplistid": "$PYTHON[int(mainmenuid) * 1000 + 400]",
                "topid": "$PYTHON[int(mainmenuid) * 1000 + 601]",
                "toplandscapeid": "$PYTHON[int(mainmenuid) * 1000 + 411]",
                "topsquareid": "$PYTHON[int(mainmenuid) * 1000 + 421]",
                "topposterid": "$PYTHON[int(mainmenuid) * 1000 + 431]",
                "submenuid": "302",
                "altvisible": "Control.HasFocus(300) | Control.HasFocus(302)",
                "include_condition": "String.IsEmpty(Skin.String(Home.LayoutStyle))",
                "content_landscape": "$INFO[Window.Property(Item.$PYTHON[int(mainmenuid) * 1000 + 302].SpecialFolderPath)]",
                "content_square": "$INFO[Window.Property(Item.$PYTHON[int(mainmenuid) * 1000 + 302].SpecialFolderPath)]",
                "content_poster": "$INFO[Window.Property(Item.$PYTHON[int(mainmenuid) * 1000 + 302].SpecialFolderPath)]",
                "label": "$INFO[Window.Property(Item.$PYTHON[int(mainmenuid) * 1000 + 302].SpecialFolderLabel)]",
                "sort_label" :"$LOCALIZE[571]",
                "enabled": "!String.IsEmpty(Window.Property(Item.$PYTHON[int(mainmenuid) * 1000 + 302].SpecialFolderPath)) + !String.IsEmpty(Container(302).ListItem.Property(useWidgetList))",
                "prefix": "Item.$PYTHON[int(mainmenuid) * 1000 + 302]."
            },
            "parts_endrowwidgets": {
                "template": "skinvariables-generator-parts-adaptivewidgets.xmltemplate",
                "landscapeid": "$PYTHON[int(mainmenuid) * 1000 + 417]",
                "landscapegroupid": "$PYTHON[int(mainmenuid) * 1000 + 418]",
                "squareid": "$PYTHON[int(mainmenuid) * 1000 + 427]",
                "squaregroupid": "$PYTHON[int(mainmenuid) * 1000 + 428]",
                "posterid": "$PYTHON[int(mainmenuid) * 1000 + 437]",
                "postergroupid": "$PYTHON[int(mainmenuid) * 1000 + 438]",
                "grouplistid": "$PYTHON[int(mainmenuid) * 1000 + 400]",
                "topid": "$PYTHON[int(mainmenuid) * 1000 + 601]",
                "toplandscapeid": "$PYTHON[int(mainmenuid) * 1000 + 411]",
                "topsquareid": "$PYTHON[int(mainmenuid) * 1000 + 421]",
                "topposterid": "$PYTHON[int(mainmenuid) * 1000 + 431]",
                "submenuid": "$PYTHON[int(mainmenuid) * 1000 + 419]",
                "altvisible": "Control.HasFocus(300) | Control.HasFocus($PYTHON[int(mainmenuid) * 1000 + 419])",
                "include_condition": "true",
                "content_landscape": "$INFO[Window.Property(Item.$PYTHON[int(mainmenuid) * 1000 + 419].SpecialFolderPath)]",
                "content_square": "$INFO[Window.Property(Item.$PYTHON[int(mainmenuid) * 1000 + 419].SpecialFolderPath)]",
                "content_poster": "$INFO[Window.Property(Item.$PYTHON[int(mainmenuid) * 1000 + 419].SpecialFolderPath)]",
                "label": "$INFO[Window.Property(Item.$PYTHON[int(mainmenuid) * 1000 + 419].SpecialFolderLabel)]",
                "sort_label" :"$LOCALIZE[571]",
                "enabled": "!String.IsEmpty(Window.Property(Item.$PYTHON[int(mainmenuid) * 1000 + 419].SpecialFolderPath))",
                "prefix": "Item.$PYTHON[int(mainmenuid) * 1000 + 419]."
            },
            "parts_endrowselector": {
                "template": "skinvariables-generator-parts-endrowselector.xmltemplate",
                "id": "$PYTHON[int(mainmenuid) * 1000 + 419]",
                "groupid": "$PYTHON[int(mainmenuid) * 1000 + 429]",
                "prefix": "Item.$PYTHON[int(mainmenuid) * 1000 + 419].",
                "grouplistid": "$PYTHON[int(mainmenuid) * 1000 + 400]",
                "topid": "$PYTHON[int(mainmenuid) * 1000 + 601]",
                "toplandscapeid": "$PYTHON[int(mainmenuid) * 1000 + 411]",
                "topsquareid": "$PYTHON[int(mainmenuid) * 1000 + 421]",
                "topposterid": "$PYTHON[int(mainmenuid) * 1000 + 431]",
                "content": "<include>skinshortcuts-submenu-2</include>"
            },
            "parts_widgets": {
                "template": "skinvariables-generator-parts-widgets.xmltemplate",
                "id": "$PYTHON[int(mainmenuid) * 1000 + 600 + int(id)]",
                "groupid": "$PYTHON[int(mainmenuid) * 1000 + 700 + int(id)]",
                "grouplistid": "$PYTHON[int(mainmenuid) * 1000 + 400]",
                "landscapeid": "$PYTHON[int(mainmenuid) * 1000 + 411]",
                "squareid": "$PYTHON[int(mainmenuid) * 1000 + 421]",
                "topid": "$PYTHON[int(mainmenuid) * 1000 + 601]",
                "refocus": "SetFocus(393)",
                "visible": "[String.IsEqual(Container(300).ListItem.Property(submenuVisibility),$SKINSHORTCUTS[submenuVisibility])]",
                "altvisible": "[$SKINSHORTCUTS[widgetAltVisible]]"
            }
        },
        {
            "template": "skinvariables-generator-menu.xmltemplate",
            "include_name": "moviemenu",
            "submenu_name": "moviesubmenu",
            "window_id": "1101",
            "hub_type": "Movies"
        },
        {
            "template": "skinvariables-generator-menu.xmltemplate",
            "include_name": "tvshowmenu",
            "submenu_name": "tvshowsubmenu",
            "window_id": "1102",
            "hub_type": "TVShows"
        },
        {
            "template": "skinvariables-generator-menu.xmltemplate",
            "include_name": "musicmenu",
            "submenu_name": "musicsubmenu",
            "window_id": "1103",
            "hub_type": "Music"
        },
        {
            "template": "skinvariables-generator-menu.xmltemplate",
            "include_name": "pvrmenu",
            "submenu_name": "pvrsubmenu",
            "window_id": "1104",
            "hub_type": "PVR"
        },
        {
            "template": "skinvariables-generator-menu.xmltemplate",
            "include_name": "custom01menu",
            "submenu_name": "custom01submenu",
            "window_id": "1106",
            "hub_type": "Custom01"
        },
        {
            "template": "skinvariables-generator-menu.xmltemplate",
            "include_name": "custom02menu",
            "submenu_name": "custom02submenu",
            "window_id": "1107",
            "hub_type": "Custom02"
        },
        {
            "template": "skinvariables-generator-menu.xmltemplate",
            "include_name": "custom03menu",
            "submenu_name": "custom03submenu",
            "window_id": "1108",
            "hub_type": "Custom03"
        },
        {
            "template": "skinvariables-generator-menu.xmltemplate",
            "include_name": "custom04menu",
            "submenu_name": "custom04submenu",
            "window_id": "1109",
            "hub_type": "Custom04"
        },
        {
            "template": "skinvariables-generator-widgets.xmltemplate",
            "include_name": "moviewidgets",
            "window_id": "1101",
            "hub_type": "Movies"
        },
        {
            "template": "skinvariables-generator-widgets.xmltemplate",
            "include_name": "tvshowwidgets",
            "window_id": "1102",
            "hub_type": "TVShows"
        },
        {
            "template": "skinvariables-generator-widgets.xmltemplate",
            "include_name": "musicwidgets",
            "window_id": "1103",
            "hub_type": "Music"
        },
        {
            "template": "skinvariables-generator-widgets.xmltemplate",
            "include_name": "pvrwidgets",
            "window_id": "1104",
            "hub_type": "PVR"
        },
        {
            "template": "skinvariables-generator-widgets.xmltemplate",
            "include_name": "custom01widgets",
            "window_id": "1106",
            "hub_type": "Custom01"
        },
        {
            "template": "skinvariables-generator-widgets.xmltemplate",
            "include_name": "custom02widgets",
            "window_id": "1107",
            "hub_type": "Custom02"
        },
        {
            "template": "skinvariables-generator-widgets.xmltemplate",
            "include_name": "custom03widgets",
            "window_id": "1108",
            "hub_type": "Custom03"
        },
        {
            "template": "skinvariables-generator-widgets.xmltemplate",
            "include_name": "custom04widgets",
            "window_id": "1109",
            "hub_type": "Custom04"
        }
    ]
}



