<?xml version="1.0" encoding="UTF-8"?>
<includes>

    <constant name="transition_poster_delay_v_-1">40</constant>
    <constant name="transition_poster_delay_v_0">0</constant>
    <constant name="transition_poster_delay_v_1">40</constant>
    <constant name="transition_poster_delay_v_2">80</constant>
    <constant name="transition_poster_delay_v_3">120</constant>
    <constant name="transition_poster_delay_v_4">160</constant>
    <constant name="transition_poster_delay_v_5">200</constant>
    <constant name="transition_poster_delay_v_6">240</constant>
    <constant name="transition_poster_delay_v_7">280</constant>

    <constant name="transition_poster_delay_h_-1">360</constant>
    <constant name="transition_poster_delay_h_0">400</constant>
    <constant name="transition_poster_delay_h_1">360</constant>
    <constant name="transition_poster_delay_h_2">320</constant>
    <constant name="transition_poster_delay_h_3">280</constant>
    <constant name="transition_poster_delay_h_4">240</constant>
    <constant name="transition_poster_delay_h_5">200</constant>
    <constant name="transition_poster_delay_h_6">160</constant>
    <constant name="transition_poster_delay_h_7">120</constant>

    <constant name="transition_poster_posx_-1">-240</constant>
    <constant name="transition_poster_posx_0">0</constant>
    <constant name="transition_poster_posx_1">240</constant>
    <constant name="transition_poster_posx_2">480</constant>
    <constant name="transition_poster_posx_3">720</constant>
    <constant name="transition_poster_posx_4">960</constant>
    <constant name="transition_poster_posx_5">1200</constant>
    <constant name="transition_poster_posx_6">1440</constant>
    <constant name="transition_poster_posx_7">1680</constant>

    <constant name="transition_landscape_posx_-1">-420</constant>
    <constant name="transition_landscape_posx_0">0</constant>
    <constant name="transition_landscape_posx_1">420</constant>
    <constant name="transition_landscape_posx_2">840</constant>
    <constant name="transition_landscape_posx_3">1260</constant>
    <constant name="transition_landscape_posx_4">1680</constant>
    <constant name="transition_landscape_posx_5">2100</constant>
    <constant name="transition_landscape_posx_6">2520</constant>
    <constant name="transition_landscape_posx_7">2940</constant>

    <include name="Transitions_List_Row_Animation">
        <param name="prefix">transition_poster</param>
        <definition>
            <animation type="Hidden" reversible="false">
                <effect type="slide" start="$PARAM[col]00" end="0" time="300" delay="$PARAM[prefix]_delay_v_$PARAM[col]" tween="cubic" easing="out" />
                <effect type="fade" start="0" end="100" time="300" delay="$PARAM[prefix]_delay_v_$PARAM[col]" tween="sine" easing="in" />
                <effect type="slide" time="600" />
            </animation>

            <animation type="Visible" reversible="false">
                <effect type="zoom" end="75" start="100" time="200" delay="$PARAM[prefix]_delay_h_$PARAM[col]" tween="quadratic" easing="out" center="auto" />
                <effect type="fade" end="0" start="100" time="200" delay="$PARAM[prefix]_delay_h_$PARAM[col]" tween="sine" easing="in" />
                <effect type="slide" time="0" />
            </animation>
        </definition>
    </include>

    <include name="Transitions_List_Row_Item">
        <param name="conditional_fade">true</param>
        <param name="transition_animation">true</param>
        <param name="selected">false</param>
        <definition>
            <include content="$PARAM[content]">
                <param name="icon">$VAR[$PARAM[icon_base_var]$PARAM[affix]_$PARAM[pos]]</param>
                <param name="item_w">$PARAM[item_w]</param>
                <param name="item_h">$PARAM[item_h]</param>
                <param name="affix">$PARAM[affix]_$PARAM[pos]</param>
                <param name="listitem">Container($PARAM[id]).ListItem($PARAM[pos])</param>
                <param name="id">$PARAM[id]</param>
                <param name="selected">$PARAM[selected]</param>

                <include content="Animation_ConditionalFade" condition="$PARAM[conditional_fade]">
                    <param name="condition">String.IsEmpty(Container($PARAM[id]).ListItemNoWrap($PARAM[pos]).CurrentItem)</param>
                </include>

                <include content="Transitions_List_Row_Animation" condition="$PARAM[transition_animation]">
                    <param name="col">$PARAM[pos]</param>
                </include>

                <left>$PARAM[prefix]_posx_$PARAM[pos]</left>

                <nested />
            </include>
        </definition>
    </include>

    <include name="Transitions_List_Row">
        <param name="visible">$EXP[Exp_InfoDialogs]</param>
        <param name="content">Layout_Poster</param>
        <param name="icon_base_var">Image_Poster</param>
        <param name="item_w">view_poster_item_w</param>
        <param name="item_h">view_poster_item_h</param>
        <param name="prefix">transition_poster</param>
        <definition>
            <control type="group">
                <left>200</left>
                <top>586</top>
                <include content="Transitions_List_Row_Item">
                    <param name="pos">-1</param>
                    <param name="content">$PARAM[content]</param>
                    <param name="icon_base_var">$PARAM[icon_base_var]</param>
                    <param name="item_w">$PARAM[item_w]</param>
                    <param name="item_h">$PARAM[item_h]</param>
                    <param name="id">$PARAM[id]</param>
                    <param name="prefix">$PARAM[prefix]</param>
                    <param name="affix">$PARAM[affix]</param>
                    <visible>$PARAM[visible]</visible>
                </include>
                <include content="Transitions_List_Row_Item">
                    <param name="pos">0</param>
                    <param name="content">$PARAM[content]</param>
                    <param name="icon_base_var">$PARAM[icon_base_var]</param>
                    <param name="item_w">$PARAM[item_w]</param>
                    <param name="item_h">$PARAM[item_h]</param>
                    <param name="id">$PARAM[id]</param>
                    <param name="prefix">$PARAM[prefix]</param>
                    <param name="affix">$PARAM[affix]</param>
                    <visible>$PARAM[visible]</visible>
                </include>
                <include content="Transitions_List_Row_Item">
                    <param name="pos">1</param>
                    <param name="content">$PARAM[content]</param>
                    <param name="icon_base_var">$PARAM[icon_base_var]</param>
                    <param name="item_w">$PARAM[item_w]</param>
                    <param name="item_h">$PARAM[item_h]</param>
                    <param name="id">$PARAM[id]</param>
                    <param name="prefix">$PARAM[prefix]</param>
                    <param name="affix">$PARAM[affix]</param>
                    <visible>$PARAM[visible]</visible>
                </include>
                <include content="Transitions_List_Row_Item">
                    <param name="pos">2</param>
                    <param name="content">$PARAM[content]</param>
                    <param name="icon_base_var">$PARAM[icon_base_var]</param>
                    <param name="item_w">$PARAM[item_w]</param>
                    <param name="item_h">$PARAM[item_h]</param>
                    <param name="id">$PARAM[id]</param>
                    <param name="prefix">$PARAM[prefix]</param>
                    <param name="affix">$PARAM[affix]</param>
                    <visible>$PARAM[visible]</visible>
                </include>
                <include content="Transitions_List_Row_Item">
                    <param name="pos">3</param>
                    <param name="content">$PARAM[content]</param>
                    <param name="icon_base_var">$PARAM[icon_base_var]</param>
                    <param name="item_w">$PARAM[item_w]</param>
                    <param name="item_h">$PARAM[item_h]</param>
                    <param name="id">$PARAM[id]</param>
                    <param name="prefix">$PARAM[prefix]</param>
                    <param name="affix">$PARAM[affix]</param>
                    <visible>$PARAM[visible]</visible>
                </include>
                <include content="Transitions_List_Row_Item">
                    <param name="pos">4</param>
                    <param name="content">$PARAM[content]</param>
                    <param name="icon_base_var">$PARAM[icon_base_var]</param>
                    <param name="item_w">$PARAM[item_w]</param>
                    <param name="item_h">$PARAM[item_h]</param>
                    <param name="id">$PARAM[id]</param>
                    <param name="prefix">$PARAM[prefix]</param>
                    <param name="affix">$PARAM[affix]</param>
                    <visible>$PARAM[visible]</visible>
                </include>
                <include content="Transitions_List_Row_Item">
                    <param name="pos">5</param>
                    <param name="content">$PARAM[content]</param>
                    <param name="icon_base_var">$PARAM[icon_base_var]</param>
                    <param name="item_w">$PARAM[item_w]</param>
                    <param name="item_h">$PARAM[item_h]</param>
                    <param name="id">$PARAM[id]</param>
                    <param name="prefix">$PARAM[prefix]</param>
                    <param name="affix">$PARAM[affix]</param>
                    <visible>$PARAM[visible]</visible>
                </include>
                <include content="Transitions_List_Row_Item">
                    <param name="pos">6</param>
                    <param name="content">$PARAM[content]</param>
                    <param name="icon_base_var">$PARAM[icon_base_var]</param>
                    <param name="item_w">$PARAM[item_w]</param>
                    <param name="item_h">$PARAM[item_h]</param>
                    <param name="id">$PARAM[id]</param>
                    <param name="prefix">$PARAM[prefix]</param>
                    <param name="affix">$PARAM[affix]</param>
                    <visible>$PARAM[visible]</visible>
                </include>
                <include content="Transitions_List_Row_Item">
                    <param name="pos">7</param>
                    <param name="content">$PARAM[content]</param>
                    <param name="icon_base_var">$PARAM[icon_base_var]</param>
                    <param name="item_w">$PARAM[item_w]</param>
                    <param name="item_h">$PARAM[item_h]</param>
                    <param name="id">$PARAM[id]</param>
                    <param name="prefix">$PARAM[prefix]</param>
                    <param name="affix">$PARAM[affix]</param>
                    <visible>$PARAM[visible]</visible>
                </include>

            </control>
        </definition>
    </include>

    <include name="Transitions_List_Poster_Row">
        <param name="visible">$EXP[Exp_InfoDialogs]</param>
        <definition>
            <include content="Transitions_List_Row">
                <param name="visible">$PARAM[visible]</param>
                <param name="id">$PARAM[id]</param>
                <param name="content">Layout_Poster</param>
                <param name="icon_base_var">Image_Poster</param>
                <param name="item_w">view_poster_item_w</param>
                <param name="item_h">view_poster_item_h</param>
                <param name="prefix">transition_poster</param>
                <param name="affix">$PARAM[affix]</param>
            </include>
        </definition>
    </include>

    <include name="Transitions_List_Square_Row">
        <param name="visible">$EXP[Exp_InfoDialogs]</param>
        <definition>
            <include content="Transitions_List_Row">
                <param name="visible">$PARAM[visible]</param>
                <param name="id">$PARAM[id]</param>
                <param name="content">Layout_Square</param>
                <param name="icon_base_var">Image_Poster</param>
                <param name="item_w">view_poster_item_w</param>
                <param name="item_h">view_poster_item_h</param>
                <param name="prefix">transition_poster</param>
                <param name="affix">$PARAM[affix]</param>
            </include>
        </definition>
    </include>

    <include name="Transitions_List_Landscape_Row">
        <param name="visible">$EXP[Exp_InfoDialogs]</param>
        <definition>
            <include content="Transitions_List_Row">
                <param name="visible">$PARAM[visible]</param>
                <param name="id">$PARAM[id]</param>
                <param name="content">Layout_Landscape</param>
                <param name="icon_base_var">Image_Landscape</param>
                <param name="item_w">380</param>
                <param name="item_h">view_smallposter_item_h</param>
                <param name="prefix">transition_landscape</param>
                <param name="affix">$PARAM[affix]</param>
            </include>
        </definition>
    </include>

    <include name="Transitions_Down_Visibility">
        <param name="visible">!$EXP[Exp_InfoDialogs]</param>
        <param name="hidden">True</param>
        <definition>
            <include content="Animation_Slide_Out">
                <param name="condition">![$PARAM[visible]] + $PARAM[hidden]</param>
                <param name="delay">200</param>
                <param name="posy">120</param>
            </include>
            <include content="Animation_Slide_In">
                <param name="condition">$PARAM[visible] | ![$PARAM[hidden]]</param>
                <param name="posy">320</param>
            </include>
        </definition>
    </include>

    <include name="Transitions_Line_Visibility">
        <param name="visible">!$EXP[Exp_InfoDialogs]</param>
        <param name="hidden">True</param>
        <definition>
            <animation effect="fade" start="100" end="0" reversible="false" condition="![$PARAM[visible]] + $PARAM[hidden]">Conditional</animation>
            <animation effect="fade" start="0" end="100" reversible="false" condition="$PARAM[visible] | ![$PARAM[hidden]]">Conditional</animation>
        </definition>
    </include>

    <include name="Transitions_List_Visibility">
        <param name="visible">!$EXP[Exp_InfoDialogs]</param>
        <param name="hidden">True</param>
        <definition>
            <animation effect="fade" start="100" end="0" reversible="false" condition="![$PARAM[visible]] + $PARAM[hidden]">Conditional</animation>
            <animation effect="fade" start="0" end="100" reversible="false" delay="599" time="1" condition="$PARAM[visible] | ![$PARAM[hidden]]">Conditional</animation>
        </definition>
    </include>

    <include name="Transitions_List_Group">
        <control type="group">
            <include>Transitions_List_Visibility</include>
            <nested />
        </control>
    </include>

</includes>
