{
    "name"              : "BBC iPlayer",
    "plugin"            : "plugin.video.iplayerwww",
    "priority"          : 1500,
    "is_resolvable"     : "true",
    "assert"            : {
                            "play_episode":     ["showname", "season", "episode"]
                          },
    "play_episode"      : [
                            "plugin://plugin.video.iplayerwww",
                            {"label": "(?i).*Programme List A-Z.*"},
                            {"label": "(?i){showname[0]}"},
                            {"label": "(?i).*{showname}.*available$"},
                            {"return": "true", "label": "(?i).*{episode}\\. {title}.*"},
                            {"label": "(?i).*Series {season}"},
                            {"label": "(?i).*{episode}\\. {title}.*"}
                          ]
}