<?xml version="1.0" encoding="UTF-8"?>
<includes>

    <include name="View_54_Episodes">
        <control type="group">
            <visible>Control.IsVisible(54)</visible>
            <include>Animation_Down</include>
            <include content="Viewtype_Landscape">
                <param name="id" value="54" />
                <param name="viewtype-label" value="Landscape Row" />
                <left>-80</left>
                <right>-80</right>
                <bottom>view_bottom</bottom>
                <include>Viewtype_Movement</include>
                <onfocus condition="!Skin.HasSetting(NoFanart) + ![Container.Content(episodes) | Container.Content(videos)]">SetProperty(TMDbHelper.Blur.SourceImage,landscape,Home)</onfocus>
                <onfocus condition="!Skin.HasSetting(NoFanart) + [Container.Content(episodes) | Container.Content(videos)]">SetProperty(TMDbHelper.Blur.SourceImage,thumb,Home)</onfocus>
                <onfocus condition="Skin.HasSetting(NoFanart)">SetProperty(TMDbHelper.Blur.SourceImage,Art(fallback),Home)</onfocus>
                <onfocus>ClearProperty(TMDbHelper.WidgetContainer,Home)</onfocus>
                <ondown condition="!Skin.HasSetting(DisableWallScroll) + [Container(54).HasNext | Container(54).HasPrevious]">SetProperty(WallMode,$INFO[Container.FolderPath])</ondown>
                <ondown condition="!Skin.HasSetting(DisableWallScroll) + [Container(54).HasNext | Container(54).HasPrevious]">Container.SetViewMode(5454)</ondown>
                <ondown condition="!Skin.HasSetting(DisableWallScroll) + [Container(54).HasNext | Container(54).HasPrevious]">SetFocus(25454)</ondown>
                <ondown condition="Skin.HasSetting(DisableWallScroll)">60</ondown>
                <pagecontrol>60</pagecontrol>
                <visible>$EXP[Exp_View_54]</visible>
                <visible>!Window.IsVisible(MyPlaylist.xml)</visible>
                <visible>!String.IsEqual(Container.Property(Param.Info),details)</visible>
            </include>
            <include content="Home_Hub_Widget_Label">
                <param name="id" value="54" />
                <param name="label" value="$VAR[Label_Header_Center]" />
                <param name="altlabel" value="$INFO[Control.GetLabel(3),, ]$INFO[Control.GetLabel(4)]" />
            </include>
        </control>
        <control type="group">
            <visible>Control.IsVisible(5454)</visible>
            <include>Animation_Down</include>
            <include content="Viewtype_WallSwitch">
                <param name="id" value="54" />
                <param name="include" value="Viewtype_Landscape" />
                <param name="viewtype-label" value="Landscape Row" />
                <visible>!Window.IsVisible(MyPlaylist.xml)</visible>
                <visible>!String.IsEqual(Container.Property(Param.Info),details)</visible>
            </include>
        </control>
        <include content="Viewtype_WallSwitch_Furniture">
            <param name="id" value="54" />
        </include>
    </include>


    <include name="View_504_EpisodeWall">

        <control type="group">
            <visible>Control.IsVisible(504)</visible>
            <include>Animation_Down</include>
            <control type="group">
                <include content="Viewtype_HorizontalWall_Animation">
                    <param name="id" value="504" />
                    <param name="itemwidth" value="item_landscape_width" />
                    <param name="4columns" value="true" />
                </include>

                <include content="Viewtype_Landscape">
                    <param name="id" value="504" />
                    <param name="viewtype-label" value="Landscape Wall" />
                    <param name="control-type" value="panel" />
                    <param name="orientation" value="horizontal" />
                    <param name="height" value="800" />
                    <param name="offset" value="0" />
                    <scrolltime>0</scrolltime>
                    <animation effect="fade" end="0" condition="true">Conditional</animation>
                    <left>-20</left>
                    <width>450</width>
                    <bottom>-100</bottom>
                    <include>Viewtype_Movement</include>
                    <onfocus condition="!Skin.HasSetting(NoFanart) + ![Container.Content(episodes) | Container.Content(videos)]">SetProperty(TMDbHelper.Blur.SourceImage,landscape,Home)</onfocus>
                    <onfocus condition="!Skin.HasSetting(NoFanart) + [Container.Content(episodes) | Container.Content(videos)]">SetProperty(TMDbHelper.Blur.SourceImage,thumb,Home)</onfocus>
                    <onfocus condition="Skin.HasSetting(NoFanart)">SetProperty(TMDbHelper.Blur.SourceImage,Art(fallback),Home)</onfocus>
                    <ondown>60</ondown>
                    <onup>SetFocus(9000)</onup>
                    <pagecontrol>60</pagecontrol>
                    <onfocus>ClearProperty(TMDbHelper.WidgetContainer,Home)</onfocus>
                    <visible>$EXP[Exp_View_504]</visible>
                    <visible>!Window.IsVisible(MyPlaylist.xml)</visible>
                    <visible>!String.IsEqual(Container.Property(Param.Info),details)</visible>
                </include>
                <include content="Viewtype_HorizontalWall">
                    <param name="id" value="504" />
                    <param name="itemwidth" value="item_landscape_width" />
                    <param name="diffuse" value="diffuse/landscape-std.png" />
                    <param name="imagevar" value="Image_Landscape" />
                    <param name="include" value="Viewtype_Landscape_Itemlayout" />
                    <param name="4columns" value="true" />
                </include>
            </control>
            <include content="Home_Hub_Widget_Label">
                <param name="id" value="504" />
                <param name="label" value="$VAR[Label_Header_Center]" />
                <param name="altlabel" value="$INFO[Control.GetLabel(3),, ]$INFO[Control.GetLabel(4)]" />
                <top>0</top>
            </include>
        </control>
    </include>

</includes>

