<?xml version="1.0" encoding="UTF-8"?>
<addon id="plugin.video.themoviedb.helper"
version="2.1.8"
name="TheMovieDb Helper"
provider-name="jurialmunkey">
<requires>
  <import addon="xbmc.python" version="2.26.0"/>
  <import addon="script.module.simplecache" version="1.0.11" />
  <import addon="script.module.requests" version="2.9.1"/> 
</requires>
<extension point="xbmc.python.pluginsource" library="plugin.py">
  <provides>video</provides>
</extension>
<extension point="xbmc.service" library="service.py" />
<extension point="xbmc.python.script" library="script.py" />
<extension point="kodi.context.item">
  <menu id="kodi.core.main">
    <menu>
      <label>TMDbHelper - Trakt Manager</label>
      <item library="context-watchlist.py">
        <label>Trakt - Watchlist Add/Remove</label>
        <visible>String.StartsWith(ListItem.path,plugin://plugin.video.themoviedb.helper/) + !String.IsEmpty(ListItem.Property(tmdb_id)) + [String.IsEqual(ListItem.dbtype,episode) | String.IsEqual(ListItem.dbtype,movie) | String.IsEqual(ListItem.dbtype,tvshow)]</visible>
      </item>
      <item library="context-history.py">
        <label>Trakt - Watched History Add/Remove</label>
        <visible>String.StartsWith(ListItem.path,plugin://plugin.video.themoviedb.helper/) + !String.IsEmpty(ListItem.Property(tmdb_id)) + [String.IsEqual(ListItem.dbtype,episode) | String.IsEqual(ListItem.dbtype,movie) | String.IsEqual(ListItem.dbtype,tvshow)]</visible>
      </item>
      <item library="context-collection.py">
        <label>Trakt - Collection Add/Remove</label>
        <visible>String.StartsWith(ListItem.path,plugin://plugin.video.themoviedb.helper/) + !String.IsEmpty(ListItem.Property(tmdb_id)) + [String.IsEqual(ListItem.dbtype,episode) | String.IsEqual(ListItem.dbtype,movie) | String.IsEqual(ListItem.dbtype,tvshow)]</visible>
      </item>
    </menu>
  </menu>
</extension>
<extension point="xbmc.addon.metadata">
  <summary lang="en_GB">TheMovieDb Helper - Now With Trakt Support!</summary>
  <description lang="en_GB">TheMovieDb Helper provides details about movies, tvshows and actors from TMDb. Users can access a variety of lists from TMDb and Trakt.</description>
  <disclaimer lang="en_GB">Provided by TheMovieDb and Trakt.</disclaimer>
  <license>GPL-3.0</license>
  <assets>
    <icon>icon.png</icon>
    <fanart>fanart.jpg</fanart>
    <screenshot>resources/screenshot-01.jpg</screenshot>
    <screenshot>resources/screenshot-02.jpg</screenshot>
  </assets>
  <news>2.1.7/8 - Fuzzy Matching[CR]2.1.6 - Additional Director/Writer etc. props[CR]2.1.4/5 - Debug logging[CR]2.1.3 - Fix for next episode play[CR]2.1.2 - Scrub query for added info in parentheses such as (Year)[CR]2.1.1 - Add Trakt Up Next Episodes view[CR]2.1.0 - Add xbmc.Player().play() to pass metadata for resolvedurls[CR]2.0.19 - Add priority sorting for player files</news>
</extension>
</addon>
