{
    "item_label": [
        {
            "condition": "{item_label}==$LOCALIZE[12600]",
            "value": "$INFO[Weather.Temperature, • ,]"
        },
        {
            "condition": "{item_label}==$LOCALIZE[8]",
            "value": "$INFO[Weather.Temperature, • ,]"
        },
        "{item_label}"
    ],
    "item_icon": [
        {
            "condition": "{item_label}==$LOCALIZE[12600]",
            "value": "$INFO[Weather.FanartCode,resource://resource.images.weathericons.white/,.png]"
        },
        {
            "condition": "{item_label}==$LOCALIZE[8]",
            "value": "$INFO[Weather.FanartCode,resource://resource.images.weathericons.white/,.png]"
        },
        "{item_icon}"
    ],
    "item_bordersize": [
        {
            "condition": "{item_label}==$LOCALIZE[12600]",
            "value": "21"
        },
        {
            "condition": "{item_label}==$LOCALIZE[8]",
            "value": "21"
        },
        "16"
    ]
}