<?xml version="1.0" encoding="UTF-8"?>
<window>
    <defaultcontrol always="true">9410</defaultcontrol>
    <controls>
        <include>Global_Overlay</include>

        <control type="group">

            <include content="Dialog_Standard_Group">
                <param name="width" value="1840" />
                <param name="height" value="990" />
                <param name="centertop" value="50%" />
            </include>

            <!-- Header Label -->
            <control type="label" id="500">
                <description>header label</description>
                <include>Dialog_Standard_Header</include>
                <visible>![String.EndsWith(Window.Property(groupname),.1) | String.IsEqual(Window.Property(groupname),searchmenu)]</visible>
            </control>
            <!-- Widgets Header Label -->
            <control type="label">
                <description>header label</description>
                <include>Dialog_Standard_Header</include>
                <label>Customize Widgets</label>
                <visible>[String.EndsWith(Window.Property(groupname),.1) | String.IsEqual(Window.Property(groupname),searchmenu)]</visible>
            </control>

            <!-- Shortcuts List -->
            <control type="group">
                <top>dialog_top</top>
                <bottom>dialog_pad</bottom>
                <control type="group">
                    <left>0</left>
                    <width>500</width>
                    <control type="label">
                        <label>Shortcuts</label>
                        <top>0</top>
                        <include>Dialog_Standard_HintLabel</include>
                    </control>
                    <control type="list" id="211">
                        <top>item_list_height_half</top>
                        <description>Rules List Control</description>
                        <onup>211</onup>
                        <onleft>noop</onleft>
                        <onright>9100</onright>
                        <ondown>211</ondown>
                        <scrolltime>0</scrolltime>
                        <itemlayout width="500" height="item_list_height">
                            <control type="label">
                                <left>90</left>
                                <right>30</right>
                                <info>ListItem.Label</info>
                                <animation effect="fade" start="100" end="50" condition="String.IsEqual(ListItem.Property(skinshortcuts-disabled),True)">Conditional</animation>
                                <animation effect="slide" end="-60" condition="String.IsEqual(Window.Property(groupname),powermenu)">Conditional</animation>
                            </control>
                            <control type="image">
                                <left>5</left>
                                <bordersize>10</bordersize>
                                <width>item_list_height</width>
                                <height>item_list_height</height>
                                <texture colordiffuse="dialog_fg_30">$INFO[ListItem.Icon]</texture>
                                <visible>String.StartsWith(ListItem.Icon,special://skin/extras/icons)</visible>
                                <visible>!String.IsEqual(Window.Property(groupname),powermenu)</visible>
                            </control>
                            <control type="image">
                                <left>5</left>
                                <bordersize>10</bordersize>
                                <width>item_list_height</width>
                                <height>item_list_height</height>
                                <texture>$INFO[ListItem.Icon]</texture>
                                <visible>!String.StartsWith(ListItem.Icon,special://skin/extras/icons)</visible>
                                <visible>!String.IsEqual(Window.Property(groupname),powermenu)</visible>
                            </control>
                        </itemlayout>
                        <focusedlayout width="500" height="item_list_height">
                            <control type="image">
                                <texture border="5" colordiffuse="$VAR[ColorHighlight]">common/white.png</texture>
                            </control>
                            <control type="image">
                                <texture border="5" colordiffuse="$VAR[ColorGradient]">common/white-gradient.png</texture>
                            </control>
                            <control type="label">
                                <left>90</left>
                                <right>200</right>
                                <scroll>false</scroll>
                                <info>ListItem.Label</info>
                                <textcolor>Selected</textcolor>
                                <animation effect="fade" start="100" end="50" condition="String.IsEqual(ListItem.Property(skinshortcuts-disabled),True)">Conditional</animation>
                                <animation effect="slide" end="-60" condition="String.IsEqual(Window.Property(groupname),powermenu)">Conditional</animation>
                            </control>
                            <control type="image">
                                <left>5</left>
                                <bordersize>10</bordersize>
                                <width>item_list_height</width>
                                <height>item_list_height</height>
                                <texture colordiffuse="Selected">$INFO[ListItem.Icon]</texture>
                                <visible>!String.IsEqual(Window.Property(groupname),powermenu)</visible>
                            </control>
                        </focusedlayout>
                    </control>
                    <control type="grouplist" id="9200">
                        <left>0</left>
                        <top>65</top>
                        <width>477</width>
                        <align>right</align>
                        <itemgap>10</itemgap>
                        <onright>9100</onright>
                        <onleft>noop</onleft>
                        <onup>Control.Move(211,-1)</onup>
                        <ondown>Control.Move(211,1)</ondown>
                        <orientation>horizontal</orientation>
                        <animation effect="slide" end="0,item_list_height" condition="Integer.IsGreater(Container(211).Position,0)">Conditional</animation>
                        <animation effect="slide" end="0,item_list_height" condition="Integer.IsGreater(Container(211).Position,1)">Conditional</animation>
                        <animation effect="slide" end="0,item_list_height" condition="Integer.IsGreater(Container(211).Position,2)">Conditional</animation>
                        <animation effect="slide" end="0,item_list_height" condition="Integer.IsGreater(Container(211).Position,3)">Conditional</animation>
                        <animation effect="slide" end="0,item_list_height" condition="Integer.IsGreater(Container(211).Position,4)">Conditional</animation>
                        <animation effect="slide" end="0,item_list_height" condition="Integer.IsGreater(Container(211).Position,5)">Conditional</animation>
                        <animation effect="slide" end="0,item_list_height" condition="Integer.IsGreater(Container(211).Position,6)">Conditional</animation>
                        <animation effect="slide" end="0,item_list_height" condition="Integer.IsGreater(Container(211).Position,7)">Conditional</animation>
                        <animation effect="slide" end="0,item_list_height" condition="Integer.IsGreater(Container(211).Position,8)">Conditional</animation>
                        <animation effect="slide" end="0,item_list_height" condition="Integer.IsGreater(Container(211).Position,9)">Conditional</animation>
                        <animation effect="slide" end="0,item_list_height" condition="Integer.IsGreater(Container(211).Position,10)">Conditional</animation>
                        <animation effect="slide" end="0,item_list_height" condition="Integer.IsGreater(Container(211).Position,11)">Conditional</animation>
                        <control type="button" id="302" description="Delete">
                            <width>32</width>
                            <height>32</height>
                            <font/>
                            <texturenofocus colordiffuse="dialog_fg_30">buttons/cross.png</texturenofocus>
                            <texturefocus colordiffuse="Selected">buttons/cross.png</texturefocus>
                        </control>
                        <control type="button" id="301" description="Add">
                            <width>32</width>
                            <height>32</height>
                            <font/>
                            <texturenofocus colordiffuse="dialog_fg_30">buttons/plus.png</texturenofocus>
                            <texturefocus colordiffuse="Selected">buttons/plus.png</texturefocus>
                        </control>
                        <control type="button" id="303" description="Up">
                            <width>32</width>
                            <height>32</height>
                            <font/>
                            <texturenofocus colordiffuse="dialog_fg_30" flipy="true">buttons/down.png</texturenofocus>
                            <texturefocus colordiffuse="Selected" flipy="true">buttons/down.png</texturefocus>
                        </control>
                        <control type="button" id="304" description="Down">
                            <width>32</width>
                            <height>32</height>
                            <font/>
                            <texturenofocus colordiffuse="dialog_fg_30">buttons/down.png</texturenofocus>
                            <texturefocus colordiffuse="Selected">buttons/down.png</texturefocus>
                        </control>
                    </control>
                </control>
                <control type="group">
                    <left>500</left>
                    <right>450</right>
                    <control type="label">
                        <label>$LOCALIZE[31049]</label>
                        <top>0</top>
                        <include>Dialog_Standard_HintLabel</include>
                    </control>
                    <include content="Defs_Settings_Gradient">
                        <param name="id" value="9100" />
                        <top>item_list_height_half</top>
                        <height>item_list_height</height>
                        <visible>ControlGroup(9100).HasFocus()</visible>
                    </include>
                    <control type="grouplist" id="9100">
                        <onleft>304</onleft>
                        <onright>9300</onright>
                        <onup>9100</onup>
                        <ondown>9100</ondown>
                        <top>item_list_height_half</top>
                        <orientation>vertical</orientation>
                        <itemgap>0</itemgap>
                        <usecontrolcoords>true</usecontrolcoords>

                        <control type="button" id="401" description="Choose Shortcut">
                            <visible>!String.IsEqual(Container(211).ListItem.Property(skinshortcuts-disabled),True)</visible>
                            <include>Dialog_Standard_Button</include>
                            <visible>![String.EndsWith(Window.Property(groupname),.1) | String.IsEqual(Window.Property(groupname),searchmenu)]</visible>
                        </control>

                        <control type="button" id="4001" description="Choose Widget">
                            <visible>!String.IsEqual(Container(211).ListItem.Property(skinshortcuts-disabled),True)</visible>
                            <label>$LOCALIZE[31098]</label>
                            <label2>$INFO[Container(211).ListItem.Property(path)]</label2>
                            <onclick>SetProperty(custom-grouping,widget)</onclick>
                            <onclick>SendClick(401)</onclick>
                            <include>Dialog_Standard_Button</include>
                            <visible>String.EndsWith(Window.Property(groupname),.1)</visible>

                            <onback condition="String.IsEmpty(Container(211).ListItem.Property(widgetTarget)) + [String.Contains(Container(211).ListItem.Property(path),musicdb://) | String.Contains(Container(211).ListItem.Property(path),library://music) | String.Contains(Container(211).ListItem.Property(path),sources://music) | String.Contains(Container(211).ListItem.Property(path),plugin://plugin.audio)]">SetProperty(customProperty,widgetTarget)</onback>
                            <onback condition="String.IsEmpty(Container(211).ListItem.Property(widgetTarget)) + [String.Contains(Container(211).ListItem.Property(path),musicdb://) | String.Contains(Container(211).ListItem.Property(path),library://music) | String.Contains(Container(211).ListItem.Property(path),sources://music) | String.Contains(Container(211).ListItem.Property(path),plugin://plugin.audio)]">SetProperty(customValue,music)</onback>
                            <onback condition="String.IsEmpty(Container(211).ListItem.Property(widgetTarget)) + [String.Contains(Container(211).ListItem.Property(path),musicdb://) | String.Contains(Container(211).ListItem.Property(path),library://music) | String.Contains(Container(211).ListItem.Property(path),sources://music) | String.Contains(Container(211).ListItem.Property(path),plugin://plugin.audio)]">SendClick(404)</onback>

                            <onback condition="String.IsEmpty(Container(211).ListItem.Property(widgetTarget)) + [String.Contains(Container(211).ListItem.Property(path),Pictures)]">SetProperty(customProperty,widgetTarget)</onback>
                            <onback condition="String.IsEmpty(Container(211).ListItem.Property(widgetTarget)) + [String.Contains(Container(211).ListItem.Property(path),Pictures)]">SetProperty(customValue,pictures)</onback>
                            <onback condition="String.IsEmpty(Container(211).ListItem.Property(widgetTarget)) + [String.Contains(Container(211).ListItem.Property(path),Pictures)]">SendClick(404)</onback>

                            <onback condition="![String.IsEmpty(Container(211).ListItem.Property(path)) | String.IsEqual(Container(211).ListItem.Property(path),noop)] + String.IsEmpty(Container(211).ListItem.Property(widgetTarget)) + ![String.Contains(Container(211).ListItem.Property(path),Pictures) | String.Contains(Container(211).ListItem.Property(path),musicdb://) | String.Contains(Container(211).ListItem.Property(path),library://music) | String.Contains(Container(211).ListItem.Property(path),sources://music) | String.Contains(Container(211).ListItem.Property(path),plugin://plugin.audio)]">SetProperty(customProperty,widgetTarget)</onback>
                            <onback condition="![String.IsEmpty(Container(211).ListItem.Property(path)) | String.IsEqual(Container(211).ListItem.Property(path),noop)] + String.IsEmpty(Container(211).ListItem.Property(widgetTarget)) + ![String.Contains(Container(211).ListItem.Property(path),Pictures) | String.Contains(Container(211).ListItem.Property(path),musicdb://) | String.Contains(Container(211).ListItem.Property(path),library://music) | String.Contains(Container(211).ListItem.Property(path),sources://music) | String.Contains(Container(211).ListItem.Property(path),plugin://plugin.audio)]">SetProperty(customValue,videos)</onback>
                            <onback condition="![String.IsEmpty(Container(211).ListItem.Property(path)) | String.IsEqual(Container(211).ListItem.Property(path),noop)] + String.IsEmpty(Container(211).ListItem.Property(widgetTarget)) + ![String.Contains(Container(211).ListItem.Property(path),Pictures) | String.Contains(Container(211).ListItem.Property(path),musicdb://) | String.Contains(Container(211).ListItem.Property(path),library://music) | String.Contains(Container(211).ListItem.Property(path),sources://music) | String.Contains(Container(211).ListItem.Property(path),plugin://plugin.audio)]">SendClick(404)</onback>

                            <!-- Unfocus set target -->
                            <onunfocus condition="String.IsEmpty(Container(211).ListItem.Property(widgetTarget)) + [String.Contains(Container(211).ListItem.Property(path),musicdb://) | String.Contains(Container(211).ListItem.Property(path),library://music) | String.Contains(Container(211).ListItem.Property(path),sources://music) | String.Contains(Container(211).ListItem.Property(path),plugin://plugin.audio)]">SetProperty(customProperty,widgetTarget)</onunfocus>
                            <onunfocus condition="String.IsEmpty(Container(211).ListItem.Property(widgetTarget)) + [String.Contains(Container(211).ListItem.Property(path),musicdb://) | String.Contains(Container(211).ListItem.Property(path),library://music) | String.Contains(Container(211).ListItem.Property(path),sources://music) | String.Contains(Container(211).ListItem.Property(path),plugin://plugin.audio)]">SetProperty(customValue,music)</onunfocus>
                            <onunfocus condition="String.IsEmpty(Container(211).ListItem.Property(widgetTarget)) + [String.Contains(Container(211).ListItem.Property(path),musicdb://) | String.Contains(Container(211).ListItem.Property(path),library://music) | String.Contains(Container(211).ListItem.Property(path),sources://music) | String.Contains(Container(211).ListItem.Property(path),plugin://plugin.audio)]">SendClick(404)</onunfocus>

                            <onunfocus condition="String.IsEmpty(Container(211).ListItem.Property(widgetTarget)) + [String.Contains(Container(211).ListItem.Property(path),Pictures)]">SetProperty(customProperty,widgetTarget)</onunfocus>
                            <onunfocus condition="String.IsEmpty(Container(211).ListItem.Property(widgetTarget)) + [String.Contains(Container(211).ListItem.Property(path),Pictures)]">SetProperty(customValue,pictures)</onunfocus>
                            <onunfocus condition="String.IsEmpty(Container(211).ListItem.Property(widgetTarget)) + [String.Contains(Container(211).ListItem.Property(path),Pictures)]">SendClick(404)</onunfocus>

                            <onunfocus condition="![String.IsEmpty(Container(211).ListItem.Property(path)) | String.IsEqual(Container(211).ListItem.Property(path),noop)] + String.IsEmpty(Container(211).ListItem.Property(widgetTarget)) + ![String.Contains(Container(211).ListItem.Property(path),Pictures) | String.Contains(Container(211).ListItem.Property(path),musicdb://) | String.Contains(Container(211).ListItem.Property(path),library://music) | String.Contains(Container(211).ListItem.Property(path),sources://music) | String.Contains(Container(211).ListItem.Property(path),plugin://plugin.audio)]">SetProperty(customProperty,widgetTarget)</onunfocus>
                            <onunfocus condition="![String.IsEmpty(Container(211).ListItem.Property(path)) | String.IsEqual(Container(211).ListItem.Property(path),noop)] + String.IsEmpty(Container(211).ListItem.Property(widgetTarget)) + ![String.Contains(Container(211).ListItem.Property(path),Pictures) | String.Contains(Container(211).ListItem.Property(path),musicdb://) | String.Contains(Container(211).ListItem.Property(path),library://music) | String.Contains(Container(211).ListItem.Property(path),sources://music) | String.Contains(Container(211).ListItem.Property(path),plugin://plugin.audio)]">SetProperty(customValue,videos)</onunfocus>
                            <onunfocus condition="![String.IsEmpty(Container(211).ListItem.Property(path)) | String.IsEqual(Container(211).ListItem.Property(path),noop)] + String.IsEmpty(Container(211).ListItem.Property(widgetTarget)) + ![String.Contains(Container(211).ListItem.Property(path),Pictures) | String.Contains(Container(211).ListItem.Property(path),musicdb://) | String.Contains(Container(211).ListItem.Property(path),library://music) | String.Contains(Container(211).ListItem.Property(path),sources://music) | String.Contains(Container(211).ListItem.Property(path),plugin://plugin.audio)]">SendClick(404)</onunfocus>
                        </control>

                        <control type="button" id="307" description="Action">
                            <label>31267</label>
                            <label2>$INFO[Container(211).ListItem.Property(Path)]</label2>
                            <visible>!String.IsEqual(Container(211).ListItem.Property(skinshortcuts-disabled),True)</visible>
                            <include>Dialog_Standard_Button</include>
                            <visible>!String.EndsWith(Window.Property(groupname),.1)</visible>
                            <visible>!String.IsEqual(Window.Property(groupname),searchmenu)</visible>
                        </control>

                        <control type="button" id="4101" description="Choose Search Item">
                            <label>Default search items</label>
                            <onclick>SetProperty(custom-grouping,customsearchdefaultitems)</onclick>
                            <onclick>SendClick(401)</onclick>
                            <visible>!String.IsEqual(Container(211).ListItem.Property(skinshortcuts-disabled),True)</visible>
                            <include>Dialog_Standard_Button</include>
                            <visible>String.IsEqual(Window.Property(groupname),searchmenu)</visible>
                        </control>

                        <control type="button" id="3007" description="Action">
                            <label>31267</label>
                            <label2>$INFO[Container(211).ListItem.Property(Path)]</label2>
                            <onclick>SetProperty(custom-grouping,customsearch)</onclick>
                            <onclick>SendClick(307)</onclick>
                            <visible>!String.IsEqual(Container(211).ListItem.Property(skinshortcuts-disabled),True)</visible>
                            <include>Dialog_Standard_Button</include>
                            <visible>String.IsEqual(Window.Property(groupname),searchmenu)</visible>
                        </control>

                        <control type="button" id="305" description="Label">
                            <label>31268</label>
                            <label2>$INFO[Container(211).ListItem.Label]</label2>
                            <visible>!String.IsEqual(Container(211).ListItem.Property(skinshortcuts-disabled),True)</visible>
                            <include>Dialog_Standard_Button</include>
                        </control>

                        <control type="button" id="306" description="Icon">
                            <label>31181</label>
                            <visible>!String.IsEqual(Container(211).ListItem.Property(skinshortcuts-disabled),True)</visible>
                            <include>Dialog_Standard_Button</include>
                            <visible>!String.IsEqual(Window.Property(groupname),powermenu)</visible>
                            <visible>![String.EndsWith(Window.Property(groupname),.1) | String.IsEqual(Window.Property(groupname),searchmenu)]</visible>
                        </control>

                        <control type="button" id="310" description="Background">
                            <label>31110</label>
                            <label2>$INFO[Container(211).ListItem.Property(background)]</label2>
                            <visible>String.IsEqual(Window.Property(groupname),mainmenu)</visible>
                            <visible>!String.IsEqual(Container(211).ListItem.Property(skinshortcuts-disabled),True)</visible>
                            <include>Dialog_Standard_Button</include>
                            <visible>![String.EndsWith(Window.Property(groupname),.1) | String.IsEqual(Window.Property(groupname),searchmenu)]</visible>
                        </control>

                        <control type="label" id="9400">
                            <visible>![String.EndsWith(Window.Property(groupname),.1) | String.IsEqual(Window.Property(groupname),searchmenu)]</visible>
                            <visible>!String.IsEqual(Container(211).ListItem.Property(skinshortcuts-disabled),True)</visible>
                            <label>$LOCALIZE[31038]</label>
                            <include>Dialog_Standard_HintLabel</include>
                        </control>

                        <control type="button" id="312" description="Widget Submenu Path">
                            <label>$LOCALIZE[31053]</label>
                            <visible>!String.IsEqual(Container(211).ListItem.Property(skinshortcuts-disabled),True)</visible>
                            <label2>$INFO[Container(211).ListItem.Property(widgetName)]</label2>
                            <include>Dialog_Standard_Button</include>
                            <visible>![String.EndsWith(Window.Property(groupname),.1) | String.IsEqual(Window.Property(groupname),searchmenu)]</visible>
                            <visible>!String.IsEqual(Window.Property(groupname),powermenu)</visible>
                        </control>

                        <control type="button" id="9901" description="Widget Style">
                            <label>$LOCALIZE[31011]</label>
                            <visible>!String.IsEqual(Container(211).ListItem.Property(skinshortcuts-disabled),True)</visible>
                            <label2>$INFO[Container(211).ListItem.Property(widgetAspect)]</label2>
                            <visible>!String.IsEqual(Window.Property(groupname),powermenu)</visible>
                            <include>Dialog_Standard_Button</include>
                        </control>

                        <control type="button" id="9902" description="Content Type / Widget Target">
                            <label>$LOCALIZE[31100]</label>
                            <visible>!String.IsEqual(Container(211).ListItem.Property(skinshortcuts-disabled),True)</visible>
                            <label2>$INFO[Container(211).ListItem.Property(widgetTarget)]</label2>
                            <visible>[String.EndsWith(Window.Property(groupname),.1) | String.IsEqual(Window.Property(groupname),searchmenu)]</visible>
                            <include>Dialog_Standard_Button</include>
                        </control>

                        <control type="button" id="9903" description="Sort by">
                            <label>$LOCALIZE[581]</label>
                            <visible>!String.IsEqual(Container(211).ListItem.Property(skinshortcuts-disabled),True)</visible>
                            <label2>$INFO[Container(211).ListItem.Property(widgetSortby)]</label2>
                            <visible>!String.IsEqual(Window.Property(groupname),powermenu)</visible>
                            <include>Dialog_Standard_Button</include>
                        </control>

                        <control type="button" id="9904" description="Sort direction">
                            <label>$LOCALIZE[580]</label>
                            <visible>!String.IsEqual(Container(211).ListItem.Property(skinshortcuts-disabled),True)</visible>
                            <label2>$INFO[Container(211).ListItem.Property(widgetSortorder)]</label2>
                            <visible>!String.IsEqual(Window.Property(groupname),powermenu)</visible>
                            <include>Dialog_Standard_Button</include>
                        </control>

                        <control type="button" id="9905" description="Item limit">
                            <label>$LOCALIZE[31107]</label>
                            <visible>!String.IsEqual(Container(211).ListItem.Property(skinshortcuts-disabled),True)</visible>
                            <label2>$INFO[Container(211).ListItem.Property(widgetLimit)]</label2>
                            <visible>[String.EndsWith(Window.Property(groupname),.1) | String.IsEqual(Window.Property(groupname),searchmenu)]</visible>
                            <include>Dialog_Standard_Button</include>
                        </control>
                    </control>

                    <control type="image">
                        <width>1</width>
                        <top>item_list_height_half</top>
                        <texture colordiffuse="dialog_fg_12">common/white.png</texture>
                    </control>
                </control>
                <control type="group">
                    <width>450</width>
                    <right>0</right>
                    <control type="image">
                        <width>1</width>
                        <top>item_list_height_half</top>
                        <texture colordiffuse="dialog_fg_12">common/white.png</texture>
                    </control>
                    <control type="label">
                        <label>$LOCALIZE[33063]</label>
                        <top>0</top>
                        <include>Dialog_Standard_HintLabel</include>
                    </control>
                    <include content="Defs_Settings_Gradient">
                        <param name="id" value="9300" />
                        <top>item_list_height_half</top>
                        <height>item_list_height</height>
                        <visible>ControlGroup(9300).HasFocus()</visible>
                    </include>
                    <control type="grouplist" id="9300">
                        <onleft>9100</onleft>
                        <onup>9300</onup>
                        <ondown>9300</ondown>
                        <top>item_list_height_half</top>
                        <orientation>vertical</orientation>
                        <itemgap>0</itemgap>
                        <usecontrolcoords>true</usecontrolcoords>

                        <control type="togglebutton" id="313" description="Enable/Disable">
                            <label>$LOCALIZE[24022]</label>
                            <altlabel>$LOCALIZE[24021]</altlabel>
                            <usealttexture>!String.IsEqual(Container(211).ListItem.Property(skinshortcuts-disabled),True)</usealttexture>
                            <include>Dialog_Standard_Button</include>
                            <visible>![String.EndsWith(Window.Property(groupname),.1) | String.IsEqual(Window.Property(groupname),searchmenu)] | String.IsEqual(Container(211).ListItem.Property(skinshortcuts-disabled),True)</visible>
                        </control>

                        <control type="button" id="406" description="Widgets">
                            <label>$LOCALIZE[31099]</label>
                            <visible>String.IsEqual(Window.Property(groupname),mainmenu)</visible>
                            <visible>!String.IsEqual(Container(211).ListItem.Property(skinshortcuts-disabled),True)</visible>
                            <include>Dialog_Standard_Button</include>
                            <visible>![String.EndsWith(Window.Property(groupname),.1) | String.IsEqual(Window.Property(groupname),searchmenu)]</visible>
                        </control>

                        <control type="button" id="405" description="Submenu">
                            <label>$LOCALIZE[31112]</label>
                            <visible>String.IsEqual(Window.Property(groupname),mainmenu)</visible>
                            <visible>!String.IsEqual(Container(211).ListItem.Property(skinshortcuts-disabled),True)</visible>
                            <include>Dialog_Standard_Button</include>
                            <visible>![String.EndsWith(Window.Property(groupname),.1) | String.IsEqual(Window.Property(groupname),searchmenu)]</visible>
                        </control>

                        <control type="button" id="308" description="Reset">
                            <visible>!String.IsEqual(Container(211).ListItem.Property(skinshortcuts-disabled),True)</visible>
                            <include>Dialog_Standard_Button</include>
                            <visible>![String.EndsWith(Window.Property(groupname),.1)]</visible>
                        </control>

                        <control type="button" id="9410" description="Close">
                            <label>$LOCALIZE[15067]</label>
                            <onclick>Close</onclick>
                            <include>Dialog_Standard_Button</include>
                        </control>
                    </control>
                </control>
            </control>


        </control>

        <control type="button" id="404"><visible allowhiddenfocus="true">false</visible><width>1</width><height>1</height></control>
    </controls>
</window>
