[
    {
        "icon": "special://skin/extras/icons/favourites2.png",
        "label": "$LOCALIZE[1036]",
        "path": "ActivateWindow(1160)",
        "target": ""
    },
    {
        "icon": "special://skin/extras/icons/settings.png",
        "label": "$LOCALIZE[5]",
        "path": "ActivateWindow(settings)",
        "target": ""
    },
    {
        "icon": "special://skin/extras/icons/update.png",
        "label": "$LOCALIZE[31364]",
        "path": "ReloadSkin()",
        "target": ""
    },
    {
        "icon": "special://skin/extras/icons/power.png",
        "label": "$LOCALIZE[13009]",
        "path": "Quit()",
        "target": ""
    }
]