[
    {
        "icon": "special://skin/extras/icons/favourites2.png",
        "label": "$LOCALIZE[1036]",
        "path": "ActivateWindow(1160)",
        "target": ""
    },
    {
        "icon": "special://skin/extras/icons/filebox.png",
        "label": "$LOCALIZE[7]",
        "path": "ActivateWindow(filemanager)",
        "target": ""
    },
    {
        "icon": "special://skin/extras/icons/addon.png",
        "label": "$LOCALIZE[31492]",
        "path": "ActivateWindow(1132)",
        "target": ""
    },
    {
        "icon": "special://skin/extras/icons/addons.png",
        "label": "$LOCALIZE[10040]",
        "path": "ActivateWindow(addonbrowser)",
        "target": ""
    },
    {
        "icon": "special://skin/extras/icons/address-card.png",
        "label": "$LOCALIZE[31359]",
        "path": "ActivateWindow(1195)",
        "target": ""
    },
    {
        "icon": "special://skin/extras/icons/update.png",
        "label": "$LOCALIZE[31364]",
        "path": "ReloadSkin()",
        "target": ""
    },
    {
        "icon": "special://skin/extras/icons/power.png",
        "label": "$LOCALIZE[13009]",
        "path": "Quit()",
        "target": ""
    }
]