<?xml version="1.0" encoding="UTF-8"?>
<window>
    <defaultcontrol always="true">21</defaultcontrol>
    <controls>

        <control type="group">
            <include>Animation_SlideIn_Dialog</include>
            <control type="image">
                <left>-120</left>
                <right>-120</right>
                <height>1220</height>
                <bottom>-320</bottom>
                <texture border="0,400,0,0" colordiffuse="$VAR[ColorBackgroundFade]" flipx="false">common/dim-thick-bottom.png</texture>
            </control>
            <control type="group">
                <include>Dimension_DialogNumeric</include>
                <include content="Dialog_Background_Blur">
                    <include content="Dialog_Head">
                        <top>-80</top>
                        <left>x04</left>
                    </include>
                    <control type="group">
                        <bottom>x08</bottom>
                        <control type="image">
                            <texture colordiffuse="main_fg_12" border="20" flipy="true">common/dialog_overlay_v.png</texture>
                        </control>
                        <include content="Dialog_Group">
                            <param name="id">7000</param>
                            <control type="group">
                                <height>x08</height>
                                <control type="image">
                                    <texture colordiffuse="main_fg_12" border="40">common/menu.png</texture>
                                </control>
                                <include content="Object_Keyboard_Button" description="Display">
                                    <param name="id" value="4" />
                                    <param name="control" value="label" />
                                    <align>center</align>
                                    <textoffset>40</textoffset>
                                    <width>100%</width>
                                    <disabledcolor>main_bg_30</disabledcolor>
                                </include>
                            </control>
                            <control type="group">
                                <top>x12</top>
                                <control type="group">
                                    <control type="grouplist">
                                        <orientation>vertical</orientation>
                                        <itemgap>keyboard_pad</itemgap>
                                        <control type="grouplist" description="Row 1">
                                            <orientation>horizontal</orientation>
                                            <itemgap>keyboard_pad</itemgap>
                                            <height>x08</height>
                                            <onleft>11</onleft>
                                            <onright>23</onright>
                                            <include content="Object_Keyboard_Button" description="Number">
                                                <param name="id" value="11" />
                                                <include>Texture_KeyboardButton</include>
                                                <label>$NUMBER[1]</label>
                                                <ondown>14</ondown>
                                            </include>
                                            <include content="Object_Keyboard_Button" description="Number">
                                                <param name="id" value="12" />
                                                <include>Texture_KeyboardButton</include>
                                                <label>$NUMBER[2]</label>
                                                <ondown>15</ondown>
                                            </include>
                                            <include content="Object_Keyboard_Button" description="Number">
                                                <param name="id" value="13" />
                                                <include>Texture_KeyboardButton</include>
                                                <label>$NUMBER[3]</label>
                                                <ondown>16</ondown>
                                            </include>
                                            <include content="Object_Keyboard_Button" description="Back">
                                                <param name="id" value="23" />
                                                <width>170</width>
                                                <include>Texture_KeyboardButton</include>
                                                <label>&#xe00a;</label>
                                                <font>font_main_iconic</font>
                                                <ondown>21</ondown>
                                            </include>
                                        </control>
                                        <control type="grouplist" description="Row 2">
                                            <orientation>horizontal</orientation>
                                            <itemgap>keyboard_pad</itemgap>
                                            <height>x08</height>
                                            <onleft>14</onleft>
                                            <onright>10</onright>
                                            <include content="Object_Keyboard_Button" description="Number">
                                                <param name="id" value="14" />
                                                <include>Texture_KeyboardButton</include>
                                                <label>$NUMBER[4]</label>
                                                <onup>11</onup>
                                                <ondown>17</ondown>
                                            </include>
                                            <include content="Object_Keyboard_Button" description="Number">
                                                <param name="id" value="15" />
                                                <include>Texture_KeyboardButton</include>
                                                <label>$NUMBER[5]</label>
                                                <onup>12</onup>
                                                <ondown>18</ondown>
                                            </include>
                                            <include content="Object_Keyboard_Button" description="Number">
                                                <param name="id" value="16" />
                                                <include>Texture_KeyboardButton</include>
                                                <label>$NUMBER[6]</label>
                                                <onup>13</onup>
                                                <ondown>19</ondown>
                                            </include>
                                            <include content="Object_Keyboard_Button" description="Number">
                                                <param name="id" value="10" />
                                                <width>170</width>
                                                <include>Texture_KeyboardButton</include>
                                                <label>$NUMBER[0]</label>
                                                <onup>18</onup>
                                            </include>
                                        </control>
                                        <control type="grouplist" description="Row 3" id="7003">
                                            <orientation>horizontal</orientation>
                                            <itemgap>keyboard_pad</itemgap>
                                            <height>x08</height>
                                            <onleft>17</onleft>
                                            <onright>22</onright>
                                            <include content="Object_Keyboard_Button" description="Number">
                                                <param name="id" value="17" />
                                                <include>Texture_KeyboardButton</include>
                                                <label>$NUMBER[7]</label>
                                                <onup>14</onup>
                                                <ondown>9000</ondown>
                                            </include>
                                            <include content="Object_Keyboard_Button" description="Number">
                                                <param name="id" value="18" />
                                                <include>Texture_KeyboardButton</include>
                                                <label>$NUMBER[8]</label>
                                                <onup>15</onup>
                                                <ondown>9000</ondown>
                                            </include>
                                            <include content="Object_Keyboard_Button" description="Number">
                                                <param name="id" value="19" />
                                                <include>Texture_KeyboardButton</include>
                                                <label>$NUMBER[9]</label>
                                                <onup>16</onup>
                                                <ondown>9000</ondown>
                                            </include>
                                            <include content="Object_Keyboard_Button" description="Left">
                                                <param name="id" value="20" />
                                                <include>Texture_KeyboardButton</include>
                                                <font>font_main_iconic</font>
                                                <label>&#xe006;</label>
                                                <onup>19</onup>
                                                <ondown>9000</ondown>
                                            </include>
                                            <include content="Object_Keyboard_Button" description="Right">
                                                <param name="id" value="22" />
                                                <include>Texture_KeyboardButton</include>
                                                <font>font_main_iconic</font>
                                                <label>&#xe005;</label>
                                                <onup>21</onup>
                                                <ondown>9000</ondown>
                                            </include>
                                        </control>
                                    </control>

                                </control>
                            </control>
                        </include>
                    </control>
                    <control type="grouplist" id="9000">
                        <right>x04</right>
                        <left>x04</left>
                        <height>x08</height>
                        <bottom>-5</bottom>
                        <align>center</align>
                        <orientation>horizontal</orientation>
                        <itemgap>x04</itemgap>
                        <onup>7003</onup>
                        <include content="Object_Button_Underline">
                            <param name="id">21</param>
                            <param name="groupid">9021</param>
                            <param name="visible">true</param>
                            <param name="width">x20</param>
                            <label>$LOCALIZE[186]</label>
                        </include>
                        <include content="Object_Button_Underline">
                            <param name="id">9002</param>
                            <param name="groupid">9022</param>
                            <param name="visible">true</param>
                            <param name="width">x20</param>
                            <label>$LOCALIZE[222]</label>
                            <onclick>Close</onclick>
                        </include>
                    </control>
                </include>
            </control>
        </control>
    </controls>
</window>
