<?xml version="1.0" encoding="UTF-8"?>
<window type="buttonMenu" id="111">
    <defaultcontrol always="true">3110</defaultcontrol>
    <controls>
        <include content="Dialog_Menu">
            <param name="id" value="3110" />
            <param name="header" value="$LOCALIZE[31072]" />
            <param name="content" value="Items_PowerMenu" />
            <param name="visible" value="Control.HasFocus(3110)" />
            <param name="onleft" value="Back" />
            <param name="onright" value="Back" />
        </include>
    </controls>
</window>
