<?xml version="1.0" encoding="UTF-8"?>
<includes>

    <include name="NextAired_Content">
        <include content="Hub_Widgets_Grouplist">
            <include content="NextAired_Widgets">
                <param name="info">$PARAM[info]</param>
            </include>
        </include>
    </include>

    <include name="NextAired_Widgets">
        <include content="Hub_Standard_Widget">
            <param name="id">01</param>
            <param name="label">$INFO[Container(501).ListItem.Property(widget)]$INFO[Container(501).ListItem.Property(air_date_short),$COMMA ,]</param>
            <param name="visible">true</param>
            <content target="videos">plugin://plugin.video.themoviedb.helper/?info=$PARAM[info]&amp;reload=$INFO[System.Time(hh)]&amp;startdate=-1&amp;days=1&amp;widget=True&amp;tmdb_type=episode</content>
        </include>
        <include content="Hub_Standard_Widget">
            <param name="id">02</param>
            <param name="label">$INFO[Container(502).ListItem.Property(widget)]$INFO[Container(502).ListItem.Property(air_date_short),$COMMA ,]</param>
            <param name="visible">true</param>
            <content target="videos">plugin://plugin.video.themoviedb.helper/?info=$PARAM[info]&amp;reload=$INFO[System.Time(hh)]&amp;startdate=0&amp;days=1&amp;widget=True&amp;tmdb_type=episode</content>
        </include>
        <include content="Hub_Standard_Widget">
            <param name="id">03</param>
            <param name="label">$INFO[Container(503).ListItem.Property(widget)]$INFO[Container(503).ListItem.Property(air_date_short),$COMMA ,]</param>
            <param name="visible">true</param>
            <content target="videos">plugin://plugin.video.themoviedb.helper/?info=$PARAM[info]&amp;reload=$INFO[System.Time(hh)]&amp;startdate=1&amp;days=1&amp;widget=True&amp;tmdb_type=episode</content>
        </include>
        <include content="Hub_Standard_Widget">
            <param name="id">04</param>
            <param name="label">$INFO[Container(504).ListItem.Property(widget)]$INFO[Container(504).ListItem.Property(air_date_short),$COMMA ,]</param>
            <param name="visible">true</param>
            <content target="videos">plugin://plugin.video.themoviedb.helper/?info=$PARAM[info]&amp;reload=$INFO[System.Time(hh)]&amp;startdate=2&amp;days=1&amp;widget=True&amp;tmdb_type=episode</content>
        </include>
        <include content="Hub_Standard_Widget">
            <param name="id">05</param>
            <param name="label">$INFO[Container(505).ListItem.Property(widget)]$INFO[Container(505).ListItem.Property(air_date_short),$COMMA ,]</param>
            <param name="visible">true</param>
            <content target="videos">plugin://plugin.video.themoviedb.helper/?info=$PARAM[info]&amp;reload=$INFO[System.Time(hh)]&amp;startdate=3&amp;days=1&amp;widget=True&amp;tmdb_type=episode</content>
        </include>
        <include content="Hub_Standard_Widget">
            <param name="id">06</param>
            <param name="label">$INFO[Container(506).ListItem.Property(widget)]$INFO[Container(506).ListItem.Property(air_date_short),$COMMA ,]</param>
            <param name="visible">true</param>
            <content target="videos">plugin://plugin.video.themoviedb.helper/?info=$PARAM[info]&amp;reload=$INFO[System.Time(hh)]&amp;startdate=4&amp;days=1&amp;widget=True&amp;tmdb_type=episode</content>
        </include>
        <include content="Hub_Standard_Widget">
            <param name="id">07</param>
            <param name="label">$INFO[Container(507).ListItem.Property(widget)]$INFO[Container(507).ListItem.Property(air_date_short),$COMMA ,]</param>
            <param name="visible">true</param>
            <content target="videos">plugin://plugin.video.themoviedb.helper/?info=$PARAM[info]&amp;reload=$INFO[System.Time(hh)]&amp;startdate=5&amp;days=1&amp;widget=True&amp;tmdb_type=episode</content>
        </include>
        <include content="Hub_Standard_Widget">
            <param name="id">08</param>
            <param name="label">$INFO[Container(508).ListItem.Property(widget)]$INFO[Container(508).ListItem.Property(air_date_short),$COMMA ,]</param>
            <param name="visible">true</param>
            <content target="videos">plugin://plugin.video.themoviedb.helper/?info=$PARAM[info]&amp;reload=$INFO[System.Time(hh)]&amp;startdate=6&amp;days=1&amp;widget=True&amp;tmdb_type=episode</content>
        </include>
    </include>

    <include name="NextAired_Info">
        <param name="include">Hub_Combined_Info</param>
        <definition>
            <include content="$PARAM[include]">
                <param name="id">501</param>
            </include>
            <include content="$PARAM[include]">
                <param name="id">502</param>
            </include>
            <include content="$PARAM[include]">
                <param name="id">503</param>
            </include>
            <include content="$PARAM[include]">
                <param name="id">504</param>
            </include>
            <include content="$PARAM[include]">
                <param name="id">505</param>
            </include>
            <include content="$PARAM[include]">
                <param name="id">506</param>
            </include>
            <include content="$PARAM[include]">
                <param name="id">507</param>
            </include>
            <include content="$PARAM[include]">
                <param name="id">508</param>
            </include>
        </definition>
    </include>

    <include name="NextAired_Wall_Info">
        <include content="NextAired_Info">
            <param name="include">Hub_Wall_Info</param>
        </include>
    </include>

</includes>
