<?xml version="1.0" encoding="UTF-8"?>
<includes>

    <variable name="Action_Query_Params">

        <!-- Movie -->
        <value condition="String.IsEqual(Container.ListItem.DBType,movie) + !String.IsEmpty(Container.ListItem.UniqueID(tmdb))">tmdb_type=movie$COMMAtmdb_id=$INFO[Container.ListItem.UniqueID(tmdb)]</value>
        <value condition="String.IsEqual(Container.ListItem.DBType,movie) + !String.IsEmpty(Container.ListItem.UniqueID(imdb))">tmdb_type=movie$COMMAimdb_id=$INFO[Container.ListItem.UniqueID(imdb)]</value>
        <value condition="String.IsEqual(Container.ListItem.DBType,movie) + !String.IsEmpty(Container.ListItem.Property(imdb_id))">tmdb_type=movie$COMMAimdb_id=$INFO[Container.ListItem.Property(imdb_id)]</value>
        <value condition="String.IsEqual(Container.ListItem.DBType,movie) + !String.IsEmpty(Container.ListItem.IMDBNumber) + String.StartsWith(Container.ListItem.IMDBNumber,tt)">tmdb_type=movie$COMMAimdb_id=$INFO[Container.ListItem.IMDBNumber]</value>
        <value condition="String.IsEqual(Container.ListItem.DBType,movie) + !String.IsEmpty(Container.ListItem.Title)">tmdb_type=movie$COMMAquery=$INFO[Container.ListItem.Title]$INFO[Container.ListItem.Year,$COMMAyear=,]</value>
        <value condition="String.IsEqual(Container.ListItem.DBType,movie) + !String.IsEmpty(Container.ListItem.Label)">tmdb_type=movie$COMMAquery=$INFO[Container.ListItem.Label]$INFO[Container.ListItem.Year,$COMMAyear=,]</value>

        <!-- TVShow -->
        <value condition="String.IsEqual(Container.ListItem.DBType,tvshow) + !String.IsEmpty(Container.ListItem.UniqueID(tmdb))">tmdb_type=tv$COMMAtmdb_id=$INFO[Container.ListItem.UniqueID(tmdb)]</value>
        <value condition="String.IsEqual(Container.ListItem.DBType,tvshow) + !String.IsEmpty(Container.ListItem.Title)">tmdb_type=tv$COMMAquery=$INFO[Container.ListItem.Title]$INFO[Container.ListItem.Year,$COMMAyear=,]$INFO[Container.ListItem.UniqueID(tvdb),$COMMAtvdb_id=,]$INFO[Container.ListItem.UniqueID(imdb),$COMMAimdb_id=,]</value>
        <value condition="String.IsEqual(Container.ListItem.DBType,tvshow) + !String.IsEmpty(Container.ListItem.Label)">tmdb_type=tv$COMMAquery=$INFO[Container.ListItem.Label]$INFO[Container.ListItem.Year,$COMMAyear=,]$INFO[Container.ListItem.UniqueID(tvdb),$COMMAtvdb_id=,]$INFO[Container.ListItem.UniqueID(imdb),$COMMAimdb_id=,]</value>

        <!-- Season -->
        <value condition="String.IsEqual(Container.ListItem.DBType,season) + !String.IsEmpty(Container.ListItem.UniqueID(tvshow.tmdb))">tmdb_type=tv$COMMAtmdb_id=$INFO[Container.ListItem.UniqueID(tvshow.tmdb)]$INFO[Container.ListItem.Season,$COMMAseason=,]</value>
        <value condition="String.IsEqual(Container.ListItem.DBType,season) + !String.IsEmpty(Container.ListItem.TvShowTitle)">tmdb_type=tv$COMMAquery=$INFO[Container.ListItem.TvShowTitle]$INFO[Container.ListItem.Year,$COMMAepisode_year=,]$INFO[Container.ListItem.Season,$COMMAseason=,]</value>

        <!-- Episode -->
        <value condition="String.IsEqual(Container.ListItem.DBType,episode) + !String.IsEmpty(Container.ListItem.UniqueID(tvshow.tmdb))">tmdb_type=tv$COMMAtmdb_id=$INFO[Container.ListItem.UniqueID(tvshow.tmdb)]$INFO[Container.ListItem.Season,$COMMAseason=,]$INFO[Container.ListItem.Episode,$COMMAepisode=,]</value>
        <value condition="String.IsEqual(Container.ListItem.DBType,episode) + !String.IsEmpty(Container.ListItem.TvShowTitle)">tmdb_type=tv$COMMAquery=$INFO[Container.ListItem.TvShowTitle]$INFO[Container.ListItem.Year,$COMMAepisode_year=,]$INFO[Container.ListItem.Season,$COMMAseason=,]$INFO[Container.ListItem.Episode,$COMMAepisode=,]</value>

        <!-- People -->
        <value condition="String.IsEqual(Container.ListItem.Property(item.type),person) + !String.IsEmpty(Container.ListItem.Property(tmdb_id))">tmdb_type=person$COMMAtmdb_id=$INFO[Container.ListItem.Property(tmdb_id)]</value>
        <value condition="[String.IsEqual(Container.ListItem.DBType,actor) | String.IsEqual(Container.ListItem.DBType,director)] + !String.IsEmpty(Container.ListItem.Label)">tmdb_type=person$COMMAquery=$INFO[Container.ListItem.Label]$INFO[Container.ListItem.UniqueID(tmdb),$COMMAtmdb_id=,]</value>

    </variable>


    <include name="_Action_OSD_EpisodeList_OnUnFocus_XX">
        <onright condition="!String.IsEmpty(Container(6401).ListItemAbsolute($PARAM[pos]).Title) + String.IsEqual(Container(6401).ListItemAbsolute($PARAM[pos]).Title,Player.Title)">SetFocus(6401,$PARAM[pos],absolute)</onright>
        <onleft condition="!String.IsEmpty(Container(6401).ListItemAbsolute($PARAM[pos]).Title) + String.IsEqual(Container(6401).ListItemAbsolute($PARAM[pos]).Title,Player.Title)">SetFocus(6401,$PARAM[pos],absolute)</onleft>
        <onback condition="!String.IsEmpty(Container(6401).ListItemAbsolute($PARAM[pos]).Title) + String.IsEqual(Container(6401).ListItemAbsolute($PARAM[pos]).Title,Player.Title)">SetFocus(6401,$PARAM[pos],absolute)</onback>
    </include>

    <include name="_Action_OSD_EpisodeList_OnUnFocus_X0">
        <include content="_Action_OSD_EpisodeList_OnUnFocus_XX"><param name="pos" value="$PARAM[ten]0" /></include>
        <include content="_Action_OSD_EpisodeList_OnUnFocus_XX"><param name="pos" value="$PARAM[ten]1" /></include>
        <include content="_Action_OSD_EpisodeList_OnUnFocus_XX"><param name="pos" value="$PARAM[ten]2" /></include>
        <include content="_Action_OSD_EpisodeList_OnUnFocus_XX"><param name="pos" value="$PARAM[ten]3" /></include>
        <include content="_Action_OSD_EpisodeList_OnUnFocus_XX"><param name="pos" value="$PARAM[ten]4" /></include>
        <include content="_Action_OSD_EpisodeList_OnUnFocus_XX"><param name="pos" value="$PARAM[ten]5" /></include>
        <include content="_Action_OSD_EpisodeList_OnUnFocus_XX"><param name="pos" value="$PARAM[ten]6" /></include>
        <include content="_Action_OSD_EpisodeList_OnUnFocus_XX"><param name="pos" value="$PARAM[ten]7" /></include>
        <include content="_Action_OSD_EpisodeList_OnUnFocus_XX"><param name="pos" value="$PARAM[ten]8" /></include>
        <include content="_Action_OSD_EpisodeList_OnUnFocus_XX"><param name="pos" value="$PARAM[ten]9" /></include>
    </include>

    <include name="Action_OSD_EpisodeList_OnUnFocus">
        <include content="_Action_OSD_EpisodeList_OnUnFocus_X0"><param name="ten" value="0" /></include>
        <include content="_Action_OSD_EpisodeList_OnUnFocus_X0"><param name="ten" value="1" /></include>
        <include content="_Action_OSD_EpisodeList_OnUnFocus_X0"><param name="ten" value="2" /></include>
        <include content="_Action_OSD_EpisodeList_OnUnFocus_X0"><param name="ten" value="3" /></include>
        <onleft>6400</onleft>
        <onright>6400</onright>
        <onback>6400</onback>
    </include>


    <include name="_Action_OSD_EpisodeList_Refocus_XX">
        <onfocus condition="!Integer.IsEqual(Container(6401).NumItems,0) + String.IsEmpty(Window.Property(Refocusing)) + !String.IsEmpty(Container(6401).ListItemAbsolute($PARAM[pos]).Title) + String.IsEqual(Container(6401).ListItemAbsolute($PARAM[pos]).Title,Player.Title)">SetFocus(6401,$PARAM[pos],absolute)</onfocus>
        <onup condition="!Integer.IsEqual(Container(6401).NumItems,0) + !String.IsEmpty(Container(6401).ListItemAbsolute($PARAM[pos]).Title) + String.IsEqual(Container(6401).ListItemAbsolute($PARAM[pos]).Title,Player.Title)">SetFocus(6401,$PARAM[pos],absolute)</onup>
        <ondown condition="!Integer.IsEqual(Container(6401).NumItems,0) + !String.IsEmpty(Container(6401).ListItemAbsolute($PARAM[pos]).Title) + String.IsEqual(Container(6401).ListItemAbsolute($PARAM[pos]).Title,Player.Title)">SetFocus(6401,$PARAM[pos],absolute)</ondown>
    </include>

    <include name="_Action_OSD_EpisodeList_Refocus_X0">
        <include content="_Action_OSD_EpisodeList_Refocus_XX"><param name="pos" value="$PARAM[ten]0" /></include>
        <include content="_Action_OSD_EpisodeList_Refocus_XX"><param name="pos" value="$PARAM[ten]1" /></include>
        <include content="_Action_OSD_EpisodeList_Refocus_XX"><param name="pos" value="$PARAM[ten]2" /></include>
        <include content="_Action_OSD_EpisodeList_Refocus_XX"><param name="pos" value="$PARAM[ten]3" /></include>
        <include content="_Action_OSD_EpisodeList_Refocus_XX"><param name="pos" value="$PARAM[ten]4" /></include>
        <include content="_Action_OSD_EpisodeList_Refocus_XX"><param name="pos" value="$PARAM[ten]5" /></include>
        <include content="_Action_OSD_EpisodeList_Refocus_XX"><param name="pos" value="$PARAM[ten]6" /></include>
        <include content="_Action_OSD_EpisodeList_Refocus_XX"><param name="pos" value="$PARAM[ten]7" /></include>
        <include content="_Action_OSD_EpisodeList_Refocus_XX"><param name="pos" value="$PARAM[ten]8" /></include>
        <include content="_Action_OSD_EpisodeList_Refocus_XX"><param name="pos" value="$PARAM[ten]9" /></include>
    </include>

    <include name="Action_OSD_EpisodeList_Refocus">
        <include content="_Action_OSD_EpisodeList_Refocus_X0"><param name="ten" value="0" /></include>
        <include content="_Action_OSD_EpisodeList_Refocus_X0"><param name="ten" value="1" /></include>
        <include content="_Action_OSD_EpisodeList_Refocus_X0"><param name="ten" value="2" /></include>
        <include content="_Action_OSD_EpisodeList_Refocus_X0"><param name="ten" value="3" /></include>
        <onfocus condition="!Integer.IsEqual(Container(6401).NumItems,0) + String.IsEmpty(Window.Property(Refocusing))">SetProperty(Refocusing,1)</onfocus>
        <onfocus condition="!Integer.IsEqual(Container(6401).NumItems,0) + String.IsEmpty(Window.Property(Refocusing))">SetFocus(6400)</onfocus>
        <onfocus condition="!String.IsEmpty(Window.Property(Refocusing))">ClearProperty(Refocusing)</onfocus>
    </include>


    <include name="Action_OptionsMenu_Default">
        <param name="id" default="50" />
        <definition>
            <onleft>$PARAM[id]</onleft>
            <onright>$PARAM[id]</onright>
            <onback>$PARAM[id]</onback>
        </definition>
    </include>

    <include name="Action_OptionsMenu_PVRGuide">
        <onleft>10</onleft>
        <onright>10</onright>
    </include>

    <include name="Action_OptionsMenu_ButtonMenu">
        <onleft>Close</onleft>
        <onright>Close</onright>
    </include>

    <include name="Action_Row_OnDown">
        <ondown condition="$EXP[Exp_AlphabetTypes_Only] + !Skin.HasSetting(DisableAlphabetScrollbar)">65</ondown>
        <ondown condition="!$EXP[Exp_AlphabetTypes_Only] | Skin.HasSetting(DisableAlphabetScrollbar)">60</ondown>
    </include>

    <include name="Action_Row_Recommendations_OnDown">
        <include content="Action_Recommendations_OnDown">
            <ondown>ClearProperty(Path.Cast,1120)</ondown>
            <ondown>ClearProperty(Path.Crew,1120)</ondown>
            <ondown>ClearProperty(Path.Posters,1120)</ondown>
            <ondown>ClearProperty(Path.Fanart,1120)</ondown>
        </include>
    </include>

    <include name="Action_Row_WallView_OnDown">
        <ondown condition="[Container.HasNext | Container.HasPrevious] + [Control.IsVisible(50) | Control.IsVisible(51) | Control.IsVisible(52) | Control.IsVisible(57)]">SetProperty(WallMode,$INFO[Container.FolderPath])</ondown>
        <ondown condition="[Container.HasNext | Container.HasPrevious] + Control.IsVisible(50)">SetFocus(506)</ondown>
        <ondown condition="[Container.HasNext | Container.HasPrevious] + Control.IsVisible(51)">SetFocus(516)</ondown>
        <ondown condition="[Container.HasNext | Container.HasPrevious] + Control.IsVisible(52)">SetFocus(526)</ondown>
        <ondown condition="[Container.HasNext | Container.HasPrevious] + Control.IsVisible(57)">SetFocus(576)</ondown>
    </include>

    <include name="Action_ClearContext_OnUnload">
        <onunload>ClearProperty(ContextMenu.Label,Home)</onunload>
        <onunload>ClearProperty(ContextMenu.Fanart,Home)</onunload>
        <onunload>ClearProperty(ContextMenu.Poster,Home)</onunload>
        <onunload>ClearProperty(ContextMenu.Icon,Home)</onunload>
    </include>

    <include name="Action_Widget_Click">
        <onclick>SetProperty(TMDbHelper.HideView,1,Home)</onclick>
        <onclick>Close</onclick>
        <onclick>AlarmClock(callinfo,RunScript(plugin.video.themoviedb.helper,add_path=$INFO[Container($PARAM[id]).ListItem.FolderPath],call_auto=1190),00:01,silent)</onclick>
    </include>

    <include name="Action_Plotbox_OnUp">
        <param name="fanart" default="$ESCINFO[ListItem.Art(fanart)]" />
        <param name="poster" default="$ESCINFO[ListItem.Art(poster)]" />
        <definition>
            <onup>SetProperty(Fanart,$PARAM[fanart],1113)</onup>
            <onup>SetProperty(Poster,$PARAM[poster],1113)</onup>
            <onup>SetProperty(Title,"$VAR[Label_Title]",1113)</onup>
            <onup>SetProperty(Year,$ESCINFO[ListItem.Year],1113)</onup>
            <onup>SetProperty(ClearLogo,$ESCINFO[Window(Home).Property(TMDbHelper.ListItem.CropImage)],1113)</onup>
            <onup>SetProperty(Tagline,$ESCINFO[ListItem.Tagline],1113)</onup>
            <onup>SetProperty(Plot,$VAR[Label_Plot_ESC],1113)</onup>
            <onup>ActivateWindow(1113)</onup>
        </definition>
    </include>

    <include name="Action_Recommendations_OnDown">
        <ondown>SetProperty(Path.Cast,"$VAR[Path_Cast]",1120)</ondown>
        <ondown>SetProperty(Path.Crew,"$VAR[Path_Crew]",1120)</ondown>
        <ondown>SetProperty(Path.Recommendations,"$VAR[Path_Recommendations]",1120)</ondown>
        <ondown>SetProperty(Path.Similar,"$VAR[Path_Similar]",1120)</ondown>
        <ondown>SetProperty(Path.FromYear,"$VAR[Path_FromYear]",1120)</ondown>
        <ondown>SetProperty(Path.FromGenre,"$VAR[Path_FromGenre]",1120)</ondown>
        <ondown>SetProperty(Path.FromStudio,"$VAR[Path_FromStudio]",1120)</ondown>
        <ondown>SetProperty(Path.FromDirector,"$VAR[Path_FromDirector]",1120)</ondown>
        <ondown>SetProperty(Path.FromWriter,"$VAR[Path_FromWriter]",1120)</ondown>
        <ondown>SetProperty(Path.FromCollection,"$VAR[Path_FromCollection]",1120)</ondown>
        <ondown>SetProperty(Path.Seasons,"$VAR[Path_Seasons]",1120)</ondown>
        <ondown>SetProperty(Path.UpNext,"$VAR[Path_UpNext]",1120)</ondown>

        <ondown>SetProperty(Path.CastInMovies,"$VAR[Path_CastInMovies]",1120)</ondown>
        <ondown>SetProperty(Path.CastInShows,"$VAR[Path_CastInShows]",1120)</ondown>
        <ondown>SetProperty(Path.CrewInMovies,"$VAR[Path_CrewInMovies]",1120)</ondown>
        <ondown>SetProperty(Path.CrewInShows,"$VAR[Path_CrewInShows]",1120)</ondown>

        <ondown>SetProperty(Path.Posters,"$VAR[Path_Posters]",1120)</ondown>
        <ondown>SetProperty(Path.Fanart,"$VAR[Path_Fanart]",1120)</ondown>

        <ondown>SetProperty(Collection,$ESCINFO[ListItem.Set],1120)</ondown>
        <ondown>SetProperty(Director,$ESCINFO[ListItem.Director],1120)</ondown>
        <ondown>SetProperty(Writer,$ESCINFO[ListItem.Writer],1120)</ondown>
        <ondown>SetProperty(Genre,$ESCINFO[ListItem.Genre],1120)</ondown>
        <ondown>SetProperty(Year,$ESCINFO[ListItem.Year],1120)</ondown>
        <ondown>SetProperty(Fanart,$ESCINFO[ListItem.Art(fanart)],1120)</ondown>
        <ondown>SetProperty(Title,"$VAR[Label_Title]",1120)</ondown>
        <nested />
        <ondown condition="String.IsEqual(ListItem.DBtype,movie) | String.IsEqual(ListItem.DBtype,tvshow) | String.IsEqual(ListItem.DBtype,season) | String.IsEqual(ListItem.DBtype,episode) | String.IsEqual(ListItem.DBtype,set) | $EXP[Exp_IsPersonInfo]">ActivateWindow(1120)</ondown>
    </include>

    <include name="Action_Settings_Onload">
        <onload condition="Window.IsActive(skinsettings)">SetFocus(30000,0)</onload>
        <onload condition="Window.IsActive(interfacesettings)">SetFocus(30000,1)</onload>
        <onload condition="Window.IsActive(mediasettings)">SetFocus(30000,2)</onload>
        <onload condition="Window.IsActive(playersettings)">SetFocus(30000,3)</onload>
        <onload condition="Window.IsActive(systemsettings)">SetFocus(30000,4)</onload>
        <onload condition="Window.IsActive(servicesettings)">SetFocus(30000,5)</onload>
        <onload condition="Window.IsActive(pvrsettings)">SetFocus(30000,6)</onload>
        <onload condition="Window.IsActive(systeminfo)">SetFocus(30000,7)</onload>
        <onload condition="Window.IsActive(profiles)">SetFocus(30000,8)</onload>
    </include>


    <include name="Action_Blur_Onload">
        <param name="sourceimage" default="Art(fanart)" />
        <definition>
            <onload>ClearProperty(TMDbHelper.WidgetContainer,Home)</onload>
            <onload>SetProperty(TMDbHelper.Blur.SourceImage,$PARAM[sourceimage],Home)</onload>
            <onload>SetProperty(TMDbHelper.Blur.Fallback,special://skin/fanart.jpg,Home)</onload>
        </definition>
    </include>

    <include name="Action_BuildTextures_Onload">
        <onload>RunScript(script.texturemaker,bg=$VAR[ColorHighlight],fg=$VAR[ColorGradient],alpha=1.0,folder=ArcticHorizon,selectbox=special://skin/extras/textures/selectbox.png,scrollv=special://skin/extras/textures/scrollv.png,scrollh=special://skin/extras/textures/scrollh.png,box=special://skin/extras/textures/box.png,button+multiply=special://skin/extras/textures/button.png,circle=special://skin/extras/textures/circle.png,menu=special://skin/extras/textures/menu.png,menuright+overlay=special://skin/extras/textures/menuright.png,menusquareright+overlay=special://skin/extras/textures/menusquareright.png,main=special://skin/extras/textures/main.png)</onload>
    </include>
    <include name="Action_BuildTextures_Onclick">
        <onclick condition="!String.IsEqual(Window(Home).Property(ColorPicker_Type),Indicator)">runscript(script.texturemaker,bg=$VAR[ColorHighlight],fg=$VAR[ColorGradient],alpha=1.0,folder=ArcticHorizon,selectbox=special://skin/extras/textures/selectbox.png,scrollv=special://skin/extras/textures/scrollv.png,scrollh=special://skin/extras/textures/scrollh.png,box=special://skin/extras/textures/box.png,button+multiply=special://skin/extras/textures/button.png,circle=special://skin/extras/textures/circle.png,menu=special://skin/extras/textures/menu.png,menuright+overlay=special://skin/extras/textures/menuright.png,menusquareright+overlay=special://skin/extras/textures/menusquareright.png,main=special://skin/extras/textures/main.png,reload=1111)</onclick>
    </include>
    <include name="Action_BuildTextures_Onclick_Preset">
        <onclick>runscript(script.texturemaker,bg=$VAR[ColorHighlight],fg=$VAR[ColorGradient],alpha=1.0,folder=ArcticHorizon,selectbox=special://skin/extras/textures/selectbox.png,scrollv=special://skin/extras/textures/scrollv.png,scrollh=special://skin/extras/textures/scrollh.png,box=special://skin/extras/textures/box.png,button+multiply=special://skin/extras/textures/button.png,circle=special://skin/extras/textures/circle.png,menu=special://skin/extras/textures/menu.png,menuright+overlay=special://skin/extras/textures/menuright.png,menusquareright+overlay=special://skin/extras/textures/menusquareright.png,main=special://skin/extras/textures/main.png,reload=1115)</onclick>
    </include>
</includes>