<?xml version="1.0" encoding="UTF-8"?>
<window type="window" id="1190">
    <defaultcontrol always="true">9999</defaultcontrol>
    <onload>SetProperty(Header_Center_Text,Information)</onload>
    <onload>SetProperty(Header_Left_Text,Movies)</onload>
    <controls>
        <include content="Viewtype_Main">
            <control type="list" id="9999">
                <include>Defs_Offscreen</include>
                <itemlayout />
                <focusedlayout />
                <content target="videos">$INFO[Window(Home).Property(TMDbHelper.Path.Current)]</content>
            </control>
        </include>
        <include condition="!Skin.HasSetting(DisableBusyBackground) + System.HasAddon(resource.images.arctic.waves)">Global_Background_BusyLoader_1190</include>
        <control type="group">
            <visible>!$EXP[Exp_InfoVisible]</visible>
            <include>Dialog_Busy</include>
        </control>
        <include condition="!Skin.HasSetting(DisableClock)">Topbar_Right</include>
    </controls>
</window>