<?xml version="1.0" encoding="UTF-8"?>
<!-- Foundation -->
<includes>

    <include file="Constants_Main.xml" />
    <include file="Defaults.xml" />
    <include file="script-skinviewtypes-includes.xml" />
    <include file="script-skinshortcuts-includes.xml"/>
    <include file="script-skinvariables-includes.xml" />

    <include file="Includes_Home.xml" />
    <include file="Includes_View_50_Tags.xml" />
    <include file="Includes_View_51_Addons.xml" />
    <include file="Includes_View_52_Posters.xml" />
    <include file="Includes_View_53_Seasons.xml" />
    <include file="Includes_View_54_Episodes.xml" />
    <include file="Includes_View_55_List.xml" />
    <include file="Includes_View_56_Banners.xml" />
    <include file="Includes_View_57_BigBanner.xml" />
    <include file="Includes_View_58_Artists.xml" />
    <include file="Includes_View_59_Sets.xml" />
    <include file="Includes_View_PVR.xml" />
    <include file="Includes_View_Info.xml" />
    <include file="Includes_Viewtype.xml" />
    <include file="Includes_Info.xml" />
    <include file="Includes_Home.xml" />
    <include file="Includes_DialogVideoInfo.xml" />
    <include file="Includes_DialogMusicInfo.xml" />

    <include file="Includes_Animations.xml" />
    <include file="Includes_Defs.xml" />
    <include file="Includes_Dialog.xml" />
    <include file="Includes_Global.xml" />
    <include file="Includes_Items.xml" />
    <include file="Includes_Images.xml" />
    <include file="Includes_Labels.xml" />
    <include file="Includes_Object.xml" />
    <include file="Includes_OSD.xml" />
    <include file="Includes_Topbar.xml" />
    <include file="Includes_VideoLyrics.xml" />
    <include file="Includes_Weather.xml" />

    <include file="Includes_View.xml" />

    <!-- Highlight Color -->
    <variable name="ColorHighlight">
        <value condition="Skin.HasSetting(TMDbHelper.EnableColors) + !String.IsEmpty(Window(home).Property(TMDbHelper.ListItem.Colors.Main))">$INFO[Window(home).Property(TMDbHelper.ListItem.Colors.Main)]</value>
        <value condition="!String.IsEmpty(Skin.String(focuscolor.name))">$INFO[Skin.String(focuscolor.name)]</value>
        <value>Highlight</value>
    </variable>

    <!-- Gradient Color -->
    <variable name="ColorGradient">
        <value condition="Skin.HasSetting(TMDbHelper.EnableColors) + !String.IsEmpty(Window(home).Property(TMDbHelper.ListItem.Colors.Comp))">$INFO[Window(home).Property(TMDbHelper.ListItem.Colors.Comp)]</value>
        <value condition="!Skin.HasSetting(EnableMonochromeHighlight) + !String.IsEmpty(Skin.String(gradientcolor.name))">$INFO[Skin.String(gradientcolor.name)]</value>
        <value condition="!Skin.HasSetting(EnableMonochromeHighlight)">Gradient</value>
        <value>00ffffff</value>
    </variable>

    <!-- Overlay Color -->
    <variable name="ColorOverlay">
        <value condition="Skin.HasSetting(DisableOverlay)">7f000000</value>
        <value condition="Skin.HasSetting(TMDbHelper.EnableColors) + !String.IsEmpty(Window(home).Property(TMDbHelper.ListItem.Colors.Main))">$INFO[Window(home).Property(TMDbHelper.ListItem.Colors.Main)]</value>
        <value condition="!String.IsEmpty(Skin.String(overlaycolor.name))">$INFO[Skin.String(overlaycolor.name)]</value>
        <value>Highlight</value>
    </variable>

    <!-- Watched / Progress Color -->
    <variable name="ColorWatchedProgress">
        <value condition="!String.IsEmpty(Skin.String(watchedprogresscolor.name))">$INFO[Skin.String(watchedprogresscolor.name)]</value>
        <value>WatchedProgress</value>
    </variable>

    <include name="Dimensions_Fullscreen">
        <left>0</left>
        <top>0</top>
        <width>1920</width>
        <height>1080</height>
    </include>
</includes>
