<?xml version="1.0" encoding="UTF-8"?>
<includes>
    <variable name="Info_Youtube">
        <value condition="!String.IsEmpty(ListItem.TvShowTitle) + System.HasAddon(plugin.video.youtube)">$INFO[ListItem.TvShowTitle,plugin://plugin.video.youtube/search/?q=,]</value>
        <value condition="!String.IsEmpty(ListItem.Artist) + System.HasAddon(plugin.video.youtube)">$INFO[ListItem.Artist,plugin://plugin.video.youtube/search/?q=,]</value>
        <value condition="!String.IsEmpty(ListItem.Title) + System.HasAddon(plugin.video.youtube)">$INFO[ListItem.Title,plugin://plugin.video.youtube/search/?q=,]</value>
        <value condition="System.HasAddon(plugin.video.youtube)">$INFO[ListItem.Label,plugin://plugin.video.youtube/search/?q=,]</value>
    </variable>

    <variable name="Info_DirectorMovies">
        <value condition="!Skin.HasSetting(DisableExtendedInfo) + System.HasAddon(script.extendedinfo)">$INFO[ListItem.Director,plugin://script.extendedinfo?info=personmovies&amp;&amp;person=,]</value>
        <value>videodb://movies/titles/?xsp=%7b%22rules%22%3a%7b%22and%22%3a%5b%7b%22field%22%3a%22director%22%2c%22operator%22%3a%22is%22%2c%22value%22%3a%5b%22$INFO[ListItem.Director]%22%5d%7d%5d%7d%2c%22type%22%3a%22movies%22%7d</value>
    </variable>

    <variable name="Info_StudioMovies">
        <value condition="!Skin.HasSetting(DisableExtendedInfo) + System.HasAddon(script.extendedinfo)">$INFO[ListItem.Studio,plugin://script.extendedinfo?info=studio&amp;&amp;studio=,]</value>
        <value>videodb://movies/titles/?xsp=%7b%22rules%22%3a%7b%22and%22%3a%5b%7b%22field%22%3a%22studio%22%2c%22operator%22%3a%22is%22%2c%22value%22%3a%5b%22$INFO[ListItem.Studio]%22%5d%7d%5d%7d%2c%22type%22%3a%22movies%22%7d</value>
    </variable>

    <include name="Info_Gallery_Itemlayout">
        <control type="group">
            <left>15</left>
            <top>15</top>
            <visible>String.IsEmpty(ListItem.Property(discart))</visible>
            <include content="View_50_Poster">
                <param name="height" value="view_poster_height" />
                <param name="width" value="1790" />
                <param name="aspectratio" value="scale" />
                <param name="diffuse" value="diffuse/lovefilm.png" />
                <param name="icon" value="$PARAM[icon]" />
            </include>
            <!-- <control type="image">
                <bottom>60</bottom>
                <right>60</right>
                <width>300</width>
                <height>300</height>
                <texture background="true">$INFO[ListItem.Art(clearlogo)]</texture>
                <aspectratio align="right" aligny="bottom">keep</aspectratio>
                <visible>!String.IsEmpty(ListItem.Art(clearlogo))</visible>
            </control> -->
            <control type="group">
                <top>-15</top>
                <include>View_WatchedOverlay</include>
            </control>
        </control>
        <control type="group">
            <left>15</left>
            <top>15</top>
            <visible>!String.IsEmpty(ListItem.Property(discart))</visible>
            <control type="image">
                <texture background="true">$INFO[ListItem.Property(discart)]</texture>
                <aspectratio align="left">keep</aspectratio>
            </control>
            <control type="textbox">
                <right>0</right>
                <width>700</width>
                <height>350</height>
                <align>right</align>
                <aligny>center</aligny>
                <textcolor>main_fg_70</textcolor>
                <label>$INFO[ListItem.Property(tagline)]</label>
                <font>font_info_display</font>
            </control>
            <control type="image">
                <top>390</top>
                <right>0</right>
                <width>700</width>
                <height>390</height>
                <texture background="true">$INFO[ListItem.Property(clearlogo)]</texture>
                <aspectratio align="right" aligny="center">keep</aspectratio>
                <visible>!String.IsEmpty(ListItem.Property(clearlogo))</visible>
            </control>
        </control>
    </include>

    <include name="Info_Gallery">
        <param name="icon" default="$INFO[ListItem.Icon]" />
        <param name="controltype" default="list" />
        <definition>
            <control type="$PARAM[controltype]" id="$PARAM[id]">
                <orientation>horizontal</orientation>
                <height>view_height</height>
                <width>1790</width>
                <itemlayout width="1790" height="view_height">
                    <include content="Info_Gallery_Itemlayout">
                        <param name="icon" value="$PARAM[icon]" />
                    </include>
                </itemlayout>
                <focusedlayout width="1790" height="view_height">
                    <include content="Info_Gallery_Itemlayout">
                        <param name="icon" value="$PARAM[icon]" />
                    </include>
                </focusedlayout>
                <nested />
            </control>
        </definition>
    </include>

    <include name="Info_Button_Grouplist">
        <control type="grouplist" id="300">
            <onup>9601</onup>
            <ondown>4100</ondown>
            <include>Defs_ButtonList</include>
            <include content="Object_Info_Button">
                <param name="id" value="8" />
                <param name="groupid" value="8008" />
                <param name="label" value="Play" />
                <param name="icon" value="special://skin/extras/icons/play3.png" />
                <param name="visible" value="Control.IsEnabled(8)" />
            </include>
            <include content="Object_Info_Button">
                <param name="id" value="11" />
                <param name="groupid" value="8011" />
                <param name="label" value="Trailer" />
                <param name="icon" value="special://skin/extras/icons/video.png" />
                <param name="visible" value="Control.IsEnabled(11) + !String.IsEmpty(ListItem.Trailer)" />
            </include>
            <include content="Object_Info_Button">
                <param name="id" value="8150" />
                <param name="groupid" value="8050" />
                <param name="label" value="Cast" />
                <param name="icon" value="special://skin/extras/icons/person.png" />
                <param name="visible" value="Control.IsEnabled(8150)" />
                <onclick>SetFocus(50)</onclick>
            </include>
            <include content="Object_Info_Button">
                <param name="id" value="7" />
                <param name="groupid" value="8007" />
                <param name="label" value="Rating" />
                <param name="icon" value="special://skin/extras/icons/userrating.png" />
                <param name="visible" value="Control.IsEnabled(7)" />
            </include>
            <include content="Object_Info_Button">
                <param name="id" value="10" />
                <param name="groupid" value="8010" />
                <param name="label" value="Thumb" />
                <param name="icon" value="special://skin/extras/icons/paintbrush.png" />
                <param name="visible" value="Control.IsEnabled(10)" />
            </include>
            <include content="Object_Info_Button">
                <param name="id" value="8101" />
                <param name="groupid" value="8001" />
                <param name="label" value="Artwork" />
                <param name="icon" value="special://skin/extras/icons/paintbrush2.png" />
                <param name="visible" value="[String.IsEqual(ListItem.DBType,tvshow) | String.IsEqual(ListItem.DBType,movie) | String.IsEqual(ListItem.DBType,musicvideo) | String.IsEqual(ListItem.DBType,episode)] + system.hasaddon(script.artwork.beef)" />
                <onclick condition="String.IsEqual(ListItem.DBType,episode)">XBMC.RunScript(script.artwork.beef, mode=gui, mediatype=episode, dbid=$INFO[ListItem.DBID])</onclick>
                <onclick condition="String.IsEqual(ListItem.DBType,tvshow)">XBMC.RunScript(script.artwork.beef, mode=gui, mediatype=tvshow, dbid=$INFO[ListItem.DBID])</onclick>
                <onclick condition="String.IsEqual(ListItem.DBType,movie)">XBMC.RunScript(script.artwork.beef, mode=gui, mediatype=movie, dbid=$INFO[ListItem.DBID])</onclick>
            </include>
            <include content="Object_Info_Button">
                <param name="id" value="8102" />
                <param name="groupid" value="8002" />
                <param name="label" value="All Art" />
                <param name="visible" value="[String.IsEqual(ListItem.DBType,tvshow) | String.IsEqual(ListItem.DBType,movie) | String.IsEqual(ListItem.DBType,musicvideo) | String.IsEqual(ListItem.DBType,episode)] + system.hasaddon(script.artwork.beef)" />
                <param name="icon" value="special://skin/extras/icons/paintbucket3.png" />
                <onclick condition="String.IsEqual(ListItem.DBType,episode)">XBMC.RunScript(script.artwork.beef, mode=auto, mediatype=tvshow, dbid=$INFO[ListItem.DBID])</onclick>
                <onclick condition="String.IsEqual(ListItem.DBType,tvshow)">XBMC.RunScript(script.artwork.beef, mode=auto, mediatype=tvshow, dbid=$INFO[ListItem.DBID])</onclick>
                <onclick condition="String.IsEqual(ListItem.DBType,movie)">XBMC.RunScript(script.artwork.beef, mode=auto, mediatype=movie, dbid=$INFO[ListItem.DBID])</onclick>
            </include>
            <include content="Object_Info_Button">
                <param name="id" value="6" />
                <param name="groupid" value="8006" />
                <param name="label" value="Refresh" />
                <param name="icon" value="special://skin/extras/icons/update.png" />
                <param name="visible" value="Control.IsEnabled(6)" />
                <onfocus>SetProperty(FilePath,1,Home)</onfocus>
                <onunfocus>ClearProperty(FilePath,Home)</onunfocus>
            </include>
        </control>
    </include>

    <include name="Info_Music">
        <control type="group">
            <top>view_top</top>
            <left>view_pad</left>
            <right>view_pad</right>
            <visible allowhiddenfocus="true">!$EXP[Exp_HideFurniture]</visible>
            <include>Animation_FadeInOut</include>
            <control type="grouplist" id="9000">
                <top>-15</top>
                <left>-15</left>
                <right>-15</right>
                <height>view_height</height>
                <orientation>vertical</orientation>
                <itemgap>0</itemgap>
                <scrolltime tween="quadratic">400</scrolltime>
                <control type="group" id="3000">
                    <height>view_height</height>
                    <control type="group">
                        <top>15</top>
                        <left>15</left>
                        <right>15</right>
                        <height>view_list_height</height>
                        <!-- Poster -->
                        <control type="group">
                            <include>Animation_Left_Delay</include>
                            <include content="View_50_Poster">
                                <param name="include" value="Defs_Null" />
                                <param name="visible" value="true" />
                                <param name="height" value="654" />
                                <param name="width" value="654" />
                                <param name="aspectratio" value="keep" />
                                <param name="diffuse" value="diffuse/square-big.png" />
                            </include>
                            <include>View_50_Info</include>
                        </control>

                        <!-- Info -->
                        <control type="group">
                            <top>-15</top>
                            <left>669</left>
                            <include>Animation_Right_Delay</include>
                            <control type="grouplist">
                                <visible>!String.IsEqual(ListItem.DBType,artist)</visible>
                                <orientation>vertical</orientation>
                                <usecontrolcoords>true</usecontrolcoords>
                                <itemgap>0</itemgap>
                                <include content="Object_Info_Title">
                                    <param name="label" value="$INFO[ListItem.TrackNumber,,. ]$INFO[ListItem.Title]" />
                                </include>
                                <include>Object_Info_Line</include>
                                <include content="Object_Info_Plot">
                                    <param name="maxheight" value="560" />
                                </include>
                            </control>
                            <control type="grouplist">
                                <visible>String.IsEqual(ListItem.DBType,artist)</visible>
                                <orientation>vertical</orientation>
                                <usecontrolcoords>true</usecontrolcoords>
                                <itemgap>0</itemgap>
                                <include content="Object_Info_Title">
                                    <param name="label" value="$INFO[ListItem.Label]" />
                                </include>
                                <include content="Object_Info_Plot">
                                    <param name="maxheight" value="600" />
                                </include>
                            </control>
                            <control type="grouplist" id="300">
                                <onup>9601</onup>
                                <ondown>5001</ondown>
                                <include>Defs_ButtonList</include>
                                <!-- <include content="Object_Info_Button">
                                    <param name="id" value="7" />
                                    <param name="groupid" value="8007" />
                                    <param name="label" value="Rating" />
                                    <param name="icon" value="special://skin/extras/icons/userrating.png" />
                                </include> -->
                                <include content="Object_Info_Button">
                                    <param name="id" value="8123" />
                                    <param name="groupid" value="8023" />
                                    <param name="label" value="31141" />
                                    <param name="icon" value="special://skin/extras/icons/youtube.png" />
                                    <onclick>Close</onclick>
                                    <onclick>ActivateWindow(videos,plugin://plugin.video.youtube/search/?q=$INFO[ListItem.Artist],return)</onclick>
                                    <onclick>SetFocus(50)</onclick>
                                    <visible>System.HasAddon(plugin.video.youtube)</visible>
                                </include>
                                <include content="Object_Info_Button">
                                    <param name="id" value="10" />
                                    <param name="groupid" value="8010" />
                                    <param name="label" value="Thumb" />
                                    <param name="icon" value="special://skin/extras/icons/paintbrush.png" />
                                    <param name="visible" value="Control.IsEnabled(10)" />
                                </include>
                                <include content="Object_Info_Button">
                                    <param name="id" value="8101" />
                                    <param name="groupid" value="8001" />
                                    <param name="label" value="Artwork" />
                                    <param name="visible" value="[String.IsEqual(ListItem.DBType,artist) | String.IsEqual(ListItem.DBType,album) | String.IsEqual(ListItem.DBType,song)] + system.hasaddon(script.artwork.beef)" />
                                    <param name="icon" value="special://skin/extras/icons/paintbrush2.png" />
                                    <onclick condition="String.IsEqual(ListItem.DBType,artist) + System.HasAddon(script.artwork.beef)">XBMC.RunScript(script.artwork.beef, mode=gui, mediatype=artist, dbid=$INFO[ListItem.DBID])</onclick>
                                    <onclick condition="String.IsEqual(ListItem.DBType,album) + System.HasAddon(script.artwork.beef)">XBMC.RunScript(script.artwork.beef, mode=gui, mediatype=album, dbid=$INFO[ListItem.DBID])</onclick>
                                    <onclick condition="String.IsEqual(ListItem.DBType,song) + System.HasAddon(script.artwork.beef)">XBMC.RunScript(script.artwork.beef, mode=gui, mediatype=song, dbid=$INFO[ListItem.DBID])</onclick>
                                </include>
                                <include content="Object_Info_Button">
                                    <param name="id" value="8102" />
                                    <param name="groupid" value="8002" />
                                    <param name="label" value="All Art" />
                                    <param name="visible" value="[String.IsEqual(ListItem.DBType,artist) | String.IsEqual(ListItem.DBType,album) | String.IsEqual(ListItem.DBType,song)] + system.hasaddon(script.artwork.beef)" />
                                    <param name="icon" value="special://skin/extras/icons/paintbucket3.png" />
                                    <onclick condition="String.IsEqual(ListItem.DBType,artist) + System.HasAddon(script.artwork.beef)">XBMC.RunScript(script.artwork.beef, mode=auto, mediatype=artist, dbid=$INFO[ListItem.DBID])</onclick>
                                    <onclick condition="String.IsEqual(ListItem.DBType,album) + System.HasAddon(script.artwork.beef)">XBMC.RunScript(script.artwork.beef, mode=auto, mediatype=album, dbid=$INFO[ListItem.DBID])</onclick>
                                    <onclick condition="String.IsEqual(ListItem.DBType,song) + System.HasAddon(script.artwork.beef)">XBMC.RunScript(script.artwork.beef, mode=auto, mediatype=song, dbid=$INFO[ListItem.DBID])</onclick>
                                </include>
                                <include content="Object_Info_Button">
                                    <param name="id" value="6" />
                                    <param name="groupid" value="8006" />
                                    <param name="label" value="Refresh" />
                                    <param name="icon" value="special://skin/extras/icons/update.png" />
                                    <param name="visible" value="Control.IsEnabled(6)" />
                                    <onfocus>SetProperty(FilePath,1,Home)</onfocus>
                                    <onunfocus>ClearProperty(FilePath,Home)</onunfocus>
                                </include>
                            </control>
                        </control>
                    </control>
                </control>

                <control type="group" id="4000">
                    <height>view_height</height>
                    <control type="grouplist" id="4100">
                        <top>-5</top>
                        <scrolltime tween="quadratic">400</scrolltime>
                        <onup>300</onup>
                        <ondown>6000</ondown>
                        <height>view_height</height>
                        <orientation>vertical</orientation>
                        <itemgap>-52</itemgap>
                        <usecontrolcoords>true</usecontrolcoords>
                        <control type="group" id="7599"><height>0</height></control>
                        <include content="View_Cast_Toplabel">
                            <param name="groupid" value="7501" />
                            <param name="id" value="5001" />
                            <param name="label" value="$INFO[ListItem.Artist,$LOCALIZE[31044] ,]" />
                            <visible>Control.IsVisible(5001)</visible>
                        </include>
                        <include content="View_51_Wall_Container">
                            <param name="controllayout" value="View_Cast" />
                            <param name="id" value="5001" />
                            <param name="height" value="item_cast_height" />
                            <param name="orientation" value="horizontal" />
                            <param name="itemwidth" value="item_square_width" />
                            <param name="labelinclude" value="Defs_Null" />
                            <param name="visible" value="Integer.IsGreater(Container(5001).NumItems,0) | Container(5001).IsUpdating" />
                            <animation effect="fade" start="100" end="0" condition="!Integer.IsGreater(Container(5001).NumItems,0) | Container(5001).IsUpdating">Conditional</animation>
                            <onclick>Dialog.Close(all,force)</onclick>
                            <onclick>ActivateWindow(music,musicdb://albums/$INFO[Container(5001).ListItem.DBID]/,return)</onclick>
                            <onback condition="Skin.HasSetting(DisableExtendedInfo)">SetFocus(50)</onback>
                            <onback>SetFocus(5000)</onback>
                            <onback>300</onback>
                            <content target="music">musicdb://albums/?xsp=%7B%22order%22%3A%7B%22direction%22%3A%22ascending%22%2C%22ignorefolders%22%3A0%2C%22method%22%3A%22sorttitle%22%7D%2C%22rules%22%3A%7B%22and%22%3A%5B%7B%22field%22%3A%22albumartist%22%2C%22operator%22%3A%22contains%22%2C%22value%22%3A%5B%22$INFO[ListItem.Artist]%22%5D%7D%5D%7D%2C%22type%22%3A%22albums%22%7D</content>
                        </include>

                        <include content="View_Cast_Toplabel">
                            <param name="groupid" value="7502" />
                            <param name="id" value="5002" />
                            <param name="label" value="$INFO[Container(5001).ListItem.Title,Tracks from ,]" />
                            <visible>Control.IsVisible(5002)</visible>
                        </include>
                        <control type="panel" id="5002">
                            <visible>Integer.IsGreater(Container(5002).NumItems,0) | Container(5002).IsUpdating</visible>
                            <visible>Integer.IsGreater(Container(5001).NumItems,0)</visible>
                            <top>74</top>
                            <left>15</left>
                            <height>338.5</height>
                            <orientation>horizontal</orientation>
                            <itemlayout height="item_list_height" width="586.67">
                                <control type="group">
                                    <left>20</left>
                                    <right>20</right>
                                    <control type="label">
                                        <width>30</width>
                                        <font>font_small</font>
                                        <textcolor>main_fg_100</textcolor>
                                        <selectedcolor>main_fg_100</selectedcolor>
                                        <label>$INFO[ListItem.TrackNumber]</label>
                                    </control>
                                    <control type="label">
                                        <left>50</left>
                                        <font>font_small_bold</font>
                                        <textcolor>main_fg_100</textcolor>
                                        <selectedcolor>main_fg_100</selectedcolor>
                                        <label>$INFO[ListItem.Label]</label>
                                    </control>
                                    <control type="label">
                                        <align>right</align>
                                        <font>font_small</font>
                                        <textcolor>main_fg_100</textcolor>
                                        <selectedcolor>main_fg_100</selectedcolor>
                                        <label>$INFO[ListItem.Duration]</label>
                                    </control>
                                </control>
                            </itemlayout>
                            <focusedlayout height="item_list_height" width="586.67">
                                <control type="image">
                                    <texture colordiffuse="main_fg_100" border="10">diffuse/box.png</texture>
                                </control>
                                <control type="group">
                                    <left>20</left>
                                    <right>20</right>
                                    <control type="label">
                                        <width>30</width>
                                        <font>font_small</font>
                                        <textcolor>main_bg_100</textcolor>
                                        <selectedcolor>main_bg_100</selectedcolor>
                                        <label>$INFO[ListItem.TrackNumber]</label>
                                    </control>
                                    <control type="label">
                                        <left>50</left>
                                        <font>font_small_bold</font>
                                        <textcolor>main_bg_100</textcolor>
                                        <selectedcolor>main_bg_100</selectedcolor>
                                        <label>$INFO[ListItem.Label]</label>
                                    </control>
                                    <control type="label">
                                        <align>right</align>
                                        <font>font_small</font>
                                        <textcolor>main_bg_100</textcolor>
                                        <selectedcolor>main_bg_100</selectedcolor>
                                        <label>$INFO[ListItem.Duration]</label>
                                    </control>
                                </control>
                            </focusedlayout>
                            <content target="music">musicdb://albums/$INFO[Container(5001).ListItem.DBID]/</content>
                        </control>
                    </control>
                </control>

                <include content="Info_Gallery">
                    <param name="id" value="6000" />
                    <onleft>noop</onleft>
                    <onright>noop</onright>
                    <onback condition="Skin.HasSetting(DisableExtendedInfo)">SetFocus(50)</onback>
                    <onback>SetFocus(5000)</onback>
                    <onback>300</onback>
                    <include>Items_Info_Gallery</include>
                    <visible>Integer.IsGreater(Container(6000).NumItems,0) | Container(6000).IsUpdating</visible>
                </include>
                <control type="group"></control>
            </control>

            <include>Object_Info_Arrows</include>
        </control>

        <include>Object_PlotOverlay</include>
    </include>

    <include name="Info_Video">
        <control type="group">
            <top>view_top</top>
            <left>view_pad</left>
            <right>view_pad</right>
            <include>Object_Info_Arrows</include>
            <visible allowhiddenfocus="true">!$EXP[Exp_HideFurniture]</visible>
            <include>Animation_FadeInOut</include>
            <control type="grouplist" id="9000">
                <top>-15</top>
                <left>-15</left>
                <right>-15</right>
                <height>view_height</height>
                <orientation>vertical</orientation>
                <itemgap>0</itemgap>
                <scrolltime tween="quadratic">400</scrolltime>
                <control type="group" id="3000">
                    <height>view_height</height>
                    <control type="group">
                        <top>15</top>
                        <left>15</left>
                        <right>15</right>
                        <height>view_list_height</height>
                        <!-- Poster -->
                        <include content="View_50_Poster">
                            <param name="include" value="Animation_Left_Delay" />
                            <param name="visible" value="true" />
                            <param name="diffuse" value="diffuse/poster-big.png" />
                        </include>

                        <!-- Info -->
                        <control type="group">
                            <top>-15</top>
                            <left>580</left>
                            <include>Animation_Right_Delay</include>
                            <control type="grouplist">
                                <orientation>vertical</orientation>
                                <usecontrolcoords>true</usecontrolcoords>
                                <itemgap>0</itemgap>
                                <include>Object_Info_Title</include>
                                <include>Object_Info_Line</include>
                                <include>Object_Info_Ratings</include>
                                <include>Object_Info_Plot</include>
                                <include condition="!Skin.HasSetting(EnableLanguages)">Object_Info_Languages</include>
                                <include>Object_Info_Details</include>
                            </control>
                            <include>Info_Button_Grouplist</include>
                        </control>
                    </control>
                </control>

                <control type="group" id="4000">
                    <height>view_height</height>
                    <control type="grouplist" id="4100">
                        <top>-5</top>
                        <scrolltime tween="quadratic">400</scrolltime>
                        <onup>300</onup>
                        <ondown>6000</ondown>
                        <height>view_height</height>
                        <orientation>vertical</orientation>
                        <itemgap>-52</itemgap>
                        <usecontrolcoords>true</usecontrolcoords>
                        <control type="group" id="7599"><height>0</height></control>
                        <include content="View_Cast_Toplabel">
                            <param name="groupid" value="7500" />
                            <param name="id" value="50" />
                            <param name="altid" value="5000" />
                            <param name="label" value="$INFO[ListItem.Title,$LOCALIZE[31058] ,]" />
                            <visible>Control.IsVisible(50) | Control.IsVisible(5000)</visible>
                        </include>
                        <control type="group" id="5999">
                            <height>52</height>
                            <visible>Integer.IsGreater(Container(50).NumItems,0) | Container(50).IsUpdating</visible>
                            <control type="button" id="5000">
                                <texturefocus />
                                <texturenofocus />
                                <font />
                                <textcolor />
                                <onclick>RunScript(script.extendedinfo,info=extendedactorinfo,name=$INFO[Container(50).ListItem.Label])</onclick>
                                <onback>300</onback>
                                <onup>300</onup>
                                <ondown>5001</ondown>
                                <onleft>SetFocus(50)</onleft>
                                <onleft>Left</onleft>
                                <onright>SetFocus(50)</onright>
                                <onright>Right</onright>
                                <visible>!Skin.HasSetting(DisableExtendedInfo)</visible>
                            </control>
                        </control>
                        <include content="View_51_Wall_Container">
                            <param name="controllayout" value="View_Cast" />
                            <param name="controltype" value="list" />
                            <param name="id" value="50" />
                            <param name="altid" value="5000" />
                            <param name="height" value="item_cast_height" />
                            <param name="orientation" value="horizontal" />
                            <param name="labelinclude" value="View_Cast_Label" />
                            <param name="focusbounce" value="Skin.HasSetting(DisableExtendedInfo)" />
                            <param name="onleft" value="50" />
                            <param name="onright" value="50" />
                            <param name="visible" value="Integer.IsGreater(Container(50).NumItems,0) | Container(50).IsUpdating" />
                            <onfocus condition="!Skin.HasSetting(DisableExtendedInfo)">SetFocus(5000)</onfocus>
                            <onback condition="Skin.HasSetting(DisableExtendedInfo)">SetFocus(50)</onback>
                            <onback>SetFocus(5000)</onback>
                            <onback>300</onback>
                        </include>

                        <include content="View_Cast_Toplabel">
                            <param name="groupid" value="7501" />
                            <param name="id" value="5001" />
                            <param name="label" value="$INFO[ListItem.Set,$LOCALIZE[31057] ,]" />
                            <visible>Control.IsVisible(5001)</visible>
                        </include>
                        <include content="View_51_Wall_Container">
                            <param name="controllayout" value="View_Cast" />
                            <param name="id" value="5001" />
                            <param name="height" value="item_cast_height" />
                            <param name="orientation" value="horizontal" />
                            <param name="labelinclude" value="Defs_Null" />
                            <param name="visible" value="Integer.IsGreater(Container(5001).NumItems,1) | Container(5001).IsUpdating" />
                            <animation effect="fade" start="100" end="0" condition="!Integer.IsGreater(Container(5001).NumItems,0) | Container(5001).IsUpdating">Conditional</animation>
                            <include content="Defs_InfoTrick">
                                <param name="id" value="5001" />
                            </include>
                            <onback condition="Skin.HasSetting(DisableExtendedInfo)">SetFocus(50)</onback>
                            <onback>SetFocus(5000)</onback>
                            <onback>300</onback>
                            <content limit="25" target="videos">$INFO[ListItem.SetID,videodb://movies/sets/,/]</content>
                            <visible>!Skin.HasSetting(DisableInfoListSets)</visible>
                        </include>
                        <include content="View_Cast_Toplabel">
                            <param name="groupid" value="7502" />
                            <param name="id" value="5002" />
                            <param name="label" value="$INFO[ListItem.Title,$LOCALIZE[31051] ,]" />
                            <visible>Control.IsVisible(5002)</visible>
                        </include>
                        <include content="View_51_Wall_Container">
                            <param name="controllayout" value="View_Cast" />
                            <param name="id" value="5002" />
                            <param name="height" value="item_cast_height" />
                            <param name="orientation" value="horizontal" />
                            <param name="labelinclude" value="Defs_Null" />
                            <param name="visible" value="Integer.IsGreater(Container(5002).NumItems,0) | Container(5002).IsUpdating" />
                            <animation effect="fade" start="100" end="0" condition="!Integer.IsGreater(Container(5002).NumItems,0) | Container(5002).IsUpdating">Conditional</animation>
                            <include content="Defs_InfoTrick">
                                <param name="id" value="5002" />
                            </include>
                            <onback condition="Skin.HasSetting(DisableExtendedInfo)">SetFocus(50)</onback>
                            <onback>SetFocus(5000)</onback>
                            <onback>300</onback>
                            <content limit="25" target="videos">$INFO[ListItem.IMDBNumber,plugin://script.skin.helper.widgets/?action=similar&amp;mediatype=movies&amp;imdbid=,]</content>
                            <visible>Container.Content(movies)</visible>
                            <visible>System.HasAddon(script.skin.helper.widgets)</visible>
                            <visible>!Skin.HasSetting(DisableInfoListSimilar)</visible>
                        </include>
                        <include content="View_Cast_Toplabel">
                            <param name="groupid" value="7503" />
                            <param name="id" value="5003" />
                            <param name="label" value="$INFO[ListItem.Director,$LOCALIZE[31052] ,]" />
                            <visible>Control.IsVisible(5003)</visible>
                        </include>
                        <include content="View_51_Wall_Container">
                            <param name="controllayout" value="View_Cast" />
                            <param name="id" value="5003" />
                            <param name="height" value="item_cast_height" />
                            <param name="orientation" value="horizontal" />
                            <param name="labelinclude" value="Defs_Null" />
                            <param name="visible" value="Integer.IsGreater(Container(5003).NumItems,1) | Container(5003).IsUpdating" />
                            <animation effect="fade" start="100" end="0" condition="!Integer.IsGreater(Container(5003).NumItems,0) | Container(5003).IsUpdating">Conditional</animation>
                            <include content="Defs_InfoTrick">
                                <param name="id" value="5003" />
                            </include>
                            <onback condition="Skin.HasSetting(DisableExtendedInfo)">SetFocus(50)</onback>
                            <onback>SetFocus(5000)</onback>
                            <onback>300</onback>
                            <content limit="25" target="videos">$VAR[Info_DirectorMovies]</content>
                            <visible>Container.Content(movies)</visible>
                            <visible>!Skin.HasSetting(DisableInfoListDirector)</visible>
                        </include>
                        <include content="View_Cast_Toplabel">
                            <param name="groupid" value="7504" />
                            <param name="id" value="5004" />
                            <param name="label" value="$INFO[ListItem.Studio,$LOCALIZE[31053] ,]" />
                            <visible>Control.IsVisible(5004)</visible>
                        </include>
                        <include content="View_51_Wall_Container">
                            <param name="controllayout" value="View_Cast" />
                            <param name="id" value="5004" />
                            <param name="height" value="item_cast_height" />
                            <param name="orientation" value="horizontal" />
                            <param name="labelinclude" value="Defs_Null" />
                            <param name="visible" value="Integer.IsGreater(Container(5004).NumItems,1) | Container(5004).IsUpdating" />
                            <animation effect="fade" start="100" end="0" condition="!Integer.IsGreater(Container(5004).NumItems,0) | Container(5004).IsUpdating">Conditional</animation>
                            <include content="Defs_InfoTrick">
                                <param name="id" value="5004" />
                            </include>
                            <onback condition="Skin.HasSetting(DisableExtendedInfo)">SetFocus(50)</onback>
                            <onback>SetFocus(5000)</onback>
                            <onback>300</onback>
                            <content limit="25" target="videos">$VAR[Info_StudioMovies]</content>
                            <visible>Container.Content(movies)</visible>
                            <visible>!Skin.HasSetting(DisableInfoListStudio)</visible>
                        </include>

                        <include content="View_Cast_Toplabel">
                            <param name="groupid" value="7505" />
                            <param name="id" value="5005" />
                            <param name="label" value="$LOCALIZE[31054]" />
                            <visible>Control.IsVisible(5005)</visible>
                        </include>
                        <include content="View_51_Wall_Container">
                            <param name="controllayout" value="View_Cast" />
                            <param name="id" value="5005" />
                            <param name="height" value="item_cast_height" />
                            <param name="itemwidth" value="item_landscape_width" />
                            <param name="icon" value="$VAR[Image_Landscape]" />
                            <param name="clearlogo" value="String.IsEqual(ListItem.DBType,movie) | String.IsEqual(ListItem.DBType,tvshow)" />
                            <param name="iconheight" value="item_icon_height" />
                            <param name="diffuse" value="diffuse/landscape-wall.png" />
                            <param name="orientation" value="horizontal" />
                            <param name="labelinclude" value="View_Cast_Video_Label" />
                            <param name="icon" value="$INFO[ListItem.Icon]" />
                            <param name="visible" value="Integer.IsGreater(Container(5005).NumItems,0) | Container(5005).IsUpdating" />
                            <animation effect="fade" start="100" end="0" condition="!Integer.IsGreater(Container(5005).NumItems,0) | Container(5005).IsUpdating">Conditional</animation>
                            <onclick>SetFocus(50)</onclick>
                            <onclick>SetFocus(300)</onclick>
                            <onclick>Dialog.Close(all,force)</onclick>
                            <onclick>PlayMedia($INFO[Container(5006).ListItem.FileNameAndPath])</onclick>
                            <onback condition="Skin.HasSetting(DisableExtendedInfo)">SetFocus(50)</onback>
                            <onback>SetFocus(5000)</onback>
                            <onback>300</onback>
                            <content limit="3" sortby="playcount" sortorder="ascending">videodb://inprogresstvshows/$INFO[ListItem.DBID]/-2/?tvshowid=$INFO[ListItem.DBID]</content>
                            <visible>Container.Content(tvshows) | Container.Content(seasons)</visible>
                            <visible>!Skin.HasSetting(DisableInfoListNextUp)</visible>
                        </include>

                        <include content="View_Cast_Toplabel">
                            <param name="groupid" value="7506" />
                            <param name="id" value="5006" />
                            <param name="label" value="$LOCALIZE[33054]" />
                            <visible>Control.IsVisible(5006)</visible>
                        </include>
                        <include content="View_51_Wall_Container">
                            <param name="controllayout" value="View_Cast" />
                            <param name="id" value="5006" />
                            <param name="height" value="item_cast_height" />
                            <param name="orientation" value="horizontal" />
                            <param name="labelinclude" value="Defs_Null" />
                            <param name="icon" value="$INFO[ListItem.Icon]" />
                            <param name="visible" value="Integer.IsGreater(Container(5006).NumItems,1) | Container(5006).IsUpdating" />
                            <animation effect="fade" start="100" end="0" condition="!Integer.IsGreater(Container(5006).NumItems,0) | Container(5006).IsUpdating">Conditional</animation>
                            <onclick>SetFocus(50)</onclick>
                            <onclick>SetFocus(300)</onclick>
                            <onclick>Dialog.Close(all,force)</onclick>
                            <onclick>ActivateWindow(videos,$INFO[Container(5006).ListItem.FolderPath])</onclick>
                            <onback condition="Skin.HasSetting(DisableExtendedInfo)">SetFocus(50)</onback>
                            <onback>SetFocus(5000)</onback>
                            <onback>300</onback>
                            <content limit="25" target="videos">$INFO[ListItem.DBID,videodb://tvshows/titles/,/]</content>
                            <visible>Container.Content(tvshows)</visible>
                            <visible>!Skin.HasSetting(DisableInfoListSeasons)</visible>
                        </include>

                        <include content="View_Cast_Toplabel">
                            <param name="groupid" value="7550" />
                            <param name="id" value="5050" />
                            <param name="label" value="$LOCALIZE[31055]" />
                            <visible>Control.IsVisible(5050)</visible>
                        </include>
                        <include content="View_51_Wall_Container">
                            <param name="controllayout" value="View_Cast" />
                            <param name="id" value="5050" />
                            <param name="height" value="item_cast_height" />
                            <param name="orientation" value="horizontal" />
                            <param name="labelinclude" value="Defs_Null" />
                            <param name="visible" value="Integer.IsGreater(Container(5050).NumItems,1) | Container(5050).IsUpdating" />
                            <animation effect="fade" start="100" end="0" condition="!Integer.IsGreater(Container(5050).NumItems,0) | Container(5050).IsUpdating">Conditional</animation>
                            <include content="Defs_InfoTrick">
                                <param name="id" value="5050" />
                            </include>
                            <onback condition="Skin.HasSetting(DisableExtendedInfo)">SetFocus(50)</onback>
                            <onback>SetFocus(5000)</onback>
                            <onback>300</onback>
                            <content limit="25" target="videos" sortby="random">videodb://movies/titles/?xsp=%7B%22rules%22%3A%7B%22or%22%3A%5B%7B%22field%22%3A%22actor%22%2C%22operator%22%3A%22is%22%2C%22value%22%3A%5B%22$INFO[Container(50).ListItemAbsolute(0).Label]%22%5D%7D%2C%7B%22field%22%3A%22actor%22%2C%22operator%22%3A%22is%22%2C%22value%22%3A%5B%22$INFO[Container(50).ListItemAbsolute(1).Label]%22%5D%7D%2C%7B%22field%22%3A%22actor%22%2C%22operator%22%3A%22is%22%2C%22value%22%3A%5B%22$INFO[Container(50).ListItemAbsolute(2).Label]%22%5D%7D%2C%7B%22field%22%3A%22actor%22%2C%22operator%22%3A%22is%22%2C%22value%22%3A%5B%22$INFO[Container(50).ListItemAbsolute(3).Label]%22%5D%7D%2C%7B%22field%22%3A%22actor%22%2C%22operator%22%3A%22is%22%2C%22value%22%3A%5B%22$INFO[Container(50).ListItemAbsolute(4).Label]%22%5D%7D%2C%7B%22field%22%3A%22actor%22%2C%22operator%22%3A%22is%22%2C%22value%22%3A%5B%22$INFO[Container(50).ListItemAbsolute(5).Label]%22%5D%7D%2C%7B%22field%22%3A%22actor%22%2C%22operator%22%3A%22is%22%2C%22value%22%3A%5B%22$INFO[Container(50).ListItemAbsolute(6).Label]%22%5D%7D%5D%7D%2C%22type%22%3A%22movies%22%7D</content>
                            <visible>Container.Content(movies)</visible>
                            <visible>!Skin.HasSetting(DisableInfoListCastFeature)</visible>
                        </include>

                        <include content="View_Cast_Toplabel">
                            <param name="groupid" value="7507" />
                            <param name="id" value="5007" />
                            <param name="label" value="$LOCALIZE[31056]" />
                            <visible>Control.IsVisible(5007)</visible>
                        </include>
                        <include content="View_51_Wall_Container">
                            <param name="controllayout" value="View_Cast" />
                            <param name="id" value="5007" />
                            <param name="height" value="item_cast_height" />
                            <param name="orientation" value="horizontal" />
                            <param name="itemwidth" value="item_landscape_width" />
                            <param name="iconheight" value="item_icon_height" />
                            <param name="diffuse" value="diffuse/landscape-wall.png" />
                            <param name="labelinclude" value="View_Cast_Video_Label" />
                            <param name="icon" value="$INFO[ListItem.Icon]" />
                            <param name="visible" value="Integer.IsGreater(Container(5007).NumItems,0) | Container(5007).IsUpdating" />
                            <animation effect="fade" start="100" end="0" condition="!Integer.IsGreater(Container(5007).NumItems,0) | Container(5007).IsUpdating">Conditional</animation>
                            <onclick>SetFocus(50)</onclick>
                            <onclick>SetFocus(300)</onclick>
                            <onclick>Dialog.Close(all,force)</onclick>
                            <onclick>PlayMedia($INFO[Container(5007).ListItem.FileNameAndPath])</onclick>
                            <onback condition="Skin.HasSetting(DisableExtendedInfo)">SetFocus(50)</onback>
                            <onback>SetFocus(5000)</onback>
                            <onback>300</onback>
                            <content limit="25" target="videos" sortby="file">$VAR[Defs_VideoInfo_Extras]</content>
                            <visible>Container.Content(movies) | Container.Content(tvshows) | Container.Content(seasons) | Container.Content(episodes)</visible>
                            <visible>!Skin.HasSetting(DisableInfoListExtras)</visible>
                        </include>

                        <include content="View_Cast_Toplabel">
                            <param name="groupid" value="7508" />
                            <param name="id" value="5008" />
                            <param name="label" value="$LOCALIZE[31141]" />
                            <visible>Control.IsVisible(5008)</visible>
                        </include>
                        <include content="View_51_Wall_Container">
                            <param name="controllayout" value="View_Cast" />
                            <param name="id" value="5008" />
                            <param name="height" value="item_cast_height" />
                            <param name="orientation" value="horizontal" />
                            <param name="itemwidth" value="item_landscape_width" />
                            <param name="iconheight" value="item_icon_height" />
                            <param name="diffuse" value="diffuse/landscape-wall.png" />
                            <param name="labelinclude" value="View_Cast_Video_Label" />
                            <param name="icon" value="$INFO[ListItem.Icon]" />
                            <param name="visible" value="Integer.IsGreater(Container(5008).NumItems,0) | Container(5008).IsUpdating" />
                            <animation effect="fade" start="100" end="0" condition="!Integer.IsGreater(Container(5008).NumItems,0) | Container(5008).IsUpdating">Conditional</animation>
                            <onclick>SetFocus(50)</onclick>
                            <onclick>SetFocus(300)</onclick>
                            <onclick>Dialog.Close(all,force)</onclick>
                            <onclick>PlayMedia($INFO[Container(5008).ListItem.FileNameAndPath])</onclick>
                            <onback condition="Skin.HasSetting(DisableExtendedInfo)">SetFocus(50)</onback>
                            <onback>SetFocus(5000)</onback>
                            <onback>300</onback>
                            <content limit="25" target="videos" sortby="file">$VAR[Info_Youtube]</content>
                            <visible>Container.Content(movies) | Container.Content(tvshows) | Container.Content(seasons) | Container.Content(episodes)</visible>
                            <visible>System.HasAddon(plugin.video.youtube)</visible>
                            <visible>!Skin.HasSetting(DisableInfoListYouTube)</visible>
                        </include>

                    </control>
                </control>

                <include content="Info_Gallery">
                    <param name="id" value="6000" />
                    <onleft>noop</onleft>
                    <onright>noop</onright>
                    <onback condition="Skin.HasSetting(DisableExtendedInfo)">SetFocus(50)</onback>
                    <onback>SetFocus(5000)</onback>
                    <onback>300</onback>
                    <include>Items_Info_Gallery</include>
                    <visible>Integer.IsGreater(Container(6000).NumItems,0) | Container(6000).IsUpdating</visible>
                </include>
                <control type="group"></control>
            </control>
        </control>

        <control type="group">
            <visible>ControlGroup(300).HasFocus()</visible>
            <!-- Codecs -->
            <include content="Object_Codecs">
                <param name="infohide" value="false" />
            </include>

            <!-- Languages -->
            <control type="group">
                <visible>!Control.HasFocus(6)</visible>
                <include content="Object_Languages">
                    <param name="infohide" value="false" />
                </include>
            </control>

            <!-- File Path -->
            <include content="Object_Icon_Details">
                <param name="visible" value="Control.HasFocus(6)" />
                <param name="icon" value="buttons/disk.png" />
                <param name="haspath" value="true" />
                <param name="label" value="$INFO[ListItem.FileNameAndPath]" />
            </include>
        </control>        

        <include>Object_PlotOverlay</include>
    </include>
</includes>
