{
    "endrow_widget_id": "$MATH[{grouplist_item_x} * 1000 + 600 + {item_sum_x} - {item_length_x} + {add_x}]",
    "parts_visible": "!Integer.IsEqual(Container({endrow_widget_id}).NumItems,0) | Container({endrow_widget_id}).IsUpdating",
    "endrow_widget_include": [
        {
            "condition":"{item_widget_style}==Landscape",
            "value" : "List_Landscape_Row"
        },
        {
            "condition":"{item_widget_style}==Poster",
            "value" : "List_Poster_Row"
        },
        {
            "condition":"{item_widget_style}==Square",
            "value" : "List_Square_Row"
        },
        {
            "condition":"{item_widget_style}==Card",
            "value" : "List_Card_Row"
        },
        {
            "condition":"{item_widget_style}==Board",
            "value" : "List_Board_Row"
        },
        {
            "condition":"{item_widget_style}==Banner",
            "value" : "List_Banner_Row"
        },
        {
            "condition":"{item_widget_style}==Apps",
            "value" : "List_Apps_Row"
        },
        {
            "condition":"{item_widget_style}==Icon",
            "value" : "List_Icon_Row"
        },
        {
            "condition":"{item_widget_style}==Text",
            "value" : "List_Apps_Row"
        },
        {
            "condition":"{parent_item_widget_style}==Landscape",
            "value" : "List_Landscape_Row"
        },
        {
            "condition":"{parent_item_widget_style}==Poster",
            "value" : "List_Poster_Row"
        },
        {
            "condition":"{parent_item_widget_style}==Square",
            "value" : "List_Square_Row"
        },
        {
            "condition":"{parent_item_widget_style}==Card",
            "value" : "List_Card_Row"
        },
        {
            "condition":"{parent_item_widget_style}==Board",
            "value" : "List_Board_Row"
        },
        {
            "condition":"{parent_item_widget_style}==Banner",
            "value" : "List_Banner_Row"
        },
        {
            "condition":"{parent_item_widget_style}==Apps",
            "value" : "List_Apps_Row"
        },
        {
            "condition":"{parent_item_widget_style}==Icon",
            "value" : "List_Icon_Row"
        },
        {
            "condition":"{parent_item_widget_style}==Text",
            "value" : "List_Apps_Row"
        },
        "List_Landscape_Row"
    ]
}