{
    "parts_onclick": [
        {
            "condition": "{item_target}!=",
            "value": "<onclick>ActivateWindow({item_target},{item_path},return)</onclick>"
        },
        {
            "condition": "{item_path}==RebootToAndroid",
            "value": "<onclick>System.ExecWait(\"/usr/sbin/rebootfromnand\")</onclick>\n<onclick>Reboot()</onclick>"
        },
        {
            "condition": "{item_path}==ActivateWindow(1101)",
            "value": "<onclick>SetProperty(Hub.Header,{item_label},1101)</onclick>\n<onclick>{item_path}</onclick>"
        },
        {
            "condition": "{item_path}==ActivateWindow(1102)",
            "value": "<onclick>SetProperty(Hub.Header,{item_label},1102)</onclick>\n<onclick>{item_path}</onclick>"
        },
        {
            "condition": "{item_path}==ActivateWindow(1103)",
            "value": "<onclick>SetProperty(Hub.Header,{item_label},1103)</onclick>\n<onclick>{item_path}</onclick>"
        },
        {
            "condition": "{item_path}==ActivateWindow(1104)",
            "value": "<onclick>SetProperty(Hub.Header,{item_label},1104)</onclick>\n<onclick>{item_path}</onclick>"
        },
        {
            "condition": "{item_path}==ActivateWindow(1106)",
            "value": "<onclick>SetProperty(Hub.Header,{item_label},1106)</onclick>\n<onclick>{item_path}</onclick>"
        },
        {
            "condition": "{item_path}==ActivateWindow(1107)",
            "value": "<onclick>SetProperty(Hub.Header,{item_label},1107)</onclick>\n<onclick>{item_path}</onclick>"
        },
        {
            "condition": "{item_path}==ActivateWindow(1108)",
            "value": "<onclick>SetProperty(Hub.Header,{item_label},1108)</onclick>\n<onclick>{item_path}</onclick>"
        },
        {
            "condition": "{item_path}==ActivateWindow(1109)",
            "value": "<onclick>SetProperty(Hub.Header,{item_label},1109)</onclick>\n<onclick>{item_path}</onclick>"
        },
        {
            "condition": "{item_path}==ActivateWindow(Home)",
            "value": "<onclick>{item_path}</onclick>"
        },
        "<onclick>{item_path}</onclick>"
    ]
}