<?xml version="1.0" encoding="UTF-8"?>
<includes>

    <!-- Main Items Fade Out Delay -->
    <constant name="mf_faded_h_r">799</constant>
    <constant name="mf_faded_h_0">800</constant>
    <constant name="mf_faded_h_1">800</constant>
    <constant name="mf_faded_h_2">800</constant>
    <constant name="mf_faded_h_3">800</constant>
    <constant name="mf_faded_h_4">800</constant>
    <constant name="mf_faded_h_5">800</constant>
    <constant name="mf_faded_h_6">800</constant>
    <constant name="mf_faded_h_7">800</constant>
    <constant name="mf_faded_h_8">800</constant>
    <constant name="mf_faded_h_9">800</constant>
    <constant name="mf_faded_h_10">800</constant>
    <constant name="mf_faded_h_11">800</constant>

    <!-- Column Slide In Delay -->
    <constant name="mf_delay_v_0">0</constant>
    <constant name="mf_delay_v_1">40</constant>
    <constant name="mf_delay_v_2">80</constant>
    <constant name="mf_delay_v_3">120</constant>
    <constant name="mf_delay_v_4">160</constant>
    <constant name="mf_delay_v_5">200</constant>
    <constant name="mf_delay_v_6">240</constant>
    <constant name="mf_delay_v_7">280</constant>
    <constant name="mf_delay_v_8">320</constant>
    <constant name="mf_delay_v_9">360</constant>
    <constant name="mf_delay_v_10">400</constant>
    <constant name="mf_delay_v_11">440</constant>

    <!-- Column Transition Delay -->
    <constant name="mf_delay_h_0">0</constant>
    <constant name="mf_delay_h_1">40</constant>
    <constant name="mf_delay_h_2">80</constant>
    <constant name="mf_delay_h_3">120</constant>
    <constant name="mf_delay_h_4">160</constant>
    <constant name="mf_delay_h_5">200</constant>
    <constant name="mf_delay_h_6">240</constant>
    <constant name="mf_delay_h_7">280</constant>
    <constant name="mf_delay_h_8">320</constant>
    <constant name="mf_delay_h_9">360</constant>
    <constant name="mf_delay_h_10">400</constant>
    <constant name="mf_delay_h_11">440</constant>


    <!-- POSTER -->
    <!-- Positioning -->
    <!-- posx -->
    <constant name="mf_wp_end_x_-1">-520</constant>
    <constant name="mf_wp_end_x_0">-280</constant>
    <constant name="mf_wp_end_x_1">-40</constant>
    <constant name="mf_wp_end_x_2">200</constant>
    <constant name="mf_wp_end_x_3">440</constant>
    <constant name="mf_wp_end_x_4">680</constant>
    <constant name="mf_wp_end_x_5">920</constant>
    <constant name="mf_wp_end_x_6">1160</constant>
    <constant name="mf_wp_end_x_7">1400</constant>
    <constant name="mf_wp_end_x_8">1640</constant>
    <constant name="mf_wp_end_x_9">1880</constant>
    <constant name="mf_wp_end_x_10">2120</constant>
    <constant name="mf_wp_end_x_11">2360</constant>
    <!-- posy -->
    <constant name="mf_wp_end_y_1">252</constant>
    <constant name="mf_wp_end_y_2">586</constant>
    <constant name="mf_wp_end_y_r">586</constant>
    <!-- Top Row Start -->
    <!-- posy -->
    <constant name="mf_wp_start_y_1">334</constant>
    <!-- posx -->
    <constant name="mf_wp_start_x_1_0">-480</constant>
    <constant name="mf_wp_start_x_1_1">-240</constant>
    <constant name="mf_wp_start_x_1_2">0</constant>
    <constant name="mf_wp_start_x_1_3">240</constant>
    <constant name="mf_wp_start_x_1_4">480</constant>
    <constant name="mf_wp_start_x_1_5">720</constant>
    <constant name="mf_wp_start_x_1_6">960</constant>
    <constant name="mf_wp_start_x_1_7">1200</constant>
    <constant name="mf_wp_start_x_1_8">1440</constant>
    <constant name="mf_wp_start_x_1_9">1680</constant>
    <constant name="mf_wp_start_x_1_10">1920</constant>
    <constant name="mf_wp_start_x_1_11">2160</constant>
    <!-- Bottom Row Start -->
    <!-- posy -->
    <constant name="mf_wp_start_y_2">0</constant>
    <!-- posx -->
    <constant name="mf_wp_start_x_2_0">-240</constant>
    <constant name="mf_wp_start_x_2_1">0</constant>
    <constant name="mf_wp_start_x_2_2">240</constant>
    <constant name="mf_wp_start_x_2_3">480</constant>
    <constant name="mf_wp_start_x_2_4">720</constant>
    <constant name="mf_wp_start_x_2_5">960</constant>
    <constant name="mf_wp_start_x_2_6">1200</constant>
    <constant name="mf_wp_start_x_2_7">1440</constant>
    <constant name="mf_wp_start_x_2_8">1680</constant>
    <constant name="mf_wp_start_x_2_9">1920</constant>
    <constant name="mf_wp_start_x_2_10">2160</constant>
    <constant name="mf_wp_start_x_2_11">2400</constant>


    <!-- LANDSCAPE -->
    <!-- Positioning -->
    <!-- posx -->
    <constant name="mf_wl_end_x_-1">-860</constant>
    <constant name="mf_wl_end_x_0">-640</constant>
    <constant name="mf_wl_end_x_1">-220</constant>
    <constant name="mf_wl_end_x_2">200</constant>
    <constant name="mf_wl_end_x_3">620</constant>
    <constant name="mf_wl_end_x_4">1040</constant>
    <constant name="mf_wl_end_x_5">1460</constant>
    <constant name="mf_wl_end_x_6">1880</constant>
    <constant name="mf_wl_end_x_7">2300</constant>
    <constant name="mf_wl_end_x_8">2720</constant>
    <constant name="mf_wl_end_x_9">3140</constant>
    <constant name="mf_wl_end_x_10">3560</constant>
    <constant name="mf_wl_end_x_11">3980</constant>
    <!-- posy -->
    <constant name="mf_wl_end_y_1">252</constant>
    <constant name="mf_wl_end_y_2">586</constant>
    <constant name="mf_wl_end_y_r">586</constant>
    <!-- Top Row Start -->
    <!-- posy -->
    <constant name="mf_wl_start_y_1">334</constant>
    <!-- posx -->
    <constant name="mf_wl_start_x_1_0">-840</constant>
    <constant name="mf_wl_start_x_1_1">-420</constant>
    <constant name="mf_wl_start_x_1_2">0</constant>
    <constant name="mf_wl_start_x_1_3">420</constant>
    <constant name="mf_wl_start_x_1_4">840</constant>
    <constant name="mf_wl_start_x_1_5">1260</constant>
    <constant name="mf_wl_start_x_1_6">1680</constant>
    <constant name="mf_wl_start_x_1_7">2100</constant>
    <constant name="mf_wl_start_x_1_8">2520</constant>
    <constant name="mf_wl_start_x_1_9">2940</constant>
    <constant name="mf_wl_start_x_1_10">3360</constant>
    <constant name="mf_wl_start_x_1_11">3780</constant>
    <!-- Bottom Row Start -->
    <!-- posy -->
    <constant name="mf_wl_start_y_2">0</constant>
    <!-- posx -->
    <constant name="mf_wl_start_x_2_0">-420</constant>
    <constant name="mf_wl_start_x_2_1">0</constant>
    <constant name="mf_wl_start_x_2_2">420</constant>
    <constant name="mf_wl_start_x_2_3">840</constant>
    <constant name="mf_wl_start_x_2_4">1260</constant>
    <constant name="mf_wl_start_x_2_5">1680</constant>
    <constant name="mf_wl_start_x_2_6">2100</constant>
    <constant name="mf_wl_start_x_2_7">2520</constant>
    <constant name="mf_wl_start_x_2_8">2940</constant>
    <constant name="mf_wl_start_x_2_9">3360</constant>
    <constant name="mf_wl_start_x_2_10">3780</constant>
    <constant name="mf_wl_start_x_2_11">4200</constant>

    <include name="MediaFilter_FolderItems">
        <item>
            <label>$LOCALIZE[136]</label>
            <property name="special_icon">special://skin/extras/icons/list-check.png</property>
            <property name="isSpecial">True</property>
            <onclick>ClearProperty(MediaFilterName)</onclick>
            <onclick>ClearProperty(MediaFilterNode)</onclick>
            <onclick>ClearProperty(MediaFilterNode.SortBy)</onclick>
            <onclick>ClearProperty(MediaFilterNode.SortOrder)</onclick>
            <onclick condition="Container.Content(movies) + String.IsEmpty(Container.PluginName) + Library.HasContent(Movies)">SetProperty(MediaFilterNode,special://skin/extras/hub/movies/lists)</onclick>
            <onclick condition="Container.Content(tvshows) + String.IsEmpty(Container.PluginName) + Library.HasContent(TVShows)">SetProperty(MediaFilterNode,special://skin/extras/hub/tvshows/lists)</onclick>
            <onclick condition="Container.Content(movies) + ![String.IsEmpty(Container.PluginName) + Library.HasContent(Movies)]">SetProperty(MediaFilterNode,static_movies_main)</onclick>
            <onclick condition="Container.Content(tvshows) + ![String.IsEmpty(Container.PluginName) + Library.HasContent(TVShows)]">SetProperty(MediaFilterNode,static_tvshows_main)</onclick>
            <onclick>SetProperty(MediaFilterNodeLabel,$LOCALIZE[31372])</onclick>
            <onclick>AlarmClock(refocus,SetFocus(20001,0,absolute),00:00,silent)</onclick>
            <visible>Container.Content(movies) | Container.Content(tvshows)</visible>
            <visible>!Skin.HasSetting(DisableDefaultExploreMenu)</visible>
        </item>

        <item>
            <label>$LOCALIZE[515]</label>
            <property name="special_icon">special://skin/extras/icons/genre.png</property>
            <property name="isSpecial">True</property>
            <onclick>SetProperty(MediaFilterName,1)</onclick>
            <onclick>ClearProperty(MediaFilterNode)</onclick>
            <onclick>SetProperty(MediaFilterNode.SortBy,label)</onclick>
            <onclick>SetProperty(MediaFilterNode.SortOrder,ascending)</onclick>
            <onclick condition="Container.Content(movies)">SetProperty(MediaFilterNode,videodb://movies/genres)</onclick>
            <onclick condition="Container.Content(tvshows)">SetProperty(MediaFilterNode,videodb://tvshows/genres)</onclick>
            <onclick>SetProperty(MediaFilterNodeLabel,$LOCALIZE[135])</onclick>
            <onclick>AlarmClock(refocus,SetFocus(20001,0,absolute),00:00,silent)</onclick>
            <visible>[Container.Content(movies) + Library.HasContent(Movies)] | [Container.Content(tvshows) + Library.HasContent(TVShows)]</visible>
            <visible>!Skin.HasSetting(DisableDefaultExploreMenu)</visible>
        </item>

        <item>
            <label>$LOCALIZE[572]</label>
            <property name="special_icon">special://skin/extras/icons/director.png</property>
            <property name="isSpecial">True</property>
            <onclick>SetProperty(MediaFilterName,1)</onclick>
            <onclick>ClearProperty(MediaFilterNode)</onclick>
            <onclick>SetProperty(MediaFilterNode.SortBy,label)</onclick>
            <onclick>SetProperty(MediaFilterNode.SortOrder,ascending)</onclick>
            <onclick condition="Container.Content(movies)">SetProperty(MediaFilterNode,videodb://movies/studios/)</onclick>
            <onclick condition="Container.Content(tvshows)">SetProperty(MediaFilterNode,videodb://tvshows/studios/)</onclick>
            <onclick>SetProperty(MediaFilterNodeLabel,$LOCALIZE[20388])</onclick>
            <onclick>AlarmClock(refocus,SetFocus(20001,0,absolute),00:00,silent)</onclick>
            <visible>[Container.Content(movies) + Library.HasContent(Movies)] | [Container.Content(tvshows) + Library.HasContent(TVShows)]</visible>
            <visible>!Skin.HasSetting(DisableDefaultExploreMenu)</visible>
        </item>

        <item>
            <label>$LOCALIZE[345]</label>
            <property name="special_icon">special://skin/extras/icons/calendar.png</property>
            <property name="isSpecial">True</property>
            <onclick>SetProperty(MediaFilterName,1)</onclick>
            <onclick>ClearProperty(MediaFilterNode)</onclick>
            <onclick>SetProperty(MediaFilterNode.SortBy,label)</onclick>
            <onclick>SetProperty(MediaFilterNode.SortOrder,ascending)</onclick>
            <onclick condition="Container.Content(movies)">SetProperty(MediaFilterNode,videodb://movies/years/)</onclick>
            <onclick condition="Container.Content(tvshows)">SetProperty(MediaFilterNode,videodb://tvshows/years/)</onclick>
            <onclick>SetProperty(MediaFilterNodeLabel,$LOCALIZE[652])</onclick>
            <onclick>AlarmClock(refocus,SetFocus(20001,0,absolute),00:00,silent)</onclick>
            <visible>[Container.Content(movies) + Library.HasContent(Movies)] | [Container.Content(tvshows) + Library.HasContent(TVShows)]</visible>
            <visible>!Skin.HasSetting(DisableDefaultExploreMenu)</visible>
        </item>

        <item>
            <label>$LOCALIZE[20337]</label>
            <property name="special_icon">special://skin/extras/icons/person.png</property>
            <property name="isSpecial">True</property>
            <onclick>SetProperty(MediaFilterName,1)</onclick>
            <onclick>ClearProperty(MediaFilterNode)</onclick>
            <onclick>SetProperty(MediaFilterNode.SortBy,label)</onclick>
            <onclick>SetProperty(MediaFilterNode.SortOrder,ascending)</onclick>
            <onclick condition="Container.Content(movies)">SetProperty(MediaFilterNode,videodb://movies/actors/)</onclick>
            <onclick condition="Container.Content(tvshows)">SetProperty(MediaFilterNode,videodb://tvshows/actors/)</onclick>
            <onclick>SetProperty(MediaFilterNodeLabel,$LOCALIZE[344])</onclick>
            <onclick>AlarmClock(refocus,SetFocus(20001,0,absolute),00:00,silent)</onclick>
            <visible>[Container.Content(movies) + Library.HasContent(Movies)] | [Container.Content(tvshows) + Library.HasContent(TVShows)]</visible>
            <visible>!Skin.HasSetting(DisableDefaultExploreMenu)</visible>
        </item>

        <item>
            <label>$LOCALIZE[20339]</label>
            <property name="special_icon">special://skin/extras/icons/video-addons.png</property>
            <property name="isSpecial">True</property>
            <onclick>SetProperty(MediaFilterName,1)</onclick>
            <onclick>ClearProperty(MediaFilterNode)</onclick>
            <onclick>SetProperty(MediaFilterNode.SortBy,label)</onclick>
            <onclick>SetProperty(MediaFilterNode.SortOrder,ascending)</onclick>
            <onclick condition="Container.Content(movies)">SetProperty(MediaFilterNode,videodb://movies/directors/)</onclick>
            <onclick>SetProperty(MediaFilterNodeLabel,$LOCALIZE[20348])</onclick>
            <onclick>AlarmClock(refocus,SetFocus(20001,0,absolute),00:00,silent)</onclick>
            <visible>[Container.Content(movies) + Library.HasContent(Movies)] | [Container.Content(tvshows) + Library.HasContent(TVShows)]</visible>
            <visible>!Skin.HasSetting(DisableDefaultExploreMenu)</visible>
        </item>

        <item>
            <label>$LOCALIZE[31373]</label>
            <property name="special_icon">special://skin/extras/icons/tag.png</property>
            <property name="isSpecial">True</property>
            <onclick>SetProperty(MediaFilterName,1)</onclick>
            <onclick>ClearProperty(MediaFilterNode)</onclick>
            <onclick>SetProperty(MediaFilterNode.SortBy,label)</onclick>
            <onclick>SetProperty(MediaFilterNode.SortOrder,ascending)</onclick>
            <onclick condition="Container.Content(movies)">SetProperty(MediaFilterNode,videodb://movies/tags/)</onclick>
            <onclick condition="Container.Content(tvshows)">SetProperty(MediaFilterNode,videodb://tvshows/tags/)</onclick>
            <onclick>SetProperty(MediaFilterNodeLabel,$LOCALIZE[20459])</onclick>
            <onclick>AlarmClock(refocus,SetFocus(20001,0,absolute),00:00,silent)</onclick>
            <visible>[Container.Content(movies) + Library.HasContent(Movies)] | [Container.Content(tvshows) + Library.HasContent(TVShows)]</visible>
            <visible>!Skin.HasSetting(DisableDefaultExploreMenu)</visible>
        </item>

        <item>
            <label>$LOCALIZE[574]</label>
            <property name="special_icon">special://skin/extras/icons/world.png</property>
            <property name="isSpecial">True</property>
            <onclick>SetProperty(MediaFilterName,1)</onclick>
            <onclick>ClearProperty(MediaFilterNode)</onclick>
            <onclick>SetProperty(MediaFilterNode.SortBy,label)</onclick>
            <onclick>SetProperty(MediaFilterNode.SortOrder,ascending)</onclick>
            <onclick condition="Container.Content(movies)">SetProperty(MediaFilterNode,videodb://movies/countries/)</onclick>
            <onclick>SetProperty(MediaFilterNodeLabel,$LOCALIZE[20451])</onclick>
            <onclick>AlarmClock(refocus,SetFocus(20001,0,absolute),00:00,silent)</onclick>
            <visible>[Container.Content(movies) + Library.HasContent(Movies)]</visible>
            <visible>!Skin.HasSetting(DisableDefaultExploreMenu)</visible>
        </item>

        <item>
            <label>TMDb $LOCALIZE[515]</label>
            <property name="special_icon">special://skin/extras/icons/genre.png</property>
            <property name="isSpecial">True</property>
            <onclick>ClearProperty(MediaFilterName)</onclick>
            <onclick>ClearProperty(MediaFilterNode)</onclick>
            <onclick>ClearProperty(MediaFilterNode.SortBy)</onclick>
            <onclick>ClearProperty(MediaFilterNode.SortOrder)</onclick>
            <onclick condition="Container.Content(movies)">SetProperty(MediaFilterNode,plugin://plugin.video.themoviedb.helper/?info=genres&amp;tmdb_type=movie)</onclick>
            <onclick condition="Container.Content(tvshows)">SetProperty(MediaFilterNode,plugin://plugin.video.themoviedb.helper/?info=genres&amp;tmdb_type=tv)</onclick>
            <onclick>SetProperty(MediaFilterNodeLabel,$LOCALIZE[135])</onclick>
            <onclick>AlarmClock(refocus,SetFocus(20001,0,absolute),00:00,silent)</onclick>
            <visible>Container.Content(movies) | Container.Content(tvshows)</visible>
            <visible>!Skin.HasSetting(DisableDefaultExploreMenu)</visible>
        </item>

        <item>
            <label>TMDb $LOCALIZE[19334]</label>
            <property name="special_icon">special://skin/extras/icons/share-nodes.png</property>
            <property name="isSpecial">True</property>
            <onclick>ClearProperty(MediaFilterName)</onclick>
            <onclick>ClearProperty(MediaFilterNode)</onclick>
            <onclick>ClearProperty(MediaFilterNode.SortBy)</onclick>
            <onclick>ClearProperty(MediaFilterNode.SortOrder)</onclick>
            <onclick condition="Container.Content(movies)">SetProperty(MediaFilterNode,plugin://plugin.video.themoviedb.helper/?info=watch_providers&amp;tmdb_type=movie)</onclick>
            <onclick condition="Container.Content(tvshows)">SetProperty(MediaFilterNode,plugin://plugin.video.themoviedb.helper/?info=watch_providers&amp;tmdb_type=tv)</onclick>
            <onclick>SetProperty(MediaFilterNodeLabel,$LOCALIZE[19334])</onclick>
            <onclick>AlarmClock(refocus,SetFocus(20001,0,absolute),00:00,silent)</onclick>
            <visible>Container.Content(movies) | Container.Content(tvshows)</visible>
            <visible>!Skin.HasSetting(DisableDefaultExploreMenu)</visible>
        </item>

        <item>
            <label>Trakt $LOCALIZE[31200]</label>
            <property name="special_icon">special://skin/extras/icons/trakttv.png</property>
            <property name="isSpecial">True</property>
            <onclick>ClearProperty(MediaFilterName)</onclick>
            <onclick>ClearProperty(MediaFilterNode)</onclick>
            <onclick>ClearProperty(MediaFilterNode.SortBy)</onclick>
            <onclick>ClearProperty(MediaFilterNode.SortOrder)</onclick>
            <onclick condition="Container.Content(movies)">SetProperty(MediaFilterNode,static_movies_trakt)</onclick>
            <onclick condition="Container.Content(tvshows)">SetProperty(MediaFilterNode,static_tvshows_trakt)</onclick>
            <onclick>SetProperty(MediaFilterNodeLabel,Trakt)</onclick>
            <onclick>AlarmClock(refocus,SetFocus(20001,0,absolute),00:00,silent)</onclick>
            <visible>!String.IsEmpty(Window(Home).Property(TMDbHelper.TraktIsAuth))</visible>
            <visible>Container.Content(movies) | Container.Content(tvshows)</visible>
            <visible>!Skin.HasSetting(DisableDefaultExploreMenu)</visible>
        </item>

        <item>
            <label>Trakt $LOCALIZE[31166]</label>
            <property name="special_icon">special://skin/extras/icons/rectangle-list.png</property>
            <property name="isSpecial">True</property>
            <onclick>ClearProperty(MediaFilterName)</onclick>
            <onclick>ClearProperty(MediaFilterNode)</onclick>
            <onclick>ClearProperty(MediaFilterNode.SortBy)</onclick>
            <onclick>ClearProperty(MediaFilterNode.SortOrder)</onclick>
            <onclick condition="Container.Content(movies)">SetProperty(MediaFilterNode,plugin://plugin.video.themoviedb.helper/?info=trakt_popularlists&amp;tmdb_type=movie)</onclick>
            <onclick condition="Container.Content(tvshows)">SetProperty(MediaFilterNode,plugin://plugin.video.themoviedb.helper/?info=trakt_popularlists&amp;tmdb_type=movie)</onclick>
            <onclick>SetProperty(MediaFilterNodeLabel,$LOCALIZE[31166])</onclick>
            <onclick>AlarmClock(refocus,SetFocus(20001,0,absolute),00:00,silent)</onclick>
            <visible>Container.Content(movies) | Container.Content(tvshows)</visible>
            <visible>!Skin.HasSetting(DisableDefaultExploreMenu)</visible>
        </item>

        <include>skinshortcuts-template-exploremenu</include>
    </include>

    <include name="MediaFilter_StaticItems">
        <!-- Main -->
        <!-- Popular -->
        <item>
            <label>$LOCALIZE[31166]</label>
            <visible>String.IsEqual(Window.Property(MediaFilterNode),static_movies_main)</visible>
            <property name="static_folderpath">plugin://plugin.video.themoviedb.helper/?info=popular&amp;tmdb_type=movie</property>
        </item>
        <item>
            <label>$LOCALIZE[31166]</label>
            <visible>String.IsEqual(Window.Property(MediaFilterNode),static_tvshows_main)</visible>
            <property name="static_folderpath">plugin://plugin.video.themoviedb.helper/?info=popular&amp;tmdb_type=tv</property>
        </item>
        <!-- Trending -->
        <item>
            <label>$LOCALIZE[31310]</label>
            <visible>String.IsEqual(Window.Property(MediaFilterNode),static_movies_main)</visible>
            <property name="static_folderpath">plugin://plugin.video.themoviedb.helper/?info=trending_week&amp;tmdb_type=movie</property>
        </item>
        <item>
            <label>$LOCALIZE[31310]</label>
            <visible>String.IsEqual(Window.Property(MediaFilterNode),static_tvshows_main)</visible>
            <property name="static_folderpath">plugin://plugin.video.themoviedb.helper/?info=trending_week&amp;tmdb_type=tv</property>
        </item>
        <!-- Top Rated -->
        <item>
            <label>$LOCALIZE[31091]</label>
            <visible>String.IsEqual(Window.Property(MediaFilterNode),static_movies_main)</visible>
            <property name="static_folderpath">plugin://plugin.video.themoviedb.helper/?info=top_rated&amp;tmdb_type=movie</property>
        </item>
        <item>
            <label>$LOCALIZE[31091]</label>
            <visible>String.IsEqual(Window.Property(MediaFilterNode),static_tvshows_main)</visible>
            <property name="static_folderpath">plugin://plugin.video.themoviedb.helper/?info=top_rated&amp;tmdb_type=tv</property>
        </item>
        <!-- Most Voted -->
        <item>
            <label>$LOCALIZE[31374]</label>
            <visible>String.IsEqual(Window.Property(MediaFilterNode),static_movies_main)</visible>
            <property name="static_folderpath">plugin://plugin.video.themoviedb.helper/?info=most_voted&amp;tmdb_type=movie</property>
        </item>
        <item>
            <label>$LOCALIZE[31374]</label>
            <visible>String.IsEqual(Window.Property(MediaFilterNode),static_tvshows_main)</visible>
            <property name="static_folderpath">plugin://plugin.video.themoviedb.helper/?info=most_voted&amp;tmdb_type=tv</property>
        </item>
        <!-- Upcoming -->
        <item>
            <label>$LOCALIZE[31313]</label>
            <visible>String.IsEqual(Window.Property(MediaFilterNode),static_movies_main)</visible>
            <property name="static_folderpath">plugin://plugin.video.themoviedb.helper/?info=upcoming&amp;tmdb_type=movie</property>
        </item>
        <item>
            <label>$LOCALIZE[31311]</label>
            <visible>String.IsEqual(Window.Property(MediaFilterNode),static_tvshows_main)</visible>
            <property name="static_folderpath">plugin://plugin.video.themoviedb.helper/?info=on_the_air&amp;tmdb_type=tv</property>
        </item>


        <!-- Trakt -->
        <!-- Watchlist -->
        <item>
            <label>$LOCALIZE[31306]</label>
            <visible>String.IsEqual(Window.Property(MediaFilterNode),static_movies_trakt)</visible>
            <property name="static_folderpath">plugin://plugin.video.themoviedb.helper/?info=trakt_watchlist&amp;tmdb_type=movie</property>
        </item>
        <item>
            <label>$LOCALIZE[31306]</label>
            <visible>String.IsEqual(Window.Property(MediaFilterNode),static_tvshows_trakt)</visible>
            <property name="static_folderpath">plugin://plugin.video.themoviedb.helper/?info=trakt_watchlist&amp;tmdb_type=tv</property>
        </item>
        <!-- History -->
        <item>
            <label>$LOCALIZE[31307]</label>
            <visible>String.IsEqual(Window.Property(MediaFilterNode),static_movies_trakt)</visible>
            <property name="static_folderpath">plugin://plugin.video.themoviedb.helper/?info=trakt_history&amp;tmdb_type=movie</property>
        </item>
        <item>
            <label>$LOCALIZE[31307]</label>
            <visible>String.IsEqual(Window.Property(MediaFilterNode),static_tvshows_trakt)</visible>
            <property name="static_folderpath">plugin://plugin.video.themoviedb.helper/?info=trakt_history&amp;tmdb_type=tv</property>
        </item>
        <!-- In Progress -->
        <item>
            <label>$LOCALIZE[31090]</label>
            <visible>String.IsEqual(Window.Property(MediaFilterNode),static_movies_trakt)</visible>
            <property name="static_folderpath">plugin://plugin.video.themoviedb.helper/?info=trakt_inprogress&amp;tmdb_type=movie</property>
        </item>
        <item>
            <label>$LOCALIZE[31090]</label>
            <visible>String.IsEqual(Window.Property(MediaFilterNode),static_tvshows_trakt)</visible>
            <property name="static_folderpath">plugin://plugin.video.themoviedb.helper/?info=trakt_inprogress&amp;tmdb_type=tv</property>
        </item>
        <!-- Recommendations -->
        <item>
            <label>$LOCALIZE[31018]</label>
            <visible>String.IsEqual(Window.Property(MediaFilterNode),static_movies_trakt)</visible>
            <property name="static_folderpath">plugin://plugin.video.themoviedb.helper/?info=trakt_recommendations&amp;tmdb_type=movie</property>
        </item>
        <item>
            <label>$LOCALIZE[31018]</label>
            <visible>String.IsEqual(Window.Property(MediaFilterNode),static_tvshows_trakt)</visible>
            <property name="static_folderpath">plugin://plugin.video.themoviedb.helper/?info=trakt_recommendations&amp;tmdb_type=tv</property>
        </item>
        <!-- Most Watched -->
        <item>
            <label>$LOCALIZE[31317]</label>
            <visible>String.IsEqual(Window.Property(MediaFilterNode),static_movies_trakt)</visible>
            <property name="static_folderpath">plugin://plugin.video.themoviedb.helper/?info=trakt_mostwatched&amp;tmdb_type=movie</property>
        </item>
        <item>
            <label>$LOCALIZE[31317]</label>
            <visible>String.IsEqual(Window.Property(MediaFilterNode),static_tvshows_trakt)</visible>
            <property name="static_folderpath">plugin://plugin.video.themoviedb.helper/?info=trakt_mostwatched&amp;tmdb_type=tv</property>
        </item>
    </include>

    <include name="MediaFilter_SwitchLists_HiddenButton">
        <include content="Object_Hidden_Button">
            <param name="id">$PARAM[id]</param>
            <visible allowhiddenfocus="true">false</visible>
            <animation effect="fade" start="0" end="0" time="400" reversible="false">Focus</animation>
            <onfocus>SetFocus($PARAM[return_id])</onfocus>
            <onfocus>ClearProperty(MediaFilterSwap)</onfocus>
            <onfocus condition="Container.Content(movies)">Container.Update(videodb://movies/titles,replace)</onfocus>
            <onfocus condition="Container.Content(tvshows)">Container.Update(videodb://tvshows/titles,replace)</onfocus>
            <onfocus condition="!String.IsEqual(Container.FolderPath,$PARAM[infolabel])">SetProperty(MediaFilterThis,$INFO[$PARAM[infolabel]])</onfocus>
            <onfocus condition="!String.IsEqual(Container.FolderPath,$PARAM[infolabel])">Container.Update($INFO[$PARAM[infolabel]])</onfocus>
            <onfocus condition="String.IsEqual(Container.FolderPath,$PARAM[infolabel])">SetProperty(MediaFilterThis,$INFO[Window.Property(MediaFilterBase)])</onfocus>
            <onfocus condition="String.IsEqual(Container.FolderPath,$PARAM[infolabel])">Container.Update($INFO[Window.Property(MediaFilterBase)])</onfocus>
        </include>
    </include>

    <include name="MediaFilter_Wall_Poster">
        <param name="icon_base_var">Image_Poster</param>
        <param name="interchange_condition">[String.IsEmpty(Window.Property(MediaFilterSwap)) + !Window.IsVisible(DialogBusy.xml)]</param>
        <param name="interchange_animation_include">MediaFilter_Wall_Interchange</param>
        <param name="visible">$EXP[Exp_FilterWall_IsMedia]</param>
        <param name="visible_animation_include">MediaFilter_Wall_Visible</param>
        <param name="prefix">mf_wp</param>
        <param name="id">50</param>
        <param name="layout_include">Layout_Poster</param>
        <param name="item_w">view_poster_item_w</param>
        <param name="item_h">view_poster_item_h</param>
        <param name="selected">false</param>
        <definition>
            <include content="$PARAM[layout_include]">
                <param name="icon">$VAR[$PARAM[icon_base_var]_C$PARAM[id]_$PARAM[pos]]</param>
                <param name="item_w">$PARAM[item_w]</param>
                <param name="item_h">$PARAM[item_h]</param>
                <param name="affix">_C$PARAM[id]_$PARAM[pos]</param>
                <param name="listitem">Container($PARAM[id]).ListItem($PARAM[pos])</param>
                <param name="selected">$PARAM[selected]</param>
                <param name="id">$PARAM[id]</param>

                <nested />

                <include content="Animation_ConditionalFade" condition="!Skin.String(Rows.ContentLoopback,Wrap)">
                    <param name="condition">String.IsEmpty(Container($PARAM[id]).ListItemNoWrap($PARAM[pos]).CurrentItem)</param>
                </include>

                <left>$PARAM[prefix]_end_x_$PARAM[col]</left>
                <top>$PARAM[prefix]_end_y_$PARAM[row]</top>
                <visible>$PARAM[visible]</visible>
                <visible>Control.IsVisible($PARAM[id])</visible>

                <include content="$PARAM[visible_animation_include]">
                    <param name="col">$PARAM[col]</param>
                    <param name="row">$PARAM[row]</param>
                    <param name="pos">$PARAM[pos]</param>
                    <param name="id">$PARAM[id]</param>
                    <param name="prefix">$PARAM[prefix]</param>
                </include>

                <include content="$PARAM[interchange_animation_include]">
                    <param name="col">$PARAM[col]</param>
                    <param name="row">$PARAM[row]</param>
                    <param name="pos">$PARAM[pos]</param>
                    <param name="id">$PARAM[id]</param>
                    <param name="interchange_condition">$PARAM[interchange_condition]</param>
                    <param name="visible">$PARAM[visible]</param>
                    <param name="prefix">$PARAM[prefix]</param>
                </include>

            </include>
        </definition>
    </include>

    <include name="MediaFilter_Wall_Poster_Row_Fade">
        <animation effect="fade" start="100" end="0" delay="200" time="400" tween="quadratic" reversible="false" condition="!Container($PARAM[id]).$PARAM[onaction]">Conditional</animation>
    </include>

    <include name="MediaFilter_Wall_Poster_Row">
        <param name="selected">false</param>
        <param name="enable_0">!Skin.String(Rows.ContentLoopback,Wrap)</param>
        <param name="enable_1">true</param>
        <param name="enable_2">true</param>
        <param name="enable_3">true</param>
        <param name="enable_4">true</param>
        <param name="enable_5">true</param>
        <param name="enable_6">true</param>
        <param name="enable_7">true</param>
        <param name="enable_8">true</param>
        <param name="enable_9">true</param>
        <param name="enable_10">true</param>
        <param name="enable_11">true</param>
        <param name="enable_12">[!String.IsEqual(Skin.AspectRatio,16:9) | !Skin.String(Rows.ContentLoopback,Wrap)]</param>
        <definition>
            <include content="MediaFilter_Wall_Poster" condition="$PARAM[enable_0]">
                <param name="layout_include">$PARAM[layout_include]</param>
                <param name="item_w">$PARAM[item_w]</param>
                <param name="item_h">$PARAM[item_h]</param>
                <param name="prefix">$PARAM[prefix]</param>
                <param name="icon_base_var">$PARAM[icon_base_var]</param>
                <param name="interchange_condition">$PARAM[interchange_condition]</param>
                <param name="visible">$PARAM[visible]</param>
                <param name="visible_animation_include">$PARAM[visible_animation_include]</param>
                <param name="id">$PARAM[id]</param>
                <param name="pos">$PARAM[p_0]</param>
                <param name="row">$PARAM[row]</param>
                <param name="col">0</param>
                <include content="MediaFilter_Wall_Poster_Row_Fade" condition="Skin.String(Rows.ContentLoopback,Wrap)">
                    <param nmae="id">$PARAM[id]</param>
                    <param name="onaction">OnNext</param>
                </include>
            </include>
            <include content="MediaFilter_Wall_Poster" condition="$PARAM[enable_1]">
                <param name="layout_include">$PARAM[layout_include]</param>
                <param name="item_w">$PARAM[item_w]</param>
                <param name="item_h">$PARAM[item_h]</param>
                <param name="prefix">$PARAM[prefix]</param>
                <param name="icon_base_var">$PARAM[icon_base_var]</param>
                <param name="interchange_condition">$PARAM[interchange_condition]</param>
                <param name="visible">$PARAM[visible]</param>
                <param name="visible_animation_include">$PARAM[visible_animation_include]</param>
                <param name="id">$PARAM[id]</param>
                <param name="pos">$PARAM[p_1]</param>
                <param name="row">$PARAM[row]</param>
                <param name="col">1</param>
                <include content="MediaFilter_Wall_Poster_Row_Fade" condition="Skin.String(Rows.ContentLoopback,Wrap)">
                    <param nmae="id">$PARAM[id]</param>
                    <param name="onaction">OnNext</param>
                </include>
            </include>
            <include content="MediaFilter_Wall_Poster" condition="$PARAM[enable_2]">
                <param name="layout_include">$PARAM[layout_include]</param>
                <param name="item_w">$PARAM[item_w]</param>
                <param name="item_h">$PARAM[item_h]</param>
                <param name="prefix">$PARAM[prefix]</param>
                <param name="icon_base_var">$PARAM[icon_base_var]</param>
                <param name="interchange_condition">$PARAM[interchange_condition]</param>
                <param name="visible">$PARAM[visible]</param>
                <param name="visible_animation_include">$PARAM[visible_animation_include]</param>
                <param name="id">$PARAM[id]</param>
                <param name="pos">$PARAM[p_2]</param>
                <param name="row">$PARAM[row]</param>
                <param name="col">2</param>
                <animation effect="fade" start="100" end="0" condition="$PARAM[selected]">Conditional</animation>
            </include>
            <include content="MediaFilter_Wall_Poster" condition="$PARAM[enable_3]">
                <param name="layout_include">$PARAM[layout_include]</param>
                <param name="item_w">$PARAM[item_w]</param>
                <param name="item_h">$PARAM[item_h]</param>
                <param name="prefix">$PARAM[prefix]</param>
                <param name="icon_base_var">$PARAM[icon_base_var]</param>
                <param name="interchange_condition">$PARAM[interchange_condition]</param>
                <param name="visible">$PARAM[visible]</param>
                <param name="visible_animation_include">$PARAM[visible_animation_include]</param>
                <param name="id">$PARAM[id]</param>
                <param name="pos">$PARAM[p_2]</param>
                <param name="row">$PARAM[row]</param>
                <param name="col">2</param>
                <param name="selected">true</param>
                <animation effect="fade" start="100" end="0" condition="![$PARAM[selected]]">Conditional</animation>
            </include>
            <include content="MediaFilter_Wall_Poster" condition="$PARAM[enable_4]">
                <param name="layout_include">$PARAM[layout_include]</param>
                <param name="item_w">$PARAM[item_w]</param>
                <param name="item_h">$PARAM[item_h]</param>
                <param name="prefix">$PARAM[prefix]</param>
                <param name="icon_base_var">$PARAM[icon_base_var]</param>
                <param name="interchange_condition">$PARAM[interchange_condition]</param>
                <param name="visible">$PARAM[visible]</param>
                <param name="visible_animation_include">$PARAM[visible_animation_include]</param>
                <param name="id">$PARAM[id]</param>
                <param name="pos">$PARAM[p_3]</param>
                <param name="row">$PARAM[row]</param>
                <param name="col">3</param>
            </include>
            <include content="MediaFilter_Wall_Poster" condition="$PARAM[enable_5]">
                <param name="layout_include">$PARAM[layout_include]</param>
                <param name="item_w">$PARAM[item_w]</param>
                <param name="item_h">$PARAM[item_h]</param>
                <param name="prefix">$PARAM[prefix]</param>
                <param name="icon_base_var">$PARAM[icon_base_var]</param>
                <param name="interchange_condition">$PARAM[interchange_condition]</param>
                <param name="visible">$PARAM[visible]</param>
                <param name="visible_animation_include">$PARAM[visible_animation_include]</param>
                <param name="id">$PARAM[id]</param>
                <param name="pos">$PARAM[p_4]</param>
                <param name="row">$PARAM[row]</param>
                <param name="col">4</param>
            </include>
            <include content="MediaFilter_Wall_Poster" condition="$PARAM[enable_6]">
                <param name="layout_include">$PARAM[layout_include]</param>
                <param name="item_w">$PARAM[item_w]</param>
                <param name="item_h">$PARAM[item_h]</param>
                <param name="prefix">$PARAM[prefix]</param>
                <param name="icon_base_var">$PARAM[icon_base_var]</param>
                <param name="interchange_condition">$PARAM[interchange_condition]</param>
                <param name="visible">$PARAM[visible]</param>
                <param name="visible_animation_include">$PARAM[visible_animation_include]</param>
                <param name="id">$PARAM[id]</param>
                <param name="pos">$PARAM[p_5]</param>
                <param name="row">$PARAM[row]</param>
                <param name="col">5</param>
            </include>
            <include content="MediaFilter_Wall_Poster" condition="$PARAM[enable_7]">
                <param name="layout_include">$PARAM[layout_include]</param>
                <param name="item_w">$PARAM[item_w]</param>
                <param name="item_h">$PARAM[item_h]</param>
                <param name="prefix">$PARAM[prefix]</param>
                <param name="icon_base_var">$PARAM[icon_base_var]</param>
                <param name="interchange_condition">$PARAM[interchange_condition]</param>
                <param name="visible">$PARAM[visible]</param>
                <param name="visible_animation_include">$PARAM[visible_animation_include]</param>
                <param name="id">$PARAM[id]</param>
                <param name="pos">$PARAM[p_6]</param>
                <param name="row">$PARAM[row]</param>
                <param name="col">6</param>
                <include content="MediaFilter_Wall_Poster_Row_Fade" condition="String.IsEqual(Skin.AspectRatio,16:9) + Skin.String(Rows.ContentLoopback,Wrap) + ![$PARAM[enable_9]]">
                    <param nmae="id">$PARAM[id]</param>
                    <param name="onaction">OnPrevious</param>
                </include>
            </include>
            <include content="MediaFilter_Wall_Poster" condition="$PARAM[enable_8]">
                <param name="layout_include">$PARAM[layout_include]</param>
                <param name="item_w">$PARAM[item_w]</param>
                <param name="item_h">$PARAM[item_h]</param>
                <param name="prefix">$PARAM[prefix]</param>
                <param name="icon_base_var">$PARAM[icon_base_var]</param>
                <param name="interchange_condition">$PARAM[interchange_condition]</param>
                <param name="visible">$PARAM[visible]</param>
                <param name="visible_animation_include">$PARAM[visible_animation_include]</param>
                <param name="id">$PARAM[id]</param>
                <param name="pos">$PARAM[p_7]</param>
                <param name="row">$PARAM[row]</param>
                <param name="col">7</param>
                <include content="MediaFilter_Wall_Poster_Row_Fade" condition="String.IsEqual(Skin.AspectRatio,16:9) + Skin.String(Rows.ContentLoopback,Wrap) + ![$PARAM[enable_10]]">
                    <param nmae="id">$PARAM[id]</param>
                    <param name="onaction">OnPrevious</param>
                </include>
            </include>
            <include content="MediaFilter_Wall_Poster" condition="$PARAM[enable_9]">
                <param name="layout_include">$PARAM[layout_include]</param>
                <param name="item_w">$PARAM[item_w]</param>
                <param name="item_h">$PARAM[item_h]</param>
                <param name="prefix">$PARAM[prefix]</param>
                <param name="icon_base_var">$PARAM[icon_base_var]</param>
                <param name="interchange_condition">$PARAM[interchange_condition]</param>
                <param name="visible">$PARAM[visible]</param>
                <param name="visible_animation_include">$PARAM[visible_animation_include]</param>
                <param name="id">$PARAM[id]</param>
                <param name="pos">$PARAM[p_8]</param>
                <param name="row">$PARAM[row]</param>
                <param name="col">8</param>
                <include content="MediaFilter_Wall_Poster_Row_Fade" condition="String.IsEqual(Skin.AspectRatio,16:9) + Skin.String(Rows.ContentLoopback,Wrap) + ![$PARAM[enable_11]]">
                    <param nmae="id">$PARAM[id]</param>
                    <param name="onaction">OnPrevious</param>
                </include>
            </include>
            <include content="MediaFilter_Wall_Poster" condition="$PARAM[enable_10]">
                <param name="layout_include">$PARAM[layout_include]</param>
                <param name="item_w">$PARAM[item_w]</param>
                <param name="item_h">$PARAM[item_h]</param>
                <param name="prefix">$PARAM[prefix]</param>
                <param name="icon_base_var">$PARAM[icon_base_var]</param>
                <param name="interchange_condition">$PARAM[interchange_condition]</param>
                <param name="visible">$PARAM[visible]</param>
                <param name="visible_animation_include">$PARAM[visible_animation_include]</param>
                <param name="id">$PARAM[id]</param>
                <param name="pos">$PARAM[p_9]</param>
                <param name="row">$PARAM[row]</param>
                <param name="col">9</param>
                <include content="MediaFilter_Wall_Poster_Row_Fade" condition="String.IsEqual(Skin.AspectRatio,16:9) + Skin.String(Rows.ContentLoopback,Wrap) + ![$PARAM[enable_12]]">
                    <param nmae="id">$PARAM[id]</param>
                    <param name="onaction">OnPrevious</param>
                </include>
            </include>
            <include content="MediaFilter_Wall_Poster" condition="$PARAM[enable_11]">
                <param name="layout_include">$PARAM[layout_include]</param>
                <param name="item_w">$PARAM[item_w]</param>
                <param name="item_h">$PARAM[item_h]</param>
                <param name="prefix">$PARAM[prefix]</param>
                <param name="icon_base_var">$PARAM[icon_base_var]</param>
                <param name="interchange_condition">$PARAM[interchange_condition]</param>
                <param name="visible">$PARAM[visible]</param>
                <param name="visible_animation_include">$PARAM[visible_animation_include]</param>
                <param name="id">$PARAM[id]</param>
                <param name="pos">$PARAM[p_10]</param>
                <param name="row">$PARAM[row]</param>
                <param name="col">10</param>
                <include content="MediaFilter_Wall_Poster_Row_Fade" condition="String.IsEqual(Skin.AspectRatio,16:9) + Skin.String(Rows.ContentLoopback,Wrap)">
                    <param nmae="id">$PARAM[id]</param>
                    <param name="onaction">OnPrevious</param>
                </include>
            </include>
            <include content="MediaFilter_Wall_Poster" condition="$PARAM[enable_12]">
                <param name="layout_include">$PARAM[layout_include]</param>
                <param name="item_w">$PARAM[item_w]</param>
                <param name="item_h">$PARAM[item_h]</param>
                <param name="prefix">$PARAM[prefix]</param>
                <param name="icon_base_var">$PARAM[icon_base_var]</param>
                <param name="interchange_condition">$PARAM[interchange_condition]</param>
                <param name="visible">$PARAM[visible]</param>
                <param name="visible_animation_include">$PARAM[visible_animation_include]</param>
                <param name="id">$PARAM[id]</param>
                <param name="pos">$PARAM[p_11]</param>
                <param name="row">$PARAM[row]</param>
                <param name="col">11</param>
                <include content="MediaFilter_Wall_Poster_Row_Fade" condition="String.IsEqual(Skin.AspectRatio,16:9) + Skin.String(Rows.ContentLoopback,Wrap)">
                    <param nmae="id">$PARAM[id]</param>
                    <param name="onaction">OnPrevious</param>
                </include>
            </include>
        </definition>
    </include>

    <include name="MediaFilter_Wall_All">
        <include content="MediaFilter_Wall">
            <param name="id">50</param>
            <param name="icon_base_var">Image_Icon</param>
            <param name="layout_include">Layout_Square</param>
            <param name="item_w">view_poster_item_w</param>
            <param name="item_h">view_poster_item_h</param>
            <param name="prefix">mf_wp</param>
        </include>
        <include content="MediaFilter_Wall">
            <param name="id">51</param>
            <param name="icon_base_var">Image_Landscape</param>
            <param name="layout_include">Layout_Landscape</param>
            <param name="item_w">view_landscape_item_w</param>
            <param name="item_h">view_landscape_item_h</param>
            <param name="prefix">mf_wl</param>
            <param name="enable_9">false</param>
            <param name="enable_10">false</param>
            <param name="enable_11">false</param>
            <param name="enable_12">false</param>
        </include>
        <include content="MediaFilter_Wall">
            <param name="id">52</param>
            <param name="icon_base_var">Image_Poster</param>
            <param name="layout_include">Layout_Poster</param>
            <param name="item_w">view_poster_item_w</param>
            <param name="item_h">view_poster_item_h</param>
            <param name="prefix">mf_wp</param>
        </include>

        <include content="MediaFilter_Wall" condition="!Skin.HasSetting(Views.UseAltCombined)">
            <param name="id">503</param>
            <param name="icon_base_var">Image_Icon</param>
            <param name="layout_include">Layout_Square</param>
            <param name="item_w">view_poster_item_w</param>
            <param name="item_h">view_poster_item_h</param>
            <param name="prefix">mf_wp</param>
            <param name="visible">[$EXP[Exp_FilterWall_IsMedia] + Control.IsVisible(502)]</param>
        </include>
        <include content="MediaFilter_Wall" condition="!Skin.HasSetting(Views.UseAltCombined)">
            <param name="id">513</param>
            <param name="icon_base_var">Image_Landscape</param>
            <param name="layout_include">Layout_Landscape</param>
            <param name="item_w">view_landscape_item_w</param>
            <param name="item_h">view_landscape_item_h</param>
            <param name="prefix">mf_wl</param>
            <param name="enable_9">false</param>
            <param name="enable_10">false</param>
            <param name="enable_11">false</param>
            <param name="enable_12">false</param>
            <param name="visible">[$EXP[Exp_FilterWall_IsMedia] + Control.IsVisible(512)]</param>
        </include>
        <include content="MediaFilter_Wall" condition="!Skin.HasSetting(Views.UseAltCombined)">
            <param name="id">523</param>
            <param name="icon_base_var">Image_Poster</param>
            <param name="layout_include">Layout_Poster</param>
            <param name="item_w">view_poster_item_w</param>
            <param name="item_h">view_poster_item_h</param>
            <param name="prefix">mf_wp</param>
            <param name="visible">[$EXP[Exp_FilterWall_IsMedia] + Control.IsVisible(522)]</param>
        </include>
    </include>

    <include name="MediaFilter_Wall">
        <param name="id">52</param>
        <param name="icon_base_var">Image_Poster</param>
        <param name="layout_include">Layout_Poster</param>
        <param name="item_w">view_poster_item_w</param>
        <param name="item_h">view_poster_item_h</param>
        <param name="prefix">mf_wp</param>
        <definition>

            <control type="group">

                <animation effect="slide" start="0" end="-view_poster_itemlayout_w" time="400" tween="quadratic" easing="out" condition="!Container($PARAM[id]).OnNext + !Control.HasFocus($PARAM[id])" reversible="false">Conditional</animation>
                <animation effect="slide" start="0" end="view_poster_itemlayout_w" time="400" tween="quadratic" easing="out" condition="!Container($PARAM[id]).OnPrevious + !Control.HasFocus($PARAM[id])" reversible="false">Conditional</animation>

                <include content="MediaFilter_Wall_Poster_Row">
                    <param name="layout_include">$PARAM[layout_include]</param>
                    <param name="item_w">$PARAM[item_w]</param>
                    <param name="item_h">$PARAM[item_h]</param>
                    <param name="prefix">$PARAM[prefix]</param>
                    <param name="icon_base_var">$PARAM[icon_base_var]</param>
                    <param name="interchange_condition">$PARAM[interchange_condition]</param>
                    <param name="visible">$PARAM[visible]</param>
                    <param name="visible_animation_include">$PARAM[visible_animation_include]</param>
                    <param name="selected">[Control.HasFocus(67) | Control.HasFocus($PARAM[id])] + String.IsEmpty(Window.Property(View.WallSwitchRow))</param>
                    <param name="id">$PARAM[id]</param>
                    <param name="row">1</param>
                    <param name="p_0">-4</param>
                    <param name="p_1">-2</param>
                    <param name="p_2">0</param>
                    <param name="p_3">2</param>
                    <param name="p_4">4</param>
                    <param name="p_5">6</param>
                    <param name="p_6">8</param>
                    <param name="p_7">10</param>
                    <param name="p_8">12</param>
                    <param name="p_9">14</param>
                    <param name="p_10">16</param>
                    <param name="p_11">18</param>
                    <param name="enable_0">$PARAM[enable_0]</param>
                    <param name="enable_1">$PARAM[enable_1]</param>
                    <param name="enable_2">$PARAM[enable_2]</param>
                    <param name="enable_3">$PARAM[enable_3]</param>
                    <param name="enable_4">$PARAM[enable_4]</param>
                    <param name="enable_5">$PARAM[enable_5]</param>
                    <param name="enable_6">$PARAM[enable_6]</param>
                    <param name="enable_7">$PARAM[enable_7]</param>
                    <param name="enable_8">$PARAM[enable_8]</param>
                    <param name="enable_9">$PARAM[enable_9]</param>
                    <param name="enable_10">$PARAM[enable_10]</param>
                    <param name="enable_11">$PARAM[enable_11]</param>
                    <param name="enable_12">$PARAM[enable_12]</param>
                </include>

                <include content="MediaFilter_Wall_Poster_Row">
                    <param name="layout_include">$PARAM[layout_include]</param>
                    <param name="item_w">$PARAM[item_w]</param>
                    <param name="item_h">$PARAM[item_h]</param>
                    <param name="prefix">$PARAM[prefix]</param>
                    <param name="icon_base_var">$PARAM[icon_base_var]</param>
                    <param name="interchange_condition">$PARAM[interchange_condition]</param>
                    <param name="visible">$PARAM[visible]</param>
                    <param name="visible_animation_include">$PARAM[visible_animation_include]</param>
                    <param name="selected">[Control.HasFocus(67) | Control.HasFocus($PARAM[id])] + !String.IsEmpty(Window.Property(View.WallSwitchRow))</param>
                    <param name="id">$PARAM[id]</param>
                    <param name="row">2</param>
                    <param name="p_0">-3</param>
                    <param name="p_1">-1</param>
                    <param name="p_2">1</param>
                    <param name="p_3">3</param>
                    <param name="p_4">5</param>
                    <param name="p_5">7</param>
                    <param name="p_6">9</param>
                    <param name="p_7">11</param>
                    <param name="p_8">13</param>
                    <param name="p_9">15</param>
                    <param name="p_10">17</param>
                    <param name="p_11">19</param>
                    <param name="enable_0">$PARAM[enable_0]</param>
                    <param name="enable_1">$PARAM[enable_1]</param>
                    <param name="enable_2">$PARAM[enable_2]</param>
                    <param name="enable_3">$PARAM[enable_3]</param>
                    <param name="enable_4">$PARAM[enable_4]</param>
                    <param name="enable_5">$PARAM[enable_5]</param>
                    <param name="enable_6">$PARAM[enable_6]</param>
                    <param name="enable_7">$PARAM[enable_7]</param>
                    <param name="enable_8">$PARAM[enable_8]</param>
                    <param name="enable_9">$PARAM[enable_9]</param>
                    <param name="enable_10">$PARAM[enable_10]</param>
                    <param name="enable_11">$PARAM[enable_11]</param>
                    <param name="enable_12">$PARAM[enable_12]</param>
                </include>

            </control>
        </definition>
    </include>

    <include name="MediaFilter_Node">

        <!-- Reset to Original Path before Refocus-->
        <include content="Object_Hidden_Button">
            <param name="id">21000</param>
            <onfocus condition="!String.IsEqual(Container.FolderPath,Window.Property(MediaFilterBase))">Container.Update(-,replace)</onfocus>
            <onfocus condition="!String.IsEqual(Container.FolderPath,Window.Property(MediaFilterBase))">Container.Update($INFO[Window.Property(MediaFilterBase)])</onfocus>
            <onfocus>SetProperty(MediaFilterThis,$INFO[Window.Property(MediaFilterBase)])</onfocus>
            <onfocus>SetFocus(50)</onfocus>
        </include>

        <!-- Switch Lists -->
        <include content="MediaFilter_SwitchLists_HiddenButton">
            <param name="id">21001</param>
            <param name="return_id">20001</param>
            <param name="infolabel">Container(20001).ListItem.FolderPath</param>
        </include>

        <include content="MediaFilter_SwitchLists_HiddenButton">
            <param name="id">21002</param>
            <param name="return_id">20001</param>
            <param name="infolabel">Container(20001).ListItem.Property(static_folderpath)</param>
        </include>

        <include content="MediaFilter_SwitchLists_HiddenButton">
            <param name="id">21003</param>
            <param name="return_id">20000</param>
            <param name="infolabel">Container(20000).ListItem.Property(static_folderpath)</param>
        </include>

        <include content="MediaFilter_SwitchLists_HiddenButton">
            <param name="id">21004</param>
            <param name="return_id">29002</param>
            <param name="infolabel">Window.Property(MediaFilterWipe)</param>
        </include>

        <include content="MediaFilter_SwitchLists_HiddenButton">
            <param name="id">21005</param>
            <param name="return_id">9002</param>
            <param name="infolabel">Window.Property(MediaFilterWipe)</param>
        </include>

        <!-- Side Group -->
        <control type="grouplist" id="9000">
            <left>130</left>
            <centerbottom>100</centerbottom>
            <itemgap>0</itemgap>
            <orientation>horizontal</orientation>
            <height>160</height>
            <right>-20</right>

            <onback>50</onback>
            <onup condition="String.IsEmpty(Window.Property(View.WallSwitchRow.Hold))">50</onup>
            <onup condition="!String.IsEmpty(Window.Property(View.WallSwitchRow.Hold))">ClearProperty(MediaFilterBase)</onup>
            <include content="Action_ToScrollbar_OnUp">
                <param name="condition">!String.IsEmpty(Window.Property(View.WallSwitchRow.Hold))</param>
            </include>
            <ondown>SetFocus(20000)</ondown>

            <visible>!String.IsEmpty(Window.Property(MediaFilterBase))</visible>

            <include content="Dialog_Side_Button">
                <param name="vertical">false</param>
                <param name="id">01</param>
                <param name="label">$LOCALIZE[31352]</param>
                <param name="icon">special://skin/extras/icons/arrow-right.png</param>
                <param name="textcolor">main_fg</param>
                <onclick>ClearProperty(MediaFilterBase)</onclick>
                <include>Action_ToScrollbar_OnClick</include>
            </include>

            <include content="Dialog_Side_Button">
                <param name="vertical">false</param>
                <param name="id">07</param>
                <param name="label">$LOCALIZE[587]</param>
                <param name="icon">$VAR[Image_Filtered]</param>
                <param name="textcolor">main_fg</param>
                <onclick condition="Container.CanFilterAdvanced">SetProperty(DialogSettings.Style,mediafilter,Home)</onclick>
                <onclick condition="Container.CanFilterAdvanced">Filter</onclick>
                <onclick condition="!Container.CanFilterAdvanced">SetFocus(19)</onclick>
                <onclick condition="!Container.CanFilterAdvanced">Action(Select)</onclick>
            </include>

            <include content="Dialog_Side_Button">
                <param name="vertical">false</param>
                <param name="id">10</param>
                <param name="label">$LOCALIZE[31370]</param>
                <param name="icon">special://skin/extras/icons/gem.png</param>
                <param name="textcolor">main_fg</param>
                <onclick>SetFocus(20000)</onclick>
            </include>

            <include content="Dialog_Side_Button">
                <param name="vertical">false</param>
                <param name="id">02</param>
                <param name="label">$LOCALIZE[192]</param>
                <param name="icon">special://skin/extras/icons/triangle-exclamation.png</param>
                <param name="textcolor">main_fg</param>
                <onclick condition="Container.Content(movies) + Library.HasContent(Movies) + String.IsEqual(Container.FolderPath,Window.Property(MediaFilterBase))">SetProperty(MediaFilterWipe,videodb://movies/titles)</onclick>
                <onclick condition="Container.Content(tvshows) + Library.HasContent(TVShows) + String.IsEqual(Container.FolderPath,Window.Property(MediaFilterBase))">SetProperty(MediaFilterWipe,videodb://tvshows/titles)</onclick>
                <onclick condition="[[Container.Content(movies) + !Library.HasContent(Movies)] | [Container.Content(tvshows) + !Library.HasContent(TVShows)]] | !String.IsEqual(Container.FolderPath,Window.Property(MediaFilterBase))">SetProperty(MediaFilterWipe,$INFO[Window.Property(MediaFilterBase)])</onclick>
                <onclick>SetProperty(MediaFilterSwap,1)</onclick>
                <onclick>SetFocus(21005)</onclick>
            </include>

            <include content="Dialog_Side_Button">
                <param name="vertical">false</param>
                <param name="id">04</param>
                <param name="label">$VAR[Label_Watched]</param>
                <param name="icon">$VAR[Image_Watched]</param>
                <param name="visible">Window.IsVisible(videos)</param>
                <param name="textcolor">main_fg</param>
                <onclick>SendClick(videos,14)</onclick>
            </include>

            <include content="Dialog_Side_Button">
                <param name="vertical">false</param>
                <param name="id">05</param>
                <param name="label">$INFO[Container.SortMethod]</param>
                <param name="icon">special://skin/extras/icons/sort.png</param>
                <param name="visible">Window.IsMedia</param>
                <param name="textcolor">main_fg</param>
                <onclick>SetProperty(DialogSelectType,Menu,Home)</onclick>
                <onclick>SendClick(videos,3)</onclick>
            </include>

            <include content="Dialog_Side_Button">
                <param name="vertical">false</param>
                <param name="id">06</param>
                <param name="label">$VAR[Label_SortDirection]</param>
                <param name="icon">$VAR[Image_SortDirection]</param>
                <param name="visible">Window.IsMedia</param>
                <param name="textcolor">main_fg</param>
                <onclick>SetProperty(DialogSelectType,Menu,Home)</onclick>
                <onclick>SendClick(videos,4)</onclick>
            </include>

            <include content="Dialog_Side_Button">
                <param name="vertical">false</param>
                <param name="id">22</param>
                <param name="label">$LOCALIZE[31319]</param>
                <param name="icon">special://skin/extras/icons/object-group.png</param>
                <param name="textcolor">main_fg</param>
                <onclick>Runscript(script.skinvariables,action=buildviews,contentid=$VAR[Items_ViewMode_Switch],pluginname=$INFO[Container.PluginName])</onclick>
            </include>

            <include content="Dialog_Side_Button">
                <param name="vertical">false</param>
                <param name="id">09</param>
                <param name="label">$LOCALIZE[24138]</param>
                <param name="icon">special://skin/extras/icons/update.png</param>
                <param name="visible">[Window.IsVisible(MyVideoNav.xml) | Window.IsVisible(MyMusicNav.xml)]</param>
                <param name="textcolor">main_fg</param>
                <onclick condition="Window.IsVisible(MyVideoNav.xml)">UpdateLibrary(videos)</onclick>
                <onclick condition="Window.IsVisible(MyMusicNav.xml)">UpdateLibrary(music)</onclick>
            </include>

            <include content="Dialog_Side_Button">
                <param name="vertical">false</param>
                <param name="id">24</param>
                <param name="label">Node</param>
                <param name="icon">special://skin/extras/icons/circle-plus.png</param>
                <param name="visible">[Window.IsVisible(MyVideoNav.xml) | Window.IsVisible(MyMusicNav.xml) | Window.IsVisible(MyPics.xml) | Window.IsVisible(MyPrograms.xml)]</param>
                <param name="textcolor">main_fg</param>
                <onclick>RunScript(plugin.video.themoviedb.helper,make_node,path=$INFO[Container.FolderPath],name=$VAR[Label_Section_Name],icon=DefaultFolder.png)</onclick>
            </include>

            <include content="Dialog_Side_Button">
                <param name="vertical">false</param>
                <param name="id">23</param>
                <param name="label">$LOCALIZE[31366]</param>
                <param name="icon">special://skin/extras/icons/circle-plus.png</param>
                <param name="visible">[Window.IsVisible(MyVideoNav.xml) | Window.IsVisible(MyMusicNav.xml) | Window.IsVisible(MyPics.xml) | Window.IsVisible(MyPrograms.xml)]</param>
                <param name="textcolor">main_fg</param>
                <onclick condition="Window.IsVisible(MyVideoNav.xml)">RunScript(script.skinvariables,add_skinshortcut,path=$INFO[Container.FolderPath],label=$VAR[Label_Section_Name],skin=skin.arctic.fuse,window=videos)</onclick>
                <onclick condition="Window.IsVisible(MyMusicNav.xml)">RunScript(script.skinvariables,add_skinshortcut,path=$INFO[Container.FolderPath],label=$VAR[Label_Section_Name],skin=skin.arctic.fuse,window=music)</onclick>
                <onclick condition="Window.IsVisible(MyPics.xml)">RunScript(script.skinvariables,add_skinshortcut,path=$INFO[Container.FolderPath],label=$VAR[Label_Section_Name],skin=skin.arctic.fuse,window=pictures)</onclick>
                <onclick condition="Window.IsVisible(MyPrograms.xml)">RunScript(script.skinvariables,add_skinshortcut,path=$INFO[Container.FolderPath],label=$VAR[Label_Section_Name],skin=skin.arctic.fuse,window=programs)</onclick>
            </include>

            <include content="Dialog_Side_Button">
                <param name="vertical">false</param>
                <param name="id">21</param>
                <param name="label">$LOCALIZE[559]</param>
                <param name="icon">special://skin/extras/icons/list-ol.png</param>
                <param name="visible">!Window.IsVisible(MyPlaylist.xml) + [!Integer.IsEqual(MusicPlayer.PlaylistLength,0) | !Integer.IsEqual(VideoPlayer.PlaylistLength,0)]</param>
                <param name="textcolor">main_fg</param>
                <onclick condition="!Integer.IsEqual(MusicPlayer.PlaylistLength,0)">ActivateWindow(musicplaylist)</onclick>
                <onclick condition="!Integer.IsEqual(VideoPlayer.PlaylistLength,0)">ActivateWindow(videoplaylist)</onclick>
            </include>
        </control>

        <!-- Explore Filter -->
        <include content="Dialog_Overlay_Side">
            <include>Animation_Right_Delay</include>
            <include>Dimension_DialogSideMenu</include>
            <visible>!String.IsEmpty(Window.Property(MediaFilterBase))</visible>
            <visible>Control.HasFocus(19) | Control.HasFocus(20000) | Control.HasFocus(20001) | Control.HasFocus(21002) | Control.HasFocus(21001) | !String.IsEmpty(Window.Property(MediaFilterNode)) | ControlGroup(28900).HasFocus()</visible>
            <include content="Dialog_Head">
                <param name="id">0</param>
                <param name="label">$LOCALIZE[31370]</param>
            </include>
            <include content="Dialog_Body">
                <include content="Dialog_Body_Group">
                    <param name="id">20003</param>
                    <include content="Settings_Label">
                        <top>-10</top>
                        <label>$LOCALIZE[587]</label>
                    </include>
                    <control type="edit" id="19">
                        <description>Default Setting Button</description>
                        <onup>SetFocus(20000,9999,absolute)</onup>
                        <ondown>SetFocus(20000,0,absolute)</ondown>
                        <align>left</align>
                        <onleft>9000</onleft>
                        <onback>9000</onback>
                        <onright>28900</onright>
                        <top>40</top>
                        <height>80</height>
                        <textoffsetx>40</textoffsetx>
                        <font>font_main</font>
                        <textcolor>dialog_fg_70</textcolor>
                    </control>
                    <control type="image">
                        <left>20</left>
                        <right>20</right>
                        <centertop>140</centertop>
                        <height>1</height>
                        <texture colordiffuse="main_fg_12">common/white.png</texture>
                    </control>
                    <!-- Folders -->
                    <include content="List_DialogSelect">
                        <param name="id">20000</param>
                        <param name="control">list</param>
                        <param name="misc">String.IsEqual(ListItem.FolderPath,Window.Property(MediaFilterThis))</param>
                        <param name="textcolor">dialog_fg</param>
                        <focusposition>4</focusposition>
                        <movement>5</movement>
                        <onleft>9000</onleft>
                        <onback>9000</onback>
                        <onright>28900</onright>
                        <onfocus>ClearProperty(MediaFilterNode)</onfocus>
                        <top>160</top>
                        <onup>19</onup>
                        <ondown>SetFocus(20000,0,absolute)</ondown>
                        <ondown>19</ondown>
                        <content>
                            <include>MediaFilter_FolderItems</include>
                        </content>
                    </include>
                </include>
                <include content="Dialog_Side_Grouplist">
                    <param name="id">28900</param>
                    <onright>noop</onright>
                    <onleft>20003</onleft>
                    <onback>9000</onback>
                    <include content="Dialog_Side_Button">
                        <param name="id">01</param>
                        <param name="baseid">28</param>
                        <param name="label">$LOCALIZE[186]</param>
                        <param name="icon">special://skin/extras/icons/circle-check.png</param>
                        <onclick>SetFocus(9000)</onclick>
                    </include>
                </include>
            </include>
        </include>

        <!-- Explore DrillDown -->
        <include content="Dialog_Overlay_Side">
            <include>Animation_Right_Delay</include>
            <include>Dimension_DialogSideMenu</include>
            <visible>Control.HasFocus(20001) | Control.HasFocus(21002) | Control.HasFocus(21001) | !String.IsEmpty(Window.Property(MediaFilterNode))</visible>
            <include content="Dialog_Head">
                <param name="id">0</param>
                <param name="label">[CAPITALIZE]$LOCALIZE[31370]$INFO[Container.Content, ,][/CAPITALIZE]</param>
            </include>
            <include content="Dialog_Body">
                <include content="Dialog_Body_Group">
                    <include content="Settings_Label">
                        <top>-10</top>
                        <label>$LOCALIZE[137]</label>
                    </include>
                    <control type="edit" id="20019">
                        <description>Default Setting Button</description>
                        <onup>SetFocus(20001,9999,absolute)</onup>
                        <ondown>SetFocus(20001,0,absolute)</ondown>
                        <!-- <label>$LOCALIZE[587]</label> -->
                        <enable>!String.IsEmpty(Window.Property(MediaFilterName))</enable>
                        <onback>20000</onback>
                        <onleft>20000</onleft>
                        <onright>20061</onright>
                        <align>left</align>
                        <onleft>9000</onleft>
                        <top>40</top>
                        <height>80</height>
                        <textoffsetx>40</textoffsetx>
                        <font>font_main</font>
                        <textcolor>dialog_fg_70</textcolor>
                    </control>
                    <control type="image">
                        <left>20</left>
                        <right>20</right>
                        <centertop>140</centertop>
                        <height>1</height>
                        <texture colordiffuse="main_fg_12">common/white.png</texture>
                    </control>
                    <include content="List_DialogSelect">
                        <param name="id">20001</param>
                        <param name="misc">[!String.IsEmpty(Window.Property(MediaFilterThis)) + [[!String.IsEmpty(ListItem.FolderPath) + String.IsEqual(ListItem.FolderPath,Window.Property(MediaFilterThis))] | [!String.IsEmpty(ListItem.Property(static_folderpath)) + String.IsEqual(ListItem.Property(static_folderpath),Window.Property(MediaFilterThis))]]]</param>
                        <param name="control">list</param>
                        <param name="textcolor">dialog_fg</param>
                        <focusposition>4</focusposition>
                        <movement>5</movement>
                        <top>160</top>
                        <pagecontrol>20061</pagecontrol>
                        <onup>20019</onup>
                        <ondown>20019</ondown>
                        <onback>20000</onback>
                        <onleft>20000</onleft>
                        <onright>20061</onright>
                        <onclick>SetProperty(MediaFilterSwap,1)</onclick>
                        <onclick condition="String.IsEmpty(Container(20001).ListItem.Property(static_folderpath))">SetFocus(21001)</onclick>
                        <onclick condition="!String.IsEmpty(Container(20001).ListItem.Property(static_folderpath))">SetFocus(21002)</onclick>

                        <content>
                            <item>
                                <label>$LOCALIZE[31412]</label>
                                <property name="static_folderpath">$INFO[Window.Property(MediaFilterBase)]</property>
                            </item>
                            <item>
                                <label>$LOCALIZE[31413]</label>
                                <property name="static_folderpath">videodb://movies/titles</property>
                                <visible>String.IsEqual(Window.Property(MediaFilterNode),special://skin/extras/hub/movies/lists)</visible>
                            </item>
                            <item>
                                <label>$LOCALIZE[31414]</label>
                                <property name="static_folderpath">videodb://tvshows/titles</property>
                                <visible>String.IsEqual(Window.Property(MediaFilterNode),special://skin/extras/hub/tvshows/lists)</visible>
                            </item>
                        </content>

                        <content sortby="$INFO[Window.Property(MediaFilterNode.SortBy)]" sortorder="$INFO[Window.Property(MediaFilterNode.SortOrder)]">$VAR[Path_MediaFilter_Node]</content>

                        <content>
                            <include>MediaFilter_StaticItems</include>
                        </content>
                    </include>
                </include>
                <include content="Dialog_Scrollbar">
                    <param name="id">20061</param>
                    <onleft>20001</onleft>
                    <onright>29000</onright>
                    <onback>20000</onback>
                </include>
                <include content="Dialog_Side_Grouplist">
                    <param name="id">29000</param>
                    <onright>noop</onright>
                    <onleft>20061</onleft>
                    <onback>20000</onback>
                    <include content="Dialog_Side_Button">
                        <param name="id">01</param>
                        <param name="baseid">29</param>
                        <param name="label">$LOCALIZE[186]</param>
                        <param name="icon">special://skin/extras/icons/circle-check.png</param>
                        <onclick>SetFocus(20000)</onclick>
                    </include>
                    <include content="Dialog_Side_Button">
                        <param name="id">02</param>
                        <param name="baseid">29</param>
                        <param name="label">$LOCALIZE[192]</param>
                        <param name="icon">special://skin/extras/icons/triangle-exclamation.png</param>
                        <onclick condition="Container.Content(movies) + String.IsEmpty(Container.PluginName) + String.IsEqual(Container.FolderPath,Window.Property(MediaFilterBase))">SetProperty(MediaFilterWipe,videodb://movies/titles)</onclick>
                        <onclick condition="Container.Content(tvshows) + String.IsEmpty(Container.PluginName) + String.IsEqual(Container.FolderPath,Window.Property(MediaFilterBase))">SetProperty(MediaFilterWipe,videodb://tvshows/titles)</onclick>
                        <onclick condition="!String.IsEmpty(Container.PluginName) | !String.IsEqual(Container.FolderPath,Window.Property(MediaFilterBase))">SetProperty(MediaFilterWipe,$INFO[Window.Property(MediaFilterBase)])</onclick>
                        <onclick>SetProperty(MediaFilterSwap,1)</onclick>
                        <onclick>SetFocus(21004)</onclick>
                    </include>
                </include>
            </include>
        </include>
    </include>

    <include name="MediaFilter_Discover_Wall">
        <include content="MediaFilter_Wall" condition="!Skin.HasSetting(DisableMediaFilterWall)">
            <param name="id">553</param>
            <param name="visible">$EXP[Exp_FilterWall_IsDiscover]</param>
            <param name="interchange_condition">[!Container(553).IsUpdating]</param>
        </include>
        <include content="List_Poster_Row">
            <param name="id">553</param>
            <onup>55</onup>
            <ondown>55</ondown>
            <onback>55</onback>
            <content>$VAR[Path_Discover_Content]</content>
            <height>divider_bottom</height>
            <bottom>40</bottom>
            <visible>Control.IsVisible(55)</visible>
            <include>MediaFilter_View_Transition</include>
        </include>
    </include>

    <include name="MediaFilter_Discover_Node">


        <include content="Dialog_Overlay_Side">
            <include>Animation_Right_Delay</include>
            <include>Dimension_DialogSideMenu</include>
            <visible>Control.IsVisible(55)</visible>
            <!-- <visible allowhiddenfocus="true">!Control.HasFocus(553)</visible> -->
            <include content="Dialog_Head">
                <param name="label">[CAPITALIZE]$INFO[Container(55).ListItemAbsolute(0).Label][/CAPITALIZE]</param>
            </include>
            <include content="Dialog_Body">
                <include content="Dialog_Body_Group">
                    <include content="List_DialogSelect">
                        <param name="id">55</param>
                        <param name="textcolor">dialog_fg</param>
                        <movement>8</movement>
                        <!-- <onleft>553</onleft> -->
                        <onleft>SetFocus(55,0,absolute)</onleft>
                        <onleft>Action(Select)</onleft>
                        <onright>550</onright>
                        <visible>$EXP[Exp_View_55]</visible>
                        <onfocus>SetProperty(TMDbHelper.WidgetContainer,553)</onfocus>
                    </include>
                </include>
                <include content="Dialog_Side_Grouplist">
                    <param name="id">550</param>
                    <onleft>55</onleft>
                    <include content="Dialog_Side_Button">
                        <param name="baseid">55</param>
                        <param name="id">01</param>
                        <param name="label">Movies</param>
                        <param name="icon">special://skin/extras/icons/binoculars.png</param>
                        <param name="visible">String.IsEqual(Container(55).ListItemAbsolute(0).Property(Param.TMDb_Type),movie)</param>
                        <onclick>Container.Update(plugin://plugin.video.themoviedb.helper/?info=user_discover&amp;tmdb_type=tv)</onclick>
                    </include>
                    <include content="Dialog_Side_Button">
                        <param name="baseid">55</param>
                        <param name="id">02</param>
                        <param name="label">TV Shows</param>
                        <param name="icon">special://skin/extras/icons/binoculars.png</param>
                        <param name="visible">String.IsEqual(Container(55).ListItemAbsolute(0).Property(Param.TMDb_Type),tv)</param>
                        <onclick>Container.Update(plugin://plugin.video.themoviedb.helper/?info=user_discover&amp;tmdb_type=movie)</onclick>
                    </include>

                    <include content="Dialog_Side_Button">
                        <param name="baseid">55</param>
                        <param name="id">03</param>
                        <param name="label">Match</param>
                        <param name="icon">special://skin/extras/icons/scale-unbalanced.png</param>
                        <param name="visible">true</param>
                        <onclick>Container.Update($INFO[Container(55).ListItemAbsolute(1).FolderPath])</onclick>
                    </include>

                    <include content="Dialog_Side_Button">
                        <param name="baseid">55</param>
                        <param name="id">04</param>
                        <param name="label">Sort</param>
                        <param name="icon">special://skin/extras/icons/sort2.png</param>
                        <param name="visible">true</param>
                        <onclick>Container.Update($INFO[Container(55).ListItemAbsolute(2).FolderPath])</onclick>
                    </include>

                    <include content="Dialog_Side_Button">
                        <param name="baseid">55</param>
                        <param name="id">05</param>
                        <param name="label">Add Rule</param>
                        <param name="icon">special://skin/extras/icons/circle-plus.png</param>
                        <param name="visible">true</param>
                        <onclick>Container.Update(plugin://plugin.video.themoviedb.helper/?info=user_discover&amp;method=add_rule&amp;tmdb_type=movie)</onclick>
                    </include>

                    <include content="Dialog_Side_Button">
                        <param name="baseid">55</param>
                        <param name="id">06</param>
                        <param name="label">Clear</param>
                        <param name="icon">special://skin/extras/icons/triangle-exclamation.png</param>
                        <param name="visible">true</param>
                        <onclick>Container.Update(plugin://plugin.video.themoviedb.helper/?info=user_discover&amp;method=clear&amp;tmdb_type=movie)</onclick>
                    </include>

                    <include content="Dialog_Side_Button">
                        <param name="baseid">55</param>
                        <param name="id">07</param>
                        <param name="label">Save</param>
                        <param name="icon">special://skin/extras/icons/floppy-disk.png</param>
                        <param name="visible">true</param>
                        <onclick>Container.Update(plugin://plugin.video.themoviedb.helper/?info=user_discover&amp;method=save&amp;tmdb_type=movie)</onclick>
                    </include>
                </include>
            </include>
        </include>
    </include>


    <include name="MediaFilter_View_Transition">
        <param name="condition">[$EXP[Exp_FilterWall_IsMedia] | $EXP[Exp_FilterWall_IsDiscover]]</param>
        <param name="delay">mf_faded_h_r</param>
        <definition>
            <animation effect="fade" start="0" end="100" delay="$PARAM[delay]" time="1" reversible="false" condition="!$PARAM[condition]">Conditional</animation>
            <animation effect="fade" start="100" end="0" reversible="false" condition="$PARAM[condition]">Conditional</animation>
        </definition>
    </include>

    <include name="MediaFilter_Info_Transition">
        <animation effect="fade" start="0" end="100" delay="200" time="400" reversible="false" condition="![$EXP[Exp_FilterWall_IsMedia] | $EXP[Exp_FilterWall_IsDiscover]]">Conditional</animation>
        <animation effect="fade" start="100" end="0" delay="0" time="200" reversible="false" condition="[$EXP[Exp_FilterWall_IsMedia] | $EXP[Exp_FilterWall_IsDiscover]]">Conditional</animation>
    </include>

    <include name="MediaFilter_Wall_Visible">
        <animation type="Visible" reversible="false">
            <effect type="fade" start="0" end="100" delay="0" time="0" />
            <effect type="slide" start="$PARAM[prefix]_start_x_$PARAM[row]_$PARAM[col],$PARAM[prefix]_start_y_$PARAM[row]" end="0" time="400" delay="mf_delay_v_$PARAM[col]" tween="cubic" easing="out" />
        </animation>

        <animation type="Hidden" reversible="false">
            <effect type="slide" end="$PARAM[prefix]_start_x_$PARAM[row]_$PARAM[col],$PARAM[prefix]_start_y_$PARAM[row]" start="0" time="400" delay="mf_delay_h_$PARAM[col]" tween="cubic" easing="out" />
            <effect type="fade" start="100" end="0" delay="mf_faded_h_$PARAM[col]" time="0" />
        </animation>
    </include>

    <include name="MediaFilter_Wall_Interchange">
        <animation type="Conditional" reversible="false" condition="![$PARAM[interchange_condition]] ">
            <effect type="zoom" end="75" start="100" time="200" delay="mf_delay_h_$PARAM[col]" tween="quadratic" easing="out" center="auto" />
            <effect type="fade" end="0" start="100" time="200" delay="mf_delay_h_$PARAM[col]" tween="quadratic" easing="out" />
        </animation>

        <animation type="Conditional" reversible="false" condition="$PARAM[interchange_condition]">
            <effect type="zoom" start="75" end="100" time="200" delay="mf_delay_h_$PARAM[col]" tween="quadratic" easing="out" center="auto" />
            <effect type="fade" start="0" end="100" time="200" delay="mf_delay_h_$PARAM[col]" tween="quadratic" easing="out" />
        </animation>
    </include>
</includes>
