<?xml version="1.0" encoding="UTF-8"?>
<window type="dialog">
    <defaultcontrol>10</defaultcontrol>
    <controls>
        <include content="Dialog_Overlay_Side">
            <param name="topline">false</param>
            <param name="subline">false</param>
            <include>Animation_Right_Delay</include>
            <include>Dimension_DialogFullMenu</include>
            <include content="Dialog_Head">
                <param name="id">2</param>
            </include>
            <include content="Dialog_Body">
                <include content="Dialog_Body_Group">
                    <control type="group">
                        <!-- Left Group -->
                        <control type="group">
                            <width>50%</width>

                            <control type="image">
                                <texture colordiffuse="main_fg_12">common/white.png</texture>
                                <height>1</height>
                                <top>-20</top>
                                <left>20</left>
                                <right>80</right>
                            </control>

                            <control type="image">
                                <texture colordiffuse="main_fg_12">common/white.png</texture>
                                <height>1</height>
                                <bottom>-20</bottom>
                                <left>20</left>
                                <right>80</right>
                            </control>

                            <control type="grouplist" id="7000">
                                <onright>10</onright>
                                <right>60</right>
                                <!-- <include content="Settings_Label">
                                    <param name="id">7900</param>
                                    <param name="control">label</param>
                                    <label>$LOCALIZE[33063]</label>
                                </include> -->
                                <include content="Settings_Button">
                                    <param name="id">22</param>
                                    <param name="control">button</param>
                                    <label>$LOCALIZE[467]</label>
                                </include>
                                <include content="Settings_Button">
                                    <param name="id">12</param>
                                    <param name="control">button</param>
                                    <label>$LOCALIZE[551]</label>
                                </include>
                                <control type="group" id="79001">
                                    <height>40</height>
                                    <control type="image">
                                        <centertop>50%</centertop>
                                        <left>20</left>
                                        <right>20</right>
                                        <texture colordiffuse="main_fg_12">common/white.png</texture>
                                        <height>1</height>
                                    </control>
                                </control>
                                <include content="Settings_Label">
                                    <param name="id">7900</param>
                                    <param name="control">label</param>
                                    <label>$LOCALIZE[33063]</label>
                                </include>
                                <include content="Settings_Button">
                                    <param name="id">16</param>
                                    <param name="control">button</param>
                                    <label>$LOCALIZE[21424]</label>
                                </include>
                                <include content="Settings_Button">
                                    <param name="id">17</param>
                                    <param name="control">button</param>
                                    <label>$LOCALIZE[21427]</label>
                                </include>
                                <include content="Settings_Button">
                                    <param name="id">18</param>
                                    <param name="control">button</param>
                                    <label>$LOCALIZE[21429]</label>
                                </include>
                                <include content="Settings_Button">
                                    <param name="id">19</param>
                                    <param name="control">button</param>
                                    <label>$LOCALIZE[31015]</label>
                                </include>
                                <include content="Settings_Button">
                                    <param name="id">23</param>
                                    <param name="control">button</param>
                                    <label>$LOCALIZE[21458]</label>
                                </include>
                                <include content="Settings_Button">
                                    <param name="id">24</param>
                                    <param name="control">radiobutton</param>
                                    <label>$LOCALIZE[20395]</label>
                                </include>
                            </control>

                        </control>
                        <control type="group">
                            <left>50%</left>
                            <right>20</right>
                            <control type="image">
                                <left>-40</left>
                                <top>-20</top>
                                <bottom>-20</bottom>
                                <texture colordiffuse="main_fg_12" border="40">common/dialog.png</texture>
                            </control>
                            <control type="group">
                                <left>-20</left>
                                <right>20</right>
                                <include content="List_DialogSelect">
                                    <param name="id">10</param>
                                    <param name="itemlayout_include">Layout_DialogBasic</param>
                                    <top>0</top>
                                    <onleft>7000</onleft>
                                    <onright>9000</onright>
                                    <bottom>120</bottom>
                                </include>
                                <control type="textbox">
                                    <bottom>0</bottom>
                                    <aligny>center</aligny>
                                    <height>120</height>
                                    <label>$LOCALIZE[31133]</label>
                                    <font>font_mini_plot</font>
                                    <left>10</left>
                                    <right>10</right>
                                </control>
                            </control>
                        </control>
                    </control>
                </include>
                <include content="Dialog_Scrollbar">
                    <onright>20</onright>
                    <onleft>Close</onleft>
                    <centerleft>0</centerleft>
                </include>

                <include content="Dialog_Side_Grouplist">
                    <param name="id">9000</param>
                    <onright>noop</onright>
                    <onleft>10</onleft>
                    <include content="DialogInfo_Button">
                        <param name="vertical">true</param>
                        <param name="id">20</param>
                        <param name="groupid">9101</param>
                        <param name="sliceid">9201</param>
                        <param name="label">$LOCALIZE[186]</param>
                        <param name="icon">special://skin/extras/icons/circle-check.png</param>
                        <include content="DialogInfo_Button_HintLabel">
                            <param name="label">$LOCALIZE[186]</param>
                        </include>
                    </include>
                    <include content="DialogInfo_Button">
                        <param name="vertical">true</param>
                        <param name="id">21</param>
                        <param name="groupid">9103</param>
                        <param name="sliceid">9203</param>
                        <param name="label">$LOCALIZE[222]</param>
                        <param name="icon">special://skin/extras/icons/circle-xmark.png</param>
                        <include content="DialogInfo_Button_HintLabel">
                            <param name="label">$LOCALIZE[222]</param>
                        </include>
                    </include>
                </include>
            </include>
        </include>
    </controls>
</window>