<?xml version="1.0" encoding="UTF-8"?>
<window>
    <defaultcontrol always="true">11</defaultcontrol>
    <controls>

        <include>Object_Overlay</include>
        <include content="Dialog_Background">
            <include>Animation_SlideIn_Dialog</include>
            <include>Dimension_DialogSource</include>
            <include>Dialog_Overlay_Buttons</include>
            <include content="Dialog_Header">
                <param name="id" value="2" />
                <visible>!$EXP[Exp_OverlayDialogs]</visible>
            </include>

            <control type="group">
                <right>dialog_button_width_padded</right>
                <control type="group">
                    <height>grid_x4</height>
                    <include content="Dialog_Group">
                        <include content="Object_Keyboard_Button" description="Text Entry">
                            <param name="id" value="12" />
                            <param name="control" value="edit" />
                            <width>100%</width>
                            <ondown>11</ondown>
                            <textoffsetx>grid_x1</textoffsetx>
                        </include>
                    </include>
                </control>
                <control type="group">
                    <top>grid_x4</top>
                    <control type="group">
                        <include content="List_DialogSelect">
                            <param name="id" value="10" />
                            <param name="altfocus" value="Control.HasFocus(10) | Control.HasFocus(11) | Control.HasFocus(13) | Control.HasFocus(14) | Control.HasFocus(9001)" />
                            <param name="itemlayout_include" value="Layout_DialogBasic" />
                            <param name="misc" value="320" />
                            <onleft>13</onleft>
                            <onright>11</onright>
                            <onup>12</onup>
                            <bottom>grid_x4</bottom>
                        </include>

                        <control type="grouplist">
                            <orientation>horizontal</orientation>
                            <height>grid_x2</height>
                            <align>right</align>
                            <right>grid_x1</right>
                            <itemgap>48</itemgap>
                            <onleft>14</onleft>
                            <onright>9000</onright>
                            <onup condition="Integer.IsEqual(Container(10).CurrentItem,1)">12</onup>
                            <onup condition="!Integer.IsEqual(Container(10).CurrentItem,1)">Control.Move(10,-1)</onup>
                            <ondown condition="!String.IsEmpty(Container(10).ListItemNoWrap(1).Label)">Control.Move(10,1)</ondown>
                            <animation effect="slide" start="0" end="0,grid_x2" condition="Container(10).Position(1)">Conditional</animation>
                            <animation effect="slide" start="0" end="0,grid_x4" condition="Container(10).Position(2)">Conditional</animation>
                            <animation effect="slide" start="0" end="0,grid_x6" condition="Container(10).Position(3)">Conditional</animation>
                            <animation effect="slide" start="0" end="0,grid_x8" condition="Container(10).Position(4)">Conditional</animation>
                            <animation effect="slide" start="0" end="0,grid_x10" condition="Container(10).Position(5)">Conditional</animation>
                            <animation effect="slide" start="0" end="0,grid_x12" condition="Container(10).Position(6)">Conditional</animation>
                            <animation effect="slide" start="0" end="0,grid_x14" condition="Container(10).Position(7)">Conditional</animation>
                            <animation effect="slide" start="0" end="0,grid_x16" condition="Container(10).Position(8)">Conditional</animation>
                            <visible allowhiddenfocus="true">Control.HasFocus(10) | Control.HasFocus(11) | Control.HasFocus(13) | Control.HasFocus(14) | Control.HasFocus(9001)</visible>
                            <control type="button" id="14">
                                <width>32</width>
                                <height>32</height>
                                <centertop>50%</centertop>
                                <hitrect x="-24" y="-24" w="80" h="80" />
                                <texturenofocus colordiffuse="80ffffff">buttons/cross.png</texturenofocus>
                                <texturefocus colordiffuse="$VAR[ColorSelected]">buttons/cross.png</texturefocus>
                                <font />
                                <textcolor>00ffffff</textcolor>
                                <selectedcolor>00ffffff</selectedcolor>
                                <focusedcolor>00ffffff</focusedcolor>
                                <visible>Control.IsEnabled(14)</visible>
                            </control>
                            <control type="button" id="13">
                                <width>32</width>
                                <height>32</height>
                                <centertop>50%</centertop>
                                <hitrect x="-24" y="-24" w="80" h="80" />
                                <texturenofocus colordiffuse="80ffffff">buttons/plus.png</texturenofocus>
                                <texturefocus colordiffuse="$VAR[ColorSelected]">buttons/plus.png</texturefocus>
                                <font />
                                <textcolor>00ffffff</textcolor>
                                <selectedcolor>00ffffff</selectedcolor>
                                <focusedcolor>00ffffff</focusedcolor>
                                <visible>Control.IsEnabled(13)</visible>
                            </control>
                            <control type="togglebutton" id="9001">
                                <width>32</width>
                                <height>32</height>
                                <centertop>50%</centertop>
                                <hitrect x="-24" y="-24" w="80" h="80" />
                                <texturenofocus colordiffuse="80ffffff">buttons/editname.png</texturenofocus>
                                <texturefocus colordiffuse="$VAR[ColorSelected]">buttons/editname.png</texturefocus>
                                <alttexturefocus colordiffuse="$VAR[ColorSelected]">buttons/editname.png</alttexturefocus>
                                <alttexturenofocus colordiffuse="$VAR[ColorSelected]">buttons/editname.png</alttexturenofocus>
                                <font />
                                <usealttexture>Control.HasFocus(10)</usealttexture>
                                <textcolor>00ffffff</textcolor>
                                <selectedcolor>00ffffff</selectedcolor>
                                <focusedcolor>00ffffff</focusedcolor>
                                <onfocus>SetFocus(10)</onfocus>
                            </control>
                            <control type="button" id="11">
                                <width>32</width>
                                <height>32</height>
                                <centertop>50%</centertop>
                                <hitrect x="-24" y="-24" w="80" h="80" />
                                <texturenofocus colordiffuse="80ffffff">buttons/browse.png</texturenofocus>
                                <texturefocus colordiffuse="$VAR[ColorSelected]">buttons/browse.png</texturefocus>
                                <font />
                                <textcolor>00ffffff</textcolor>
                                <selectedcolor>00ffffff</selectedcolor>
                                <focusedcolor>00ffffff</focusedcolor>
                                <visible>Control.IsEnabled(11)</visible>
                            </control>
                        </control>
                    </control>
                </control>
            </control>

            <include content="Dialog_Group">
                <control type="group">
                    <right>0</right>
                    <width>dialog_button_width</width>
                    <control type="grouplist" id="9000">
                        <onleft>11</onleft>
                        <itemgap>20</itemgap>
                        <control type="button" id="18" description="OK">
                            <height>grid_x2</height>
                            <label>$LOCALIZE[186]</label>
                        </control>
                        <control type="button" id="19" description="Cancel">
                            <height>grid_x2</height>
                            <label>$LOCALIZE[222]</label>
                        </control>
                    </control>
                </control>
            </include>
        </include>
    </controls>
</window>
