<?xml version="1.0" encoding="UTF-8"?>
<window type="dialog">
    <defaultcontrol always="true">5000</defaultcontrol>
    <menucontrol>9000</menucontrol>
    <onunload>ClearProperty(HasTrailer,Home)</onunload>
    <controls>

        <include condition="Window.IsVisible(fullscreenvideo)">Background_Main</include>

        <include content="DialogInfo_MainGroup">
            <include content="DialogInfo_LeftGroup">
                <param name="icon">$VAR[Image_ContextPoster]</param>
                <param name="poster_visible">$EXP[Exp_ContextMenu_HasPoster]</param>

                <!-- Use Square when Poster not available -->
                <include content="Object_BigPoster">
                    <param name="aspectratio">keep</param>
                    <param name="diffuse">diffuse/square_w544_h544.png</param>
                    <top>view_top</top>
                    <left>view_pad</left>
                    <height>dialoginfo_poster_w</height>
                    <width>dialoginfo_poster_w</width>
                    <visible>!$EXP[Exp_ContextMenu_HasPoster]</visible>
                </include>
            </include>

            <include content="DialogInfo_RightGroup">
                <!-- Info -->
                <control type="group">
                    <visible>!Control.HasFocus(61)</visible>
                    <visible>!Control.HasFocus(7001) | !Player.HasVideo</visible>
                    <include>Animation_DialogInfo_Recommendations</include>

                    <!-- Video Info -->
                    <include content="Info_Panel">
                        <param name="ratings" value="!String.IsEmpty(Window(home).Property(TMDbHelper.ListItem.TMDb_Rating)) | !String.IsEmpty(Window(home).Property(TMDbHelper.ListItem.Trakt_Rating)) | !String.IsEmpty(Window(home).Property(TMDbHelper.ListItem.IMDb_Rating)) | !String.IsEmpty(Window(Home).Property(TMDbHelper.ListItem.Status))" />
                        <param name="plotheight" value="info_plot_large_h" />
                    </include>

                    <!-- Button Group -->
                    <include content="DialogInfo_ButtonGroup">
                        <param name="include">Items_DialogPVRInfo_MenuBar</param>
                    </include>

                    <!-- Video Details -->
                    <include content="DialogInfo_VideoDetails">
                        <top>480</top>
                    </include>

                    <!-- Codecs -->
                    <control type="group">
                        <height>40</height>
                        <bottom>0</bottom>
                        <include>Info_Codecs</include>
                        <include>Info_Studio</include>
                    </control>

                    <!-- Mouse Nav Button -->
                    <!-- <include content="Object_Control">
                        <param name="control">group</param>
                        <bottom>-80</bottom>
                        <height>140</height>
                        <include content="Object_NavButton">
                            <param name="flipy">true</param>
                            <param name="id">5000</param>
                        </include>
                    </include> -->
                </control>

                <!-- Trailer and Plot -->
                <include>DialogInfo_VideoTrailer</include>
                <include>DialogInfo_PlotBox</include>
            </include>

            <include>Furniture_Top_Left</include>
        </include>

        <control type="group">
            <visible>!Window.IsVisible(1120)</visible>
            <include>Furniture_Top_Right</include>
        </control>

        <include content="Object_Options_Menu">
            <param name="grouplist_items" value="Items_DialogPVRInfo_Options" />
            <param name="visible" value="!$EXP[Exp_OverlayDialogs]" />
            <param name="onback" value="5000" />
            <param name="usemousefocus">true</param>
        </include>

        <include>DialogInfo_VideoTrailerFullscreen</include>
        <include>DialogInfo_RecommendationsButton</include>
        <include>DialogInfo_FilePathInfo</include>
    </controls>
</window>