<?xml version="1.0" encoding="UTF-8"?>
<window>
    <include content="Action_SettingsCategories_Onload">
        <param name="defaultcontrol">3</param>
    </include>
    <controls>

        <include content="Background_Main">
            <param name="plain_background">true</param>
        </include>
        <include content="Background_Transition">
            <param name="windowopen_condition">!$EXP[Exp_SettingsDialogs_Prev]</param>
            <param name="windowclose_condition">!$EXP[Exp_SettingsDialogs_Next]</param>
        </include>

        <include content="Settings_Dialog">
            <include content="DialogInfo_ButtonGroup_Basic">
                <param name="id">30000</param>
                <param name="dim_visible">false</param>
                <onright>3</onright>
                <onleft>SetFocus(30040)</onleft>
                <include content="Settings_Side_Button">
                    <param name="id">01</param>
                    <param name="label">$LOCALIZE[15067]</param>
                    <param name="icon">special://skin/extras/icons/circle-xmark.png</param>
                    <onclick>PreviousMenu</onclick>
                </include>
                <include content="Settings_Side_Button">
                    <param name="id">02</param>
                    <param name="label">$LOCALIZE[33061]</param>
                    <param name="icon">special://skin/extras/icons/bars.png</param>
                    <onclick>SetFocus(30040)</onclick>
                </include>
            </include>
            <include content="Settings_Main_Group">
                <include content="Settings_Left_Group">
                    <include content="Settings_Left_Grouplist">
                        <param name="id">3</param>
                        <onleft>30000</onleft>
                        <!-- <onup>30032</onup> -->
                        <onright>2</onright>
                        <!-- <ondown>-</ondown> -->
                        <include content="Settings_Button">
                            <param name="id">4</param>
                            <param name="control">radiobutton</param>
                            <include>Texture_Highlight_ToggleButton_Settings</include>
                            <radiowidth>104</radiowidth>
                            <focusedcolor>$VAR[ColorSettingsToggleButtonText]</focusedcolor>
                            <width>settings_category_w</width>
                            <description>Default Category Button</description>
                            <label>$LOCALIZE[10029]</label>
                        </include>
                        <include content="Settings_Label">
                            <param name="control">label</param>
                            <param name="id">9003</param>
                            <label>$LOCALIZE[33084]</label>
                            <enable>!System.HasLoginScreen</enable>
                            <disabledcolor>main_fg_12</disabledcolor>
                        </include>
                        <include content="Settings_Button">
                            <param name="id">5</param>
                            <param name="control">button</param>
                            <include>Texture_Highlight_ToggleButton_Settings</include>
                            <focusedcolor>$VAR[ColorSettingsToggleButtonText]</focusedcolor>
                            <description>Default Category Button</description>
                            <label>$INFO[System.ProfileAutoLogin]</label>
                            <enable>!System.HasLoginScreen</enable>
                            <disabledcolor>main_fg_12</disabledcolor>
                        </include>
                    </include>
                </include>

                <include content="Settings_Right_Group">
                    <include content="Settings_Right_Grouplist">
                        <param name="id">8000</param>
                        <onleft>3</onleft>
                        <control type="panel" id="2">
                            <height>720</height>
                            <onleft>3</onleft>
                            <onup>2</onup>
                            <ondown>2</ondown>
                            
                            <itemlayout height="120">
                                <control type="group">
                                    <left>40</left>
                                    <right>40</right>
                                    <include content="Object_ListItem_Iconic">
                                        <param name="icon">$VAR[Image_ProfileIcon]</param>
                                    </include>
                                    <include content="Object_IsSelected_Checkmark">
                                        <param name="selected">String.IsEqual(ListItem.Label,System.ProfileName)</param>
                                    </include>
                                </control>
                            </itemlayout>
                            <focusedlayout height="120">
                                <control type="image">
                                    <include>Texture_Menu_Highlight_H</include>
                                </control>
                                <control type="group">
                                    <left>40</left>
                                    <right>40</right>
                                    <include content="Object_ListItem_Iconic">
                                        <param name="color">$VAR[ColorSelected]</param>
                                        <param name="icon">$VAR[Image_ProfileIcon]</param>
                                    </include>
                                    <include content="Object_IsSelected_Checkmark_Focus">
                                        <param name="selected">String.IsEqual(ListItem.Label,System.ProfileName)</param>
                                    </include>
                                </control>
                            </focusedlayout>
                        </control>
                    </include>

                    <include content="Settings_InfoText">
                        <param name="id">6</param>
                    </include>
                </include>
                <include>Settings_KodiVersion</include>
            </include>
            <include content="Settings_Changer">
                <onup>3</onup>
            </include>
        </include>


    </controls>

</window>
