{
    "infolabels": {
        "widget_genxml": "Skin.String(SkinShortcuts.WidgetBuildLine)",
        "shortcut_menugroups": "Skin.String(SkinShortcuts.SubmenuIDs)"
    },
    "values": {
        "shortcut_basegroups": ["mainmenu|powermenu|powersubmenu|searchmenu|exploremenu"],
        "shortcut_hubsgroups": ["moviemenu|tvshowmenu|musicmenu|pvrmenu|custom01menu|custom02menu|custom03menu|custom04menu"],
        "shortcut_hubwidgets": ["mainwidgets|moviewidgets|tvshowwidgets|musicwidgets|pvrwidgets|custom01widgets|custom02widgets|custom03widgets|custom04widgets"]
    },
    "actions": [
        "route=action=buildtemplate&genxml={widget_genxml}&no_reload=true",
        "sleep=0.5",
        "RunScript(script.skinshortcuts,type=buildxml&mainmenuID=300&levels=2&group={shortcut_basegroups}|{shortcut_hubsgroups}|{shortcut_hubwidgets}|{shortcut_menugroups})"
    ]
}