<addon id="skin.arctic.horizon" name="Arctic Horizon" provider-name="jurialmunkey" version="0.1.40">
    <requires>
        <import addon="xbmc.gui" version="5.14.0" />
        <import addon="script.skinshortcuts" version="0.4.0" />
        <import addon="script.colorbox" version="2.0.0" />
        <import addon="script.image.resource.select" version="0.0.5" />
        <import addon="plugin.video.themoviedb.helper" version="2.2.84" />
        <import addon="resource.images.studios.white" version="0.0.10" />
        <import addon="resource.images.weathericons.white" version="0.0.1" />
        <import addon="resource.images.moviegenreicons.transparent" version="0.0.6" />
        <import addon="resource.images.moviecountryicons.maps" version="0.0.1" />
    </requires>
    <extension debugging="false" defaultthemename="Textures.xbt" effectslowdown="1" point="xbmc.gui.skin">
        <res aspect="16:9" default="true" folder="1080i" height="1080" width="1920" />
    </extension>
    <extension point="xbmc.addon.metadata">
        <summary lang="en">Minimal. Simple.</summary>
        <description lang="en">Arctic Horizon is a minimalistic skin with an emphasis on simplicity.</description>
        <platform>all</platform>
        <license>Creative Commons Attribution Non-Commercial Share-Alike 4.0</license>
        <forum />
        <source />
        <assets>
            <icon>icon.png</icon>
            <fanart>fanart.jpg</fanart>
            <screenshot>resources/screenshot-01.jpg</screenshot>
            <screenshot>resources/screenshot-02.jpg</screenshot>
            <screenshot>resources/screenshot-03.jpg</screenshot>
            <screenshot>resources/screenshot-04.jpg</screenshot>
            <screenshot>resources/screenshot-05.jpg</screenshot>
        </assets>
    </extension>
</addon>