<?xml version="1.0" encoding="UTF-8"?>
<window type="dialog" id="1155">
    <defaultcontrol always="true">8000</defaultcontrol>
    <controls>

        <include content="Dialog_Overlay_Side">
            <include>Animation_Right_Delay</include>
            <include>Dimension_DialogSideMenu</include>
            <include content="Dialog_Head">
                <param name="label">$LOCALIZE[345]</param>
            </include>
            <include content="Dialog_Body">
                <control type="group">
                    <include>Dimension_Dialog_Body_Group</include>
                    <control type="group">
                        <width>50%</width>

                        <control type="image">
                            <width>1</width>
                            <right>0</right>
                            <texture colordiffuse="main_fg_12">common/white.png</texture>
                        </control>

                        <include content="List_DialogSelect">
                            <param name="id">8000</param>
                            <param name="itemlayout_include">Layout_DialogSimple</param>
                            <param name="control">fixedlist</param>
                            <focusposition>4</focusposition>
                            <onright>8001</onright>
                            <onleft>Close</onleft>
                            <right>x01</right>
                            <onclick condition="!String.IsEmpty(Window(1105).Property(SearchDiscover.YearLow.Dialog))">SetProperty(SearchDiscover.YearLow,$INFO[Container(8000).ListItem.Label],1105)</onclick>
                            <onclick condition="String.IsEmpty(Window(1105).Property(SearchDiscover.YearLow.Dialog))">SetProperty(SearchDiscover.YearHigh,$INFO[Container(8000).ListItem.Label],1105)</onclick>
                            <onclick>Close</onclick>
                            <content>
                                <include content="Search_YearItems">
                                    <param name="include">Search_DecadeItem</param>
                                </include>
                            </content>
                        </include>
                    </control>
                    <control type="group">
                        <width>50%</width>
                        <right>0</right>
                        <include content="List_DialogSelect">
                            <param name="id">8001</param>
                            <param name="itemlayout_include">Layout_DialogSimple</param>
                            <param name="control">fixedlist</param>
                            <focusposition>4</focusposition>
                            <pagecontrol>61</pagecontrol>
                            <onright>61</onright>
                            <onleft>8000</onleft>
                            <left>x01</left>
                            <onclick condition="!String.IsEmpty(Window(1105).Property(SearchDiscover.YearLow.Dialog))">SetProperty(SearchDiscover.YearLow,$INFO[Container(8001).ListItem.Label],1105)</onclick>
                            <onclick condition="String.IsEmpty(Window(1105).Property(SearchDiscover.YearLow.Dialog))">SetProperty(SearchDiscover.YearHigh,$INFO[Container(8001).ListItem.Label],1105)</onclick>
                            <onclick>Close</onclick>
                            <content>
                                <include content="Search_YearItems">
                                    <param name="include">Search_YearItem</param>
                                </include>
                            </content>
                        </include>
                    </control>
                </control>
                <include content="Dialog_Scrollbar">
                    <param name="id">61</param>
                    <onleft>8001</onleft>
                    <onright>9000</onright>
                </include>
                <include content="Dialog_Side_Grouplist">
                    <param name="id">9000</param>
                    <onright>Close</onright>
                    <onleft>8001</onleft>
                    <include content="Dialog_Side_Button">
                        <param name="id">01</param>
                        <param name="label">$LOCALIZE[15067]</param>
                        <param name="icon">special://skin/extras/icons/circle-xmark.png</param>
                        <onclick>Close</onclick>
                    </include>
                    <include content="Dialog_Side_Button">
                        <param name="id">02</param>
                        <param name="label">$LOCALIZE[192]</param>
                        <param name="icon">special://skin/extras/icons/triangle-exclamation.png</param>
                        <onclick>ClearProperty(SearchDiscover.YearLow,1105)</onclick>
                        <onclick>ClearProperty(SearchDiscover.YearHigh,1105)</onclick>
                        <onclick>Close</onclick>
                    </include>
                </include>
            </include>
        </include>


    </controls>
</window>