<?xml version="1.0" encoding="UTF-8"?>
<window>
    <controls>

        <include content="Dialog_Overlay_Side">
            <param name="topline">false</param>
            <param name="subline">false</param>
            <include>Animation_Right_Delay</include>
            <include>Dimension_DialogFullMenu</include>
            <include content="Dialog_Head">
                <param name="id">2</param>
            </include>
            <include content="Dialog_Body">
                <include content="Dialog_Group">

                    <control type="group">
                        <left>-x02</left>
                        <top>-x02</top>
                        <bottom>x06</bottom>
                        <width>settings_category_w</width>

                        <control type="image">
                            <texture colordiffuse="dialog_fg_12">common/white.png</texture>
                            <height>1</height>
                            <top>-x02</top>
                            <left>x02</left>
                            <right>x02</right>
                        </control>

                        <control type="image">
                            <texture colordiffuse="dialog_fg_12">common/white.png</texture>
                            <height>1</height>
                            <bottom>-x02</bottom>
                            <left>x02</left>
                            <right>x02</right>
                        </control>

                        <control type="grouplist" id="3">
                            <onright>5</onright>
                        </control>
                    </control>

                    <control type="group">
                        <left>settings_category_w</left>
                        <right>x12</right>
                        <top>-x04</top>
                        <bottom>x04</bottom>
                        <control type="image">
                            <texture border="20" colordiffuse="dialog_fg_12">common/dialog.png</texture>
                        </control>
                        <control type="grouplist" id="5">
                            <left>x02</left>
                            <right>x02</right>
                            <top>x02</top>
                            <bottom>x02</bottom>
                            <onleft>3</onleft>
                            <onright>9000</onright>
                        </control>
                        <include content="Settings_InfoText">
                            <param name="id">6</param>
                            <param name="dialog">true</param>
                            <left>0</left>
                            <bottom>-x10</bottom>
                        </include>
                    </control>
                </include>
                <include content="Dialog_Side_Grouplist">
                    <param name="id">9000</param>
                    <onleft>5</onleft>
                    <include>Items_DialogAddonSettings_MenuBar</include>
                </include>
            </include>

            <include content="Settings_KodiVersion">
                <param name="dialog">true</param>
                <left>x08</left>
            </include>
        </include>

        <include content="Settings_Button">
            <param name="id" value="7" />
            <param name="control" value="button" />
            <param name="dialog">true</param>
            <description>Default Setting Button</description>
        </include>

        <include content="Settings_Button">
            <param name="id" value="8" />
            <param name="control" value="radiobutton" />
            <param name="dialog">true</param>
            <description>Default Setting Button</description>
            <textwidth>settings_radiobutton_text_w</textwidth>
        </include>

        <include content="Settings_Button">
            <param name="id" value="9" />
            <param name="control" value="spincontrolex" />
            <param name="dialog">true</param>
            <description>Default Setting Button</description>
        </include>

        <include content="Settings_Button">
            <param name="id" value="10" />
            <param name="control" value="togglebutton" />
            <param name="dialog">true</param>
            <include>Texture_Highlight_ToggleButton_Settings</include>
            <focusedcolor>$VAR[ColorSettingsToggleButtonText]</focusedcolor>
            <altfocusedcolor>$VAR[ColorSettingsToggleButtonText]</altfocusedcolor>
            <width>settings_category_w</width>
            <description>Default Category Button</description>
        </include>

        <control type="image" id="11">
            <visible>false</visible>
        </control>

        <include content="Settings_Button">
            <param name="id" value="12" />
            <param name="control" value="edit" />
            <param name="dialog">true</param>
            <description>Default Setting Button</description>
        </include>

        <include content="Settings_Button">
            <param name="id" value="13" />
            <param name="control" value="sliderex" />
            <param name="dialog">true</param>
            <description>Default Setting Button</description>
            <textwidth>settings_slider_text_w</textwidth>
        </include>

        <include content="Settings_Label">
            <param name="id" value="14" />
            <param name="control" value="label" />
            <param name="dialog">true</param>
            <description>Default Setting Label</description>
        </include>

        <include content="Settings_Button">
            <param name="id" value="15" />
            <param name="control" value="colorbutton" />
            <param name="dialog">true</param>
            <description>Default Setting Button</description>
        </include>

        <include content="Object_Hidden_Button">
            <param name="id">28</param>
        </include>
        <include content="Object_Hidden_Button">
            <param name="id">29</param>
        </include>
        <include content="Object_Hidden_Button">
            <param name="id">30</param>
        </include>
        <include content="Object_Hidden_Button">
            <param name="id">20</param>
        </include>
    </controls>
</window>
