<?xml version="1.0" encoding="UTF-8"?>
<window>
    <include content="Action_SettingsCategories_Onload">
        <param name="defaultcontrol">8000</param>
    </include>

    <controls>
        <include content="Background_Main">
            <param name="plain_background">true</param>
        </include>


        <include content="Settings_Dialog">
            <include content="DialogInfo_ButtonGroup_Basic">
                <param name="id">30000</param>
                <param name="dim_visible">false</param>
                <onright>8000</onright>
                <onleft>SetFocus(30040)</onleft>
                <include content="Settings_Side_Button">
                    <param name="id">01</param>
                    <param name="label">$LOCALIZE[15067]</param>
                    <param name="icon">special://skin/extras/icons/circle-xmark.png</param>
                    <onclick>PreviousMenu</onclick>
                </include>
                <include content="Settings_Side_Button">
                    <param name="id">02</param>
                    <param name="label">$LOCALIZE[33061]</param>
                    <param name="icon">special://skin/extras/icons/bars.png</param>
                    <onclick>SetFocus(30040)</onclick>
                </include>
            </include>
            <include content="Settings_Main_Group">
                <include content="Settings_Left_Group">
                    <include content="Settings_Left_Grouplist">
                        <param name="id">8000</param>
                        <onleft>30000</onleft>
                        <onup>30032</onup>
                        <onright>50</onright>
                        <ondown>-</ondown>

                        <include content="Settings_Button">
                            <param name="id">21</param>
                            <param name="control">button</param>
                            <width>settings_category_w</width>
                            <description>Level</description>
                        </include>

                        <include content="Settings_Button">
                            <param name="id">4</param>
                            <param name="control">togglebutton</param>
                            <width>settings_category_w</width>
                            <label>$LOCALIZE[31015]: $LOCALIZE[584]</label>
                            <altlabel>$LOCALIZE[31015]: $LOCALIZE[585]</altlabel>
                            <description>Order</description>
                        </include>

                        <include content="Settings_Button">
                            <param name="id">22</param>
                            <param name="control">radiobutton</param>
                            <radiowidth>104</radiowidth>
                            <width>settings_category_w</width>
                            <description>Higher Levels</description>
                        </include>

                        <include content="Settings_Button">
                            <param name="id">20</param>
                            <param name="control">togglebutton</param>
                            <width>settings_category_w</width>
                            <label>$LOCALIZE[192]</label>
                            <description>Clear</description>
                        </include>
                    </include>
                </include>
                <include content="Settings_Right_Group">
                    <include content="List_DialogSelect">
                        <param name="id">50</param>
                        <param name="detailed">True</param>
                        <param name="item_height">120</param>
                        <top>-20</top>
                        <left>0</left>
                        <right>20</right>
                        <pagecontrol>61</pagecontrol>
                        <onleft>8000</onleft>
                        
                        <height>720</height>
                    </include>
                </include>
                <include>Settings_KodiVersion</include>
            </include>
            <include content="Settings_Changer">
                <onup>8000</onup>
            </include>
        </include>
    </controls>
</window>