<?xml version="1.0" encoding="UTF-8"?>
<window>
    <zorder>2</zorder>
    <defaultcontrol always="true">50</defaultcontrol>

    <controls>

        <include content="DialogVideoManager_Main">
            <param name="id">50</param>
            <param name="include_sidegrouplist_items">Items_DialogVideoManager</param>
            <param name="label_header">[CAPITALIZE]$LOCALIZE[40000][/CAPITALIZE]$INFO[ListItem.Title,: ,]$INFO[ListItem.Year, (,)]</param>
            <param name="poster_icon">$VAR[Image_VideoVersion_Poster]</param>
            <param name="landscape_icon">$VAR[Image_VideoVersion_Fanart]</param>
        </include>
    </controls>
</window>