<?xml version="1.0" encoding="UTF-8"?>
<includes>
    <include name="Shortcuts_Options">

        <!-- Spotlight: Categories -->
        <include content="Object_Hidden_List">
            <param name="id">300</param>
            <content>plugin://script.skinvariables/?info=get_shortcuts_node$INFO[Container(30000).ListItem.Property(categories_menu),&amp;,]$VAR[Path_SkinVariables_SkinFolder,&amp;skin=,]$INFO[Window(Home).Property(SkinVariables.ShortcutsNode.Reload),&amp;reload=,]</content>
        </include>

        <!-- FROM: Options Menu -->
        <include content="Object_Hidden_Button">
            <param name="id">23999</param>
            <onfocus>ClearProperty(Options.Mode)</onfocus>
            <onfocus>SetFocus(30000)</onfocus>
        </include>

        <!-- TO: Options Menu -->
        <include content="Object_Hidden_Button">
            <param name="id">33999</param>
            <animation effect="fade" start="0" end="0" time="400" reversible="false">Focus</animation>
            <onfocus>SetFocus(33000)</onfocus>
        </include>

        <include content="Dialog_Dim_Overlay">
            <param name="visible">!String.IsEmpty(Window.Property(Options.Mode))</param>
        </include>

        <control type="group">
            <include>Dimension_DialogMiniMenu</include>
            <visible>!String.IsEmpty(Window.Property(Options.Mode))</visible>
            <include>Animation_Right_Delay</include>

            <include content="Dialog_Foreground_Side">
                <param name="dialog_size">Dimension_DialogMiniMenu</param>
                <param name="topline">true</param>
                <param name="subline">true</param>
            </include>

            <!-- Header -->
            <control type="group">
                <right>view_pad</right>
                <height>view_bar</height>
                <top>view_pad</top>
                <left>view_pad</left>
                <control type="group">
                    <include>Dimension_Furniture_Gutters</include>
                    <control type="label">
                        <font>font_midi_bold</font>
                        <textcolor>dialog_fg_100</textcolor>
                        <label>$INFO[Window.Property(Options.Mode.Heading)]</label>
                        <bottom>30</bottom>
                    </control>
                    <control type="label">
                        <font>font_tiny</font>
                        <textcolor>dialog_fg_70</textcolor>
                        <label>$INFO[Window.Property(Options.Mode.Heading.Sublabel)]</label>
                        <top>40</top>
                    </control>
                </control>
            </control>

            <!-- Content -->
            <control type="group">
                <include>Dimension_Dialog_Body</include>
                <control type="group">
                    <include>Dimension_Dialog_Body_Group</include>
                    <control type="grouplist" id="33000">
                        <onleft>23999</onleft>
                        <onright>39000</onright>
                        <orientation>vertical</orientation>
                        <!-- Spotlight: Hubs: Choose -->
                        <include content="Settings_Button">
                            <param name="dialog">true</param>
                            <param name="id">33090</param>
                            <param name="control">radiobutton</param>
                            <label>$LOCALIZE[31096]</label>
                            <selected>[String.IsEqual(Container(30000).ListItem.Property(categories_menu),menu=sidemenu) + !Skin.HasSetting(Hub.Home.DisableSpotlight)] | [String.IsEqual(Container(30000).ListItem.Property(categories_menu),menu=1101menu) + !Skin.HasSetting(Hub.1101.DisableSpotlight)] | [String.IsEqual(Container(30000).ListItem.Property(categories_menu),menu=1102menu) + !Skin.HasSetting(Hub.1102.DisableSpotlight)] | [String.IsEqual(Container(30000).ListItem.Property(categories_menu),menu=1103menu) + !Skin.HasSetting(Hub.1103.DisableSpotlight)] | [String.IsEqual(Container(30000).ListItem.Property(categories_menu),menu=1104menu) + !Skin.HasSetting(Hub.1104.DisableSpotlight)] | [String.IsEqual(Container(30000).ListItem.Property(categories_menu),menu=1105menu) + !Skin.HasSetting(Hub.1105.DisableSpotlight)] | [String.IsEqual(Container(30000).ListItem.Property(categories_menu),menu=1106menu) + !Skin.HasSetting(Hub.1106.DisableSpotlight)] | [String.IsEqual(Container(30000).ListItem.Property(categories_menu),menu=1107menu) + !Skin.HasSetting(Hub.1107.DisableSpotlight)] | [String.IsEqual(Container(30000).ListItem.Property(categories_menu),menu=1108menu) + !Skin.HasSetting(Hub.1108.DisableSpotlight)] | [String.IsEqual(Container(30000).ListItem.Property(categories_menu),menu=1109menu) + !Skin.HasSetting(Hub.1109.DisableSpotlight)]</selected>
                            <onclick condition="String.IsEqual(Container(30000).ListItem.Property(categories_menu),menu=sidemenu)">Skin.ToggleSetting(Hub.Home.DisableSpotlight)</onclick>
                            <onclick condition="String.IsEqual(Container(30000).ListItem.Property(categories_menu),menu=1101menu)">Skin.ToggleSetting(Hub.1101.DisableSpotlight)</onclick>
                            <onclick condition="String.IsEqual(Container(30000).ListItem.Property(categories_menu),menu=1102menu)">Skin.ToggleSetting(Hub.1102.DisableSpotlight)</onclick>
                            <onclick condition="String.IsEqual(Container(30000).ListItem.Property(categories_menu),menu=1103menu)">Skin.ToggleSetting(Hub.1103.DisableSpotlight)</onclick>
                            <onclick condition="String.IsEqual(Container(30000).ListItem.Property(categories_menu),menu=1104menu)">Skin.ToggleSetting(Hub.1104.DisableSpotlight)</onclick>
                            <onclick condition="String.IsEqual(Container(30000).ListItem.Property(categories_menu),menu=1105menu)">Skin.ToggleSetting(Hub.1105.DisableSpotlight)</onclick>
                            <onclick condition="String.IsEqual(Container(30000).ListItem.Property(categories_menu),menu=1106menu)">Skin.ToggleSetting(Hub.1106.DisableSpotlight)</onclick>
                            <onclick condition="String.IsEqual(Container(30000).ListItem.Property(categories_menu),menu=1107menu)">Skin.ToggleSetting(Hub.1107.DisableSpotlight)</onclick>
                            <onclick condition="String.IsEqual(Container(30000).ListItem.Property(categories_menu),menu=1108menu)">Skin.ToggleSetting(Hub.1108.DisableSpotlight)</onclick>
                            <onclick condition="String.IsEqual(Container(30000).ListItem.Property(categories_menu),menu=1109menu)">Skin.ToggleSetting(Hub.1109.DisableSpotlight)</onclick>
                            <visible>String.IsEqual(Window.Property(Options.Mode),Categories.Spotlight)</visible>
                            <onback>23999</onback>
                        </include>
                        <!-- Spotlight: Hubs: Choose -->
                        <include content="Settings_Stacked_Button">
                            <param name="dialog">true</param>
                            <param name="id">33001</param>
                            <param name="groupid">33101</param>
                            <param name="control">button</param>
                            <param name="toplabel">$LOCALIZE[31005]</param>
                            <param name="sublabel">$VAR[Label_Shortcut_HubSpotlight_Path]</param>
                            <param name="sublabel_visible">!String.IsEmpty(Control.GetLabel(33001))</param>
                            <onclick>ClearProperty(Shortcuts.Groupings.Links,Home)</onclick>
                            <onclick>RunScript(script.skinvariables,set_shortcut=Hub.$INFO[Container(30000).ListItem.Property(hub_prefix)].Spotlight,use_rawpath=True)</onclick>
                            <visible>String.IsEqual(Window.Property(Options.Mode),Categories.Spotlight)</visible>
                            <visible>[String.IsEqual(Container(30000).ListItem.Property(categories_menu),menu=sidemenu) + !Skin.HasSetting(Hub.Home.DisableSpotlight)] | [String.IsEqual(Container(30000).ListItem.Property(categories_menu),menu=1101menu) + !Skin.HasSetting(Hub.1101.DisableSpotlight)] | [String.IsEqual(Container(30000).ListItem.Property(categories_menu),menu=1102menu) + !Skin.HasSetting(Hub.1102.DisableSpotlight)] | [String.IsEqual(Container(30000).ListItem.Property(categories_menu),menu=1103menu) + !Skin.HasSetting(Hub.1103.DisableSpotlight)] | [String.IsEqual(Container(30000).ListItem.Property(categories_menu),menu=1104menu) + !Skin.HasSetting(Hub.1104.DisableSpotlight)] | [String.IsEqual(Container(30000).ListItem.Property(categories_menu),menu=1105menu) + !Skin.HasSetting(Hub.1105.DisableSpotlight)] | [String.IsEqual(Container(30000).ListItem.Property(categories_menu),menu=1106menu) + !Skin.HasSetting(Hub.1106.DisableSpotlight)] | [String.IsEqual(Container(30000).ListItem.Property(categories_menu),menu=1107menu) + !Skin.HasSetting(Hub.1107.DisableSpotlight)] | [String.IsEqual(Container(30000).ListItem.Property(categories_menu),menu=1108menu) + !Skin.HasSetting(Hub.1108.DisableSpotlight)] | [String.IsEqual(Container(30000).ListItem.Property(categories_menu),menu=1109menu) + !Skin.HasSetting(Hub.1109.DisableSpotlight)]</visible>
                            <onback>23999</onback>
                        </include>
                        <!-- Spotlight: Hubs: Label -->
                        <include content="Settings_Button">
                            <param name="dialog">true</param>
                            <param name="id">33002</param>
                            <param name="control">button</param>
                            <label> -- $LOCALIZE[21899]</label>
                            <label2>[CAPITALIZE]$VAR[Label_Shortcut_HubSpotlight_Label][/CAPITALIZE]</label2>
                            <onclick>Skin.SetString(Hub.$INFO[Container(30000).ListItem.Property(hub_prefix)].Spotlight.Label)</onclick>
                            <visible>!String.IsEmpty(Control.GetLabel(33001))</visible>
                            <visible>String.IsEqual(Window.Property(Options.Mode),Categories.Spotlight)</visible>
                            <visible>[String.IsEqual(Container(30000).ListItem.Property(categories_menu),menu=sidemenu) + !Skin.HasSetting(Hub.Home.DisableSpotlight)] | [String.IsEqual(Container(30000).ListItem.Property(categories_menu),menu=1101menu) + !Skin.HasSetting(Hub.1101.DisableSpotlight)] | [String.IsEqual(Container(30000).ListItem.Property(categories_menu),menu=1102menu) + !Skin.HasSetting(Hub.1102.DisableSpotlight)] | [String.IsEqual(Container(30000).ListItem.Property(categories_menu),menu=1103menu) + !Skin.HasSetting(Hub.1103.DisableSpotlight)] | [String.IsEqual(Container(30000).ListItem.Property(categories_menu),menu=1104menu) + !Skin.HasSetting(Hub.1104.DisableSpotlight)] | [String.IsEqual(Container(30000).ListItem.Property(categories_menu),menu=1105menu) + !Skin.HasSetting(Hub.1105.DisableSpotlight)] | [String.IsEqual(Container(30000).ListItem.Property(categories_menu),menu=1106menu) + !Skin.HasSetting(Hub.1106.DisableSpotlight)] | [String.IsEqual(Container(30000).ListItem.Property(categories_menu),menu=1107menu) + !Skin.HasSetting(Hub.1107.DisableSpotlight)] | [String.IsEqual(Container(30000).ListItem.Property(categories_menu),menu=1108menu) + !Skin.HasSetting(Hub.1108.DisableSpotlight)] | [String.IsEqual(Container(30000).ListItem.Property(categories_menu),menu=1109menu) + !Skin.HasSetting(Hub.1109.DisableSpotlight)]</visible>
                            <onback>23999</onback>
                        </include>
                        <!-- Spotlight: Hubs: Sort By -->
                        <include content="Settings_Button">
                            <param name="dialog">true</param>
                            <param name="id">33003</param>
                            <param name="control">button</param>
                            <label> -- $LOCALIZE[31016]</label>
                            <label2>[CAPITALIZE]$VAR[Label_Shortcut_HubSpotlight_SortBy][/CAPITALIZE]</label2>
                            <onclick>RunScript(script.skinvariables,run_dialog=select,heading=Sort method,separator=||,list=default||label||random||dateadded||lastplayed||playcount||year||rating||userrating||votes||genre||country||studio||playlist||episodenumber||season||totalepisodes||watchedepisodes||tvshowstatus||tvshowtitle||file||title||track||time||artist||album||lastupdated||lastused||date,"executebuiltin=Skin.SetString(Hub.$INFO[Container(30000).ListItem.Property(hub_prefix)].Spotlight.SortBy,{v})")</onclick>
                            <visible>!String.IsEmpty(Control.GetLabel(33001))</visible>
                            <visible>String.IsEqual(Window.Property(Options.Mode),Categories.Spotlight)</visible>
                            <visible>[String.IsEqual(Container(30000).ListItem.Property(categories_menu),menu=sidemenu) + !Skin.HasSetting(Hub.Home.DisableSpotlight)] | [String.IsEqual(Container(30000).ListItem.Property(categories_menu),menu=1101menu) + !Skin.HasSetting(Hub.1101.DisableSpotlight)] | [String.IsEqual(Container(30000).ListItem.Property(categories_menu),menu=1102menu) + !Skin.HasSetting(Hub.1102.DisableSpotlight)] | [String.IsEqual(Container(30000).ListItem.Property(categories_menu),menu=1103menu) + !Skin.HasSetting(Hub.1103.DisableSpotlight)] | [String.IsEqual(Container(30000).ListItem.Property(categories_menu),menu=1104menu) + !Skin.HasSetting(Hub.1104.DisableSpotlight)] | [String.IsEqual(Container(30000).ListItem.Property(categories_menu),menu=1105menu) + !Skin.HasSetting(Hub.1105.DisableSpotlight)] | [String.IsEqual(Container(30000).ListItem.Property(categories_menu),menu=1106menu) + !Skin.HasSetting(Hub.1106.DisableSpotlight)] | [String.IsEqual(Container(30000).ListItem.Property(categories_menu),menu=1107menu) + !Skin.HasSetting(Hub.1107.DisableSpotlight)] | [String.IsEqual(Container(30000).ListItem.Property(categories_menu),menu=1108menu) + !Skin.HasSetting(Hub.1108.DisableSpotlight)] | [String.IsEqual(Container(30000).ListItem.Property(categories_menu),menu=1109menu) + !Skin.HasSetting(Hub.1109.DisableSpotlight)]</visible>
                            <onback>23999</onback>
                        </include>


                        <!-- Spotlight: Hubs: Sort By -->
                        <include content="Settings_Button">
                            <param name="dialog">true</param>
                            <param name="id">33022</param>
                            <param name="control">button</param>
                            <label>$LOCALIZE[21866]</label>
                            <label2>$INFO[Container(300).ListItem.Label]</label2>
                            <onclick>Control.Move(300,1)</onclick>
                            <visible>String.IsEqual(Window.Property(Options.Mode),Categories.Spotlight)</visible>
                            <visible>[String.IsEqual(Container(30000).ListItem.Property(categories_menu),menu=sidemenu) + !Skin.HasSetting(Hub.Home.DisableSpotlight)] | [String.IsEqual(Container(30000).ListItem.Property(categories_menu),menu=1101menu) + !Skin.HasSetting(Hub.1101.DisableSpotlight)] | [String.IsEqual(Container(30000).ListItem.Property(categories_menu),menu=1102menu) + !Skin.HasSetting(Hub.1102.DisableSpotlight)] | [String.IsEqual(Container(30000).ListItem.Property(categories_menu),menu=1103menu) + !Skin.HasSetting(Hub.1103.DisableSpotlight)] | [String.IsEqual(Container(30000).ListItem.Property(categories_menu),menu=1104menu) + !Skin.HasSetting(Hub.1104.DisableSpotlight)] | [String.IsEqual(Container(30000).ListItem.Property(categories_menu),menu=1105menu) + !Skin.HasSetting(Hub.1105.DisableSpotlight)] | [String.IsEqual(Container(30000).ListItem.Property(categories_menu),menu=1106menu) + !Skin.HasSetting(Hub.1106.DisableSpotlight)] | [String.IsEqual(Container(30000).ListItem.Property(categories_menu),menu=1107menu) + !Skin.HasSetting(Hub.1107.DisableSpotlight)] | [String.IsEqual(Container(30000).ListItem.Property(categories_menu),menu=1108menu) + !Skin.HasSetting(Hub.1108.DisableSpotlight)] | [String.IsEqual(Container(30000).ListItem.Property(categories_menu),menu=1109menu) + !Skin.HasSetting(Hub.1109.DisableSpotlight)]</visible>
                            <visible>!String.IsEmpty(Control.GetLabel(33001))</visible>
                            <visible>!Integer.IsEqual(Container(300).NumITems,0)</visible>
                            <onback>23999</onback>
                        </include>

                        <!-- Spotlight: Categories: Choose -->
                        <include content="Settings_Stacked_Button">
                            <param name="dialog">true</param>
                            <param name="id">33011</param>
                            <param name="groupid">33111</param>
                            <param name="control">button</param>
                            <param name="toplabel">$LOCALIZE[31327]</param>
                            <param name="sublabel">$INFO[Container(300).ListItem.Property(spotlight_path)]</param>
                            <param name="sublabel_visible">!String.ISEmpty(Container(300).ListItem.Property(spotlight_path))</param>
                            <onclick>ClearProperty(Shortcuts.Groupings.Links,Home)</onclick>
                            <onclick condition="!String.IsEmpty(Container(300).ListItem.Property(spotlight_path))">RunPlugin($INFO[Container(300).ListItem.Property(url),,&amp;func=do_toggle&amp;&amp;spotlight_path])</onclick>
                            <onclick condition="String.IsEmpty(Container(300).ListItem.Property(spotlight_path))">RunPlugin($INFO[Container(300).ListItem.Property(url),,&amp;func=do_choose&amp;&amp;prefix::spotlight&amp;&amp;use_rawpath::True])</onclick>
                            <visible>String.IsEqual(Window.Property(Options.Mode),Categories.Spotlight)</visible>
                            <visible>[String.IsEqual(Container(30000).ListItem.Property(categories_menu),menu=sidemenu) + !Skin.HasSetting(Hub.Home.DisableSpotlight)] | [String.IsEqual(Container(30000).ListItem.Property(categories_menu),menu=1101menu) + !Skin.HasSetting(Hub.1101.DisableSpotlight)] | [String.IsEqual(Container(30000).ListItem.Property(categories_menu),menu=1102menu) + !Skin.HasSetting(Hub.1102.DisableSpotlight)] | [String.IsEqual(Container(30000).ListItem.Property(categories_menu),menu=1103menu) + !Skin.HasSetting(Hub.1103.DisableSpotlight)] | [String.IsEqual(Container(30000).ListItem.Property(categories_menu),menu=1104menu) + !Skin.HasSetting(Hub.1104.DisableSpotlight)] | [String.IsEqual(Container(30000).ListItem.Property(categories_menu),menu=1105menu) + !Skin.HasSetting(Hub.1105.DisableSpotlight)] | [String.IsEqual(Container(30000).ListItem.Property(categories_menu),menu=1106menu) + !Skin.HasSetting(Hub.1106.DisableSpotlight)] | [String.IsEqual(Container(30000).ListItem.Property(categories_menu),menu=1107menu) + !Skin.HasSetting(Hub.1107.DisableSpotlight)] | [String.IsEqual(Container(30000).ListItem.Property(categories_menu),menu=1108menu) + !Skin.HasSetting(Hub.1108.DisableSpotlight)] | [String.IsEqual(Container(30000).ListItem.Property(categories_menu),menu=1109menu) + !Skin.HasSetting(Hub.1109.DisableSpotlight)]</visible>
                            <visible>!String.IsEmpty(Control.GetLabel(33001))</visible>
                            <visible>!Integer.IsEqual(Container(300).NumITems,0)</visible>
                            <onback>23999</onback>
                        </include>
                        <!-- Spotlight: Categories: Label -->
                        <include content="Settings_Button">
                            <param name="dialog">true</param>
                            <param name="id">33012</param>
                            <param name="control">button</param>
                            <label> -- $LOCALIZE[21899]</label>
                            <label2>$INFO[Container(300).ListItem.Property(spotlight_label)]</label2>
                            <onclick>RunPlugin($INFO[Container(300).ListItem.Property(url),,&amp;func=do_edit&amp;&amp;spotlight_label])</onclick>
                            <visible>!String.IsEmpty(Container(300).ListItem.Property(spotlight_path))</visible>
                            <visible>String.IsEqual(Window.Property(Options.Mode),Categories.Spotlight)</visible>
                            <visible>[String.IsEqual(Container(30000).ListItem.Property(categories_menu),menu=sidemenu) + !Skin.HasSetting(Hub.Home.DisableSpotlight)] | [String.IsEqual(Container(30000).ListItem.Property(categories_menu),menu=1101menu) + !Skin.HasSetting(Hub.1101.DisableSpotlight)] | [String.IsEqual(Container(30000).ListItem.Property(categories_menu),menu=1102menu) + !Skin.HasSetting(Hub.1102.DisableSpotlight)] | [String.IsEqual(Container(30000).ListItem.Property(categories_menu),menu=1103menu) + !Skin.HasSetting(Hub.1103.DisableSpotlight)] | [String.IsEqual(Container(30000).ListItem.Property(categories_menu),menu=1104menu) + !Skin.HasSetting(Hub.1104.DisableSpotlight)] | [String.IsEqual(Container(30000).ListItem.Property(categories_menu),menu=1105menu) + !Skin.HasSetting(Hub.1105.DisableSpotlight)] | [String.IsEqual(Container(30000).ListItem.Property(categories_menu),menu=1106menu) + !Skin.HasSetting(Hub.1106.DisableSpotlight)] | [String.IsEqual(Container(30000).ListItem.Property(categories_menu),menu=1107menu) + !Skin.HasSetting(Hub.1107.DisableSpotlight)] | [String.IsEqual(Container(30000).ListItem.Property(categories_menu),menu=1108menu) + !Skin.HasSetting(Hub.1108.DisableSpotlight)] | [String.IsEqual(Container(30000).ListItem.Property(categories_menu),menu=1109menu) + !Skin.HasSetting(Hub.1109.DisableSpotlight)]</visible>
                            <visible>!String.IsEmpty(Control.GetLabel(33001))</visible>
                            <visible>!Integer.IsEqual(Container(300).NumITems,0)</visible>
                            <onback>23999</onback>
                        </include>
                        <!-- Spotlight: Categories: Sort by -->
                        <include content="Settings_Button">
                            <param name="dialog">true</param>
                            <param name="id">33013</param>
                            <param name="control">button</param>
                            <label> -- $LOCALIZE[31016]</label>
                            <label2>[CAPITALIZE]$INFO[Container(300).ListItem.Property(spotlight_sortby)][/CAPITALIZE]</label2>
                            <onclick>RunPlugin($INFO[Container(300).ListItem.Property(url),,&amp;func=do_edit&amp;&amp;spotlight_sortby&amp;&amp;default&amp;label&amp;random&amp;dateadded&amp;lastplayed&amp;playcount&amp;year&amp;rating&amp;userrating&amp;votes&amp;genre&amp;country&amp;studio&amp;playlist&amp;episodenumber&amp;season&amp;totalepisodes&amp;watchedepisodes&amp;tvshowstatus&amp;tvshowtitle&amp;file&amp;title&amp;track&amp;time&amp;artist&amp;album&amp;lastupdated&amp;lastused&amp;date&amp;&amp;Sort by&amp;&amp;True])</onclick>
                            <visible>!String.IsEmpty(Container(300).ListItem.Property(spotlight_path))</visible>
                            <visible>String.IsEqual(Window.Property(Options.Mode),Categories.Spotlight)</visible>
                            <visible>[String.IsEqual(Container(30000).ListItem.Property(categories_menu),menu=sidemenu) + !Skin.HasSetting(Hub.Home.DisableSpotlight)] | [String.IsEqual(Container(30000).ListItem.Property(categories_menu),menu=1101menu) + !Skin.HasSetting(Hub.1101.DisableSpotlight)] | [String.IsEqual(Container(30000).ListItem.Property(categories_menu),menu=1102menu) + !Skin.HasSetting(Hub.1102.DisableSpotlight)] | [String.IsEqual(Container(30000).ListItem.Property(categories_menu),menu=1103menu) + !Skin.HasSetting(Hub.1103.DisableSpotlight)] | [String.IsEqual(Container(30000).ListItem.Property(categories_menu),menu=1104menu) + !Skin.HasSetting(Hub.1104.DisableSpotlight)] | [String.IsEqual(Container(30000).ListItem.Property(categories_menu),menu=1105menu) + !Skin.HasSetting(Hub.1105.DisableSpotlight)] | [String.IsEqual(Container(30000).ListItem.Property(categories_menu),menu=1106menu) + !Skin.HasSetting(Hub.1106.DisableSpotlight)] | [String.IsEqual(Container(30000).ListItem.Property(categories_menu),menu=1107menu) + !Skin.HasSetting(Hub.1107.DisableSpotlight)] | [String.IsEqual(Container(30000).ListItem.Property(categories_menu),menu=1108menu) + !Skin.HasSetting(Hub.1108.DisableSpotlight)] | [String.IsEqual(Container(30000).ListItem.Property(categories_menu),menu=1109menu) + !Skin.HasSetting(Hub.1109.DisableSpotlight)]</visible>
                            <visible>!String.IsEmpty(Control.GetLabel(33001))</visible>
                            <visible>!Integer.IsEqual(Container(300).NumITems,0)</visible>
                            <onback>23999</onback>
                        </include>
                        <!-- Spotlight: Categories: Sort order -->
                        <include content="Settings_Button">
                            <param name="dialog">true</param>
                            <param name="id">33014</param>
                            <param name="control">radiobutton</param>
                            <label> -- $LOCALIZE[31517]</label>
                            <selected>!String.IsEmpty(Container(300).ListItem.Property(spotlight_sortorder))</selected>
                            <onclick>RunPlugin($INFO[Container(300).ListItem.Property(url),,&amp;func=do_toggle&amp;&amp;spotlight_sortorder])</onclick>
                            <onback>13999</onback>
                            <visible>!String.IsEmpty(Container(300).ListItem.Property(spotlight_sortby))</visible>
                            <visible>!String.IsEqual(Container(300).ListItem.Property(spotlight_sortby),random)</visible>
                            <visible>!String.IsEmpty(Container(300).ListItem.Property(spotlight_path))</visible>
                            <visible>String.IsEqual(Window.Property(Options.Mode),Categories.Spotlight)</visible>
                            <visible>[String.IsEqual(Container(30000).ListItem.Property(categories_menu),menu=sidemenu) + !Skin.HasSetting(Hub.Home.DisableSpotlight)] | [String.IsEqual(Container(30000).ListItem.Property(categories_menu),menu=1101menu) + !Skin.HasSetting(Hub.1101.DisableSpotlight)] | [String.IsEqual(Container(30000).ListItem.Property(categories_menu),menu=1102menu) + !Skin.HasSetting(Hub.1102.DisableSpotlight)] | [String.IsEqual(Container(30000).ListItem.Property(categories_menu),menu=1103menu) + !Skin.HasSetting(Hub.1103.DisableSpotlight)] | [String.IsEqual(Container(30000).ListItem.Property(categories_menu),menu=1104menu) + !Skin.HasSetting(Hub.1104.DisableSpotlight)] | [String.IsEqual(Container(30000).ListItem.Property(categories_menu),menu=1105menu) + !Skin.HasSetting(Hub.1105.DisableSpotlight)] | [String.IsEqual(Container(30000).ListItem.Property(categories_menu),menu=1106menu) + !Skin.HasSetting(Hub.1106.DisableSpotlight)] | [String.IsEqual(Container(30000).ListItem.Property(categories_menu),menu=1107menu) + !Skin.HasSetting(Hub.1107.DisableSpotlight)] | [String.IsEqual(Container(30000).ListItem.Property(categories_menu),menu=1108menu) + !Skin.HasSetting(Hub.1108.DisableSpotlight)] | [String.IsEqual(Container(30000).ListItem.Property(categories_menu),menu=1109menu) + !Skin.HasSetting(Hub.1109.DisableSpotlight)]</visible>
                            <visible>!String.IsEmpty(Control.GetLabel(33001))</visible>
                            <visible>!Integer.IsEqual(Container(300).NumITems,0)</visible>
                            <onback>23999</onback>
                        </include>
                        <!-- Spotlight: Categories: Sort order -->
                        <include content="Settings_Button">
                            <param name="dialog">true</param>
                            <param name="id">33015</param>
                            <param name="control">button</param>
                            <label> -- $LOCALIZE[31188]</label>
                            <label2>$INFO[Container(300).ListItem.Property(spotlight_limit)]</label2>
                            <onclick>RunPlugin($INFO[Container(300).ListItem.Property(url),,&amp;func=do_numeric&amp;&amp;spotlight_limit&amp;&amp;heading::Limit])</onclick>
                            <visible>!String.IsEmpty(Container(300).ListItem.Property(spotlight_path))</visible>
                            <visible>String.IsEqual(Window.Property(Options.Mode),Categories.Spotlight)</visible>
                            <visible>[String.IsEqual(Container(30000).ListItem.Property(categories_menu),menu=sidemenu) + !Skin.HasSetting(Hub.Home.DisableSpotlight)] | [String.IsEqual(Container(30000).ListItem.Property(categories_menu),menu=1101menu) + !Skin.HasSetting(Hub.1101.DisableSpotlight)] | [String.IsEqual(Container(30000).ListItem.Property(categories_menu),menu=1102menu) + !Skin.HasSetting(Hub.1102.DisableSpotlight)] | [String.IsEqual(Container(30000).ListItem.Property(categories_menu),menu=1103menu) + !Skin.HasSetting(Hub.1103.DisableSpotlight)] | [String.IsEqual(Container(30000).ListItem.Property(categories_menu),menu=1104menu) + !Skin.HasSetting(Hub.1104.DisableSpotlight)] | [String.IsEqual(Container(30000).ListItem.Property(categories_menu),menu=1105menu) + !Skin.HasSetting(Hub.1105.DisableSpotlight)] | [String.IsEqual(Container(30000).ListItem.Property(categories_menu),menu=1106menu) + !Skin.HasSetting(Hub.1106.DisableSpotlight)] | [String.IsEqual(Container(30000).ListItem.Property(categories_menu),menu=1107menu) + !Skin.HasSetting(Hub.1107.DisableSpotlight)] | [String.IsEqual(Container(30000).ListItem.Property(categories_menu),menu=1108menu) + !Skin.HasSetting(Hub.1108.DisableSpotlight)] | [String.IsEqual(Container(30000).ListItem.Property(categories_menu),menu=1109menu) + !Skin.HasSetting(Hub.1109.DisableSpotlight)]</visible>
                            <visible>!String.IsEmpty(Control.GetLabel(33001))</visible>
                            <visible>!Integer.IsEqual(Container(300).NumITems,0)</visible>
                            <onback>23999</onback>
                        </include>


                        <!-- Spotlight: Hubs: Fallback Image -->
                        <include content="Settings_Stacked_Button">
                            <param name="dialog">true</param>
                            <param name="id">33041</param>
                            <param name="groupid">33141</param>
                            <param name="control">button</param>
                            <param name="toplabel">$LOCALIZE[31536]</param>
                            <param name="sublabel">$VAR[Label_Shortcut_HubSpotlight_Fallback]</param>
                            <param name="sublabel_visible">!String.IsEmpty(Control.GetLabel(33041))</param>
                            <onclick>Skin.Reset(Hub.$INFO[Container(30000).ListItem.Property(hub_prefix)].Spotlight.Fallback)</onclick>
                            <onclick>Skin.SetPath(Hub.$INFO[Container(30000).ListItem.Property(hub_prefix)].Spotlight.Fallback)</onclick>
                            <visible>String.IsEqual(Window.Property(Options.Mode),Categories.Spotlight)</visible>
                            <visible>[String.IsEqual(Container(30000).ListItem.Property(categories_menu),menu=sidemenu) + !Skin.HasSetting(Hub.Home.DisableSpotlight)] | [String.IsEqual(Container(30000).ListItem.Property(categories_menu),menu=1101menu) + !Skin.HasSetting(Hub.1101.DisableSpotlight)] | [String.IsEqual(Container(30000).ListItem.Property(categories_menu),menu=1102menu) + !Skin.HasSetting(Hub.1102.DisableSpotlight)] | [String.IsEqual(Container(30000).ListItem.Property(categories_menu),menu=1103menu) + !Skin.HasSetting(Hub.1103.DisableSpotlight)] | [String.IsEqual(Container(30000).ListItem.Property(categories_menu),menu=1104menu) + !Skin.HasSetting(Hub.1104.DisableSpotlight)] | [String.IsEqual(Container(30000).ListItem.Property(categories_menu),menu=1105menu) + !Skin.HasSetting(Hub.1105.DisableSpotlight)] | [String.IsEqual(Container(30000).ListItem.Property(categories_menu),menu=1106menu) + !Skin.HasSetting(Hub.1106.DisableSpotlight)] | [String.IsEqual(Container(30000).ListItem.Property(categories_menu),menu=1107menu) + !Skin.HasSetting(Hub.1107.DisableSpotlight)] | [String.IsEqual(Container(30000).ListItem.Property(categories_menu),menu=1108menu) + !Skin.HasSetting(Hub.1108.DisableSpotlight)] | [String.IsEqual(Container(30000).ListItem.Property(categories_menu),menu=1109menu) + !Skin.HasSetting(Hub.1109.DisableSpotlight)]</visible>
                            <onback>23999</onback>
                        </include>
                    </control>
                </control>
            </control>

        </control>


    </include>
</includes>
