<?xml version="1.0" encoding="UTF-8"?>
<addon id="plugin.video.themoviedb.helper"
version="4.10.32"
name="TheMovieDb Helper"
provider-name="jurialmunkey">
<requires>
  <import addon="xbmc.python" version="3.0.0"/>
  <import addon="script.module.requests" version="2.9.1"/>
  <import addon="script.module.pil" version="1.1.7"/>
  <import addon="script.module.addon.signals" version="0.0.6" />
</requires>
<extension point="xbmc.python.pluginsource" library="plugin.py">
  <provides>video</provides>
</extension>
<extension point="xbmc.python.script" library="script.py" />
<extension point="xbmc.service" library="service.py" />
<extension point="xbmc.addon.metadata">
  <reuselanguageinvoker>false</reuselanguageinvoker>
  <summary lang="en_GB">TheMovieDb Helper - Now With Trakt Support!</summary>
  <summary lang="es_ES">TheMovieDb Helper - ¡Ahora con soporte para Trakt!</summary>
  <summary lang="fr_FR">TheMovieDb Helper - Maintenant avec support Trakt!</summary>
  <description lang="en_GB">TheMovieDb Helper provides details about movies, tvshows and actors from TMDb. Users can access a variety of lists from TMDb and Trakt.</description>
  <description lang="es_ES">TheMovieDb Helper proporciona detalles sobre películas, programas de televisión y actores de TMDb. Los usuarios pueden acceder a una variedad de listas desde TMDb y Trakt.</description>
  <description lang="fr_FR">TheMovieDb Helper fournit des détails sur les films, les émissions de télévision et acteurs de TMDb. Les utilisateurs peuvent accéder à une variété de listes TMDb et Trakt.</description>
  <disclaimer lang="en_GB">Provided by TheMovieDb and Trakt.</disclaimer>
  <disclaimer lang="es_ES">Proporcionado por TheMovieDb y Trakt</disclaimer>
  <disclaimer lang="fr_FR">Fourni par TheMovieDb et Trakt.</disclaimer>
  <license>GPL-3.0-or-later</license>
  <website>https://github.com/jurialmunkey/plugin.video.themoviedb.helper</website>
  <forum>https://forum.kodi.tv/showthread.php?tid=345847</forum>
  <assets>
    <icon>icon.png</icon>
    <fanart>fanart.jpg</fanart>
    <screenshot>resources/screenshot-01.jpg</screenshot>
    <screenshot>resources/screenshot-02.jpg</screenshot>
  </assets>
</extension>
</addon>
