<?xml version="1.0" encoding="UTF-8"?>
<includes>
    <variable name="Image_Background">
        <value condition="$EXP[Exp_BackgroundArtwork_IsSimple]">$VAR[Image_SimpleBackground]</value>
        <value condition="!String.IsEmpty(Container.ListItem.Art(fanart))">$INFO[Container.ListItem.Art(fanart)]</value>
        <value condition="!String.IsEmpty(Container.ListItem.Art(tvshow.fanart))">$INFO[Container.ListItem.Art(tvshow.fanart)]</value>
        <value condition="!String.IsEmpty(Container.ListItem.Art(artist.fanart))">$INFO[Container.ListItem.Art(artist.fanart)]</value>
        <value condition="!String.IsEmpty(Container(99950).ListItem.Property(base_fanart))">$INFO[Container(99950).ListItem.Property(base_fanart)]</value>
        <value condition="!String.IsEmpty(Container(99972).ListItem.PicturePath)">$INFO[Container(99972).ListItem.PicturePath]</value>
        <value>$VAR[Image_SimpleBackground]</value>
    </variable>

    <variable name="Image_Foreground">
        <value condition="$EXP[Exp_BackgroundArtwork_IsSimple]">common/_none.png</value>
        <value condition="!String.IsEmpty(Container.ListItem.Art(fanart))">$INFO[Container.ListItem.Art(fanart)]</value>
        <value condition="!String.IsEmpty(Container.ListItem.Art(tvshow.fanart))">$INFO[Container.ListItem.Art(tvshow.fanart)]</value>
        <value condition="!String.IsEmpty(Container.ListItem.Art(artist.fanart))">$INFO[Container.ListItem.Art(artist.fanart)]</value>
        <value condition="!String.IsEmpty(Container(99950).ListItem.Property(base_fanart))">$INFO[Container(99950).ListItem.Property(base_fanart)]</value>
        <value condition="!String.IsEmpty(Container(99972).ListItem.PicturePath)">$INFO[Container(99972).ListItem.PicturePath]</value>
    </variable>
</includes>