<?xml version="1.0" encoding="UTF-8"?>
<window>
    <views>50</views>
    <defaultcontrol always="true">50</defaultcontrol>
    <menucontrol>8000</menucontrol>
    <include>Action_Blur_Onload</include>
    <include>Action_Media_Onload</include>
    <onload>SetProperty(Background.HideArtwork,True)</onload>
    <controls>

        <include>View_Bumper</include>
        <include>Defs_TMDbHelper_Loader</include>
        <include>Background</include>

        <control type="group">
            <include>Animation_Group_Bumper</include>
            <include>Animation_View_WindowChange</include>

            <include content="Info_Viewline">
                <param name="top">170</param>
            </include>

            <include content="View_MediaListOverview_Include">
                <param name="id">50</param>
                <param name="right">560</param>
                <param name="top">48</param>
                <param name="item_height">83.9</param>
                <param name="focusposition">1</param>
                <param name="movement">4</param>
                <param name="scrollbar_id">66</param>

                <include>View_MediaListOverview_Artwork</include>

            </include>

            <include content="View_Furniture_Scrollbar_V">
                <param name="id">66</param>
                <param name="height">720</param>
                <param name="visible">true</param>
            </include>
        </control>
        <include>View_Furniture_Edges</include>
        <include>View_Dialog_Plot</include>
    </controls>
</window>
