<?xml version="1.0" encoding="UTF-8"?>
<includes>
    <include name="View_Furniture_Combined_Top">
        <include content="Object_Control" condition="$EXP[Exp_View_502_Include] | $EXP[Exp_View_512_Include] | $EXP[Exp_View_522_Include] | $EXP[Exp_View_572_Include]">
            <param name="control" value="group" />
            <visible>$EXP[Exp_CombinedViews]</visible>
            <include content="Object_Control">
                <param name="control" value="group" />
                <top>view_top</top>
                <right>view_pad</right>
                <height>240</height>
                <width>240</width>
                <visible>Container.Content(actors) | Container.Content(directors)</visible>
                <control type="image">
                    <include content="Dimension_Padding"><param name="pad" value="-40" /></include>
                    <bordertexture colordiffuse="shadow_hard">shadows/circle_240-shadow.png</bordertexture>
                    <bordersize>40</bordersize>
                    <aspectratio scalediffuse="false">scale</aspectratio>
                    <texture background="true" diffuse="diffuse/circle_240.png">$INFO[Container(99950).ListItem.Art(poster)]</texture>
                    <fadetime>600</fadetime>
                    <visible>!String.IsEmpty(Container(99950).ListItem.Property(Birthday)) | !String.IsEmpty(Container(99950).ListItem.Property(Gender)) | !String.IsEmpty(Container(99950).ListItem.Property(Age))</visible>
                </control>
            </include>
            <include content="View_Combined_Info" condition="$EXP[Exp_View_502_Include]">
                <param name="id" value="50" />
            </include>
            <include content="View_Combined_Info" condition="$EXP[Exp_View_512_Include]">
                <param name="id" value="51" />
            </include>
            <include content="View_Combined_Info" condition="$EXP[Exp_View_522_Include]">
                <param name="id" value="52" />
            </include>
            <include content="View_Combined_Info" condition="$EXP[Exp_View_572_Include]">
                <param name="id" value="57" />
            </include>
        </include>
    </include>
    <include name="View_Furniture_Combined_Bottom">
        <include content="Object_Control" condition="$EXP[Exp_View_502_Include] | $EXP[Exp_View_512_Include] | $EXP[Exp_View_522_Include] | $EXP[Exp_View_572_Include]">
            <param name="control" value="group" />
            <visible>$EXP[Exp_CombinedViews]</visible>
            <include>View_Combined_Divider</include>
            <control type="group">
                <height>40</height>
                <bottom>view_pad</bottom>
                <right>view_pad</right>
                <include>Info_Studio</include>
            </control>
            <include condition="$EXP[Exp_View_502_Include]">View_502_Square_Combined</include>
            <include condition="$EXP[Exp_View_512_Include]">View_512_Landscape_Combined</include>
            <include condition="$EXP[Exp_View_522_Include]">View_522_Poster_Combined</include>
            <include condition="$EXP[Exp_View_572_Include]">View_572_BigLandscape_Combined</include>
        </include>
    </include>

    <include name="View_Combined_Divider">
        <include content="Object_Control" condition="Skin.String(DividerStyle,Split)">
            <param name="control" value="group" />
            <nested />
            <height>divider_bottom</height>
            <bottom>0</bottom>
            <include content="Object_DividerPanel">
                <param name="shadow_top" value="true" />
                <param name="shadow_bottom" value="true" />
                <top>0</top>
                <bottom>40</bottom>
                <left>-200</left>
                <right>-200</right>
            </include>
        </include>
    </include>

    <include name="View_Combined_Info">
        <include content="Info_Panel">
            <param name="plotwidth" value="info_plot_w" />
            <param name="plotheight" value="info_plot_h" />
            <param name="line_id" value="99$PARAM[id]2" />
            <top>view_top</top>
            <width>info_panel_w</width>
            <left>view_pad</left>
            <visible>Control.IsVisible($PARAM[id]2)</visible>
            <visible>!Integer.IsEqual(Window.Property(TMDBHelper.WidgetContainer),$PARAM[id]3)</visible>
        </include>
        <include content="Info_Panel">
            <param name="plotwidth" value="info_plot_w" />
            <param name="plotheight" value="info_plot_h" />
            <param name="container" value="Container($PARAM[id]3)." />
            <param name="line_id" value="99$PARAM[id]3" />
            <top>view_top</top>
            <width>info_panel_w</width>
            <left>view_pad</left>
            <visible>Control.IsVisible($PARAM[id]2)</visible>
            <visible>Integer.IsEqual(Window.Property(TMDBHelper.WidgetContainer),$PARAM[id]3)</visible>
        </include>
    </include>

    <variable name="View_Combined_SortBy">
        <value condition="Container.Content(seasons)">episode</value>
        <value condition="Container.Content(sets) | Container.Content(artists)">year</value>
    </variable>

    <include name="View_Combined_Row">
        <include content="$PARAM[include]">
            <param name="id" value="$PARAM[id]3" />
            <height>divider_bottom</height>
            <bottom>40</bottom>
            <ondown>$PARAM[id]2</ondown>
            <onup>menu</onup>
            <visible>Container($PARAM[id]2).ListItem.IsFolder</visible>
            <content target="videos" sortby="$VAR[View_Combined_SortBy]" sortorder="ascending">$INFO[Container($PARAM[id]2).ListItem.FolderPath]</content>
            <visible>Control.IsVisible($PARAM[id]2)</visible>
            <onback>SetFocus($PARAM[id]2)</onback>
            <onfocus>SetProperty(TMDbHelper.WidgetContainer,$PARAM[id]3)</onfocus>
            <animation effect="fade" start="100" end="10" time="200" delay="400" condition="Container($PARAM[id]3).IsUpdating">Conditional</animation>
        </include>
        <control type="group">
            <height>divider_bottom</height>
            <bottom>120</bottom>
            <visible>Container($PARAM[id]3).IsUpdating</visible>
            <animation effect="fade" reversible="false" start="0" end="100" time="200" delay="600">Visible</animation>
            <include content="Object_BusySpinner">
                <param name="colordiffuse" value="main_fg" />
                <param name="label" value="$LOCALIZE[31023]" />
            </include>
        </control>
        <include content="List_Button_Row">
            <param name="id" value="$PARAM[id]2" />
            <movement>4</movement>
            <height>divider_bottom</height>
            <right>360</right>
            <bottom>-320</bottom>
            <onup condition="!Container($PARAM[id]3).IsUpdating">$PARAM[id]3</onup>
            <onfocus>ClearProperty(TMDbHelper.WidgetContainer)</onfocus>
            <visible>$EXP[Exp_View_Special]</visible>
            <visible>$EXP[Exp_View_$PARAM[id]2]</visible>
            <viewtype label="$PARAM[viewtype_label]">wrap</viewtype>
            <include>Action_Row_Recommendations_OnDown</include>
        </include>
        <control type="image">
            <bottom>view_pad</bottom>
            <right>344</right>
            <height>80</height>
            <width>16</width>
            <aspectratio>keep</aspectratio>
            <visible>Container($PARAM[id]2).HasNext</visible>
            <texture colordiffuse="main_fg_70">arrows/arrow-small-right.png</texture>
        </control>
    </include>

    <include name="View_502_Square_Combined">
        <include content="View_Combined_Row">
            <param name="id" value="50" />
            <param name="include" value="List_Square_Row" />
            <param name="viewtype_label" value="$LOCALIZE[31120]" />
        </include>
    </include>

    <include name="View_512_Landscape_Combined">
        <include content="View_Combined_Row">
            <param name="id" value="51" />
            <param name="include" value="List_Landscape_Row" />
            <param name="viewtype_label" value="$LOCALIZE[31119]" />
        </include>
    </include>

    <include name="View_522_Poster_Combined">
        <include content="View_Combined_Row">
            <param name="id" value="52" />
            <param name="include" value="List_Poster_Row" />
            <param name="viewtype_label" value="$LOCALIZE[31118]" />
        </include>
    </include>

    <include name="View_572_BigLandscape_Combined">
        <include content="View_Combined_Row">
            <param name="id" value="57" />
            <param name="include" value="List_BigLandscape_Row" />
            <param name="viewtype_label" value="$LOCALIZE[31148]" />
        </include>
    </include>
</includes>