<?xml version="1.0" encoding="UTF-8"?>
<window type="dialog" id="1141">
    <defaultcontrol always="true">6000</defaultcontrol>
    <include>Animation_WindowTransition_FadeInOut</include>
    <controls>

        <include content="Object_Hidden_Button">
            <param name="id">6000</param>
            <onleft>Close</onleft>
            <onright>Close</onright>
            <ondown>SetFocus(6501)</ondown>
            <onup>Close</onup>
            <oninfo>Close</oninfo>
            <onclick>Close</onclick>
        </include>

        <include content="OSD_CastInfo_ExpandGroup">

            <!-- Info Box -->
            <control type="group">
                <visible>Control.HasFocus(6000)</visible>
                <include>Animation_VisibleTransition_FadeInOut</include>
                <include>OSD_CastInfo_DirectorWriter</include>
                <control type="group">
                    <width>190</width>
                    <height>grid_x28</height>
                    <visible>!VideoPlayer.Content(livetv)</visible>
                    <control type="image">
                        <include>Texture_Shadow_40</include>
                        <aspectratio scalediffuse="false">scale</aspectratio>
                        <texture background="true" diffuse="diffuse/poster_w190_h280.png">$VAR[Image_OSD_PosterImage]</texture>
                    </control>
                </control>
                <control type="image">
                    <right>0</right>
                    <width>grid_x24</width>
                    <height>grid_x24</height>
                    <visible>VideoPlayer.Content(livetv)</visible>
                    <aspectratio scalediffuse="false" aligny="center" align="center">keep</aspectratio>
                    <texture background="true" diffuse="diffuse/square_w320_h320.png">$VAR[Image_OSD_PosterImage]</texture>
                </control>
                <control type="grouplist">
                    <top>0</top>
                    <include content="Object_Left" condition="!VideoPlayer.Content(livetv)">
                        <param name="left">230</param>
                    </include>
                    <orientation>vertical</orientation>
                    <width>880</width>
                    <itemgap>0</itemgap>
                    <height>grid_x28</height>
                    <control type="label">
                        <label>$LOCALIZE[207]</label>
                        <font>font_mini_bold</font>
                        <textcolor>panel_fg_100</textcolor>
                        <height>40</height>
                    </control>
                    <control type="textbox">
                        <label fallback="19055">$INFO[VideoPlayer.Plot]</label>
                        <font>font_mini_plot</font>
                        <textcolor>panel_fg_70</textcolor>
                        <height max="150">auto</height>
                    </control>
                    <control type="label">
                        <top>12</top>
                        <label fallback="515">$INFO[VideoPlayer.Tagline]</label>
                        <font>font_mini_bold</font>
                        <textcolor>panel_fg_100</textcolor>
                        <height>40</height>
                        <visible>!String.IsEmpty(VideoPlayer.Genre)</visible>
                    </control>
                    <control type="textbox">
                        <label fallback="19055">$INFO[VideoPlayer.Genre]</label>
                        <font>font_mini_plot</font>
                        <textcolor>panel_fg_70</textcolor>
                        <height>40</height>
                        <visible>!String.IsEmpty(VideoPlayer.Genre)</visible>
                    </control>
                </control>
                <control type="grouplist">
                    <left>1190</left>
                    <orientation>vertical</orientation>
                    <itemgap>0</itemgap>
                    <height>grid_x28</height>
                    <control type="label">
                        <label>$LOCALIZE[31064]</label>
                        <font>font_mini_bold</font>
                        <textcolor>panel_fg_100</textcolor>
                        <height>40</height>
                        <visible>!String.IsEmpty(Window(Home).Property(TMDbHelper.Player.Awards)) | !String.IsEmpty(Window(Home).Property(TMDbHelper.Player.Budget))</visible>
                    </control>
                    <control type="textbox">
                        <label>$INFO[Window(Home).Property(TMDbHelper.Player.Awards),,[CR]]$INFO[Window(Home).Property(TMDbHelper.Player.Revenue),$LOCALIZE[31264] , $LOCALIZE[19159] ]$INFO[Window(Home).Property(TMDbHelper.Player.Budget)]</label>
                        <font>font_mini_plot</font>
                        <textcolor>panel_fg_70</textcolor>
                        <height>auto</height>
                        <visible>!String.IsEmpty(Window(Home).Property(TMDbHelper.Player.Awards)) | !String.IsEmpty(Window(Home).Property(TMDbHelper.Player.Budget))</visible>
                    </control>
                    <control type="label">
                        <top>12</top>
                        <label>$LOCALIZE[31024]</label>
                        <font>font_mini_bold</font>
                        <textcolor>panel_fg_100</textcolor>
                        <height>40</height>
                        <visible>!String.IsEmpty(Window(Home).Property(TMDbHelper.Player.rottentomatoes_consensus))</visible>
                    </control>
                    <control type="textbox">
                        <label>$INFO[Window(Home).Property(TMDBHelper.Player.rottentomatoes_consensus)]</label>
                        <font>font_mini_plot</font>
                        <textcolor>panel_fg_70</textcolor>
                        <height>auto</height>
                        <visible>!String.IsEmpty(Window(Home).Property(TMDbHelper.Player.rottentomatoes_consensus))</visible>
                    </control>
                </control>
            </control>

            <!-- Cast List -->
            <control type="group">
                <include>Animation_VisibleTransition_FadeInOut</include>
                <visible>Control.HasFocus(6501)</visible>

                <!-- Hidden Details List -->
                <control type="list" id="6502">
                    <left>-1920</left>
                    <width>1</width>
                    <height>1</height>
                    <orientation>vertical</orientation>
                    <itemlayout />
                    <focusedlayout />
                    <content>plugin://plugin.video.themoviedb.helper/?info=details&amp;tmdb_type=person&amp;tmdb_id=$INFO[Container(6501).ListItem.Property(tmdb_id)]</content>
                    <visible>!String.IsEmpty(Container(6501).ListItem.Property(tmdb_id))</visible>
                </control>

                <!-- Cast List -->
                <include content="List_Core">
                    <param name="orientation" value="horizontal" />
                    <param name="controltype" value="fixedlist" />
                    <param name="id" value="6501" />
                    <param name="item_w" value="190" />
                    <param name="item_h" value="280" />
                    <param name="itemlayout_w" value="230" />
                    <param name="itemlayout_h" value="320" />
                    <param name="itemlayout_include" value="Layout_Poster" />
                    <param name="offset_y" value="40" />
                    <param name="offset_x">40</param>
                    <content>$VAR[Path_OSD_Cast]</content>
                    <focusposition>0</focusposition>
                    <movement>4</movement>
                    <height>360</height>
                    <top>-40</top>
                    <onup>6000</onup>
                    <onfocus>SetProperty(CastMemberList,plugin://plugin.video.themoviedb.helper/?info=stars_in_movies&amp;limit=50&amp;tmdb_type=person&amp;tmdb_id=$INFO[Container(6501).ListItem.Property(TMDb_ID)]$VAR[Path_Param_Widget])</onfocus>
                    <ondown>SetFocus(6531)</ondown>
                    <left>-40</left>
                    <width>1190</width>
                    <onclick>SetProperty(OSDExtendedInfo,1,Home)</onclick>
                    <onclick condition="!Player.Paused + !Skin.HasSetting(OSD.DisablePauseOnInfo)">Pause</onclick>
                    <onclick>Action(Close)</onclick>
                    <onclick>RunScript(plugin.video.themoviedb.helper,recommendations=oninfo,tmdb_type=person,tmdb_id=$INFO[Container(6501).ListItem.UniqueID(tmdb)],window_id=1191)</onclick>
                </include>

                <!-- Arrows and Busy -->
                <include content="OSD_Episodes_Arrows">
                    <param name="id">6501</param>
                    <width>1110</width>
                    <height>280</height>
                    <include content="Object_BusySpinner">
                        <param name="colordiffuse" value="panel_fg" />
                        <visible>Container(6501).IsUpdating + Integer.IsEqual(Container(6501).NumItems,0)</visible>
                    </include>
                </include>

                <!-- Cast Member Details -->
                <include content="OSD_CastInfo_Details">
                    <param name="icon">$INFO[Container(6501).ListItem.Icon]</param>
                    <param name="mainlabel">$INFO[Container(6501).ListItem.Label]</param>
                    <param name="sublabel">$INFO[Container(6501).ListItem.Property(role),$LOCALIZE[20347] ,]</param>
                    <param name="plotlabel">$VAR[Label_OSD_CastMember_Bio]</param>
                </include>
            </control>

            <control type="group">
                <include>Animation_VisibleTransition_FadeInOut</include>
                <visible>!Control.HasFocus(6000)</visible>
                <include>OSD_CastInfo_NavButtons</include>
            </control>

            <control type="group">
                <include>Animation_VisibleTransition_FadeInOut</include>
                <visible>ControlGroup(6530).HasFocus() | Control.HasFocus(6539)</visible>

                <!-- Starring in List -->
                <include content="List_Core">
                    <param name="orientation" value="horizontal" />
                    <param name="controltype" value="fixedlist" />
                    <param name="id" value="6539" />
                    <param name="item_w" value="190" />
                    <param name="item_h" value="280" />
                    <param name="itemlayout_w" value="230" />
                    <param name="itemlayout_h" value="320" />
                    <param name="itemlayout_include" value="Layout_Poster" />
                    <param name="offset_y" value="40" />
                    <param name="offset_x">40</param>
                    <param name="detailed">true</param>
                    <param name="indicator">false</param>
                    <content>$INFO[Window.Property(CastMemberList)]</content>
                    <focusposition>0</focusposition>
                    <movement>4</movement>
                    <height>360</height>
                    <top>-40</top>
                    <onup>SetFocus(6501)</onup>
                    <ondown>SetFocus(6530)</ondown>
                    <left>-40</left>
                    <width>1190</width>
                    <animation effect="fade" start="100" end="20" time="200" delay="0" condition="Container(6539).IsUpdating">Conditional</animation>
                    <visible>!String.IsEmpty(Window.Property(CastMemberList))</visible>
                    <onclick>SetProperty(OSDExtendedInfo,1,Home)</onclick>
                    <onclick condition="!Player.Paused + !Skin.HasSetting(OSD.DisablePauseOnInfo)">Pause</onclick>
                    <onclick>Action(Close)</onclick>
                    <onclick>RunScript(plugin.video.themoviedb.helper,recommendations=oninfo,tmdb_type=$INFO[Window.Property(CastMemberParamType)],tmdb_id=$INFO[Container(6539).ListItem.UniqueID(tmdb)],window_id=1191)</onclick>
                </include>

                <include content="OSD_Episodes_Arrows">
                    <param name="id">6539</param>
                    <width>1110</width>
                    <height>280</height>
                    <include content="Object_BusySpinner">
                        <param name="colordiffuse" value="panel_fg" />
                        <visible>Container(6539).IsUpdating</visible>
                    </include>
                </include>

                <!-- Movie Starring in Details -->
                <include content="OSD_CastInfo_Details">
                    <param name="icon">$INFO[Container(6539).ListItem.Icon]</param>
                    <param name="mainlabel">$INFO[Container(6539).ListItem.Label]$INFO[Container(6539).ListItem.Year, (,)]</param>
                    <param name="sublabel">$INFO[Container(6539).ListItem.Property(role),$LOCALIZE[20347] ,]</param>
                    <param name="plotlabel">$INFO[Container(6539).ListItem.Plot]</param>
                </include>
            </control>
        </include>

        <include content="OSD_CastInfo_HintText">
            <param name="label">$LOCALIZE[31293]</param>
            <visible>Control.HasFocus(6000)</visible>
        </include>
    </controls>
</window>
