<?xml version="1.0" encoding="UTF-8"?>
<includes>
    <include name="View_52_Posters">
        <control type="group">
            <visible>Control.IsVisible(52)</visible>
            <include>Animation_Down</include>
            <include content="Viewtype_Poster">
                <param name="id" value="52" />
                <param name="castlabel" value="Container.Content(actors)" />
                <param name="label2" value="ListItem.Property(role)" />
                <param name="viewtype-label" value="$LOCALIZE[31232]" />
                <bottom>view_bottom</bottom>
                <left>-80</left>
                <right>-80</right>
                <onfocus>ClearProperty(TMDbHelper.WidgetContainer,Home)</onfocus>
                <include>Viewtype_Movement</include>
                <onfocus condition="Skin.HasSetting(NoFanart)">SetProperty(TMDbHelper.Blur.SourceImage,Art(fallback),Home)</onfocus>
                <onfocus condition="!Skin.HasSetting(NoFanart)">SetProperty(TMDbHelper.Blur.SourceImage,poster,Home)</onfocus>
                <ondown condition="Skin.HasSetting(DisableWallScroll)">60</ondown>
                <ondown condition="!Skin.HasSetting(DisableWallScroll) + [Container(52).HasNext | Container(52).HasPrevious]">SetProperty(WallMode,1)</ondown>
                <ondown condition="!Skin.HasSetting(DisableWallScroll) + [Container(52).HasNext | Container(52).HasPrevious]">Container.SetViewMode(5252)</ondown>
                <ondown condition="!Skin.HasSetting(DisableWallScroll) + [Container(52).HasNext | Container(52).HasPrevious]">SetFocus(25252)</ondown>
                <visible>$EXP[Exp_View_52]</visible>
                <visible>!Window.IsVisible(MyPlaylist.xml)</visible>
                <visible>!String.IsEqual(Container.Property(Param.Info),details)</visible>
            </include>
            <include content="Home_Hub_Widget_Label">
                <param name="id" value="52" />
                <param name="label" value="$VAR[Label_Header_Center]" />
                <param name="altlabel" value="$INFO[Control.GetLabel(3),, ]$INFO[Control.GetLabel(4)]" />
            </include>
        </control>
        <control type="group">
            <visible>Control.IsVisible(5252)</visible>
            <include>Animation_Down</include>
            <include content="Viewtype_WallSwitch">
                <param name="id" value="52" />
                <param name="include" value="Viewtype_Poster" />
                <param name="viewtype-label" value="$LOCALIZE[31232]" />
                <visible>!Window.IsVisible(MyPlaylist.xml)</visible>
                <visible>!String.IsEqual(Container.Property(Param.Info),details)</visible>
            </include>
        </control>

    </include>

    <include name="View_502_PosterWall">
        <control type="group">
            <visible>Control.IsVisible(502)</visible>
            <include>Animation_Down</include>
            <!-- <include content="Animation_Down_Panel">
                <param name="id" value="502" />
            </include> -->
            <include content="Viewtype_Poster">
                <param name="id" value="502" />
                <param name="castlabel" value="Container.Content(actors)" />
                <param name="label2" value="ListItem.Property(role)" />
                <param name="viewtype-label" value="Poster Wall" />
                <param name="control-type" value="panel" />
                <param name="orientation" value="horizontal" />
                <param name="height" value="800" />
                <bottom>-100</bottom>
                <left>-80</left>
                <!-- <width>26131.14</width>
                <include content="Animation_Wall_Slide">
                    <param name="id" value="502" />
                    <param name="slide" value="257.14" />
                </include>
                <include content="Animation_Wall_Slide_Return">
                    <param name="id" value="502" />
                    <param name="slide" value="257.14" />
                    <param name="condition" value="[Container(502).Row(0) + String.IsEmpty(Container(502).ListItemNoWrap(12).Label)] | [Container(502).Row(1) + String.IsEmpty(Container(502).ListItemNoWrap(11).Label)]" />
                </include>
                <include content="Animation_Wall_Slide_Return">
                    <param name="id" value="502" />
                    <param name="slide" value="257.14" />
                    <param name="condition" value="[Container(502).Row(0) + String.IsEmpty(Container(502).ListItemNoWrap(10).Label)] | [Container(502).Row(1) + String.IsEmpty(Container(502).ListItemNoWrap(9).Label)]" />
                </include>
                <include content="Animation_Wall_Slide_Return">
                    <param name="id" value="502" />
                    <param name="slide" value="257.14" />
                    <param name="condition" value="[Container(502).Row(0) + String.IsEmpty(Container(502).ListItemNoWrap(8).Label)] | [Container(502).Row(1) + String.IsEmpty(Container(502).ListItemNoWrap(7).Label)]" />
                </include>
                <include content="Animation_Wall_Slide_Return">
                    <param name="id" value="502" />
                    <param name="slide" value="257.14" />
                    <param name="condition" value="[Container(502).Row(0) + String.IsEmpty(Container(502).ListItemNoWrap(6).Label)] | [Container(502).Row(1) + String.IsEmpty(Container(502).ListItemNoWrap(5).Label)]" />
                </include>
                <include content="Animation_Wall_Slide_Return">
                    <param name="id" value="502" />
                    <param name="slide" value="257.14" />
                    <param name="condition" value="[Container(502).Row(0) + String.IsEmpty(Container(502).ListItemNoWrap(4).Label)] | [Container(502).Row(1) + String.IsEmpty(Container(502).ListItemNoWrap(3).Label)]" />
                </include>
                <include content="Animation_Wall_Slide_Return">
                    <param name="id" value="502" />
                    <param name="slide" value="257.14" />
                    <param name="condition" value="[Container(502).Row(0) + String.IsEmpty(Container(502).ListItemNoWrap(2).Label)] | [Container(502).Row(1) + String.IsEmpty(Container(502).ListItemNoWrap(1).Label)]" />
                </include>
                <animation effect="slide" end="-257.14" condition="!Integer.IsGreater(Container(502).NumItems,12)">Conditional</animation>
                <animation effect="slide" end="-257.14" condition="!Integer.IsGreater(Container(502).NumItems,10)">Conditional</animation>
                <animation effect="slide" end="-257.14" condition="!Integer.IsGreater(Container(502).NumItems,8)">Conditional</animation>
                <animation effect="slide" end="-257.14" condition="!Integer.IsGreater(Container(502).NumItems,6)">Conditional</animation>
                <animation effect="slide" end="-257.14" condition="!Integer.IsGreater(Container(502).NumItems,4)">Conditional</animation>
                <animation effect="slide" end="-257.14" condition="!Integer.IsGreater(Container(502).NumItems,2)">Conditional</animation> -->
                <right>-80</right>
                <onfocus>ClearProperty(TMDbHelper.WidgetContainer,Home)</onfocus>
                <include>Viewtype_Movement</include>
                <onfocus condition="Skin.HasSetting(NoFanart)">SetProperty(TMDbHelper.Blur.SourceImage,Art(fallback),Home)</onfocus>

                <onfocus condition="!Skin.HasSetting(NoFanart)">SetProperty(TMDbHelper.Blur.SourceImage,poster,Home)</onfocus>
                <ondown>60</ondown>
                <onup>SetFocus(9000)</onup>
                <visible>$EXP[Exp_View_502]</visible>

                <visible>!Window.IsVisible(MyPlaylist.xml)</visible>
                <visible>!String.IsEqual(Container.Property(Param.Info),details)</visible>
            </include>
            <include content="Home_Hub_Widget_Label">
                <param name="id" value="502" />
                <param name="label" value="$VAR[Label_Header_Center]" />
                <param name="altlabel" value="$INFO[Control.GetLabel(3),, ]$INFO[Control.GetLabel(4)]" />
                <top>0</top>
            </include>
        </control>
    </include>

</includes>

