[
    {
        "label": "Search",
        "icon": "special://skin/extras/icons/search.png",
        "path": "ActivateWindow(1105)",
        "expression": "home",
        "forced": "True",
        "target": "",
        "widgets": [
            {
                "label": "$LOCALIZE[31398]",
                "path": "special://skin/extras/playlists/NewMovies.xsp",
                "widget_style": "Landscape",
                "target": "videos",
                "guid": "guid-f5d496d2"
            },
            {
                "label": "$LOCALIZE[31400]",
                "path": "special://skin/extras/playlists/NewEpisodes.xsp",
                "widget_style": "Landscape",
                "target": "videos",
                "guid": "guid-64e9b01c"
            }
        ],
        "guid": "guid-19ada9cd"
    },
    {
        "label": "$LOCALIZE[20342]",
        "icon": "special://skin/extras/icons/film.png",
        "path": "ActivateWindow(videos,videodb://movies/titles,return)",
        "target": "",
        "expression": "movies",
        "widgets": [
            {
                "label": "$LOCALIZE[31404]",
                "path": "special://skin/extras/playlists/InProgressMovies.xsp",
                "widget_style": "Landscape",
                "target": "videos",
                "guid": "guid-5914ec8b"
            },
            {
                "label": "$LOCALIZE[31406]",
                "path": "special://skin/extras/playlists/TopRatedMovies.xsp",
                "widget_style": "Landscape",
                "target": "videos",
                "guid": "guid-8700db05"
            },
            {
                "label": "$LOCALIZE[31396]",
                "path": "special://skin/extras/playlists/RecentMovies.xsp",
                "widget_style": "Landscape",
                "target": "videos",
                "guid": "guid-669d551c"
            },
            {
                "label": "$LOCALIZE[31408]",
                "path": "special://skin/extras/playlists/RandomMovies.xsp",
                "widget_style": "Landscape",
                "target": "videos",
                "guid": "guid-c4fdb8e7"
            }
        ],
        "guid": "guid-488ad32f",
        "spotlight_label": "Random Movies",
        "spotlight_path": "special://skin/extras/playlists/RandomMovies.xsp",
        "spotlight_icon": "special://skin/extras/icons/list-ol.png",
        "spotlight_target": "videos"
    },
    {
        "label": "$LOCALIZE[20343]",
        "icon": "special://skin/extras/icons/tv.png",
        "path": "ActivateWindow(videos,videodb://tvshows/titles,return)",
        "target": "",
        "expression": "tvshows",
        "widgets": [
            {
                "label": "$LOCALIZE[31403]",
                "path": "library://video/tvshows/inprogressshows.xml",
                "widget_style": "Landscape",
                "target": "videos",
                "guid": "guid-dd2d29ef"
            },
            {
                "label": "$LOCALIZE[31407]",
                "path": "special://skin/extras/playlists/TopRatedTvShows.xsp",
                "widget_style": "Landscape",
                "target": "videos",
                "guid": "guid-1aae7d6c"
            },
            {
                "label": "$LOCALIZE[31397]",
                "path": "special://skin/extras/playlists/RecentTvShows.xsp",
                "widget_style": "Landscape",
                "target": "videos",
                "guid": "guid-c421fc46"
            },
            {
                "label": "$LOCALIZE[31409]",
                "path": "special://skin/extras/playlists/RandomTvShows.xsp",
                "widget_style": "Landscape",
                "target": "videos",
                "guid": "guid-db154daf"
            }
        ],
        "guid": "guid-0a9df9a5",
        "spotlight_label": "Random Tv Shows",
        "spotlight_path": "special://skin/extras/playlists/RandomTvShows.xsp",
        "spotlight_icon": "DefaultTVShows.png",
        "spotlight_target": "videos"
    },
    {
        "label": "$LOCALIZE[249]",
        "icon": "special://skin/extras/icons/songs.png",
        "path": "ActivateWindow(music)",
        "target": "",
        "expression": "music",
        "widgets": [
            {
                "label": "$LOCALIZE[842]",
                "path": "musicdb://recentlyaddedalbums/",
                "widget_style": "Square",
                "target": "music",
                "guid": "guid-b906470e"
            },
            {
                "label": "Top 100",
                "path": "musicdb://top100/albums/",
                "widget_style": "Square",
                "target": "music",
                "guid": "guid-b3f05a17"
            },
            {
                "label": "$LOCALIZE[517]",
                "path": "musicdb://recentlyplayedalbums/",
                "widget_style": "Square",
                "target": "music",
                "guid": "guid-76fd8b65"
            },
            {
                "label": "$LOCALIZE[31412]",
                "path": "special://skin/extras/playlists/RandomAlbums.xsp",
                "widget_style": "Square",
                "target": "music",
                "guid": "guid-47b482d4"
            }
        ],
        "guid": "guid-bfd91384",
        "spotlight_label": "Random Artists",
        "spotlight_path": "special://skin/extras/playlists/RandomArtists.xsp",
        "spotlight_icon": "DefaultMusicArtists.png",
        "spotlight_target": "music"
    },
    {
        "label": "$LOCALIZE[31085]",
        "icon": "special://skin/extras/icons/livetv.png",
        "path": "ActivateWindow(TVGuide)",
        "expression": "livetv",
        "target": "",
        "widgets": [
            {
                "label": "$LOCALIZE[568]",
                "path": "pvr://channels/tv/*",
                "widget_style": "Square",
                "target": "tvguide",
                "guid": "guid-27538532"
            },
            {
                "label": "$LOCALIZE[19017]",
                "path": "pvr://recordings/tv/active?view=flat",
                "widget_style": "Square",
                "target": "tvguide",
                "guid": "guid-1db27e6d"
            }
        ],
        "guid": "guid-e79824eb",
        "spotlight_label": "Last Played Channels",
        "spotlight_path": "pvr://channels/tv/*?view=lastplayed",
        "spotlight_icon": "DefaultAddonPVRClient.png",
        "spotlight_target": ""
    }
]