[
    {
        "icon": "$VAR[Image_Setting_Shortcuts_Locked]",
        "label": "$VAR[Label_Setting_Shortcuts_Locked]",
        "path": "RunScript(script.skinvariables,\"run_executebuiltin=Skin.ToggleSetting(KioskMode.HubConfigurationUnlocked)||ReloadSkin()\")",
        "target": ""
    },
    {
        "icon": "special://skin/extras/icons/shapes.png",
        "label": "Widgets",
        "path": "RunScript(script.skinvariables,\"run_executebuiltin=SetProperty(Shortcuts.EditMenu,menu=sidemenu,Home)||sleep=0.2||ActivateWindow(1115)\")",
        "target": ""
    },
    {
        "icon": "special://skin/extras/icons/update.png",
        "label": "$LOCALIZE[31364]",
        "path": "ReloadSkin()",
        "target": ""
    },
    {
        "icon": "special://skin/extras/icons/power.png",
        "label": "$LOCALIZE[13009]",
        "path": "Quit()",
        "target": ""
    }
]