<?xml version="1.0" encoding="UTF-8"?>
<!-- Foundation -->
<window id="0">
    <defaultcontrol always="false">3992</defaultcontrol>
    <onload condition="Control.HasFocus(301) | Control.HasFocus(303)">SetFocus(3992)</onload>
    <onload>RunScript(script.skinshortcuts,type=buildxml&amp;mainmenuID=301&amp;levels=1&amp;group=mainmenu|powermenu|searchmenu)</onload>
    <onload condition="String.IsEmpty(Window(Home).Property(SkinSplashStarted))">ActivateWindow(1117)</onload>
    <onunload>ClearProperty(TMDbHelper.WidgetContainer,Home)</onunload>

    <onload>SetProperty(TMDbHelper.Blur.Fallback,$VAR[Global_Background_Image_NoFanart_Fallback],Home)</onload>
    <onload>SetProperty(TMDbHelper.Blur.SourceImage,poster,Home)</onload>
    <onload condition="Skin.HasSetting(DisableBlur)">Skin.Reset(TMDbHelper.EnableBlur)</onload>
    <onload condition="!Skin.HasSetting(DisableBlur)">Skin.SetBool(TMDbHelper.EnableBlur)</onload>
    <onload>Skin.Reset(TMDbHelper.DisableExtendedProperties)</onload>
    <onload>Skin.SetBool(TMDbHelper.DisablePersonStats)</onload>

    <controls>
        <control type="list" id="3700">
            <description>Hidden container for widget count</description>
            <include>Defs_Hidden_List</include>
            <content><include>skinshortcuts-submenu-1</include></content>
        </control>
        <control type="list" id="3701">
            <description>Hidden container for grouplist ids</description>
            <include>Defs_Hidden_List</include>
            <content><include>skinshortcuts-template-widgetgrouplists</include></content>
        </control>
        <control type="list" id="56560">
            <include>Defs_Offscreen</include>
            <orientation>horizontal</orientation>
            <itemlayout />
            <focusedlayout />
            <content>
                <include content="Object_56560_Item">
                    <param name="listitem" value="Container(3001).ListItem" />
                    <visible>Integer.IsEqual(Container(3700).NumItems,0)</visible>
                </include>
                <include>skinshortcuts-template-infoline</include>
            </content>
        </control>



        <include>Home_Multi</include>
        <include>Object_NowPlaying</include>
        <include>Home_Submenu</include>

    </controls>
</window>
