<?xml version="1.0" encoding="UTF-8"?>
<includes>
    <include name="View_56_Hubs">
        <control type="group">
            <include content="Viewtype_Buttons">
                <param name="id" value="56" />
                <param name="itemlayout-width" value="280" />
                <param name="offset" value="0" />
                <param name="control-type" value="fixedlist" />
                <param name="viewtype-label" value="$LOCALIZE[31235]" />
                <movement>3</movement>
                <preloaditems>2</preloaditems>
                <height>120</height>
                <width>1120</width>
                <pagecontrol>61</pagecontrol>
                <onup>SetFocus(9000)</onup>
                <ondown>560</ondown>
                <onfocus>SetProperty(TMDbHelper.WidgetContainer,560,Home)</onfocus>
                <onfocus>SetProperty(TMDbHelper.Blur.SourceImage,landscape,Home)</onfocus>
                <left>-20</left>
                <bottom>400</bottom>
                <animation effect="fade" start="0" end="100" time="400" tween="cubic" easing="inout" reversible="false" delay="200" condition="$EXP[Exp_View56Hubs]">Conditional</animation>
                <visible>$EXP[Exp_View56Hubs]</visible>
            </include>
            <control type="image">
                <width>24</width>
                <height>24</height>
                <bottom>457</bottom>
                <left>-56</left>
                <texture colordiffuse="main_fg_30">buttons/spin-left.png</texture>
                <visible>Container(56).HasPrevious</visible>
                <visible>Control.Isvisible(56)</visible>
            </control>
            <control type="image">
                <width>24</width>
                <height>24</height>
                <bottom>457</bottom>
                <left>1122</left>
                <texture colordiffuse="main_fg_30" flipx="true">buttons/spin-left.png</texture>
                <visible>Container(56).HasNext</visible>
                <visible>Control.Isvisible(56)</visible>
            </control>
            <include content="View_Info_Grouplist">
                <param name="title" value="$VAR[Label_Info_Title_560]" />
                <param name="container" value="Container(560)." />
                <param name="plot" value="$VAR[Label_Plot_C560]" />
                <param name="plotheight" value="auto" />
                <param name="infoline-label" value="$VAR[Label_Home_InfoLine]" />
                <param name="infoline-image" value="$VAR[Image_Home_VideoQuality]" />
                <top>-15</top>
                <height>285</height>
                <visible>Control.IsVisible(56)</visible>
                <include>Viewtype_Info_Right</include>
                <visible>Integer.IsGreater(Container(560).NumItems,0)</visible>
            </include>
            <control type="group">
                <visible>Control.IsVisible(56)</visible>
                <include>Animation_Down</include>
                <include content="Viewtype_Landscape">
                    <animation effect="fade" start="100" end="0" condition="Container(560).IsUpdating">Conditional</animation>
                    <param name="id" value="560" />
                    <visible>Container(56).ListItem.IsFolder + !Container(56).ListItem.IsParentFolder</visible>
                    <bottom>-20</bottom>
                    <left>-80</left>
                    <right>-80</right>
                    <onup>56</onup>
                    <onclick condition="!ListItem.IsFolder">PlayMedia($INFO[ListItem.FileNameAndPath])</onclick>
                    <onclick condition="ListItem.IsFolder">Container.Update($INFO[ListItem.FolderPath])</onclick>
                    <onclick>SetFocus(56)</onclick>
                    <onback>56</onback>
                    <pagecontrol>60</pagecontrol>
                    <!-- <ondown>SetFocus(60)</ondown> -->
                    <ondown condition="!Skin.HasSetting(DisableWallScroll)">5656</ondown>
                    <ondown condition="Skin.HasSetting(DisableWallScroll)">60</ondown>
                    <content target="$VAR[Defs_560_Target]">$INFO[Container(56).ListItem.FolderPath]</content>
                    <visible>![Window.IsVisible(MyMusicNav.xml) + Container.Content(years)]</visible>
                </include>
                <include content="Viewtype_Square">
                    <animation effect="fade" start="100" end="0" condition="Container(560).IsUpdating">Conditional</animation>
                    <param name="id" value="560" />
                    <visible>Container(56).ListItem.IsFolder + !Container(56).ListItem.IsParentFolder</visible>
                    <bottom>-20</bottom>
                    <left>-80</left>
                    <right>-80</right>
                    <onup>56</onup>
                    <onclick condition="!ListItem.IsFolder">PlayMedia($INFO[ListItem.FileNameAndPath])</onclick>
                    <onclick condition="ListItem.IsFolder">Container.Update($INFO[ListItem.FolderPath])</onclick>
                    <onclick>SetFocus(56)</onclick>
                    <onback>56</onback>
                    <pagecontrol>60</pagecontrol>
                    <ondown>SetFocus(60)</ondown>
                    <content target="$VAR[Defs_560_Target]">$INFO[Container(56).ListItem.FolderPath]</content>
                    <visible>[Window.IsVisible(MyMusicNav.xml) + Container.Content(years)]</visible>
                </include>
                <include content="Home_Hub_Widget_Label">
                    <param name="id" value="560" />
                    <param name="label" value="$INFO[Container(56).ListItem.Label]" />
                    <visible>Container(56).ListItem.IsFolder</visible>
                </include>
            </control>
        </control>
    </include>
</includes>

