<contents>
    <value name="comments">Static Sidemenu</value>
    <template>generator/data/parts/basic_include.xmltemplate</template>
    <value name="includes_name">skinvariables-sidemenu-staticitems</value>
    <value name="includes_part">
        <items menu="sidemenu">
            <item>
                <template>generator/data/parts/menu_item.xmltemplate</template>
                <datafile>generator/data/setup/onclick_path.xml</datafile>
                <condition>{item_disabled}!=True</condition>
                <rules name="widget_group_id">
                    <rule>
                        <condition>True</condition>
                        <value>$MATH[{item_x} + 100]</value>
                    </rule>
                </rules>
                <rules name="sidemenu_path">
                    <rule>
                        <condition>{item_target}!=</condition>
                        <condition>{item_path_opendialog}!=</condition>
                        <condition>{item_path_opendialog_expanded}==</condition>
                        <condition>{item_path}!=</condition>
                        <value>{item_path}</value>
                    </rule>
                    <rule>
                        <condition>True</condition>
                        <value>plugin://script.skinvariables/?info=get_shortcuts_node&amp;menu={item_menu}-customnode-{item_guid}$VAR[Path_SkinVariables_SkinFolder,&amp;skin=,]</value>
                    </rule>
                </rules>
                <rules name="sidemenu_target">
                    <rule>
                        <condition>{item_target}!=</condition>
                        <condition>{item_path_opendialog}!=</condition>
                        <condition>{item_path_opendialog_expanded}==</condition>
                        <condition>{item_path}!=</condition>
                        <value>{item_target}</value>
                    </rule>
                </rules>
                <value name="parts_additional">
                    <template>generator/data/parts/additional_sidemenu.xmltemplate</template>
                </value>
            </item>
        </items>
    </value>
</contents>