<?xml version="1.0" encoding="UTF-8"?>
<window>
    <zorder>0</zorder>
    <controls>

        <include content="Furniture_Busy">
            <param name="hasspinner">true</param>
            <param name="spinspinner">true</param>
            <param name="spinnervisible">[!Window.IsActive(DialogVolumeBar.xml) | Player.Muted]</param>
            <param name="icon">special://skin/extras/icons/kodi.png</param>
            <param name="haslabel">false</param>
            <param name="visible">[!Window.IsActive(DialogExtendedProgressBar.xml) | [Window.IsActive(fullscreenvideo) | Window.IsActive(visualisation)]]</param>
        </include>

        <control type="progress" id="10">
            <include>Object_Hidden_Button_Definition</include>
        </control>

    </controls>
</window>
