<?xml version="1.0" encoding="UTF-8"?>
<template>

    <submenu include="widgets" container="302" level="1">
        <property name="mainmenuid" tag="property" attribute="name|id" value="$NUMBER[1]">1</property>
        <property name="mainmenuid" tag="property" attribute="name|id" value="$NUMBER[2]">2</property>
        <property name="mainmenuid" tag="property" attribute="name|id" value="$NUMBER[3]">3</property>
        <property name="mainmenuid" tag="property" attribute="name|id" value="$NUMBER[4]">4</property>
        <property name="mainmenuid" tag="property" attribute="name|id" value="$NUMBER[5]">5</property>
        <property name="mainmenuid" tag="property" attribute="name|id" value="$NUMBER[6]">6</property>
        <property name="mainmenuid" tag="property" attribute="name|id" value="$NUMBER[7]">7</property>
        <property name="mainmenuid" tag="property" attribute="name|id" value="$NUMBER[8]">8</property>
        <property name="mainmenuid" tag="property" attribute="name|id" value="$NUMBER[9]">9</property>
        <property name="mainmenuid" tag="property" attribute="name|id" value="$NUMBER[10]">10</property>
        <property name="mainmenuid" tag="property" attribute="name|id" value="$NUMBER[11]">11</property>
        <property name="mainmenuid" tag="property" attribute="name|id" value="$NUMBER[12]">12</property>
        <property name="mainmenuid" tag="property" attribute="name|id" value="$NUMBER[13]">13</property>
        <property name="mainmenuid" tag="property" attribute="name|id" value="$NUMBER[14]">14</property>
        <property name="mainmenuid" tag="property" attribute="name|id" value="$NUMBER[15]">15</property>
        <property name="mainmenuid" tag="property" attribute="name|id" value="$NUMBER[16]">16</property>
        <property name="mainmenuid" tag="property" attribute="name|id" value="$NUMBER[17]">17</property>
        <property name="mainmenuid" tag="property" attribute="name|id" value="$NUMBER[18]">18</property>
        <property name="mainmenuid" tag="property" attribute="name|id" value="$NUMBER[19]">19</property>
        <property name="mainmenuid" tag="property" attribute="name|id" value="$NUMBER[20]">20</property>
        <property name="mainmenuid" tag="property" attribute="name|id" value="$NUMBER[21]">21</property>
        <property name="mainmenuid" tag="property" attribute="name|id" value="$NUMBER[22]">22</property>
        <property name="mainmenuid" tag="property" attribute="name|id" value="$NUMBER[23]">23</property>
        <property name="mainmenuid" tag="property" attribute="name|id" value="$NUMBER[24]">24</property>
        <property name="mainmenuid" tag="property" attribute="name|id" value="$NUMBER[25]">25</property>
        <property name="mainmenuid" tag="property" attribute="name|id" value="$NUMBER[26]">26</property>
        <property name="mainmenuid" tag="property" attribute="name|id" value="$NUMBER[27]">27</property>
        <property name="mainmenuid" tag="property" attribute="name|id" value="$NUMBER[28]">28</property>
        <property name="mainmenuid" tag="property" attribute="name|id" value="$NUMBER[29]">29</property>
        <property name="mainmenuid" tag="property" attribute="name|id" value="$NUMBER[30]">30</property>
        <property name="mainmenuid" tag="property" attribute="name|id" value="$NUMBER[31]">31</property>
        <property name="mainmenuid" tag="property" attribute="name|id" value="$NUMBER[32]">32</property>
        <property name="mainmenuid" tag="property" attribute="name|id" value="$NUMBER[33]">33</property>
        <property name="mainmenuid" tag="property" attribute="name|id" value="$NUMBER[34]">34</property>
        <property name="mainmenuid" tag="property" attribute="name|id" value="$NUMBER[35]">35</property>
        <property name="mainmenuid" tag="property" attribute="name|id" value="$NUMBER[36]">36</property>
        <property name="mainmenuid" tag="property" attribute="name|id" value="$NUMBER[37]">37</property>
        <property name="mainmenuid" tag="property" attribute="name|id" value="$NUMBER[38]">38</property>
        <property name="mainmenuid" tag="property" attribute="name|id" value="$NUMBER[39]">39</property>
        <property name="mainmenuid" tag="property" attribute="name|id" value="$NUMBER[40]">40</property>
        <property name="mainmenuid" tag="property" attribute="name|id" value="$NUMBER[41]">41</property>
        <property name="mainmenuid" tag="property" attribute="name|id" value="$NUMBER[42]">42</property>
        <property name="mainmenuid" tag="property" attribute="name|id" value="$NUMBER[43]">43</property>
        <property name="mainmenuid" tag="property" attribute="name|id" value="$NUMBER[44]">44</property>
        <property name="mainmenuid" tag="property" attribute="name|id" value="$NUMBER[45]">45</property>
        <property name="mainmenuid" tag="property" attribute="name|id" value="$NUMBER[46]">46</property>
        <property name="mainmenuid" tag="property" attribute="name|id" value="$NUMBER[47]">47</property>
        <property name="mainmenuid" tag="property" attribute="name|id" value="$NUMBER[48]">48</property>
        <property name="mainmenuid" tag="property" attribute="name|id" value="$NUMBER[49]">49</property>
        <property name="mainmenuid" tag="property" attribute="name|id" value="$NUMBER[50]">50</property>
        <property name="mainmenuid" tag="property" attribute="name|id" value="$NUMBER[51]">51</property>
        <property name="mainmenuid" tag="property" attribute="name|id" value="$NUMBER[52]">52</property>
        <property name="mainmenuid" tag="property" attribute="name|id" value="$NUMBER[53]">53</property>
        <property name="mainmenuid" tag="property" attribute="name|id" value="$NUMBER[54]">54</property>
        <property name="mainmenuid" tag="property" attribute="name|id" value="$NUMBER[55]">55</property>
        <property name="mainmenuid" tag="property" attribute="name|id" value="$NUMBER[56]">56</property>
        <property name="mainmenuid" tag="property" attribute="name|id" value="$NUMBER[57]">57</property>
        <property name="mainmenuid" tag="property" attribute="name|id" value="$NUMBER[58]">58</property>
        <property name="mainmenuid" tag="property" attribute="name|id" value="$NUMBER[59]">59</property>
        <property name="mainmenuid" tag="property" attribute="name|id" value="$NUMBER[60]">60</property>
        <property name="mainmenuid" tag="property" attribute="name|id" value="$NUMBER[61]">61</property>
        <property name="mainmenuid" tag="property" attribute="name|id" value="$NUMBER[62]">62</property>
        <property name="mainmenuid" tag="property" attribute="name|id" value="$NUMBER[63]">63</property>
        <property name="mainmenuid" tag="property" attribute="name|id" value="$NUMBER[64]">64</property>
        <property name="mainmenuid" tag="property" attribute="name|id" value="$NUMBER[65]">65</property>
        <property name="mainmenuid" tag="property" attribute="name|id" value="$NUMBER[66]">66</property>
        <property name="mainmenuid" tag="property" attribute="name|id" value="$NUMBER[67]">67</property>
        <property name="mainmenuid" tag="property" attribute="name|id" value="$NUMBER[68]">68</property>
        <property name="mainmenuid" tag="property" attribute="name|id" value="$NUMBER[69]">69</property>
        <property name="mainmenuid" tag="property" attribute="name|id" value="$NUMBER[70]">70</property>
        <property name="mainmenuid" tag="property" attribute="name|id" value="$NUMBER[71]">71</property>
        <property name="mainmenuid" tag="property" attribute="name|id" value="$NUMBER[72]">72</property>
        <property name="mainmenuid" tag="property" attribute="name|id" value="$NUMBER[73]">73</property>
        <property name="mainmenuid" tag="property" attribute="name|id" value="$NUMBER[74]">74</property>
        <property name="mainmenuid" tag="property" attribute="name|id" value="$NUMBER[75]">75</property>
        <property name="mainmenuid" tag="property" attribute="name|id" value="$NUMBER[76]">76</property>
        <property name="mainmenuid" tag="property" attribute="name|id" value="$NUMBER[77]">77</property>
        <property name="mainmenuid" tag="property" attribute="name|id" value="$NUMBER[78]">78</property>
        <property name="mainmenuid" tag="property" attribute="name|id" value="$NUMBER[79]">79</property>
        <property name="mainmenuid" tag="property" attribute="name|id" value="$NUMBER[80]">80</property>
        <property name="mainmenuid" tag="property" attribute="name|id" value="$NUMBER[81]">81</property>
        <property name="mainmenuid" tag="property" attribute="name|id" value="$NUMBER[82]">82</property>
        <property name="mainmenuid" tag="property" attribute="name|id" value="$NUMBER[83]">83</property>
        <property name="mainmenuid" tag="property" attribute="name|id" value="$NUMBER[84]">84</property>
        <property name="mainmenuid" tag="property" attribute="name|id" value="$NUMBER[85]">85</property>
        <property name="mainmenuid" tag="property" attribute="name|id" value="$NUMBER[86]">86</property>
        <property name="mainmenuid" tag="property" attribute="name|id" value="$NUMBER[87]">87</property>
        <property name="mainmenuid" tag="property" attribute="name|id" value="$NUMBER[88]">88</property>
        <property name="mainmenuid" tag="property" attribute="name|id" value="$NUMBER[89]">89</property>
        <property name="mainmenuid" tag="property" attribute="name|id" value="$NUMBER[90]">90</property>
        <property name="mainmenuid" tag="property" attribute="name|id" value="$NUMBER[91]">91</property>
        <property name="mainmenuid" tag="property" attribute="name|id" value="$NUMBER[92]">92</property>
        <property name="mainmenuid" tag="property" attribute="name|id" value="$NUMBER[93]">93</property>
        <property name="mainmenuid" tag="property" attribute="name|id" value="$NUMBER[94]">94</property>
        <property name="mainmenuid" tag="property" attribute="name|id" value="$NUMBER[95]">95</property>
        <property name="mainmenuid" tag="property" attribute="name|id" value="$NUMBER[96]">96</property>
        <property name="mainmenuid" tag="property" attribute="name|id" value="$NUMBER[97]">97</property>
        <property name="mainmenuid" tag="property" attribute="name|id" value="$NUMBER[98]">98</property>
        <property name="mainmenuid" tag="property" attribute="name|id" value="$NUMBER[99]">99</property>
        <property name="isFullscreenWidget" tag="property" attribute="name|widgetPath">True</property>
        <property name="isFullscreenWidget">False</property>
        <property name="isSubmenuBumper" tag="property" attribute="name|disableSubmenuBumper">False</property>
        <property name="isSubmenuBumper">True</property>
        <property name="submenuVisibility" tag="property" attribute="name|submenuVisibility"/>

        <property name="mainmenuIcon" tag="thumb" />
        <property name="mainmenuIcon" tag="icon" />
        <property name="mainmenuLabel" tag="label" />
        <property name="mainmenuPath" tag="onclick" />
        <controls>
            <control type="group">
                <visible>String.IsEqual(Container(300).ListItem.Property(submenuVisibility),$SKINSHORTCUTS[submenuVisibility])</visible>
                <include content="Animation_LeftRight">
                    <param name="visible" value="[String.IsEqual(Container(300).ListItem.Property(submenuVisibility),$SKINSHORTCUTS[submenuVisibility])]" />
                </include>
                <control type="grouplist" id="$PYTHON[int(mainmenuid) * 1000 + 400]">
                    <animation effect="slide" end="0,120" condition="Integer.IsEqual(Container($PYTHON[int(mainmenuid) * 1000 + 400]).NumItems,1) + $SKINSHORTCUTS[isFullscreenWidget]">Conditional</animation>
                    <visible>!$EXP[Exp_InfoDialogs]</visible>
                    <include>Animation_Common</include>
                    <include>Animation_Foreground_FadeInOut</include>
                    <orientation>vertical</orientation>
                    <onup>SetFocus(300)</onup>
                    <ondown>SetFocus(330)</ondown>
                    <control type="group" id="$PYTHON[int(mainmenuid) * 1000 + 500]">
                        <height>1260</height>
                        <left>view_pad</left>
                        <visible>$SKINSHORTCUTS[isFullscreenWidget]</visible>
                        <visible>!Integer.IsEqual(Container(301).NumItems,0)</visible>
                        <animation effect="fade" start="0" end="100" time="400" delay="400" reversible="false" condition="Integer.IsEqual(Window(Home).Property(TMDBHelper.WidgetContainer),301)">Conditional</animation>
                        <animation effect="fade" start="100" end="0" time="200" reversible="false" condition="!Integer.IsEqual(Window(Home).Property(TMDBHelper.WidgetContainer),301)">Conditional</animation>

                        <include content="Info_Panel">
                            <param name="plotwidth" value="880" />
                            <param name="plotheight" value="80" />
                            <param name="line_id" value="$PYTHON[int(mainmenuid) * 1000 + 598]" />
                            <param name="container" value="Container(301)." />
                            <param name="ratings" value="[Container.Content(movies) | Container.Content(episodes) | Container.Content(seasons) | Container.Content(sets) | Container.Content(tvshows) | String.IsEqual(Container(301).ListItem.DBType,movie) | String.IsEqual(Container(301).ListItem.DBType,tvshow) | String.IsEqual(Container(301).ListItem.DBType,set) | String.IsEqual(Container(301).ListItem.DBType,season) | String.IsEqual(Container(301).ListItem.DBType,episode) | Container(301).ListItem.IsCollection]" />
                            <height>280</height>
                            <width>1080</width>
                            <bottom>480</bottom>
                        </include>

                        <control type="group">
                            <height>70</height>
                            <bottom>380</bottom>
                            <control type="grouplist" id="$PYTHON[int(mainmenuid) * 1000 + 599]">
                                <left>-40</left>
                                <orientation>horizontal</orientation>
                                <height>256</height>
                                <centertop>50%</centertop>
                                <itemgap>-60</itemgap>
                                <onup>SetFocus(300)</onup>
                                <onback>SetFocus(300)</onback>
                                <ondown>$PYTHON[int(mainmenuid) * 1000 + 601]</ondown>
                                <onleft>Control.Move(301,-1)</onleft>
                                <onright>Control.Move(301,1)</onright>
                                <include content="Object_Info_Button">
                                    <param name="id" value="$PYTHON[int(mainmenuid) * 1000 + 501]" />
                                    <param name="groupid" value="$PYTHON[int(mainmenuid) * 1000 + 511]" />
                                    <param name="sliceid" value="$PYTHON[int(mainmenuid) * 1000 + 521]" />
                                    <param name="label" value="$VAR[Label_FullscreenWidget_PlayButton]" />
                                    <param name="icon" value="$VAR[Image_FullscreenWidget_PlayButton]" />
                                    <onup>SetFocus(300)</onup>
                                    <onback>SetFocus(300)</onback>
                                    <ondown>$PYTHON[int(mainmenuid) * 1000 + 601]</ondown>
                                    <onclick>SetFocus(301)</onclick>
                                    <onclick>Action(Select)</onclick>
                                    <onclick>SetFocus($PYTHON[int(mainmenuid) * 1000 + 501])</onclick>
                                    <onfocus>SetProperty(TMDbHelper.WidgetContainer,301,Home)</onfocus>
                                </include>
                                <include content="Object_Info_Button">
                                    <param name="id" value="$PYTHON[int(mainmenuid) * 1000 + 503]" />
                                    <param name="groupid" value="$PYTHON[int(mainmenuid) * 1000 + 513]" />
                                    <param name="sliceid" value="$PYTHON[int(mainmenuid) * 1000 + 523]" />
                                    <param name="label" value="$LOCALIZE[31077]" />
                                    <param name="icon" value="special://skin/extras/icons/info2.png" />
                                    <onup>SetFocus(300)</onup>
                                    <onback>SetFocus(300)</onback>
                                    <ondown>$PYTHON[int(mainmenuid) * 1000 + 601]</ondown>
                                    <onclick>SetFocus(301)</onclick>
                                    <onclick>Action(Info)</onclick>
                                    <onclick>SetFocus($PYTHON[int(mainmenuid) * 1000 + 503])</onclick>
                                    <onfocus>SetProperty(TMDbHelper.WidgetContainer,301,Home)</onfocus>
                                </include>
                            </control>
                        </control>
                    </control>
                    <control type="group" id="$PYTHON[int(mainmenuid) * 1000 + 600]">
                        <height>600</height>
                        <visible>!$SKINSHORTCUTS[isFullscreenWidget] | Integer.IsEqual(Container(301).NumItems,0)</visible>
                    </control>
                    <skinshortcuts insert="widgets">items</skinshortcuts>
                    <include content="Widget_Submenu" condition="$SKINSHORTCUTS[isSubmenuBumper]">
                        <param name="groupid" value="$PYTHON[int(mainmenuid) * 1000 + 798]" />
                        <param name="id" value="$PYTHON[int(mainmenuid) * 1000 + 698]" />
                        <param name="spacerid" value="$PYTHON[int(mainmenuid) * 1000 + 898]" />
                        <param name="buttonid" value="$PYTHON[(int(mainmenuid) * 1098) * 100]" />
                        <param name="label" value="$LOCALIZE[1034]" />
                        <param name="include" value="List_Button_Row" />
                        <param name="visible" value="[String.IsEqual(Container(300).ListItem.Property(submenuVisibility),$SKINSHORTCUTS[submenuVisibility])]" />
                        <param name="infowidget" value="False" />
                        <param name="busy_visible" value="Integer.IsEqual(Container($PYTHON[int(mainmenuid) * 1000 + 698]).NumItems,0)" />
                        <content><include>skinshortcuts-group-$SKINSHORTCUTS[submenuVisibility]</include></content>
                        <onfocus>SetProperty(TMDbHelper.WidgetContainer,$PYTHON[int(mainmenuid) * 1000 + 698],Home)</onfocus>
                        <onfocus>SetProperty(Slide.WidgetInfoStyle,$SKINSHORTCUTS[widgetInfo],Home)</onfocus>
                        <onunfocus>ClearProperty(Slide.WidgetContainer,Home)</onunfocus>
                        <onback>SetFocus($PYTHON[int(mainmenuid) * 1000 + 601])</onback>
                        <onback>SetFocus($PYTHON[int(mainmenuid) * 1000 + 599])</onback>
                        <onback>SetFocus(300)</onback>
                    </include>
                    <include content="Object_Control" condition="$SKINSHORTCUTS[isSubmenuBumper]">
                        <param name="control" value="group" />
                        <param name="id" value="$PYTHON[int(mainmenuid) * 1000 + 699]" />
                        <height>-300</height>
                        <visible>Control.IsVisible($PYTHON[int(mainmenuid) * 1000 + 698])</visible>
                    </include>
                </control>
            </control>
            <include content="Object_WallFade">
                <param name="id">$PYTHON[int(mainmenuid) * 1000 + 400]</param>
                <param name="altvisible_bottom">!String.IsEmpty(Window(Home).Property(Slide.WidgetInfoStyle))</param>
                <visible>!Integer.IsEqual(Window(Home).Property(TMDBHelper.WidgetContainer),301) | !$SKINSHORTCUTS[isFullscreenWidget]</visible>
                <visible>!$EXP[Exp_InfoDialogs]</visible>
                <visible>String.IsEqual(Container(300).ListItem.Property(submenuVisibility),$SKINSHORTCUTS[submenuVisibility])</visible>
                <visible>Window.IsActive(Home)</visible>
            </include>
        </controls>
        <items insert="widgets">
            <condition tag="property" attribute="name|list" />
            <!-- IDS -->
            <property name="id" tag="property" attribute="name|id" value="$NUMBER[1]">1</property>
            <property name="id" tag="property" attribute="name|id" value="$NUMBER[2]">2</property>
            <property name="id" tag="property" attribute="name|id" value="$NUMBER[3]">3</property>
            <property name="id" tag="property" attribute="name|id" value="$NUMBER[4]">4</property>
            <property name="id" tag="property" attribute="name|id" value="$NUMBER[5]">5</property>
            <property name="id" tag="property" attribute="name|id" value="$NUMBER[6]">6</property>
            <property name="id" tag="property" attribute="name|id" value="$NUMBER[7]">7</property>
            <property name="id" tag="property" attribute="name|id" value="$NUMBER[8]">8</property>
            <property name="id" tag="property" attribute="name|id" value="$NUMBER[9]">9</property>
            <property name="id" tag="property" attribute="name|id" value="$NUMBER[10]">10</property>
            <property name="id" tag="property" attribute="name|id" value="$NUMBER[11]">11</property>
            <property name="id" tag="property" attribute="name|id" value="$NUMBER[12]">12</property>
            <property name="id" tag="property" attribute="name|id" value="$NUMBER[13]">13</property>
            <property name="id" tag="property" attribute="name|id" value="$NUMBER[14]">14</property>
            <property name="id" tag="property" attribute="name|id" value="$NUMBER[15]">15</property>
            <property name="id" tag="property" attribute="name|id" value="$NUMBER[16]">16</property>
            <property name="id" tag="property" attribute="name|id" value="$NUMBER[17]">17</property>
            <property name="id" tag="property" attribute="name|id" value="$NUMBER[18]">18</property>
            <property name="id" tag="property" attribute="name|id" value="$NUMBER[19]">19</property>
            <property name="id" tag="property" attribute="name|id" value="$NUMBER[20]">20</property>
            <property name="id" tag="property" attribute="name|id" value="$NUMBER[21]">21</property>
            <property name="id" tag="property" attribute="name|id" value="$NUMBER[22]">22</property>
            <property name="id" tag="property" attribute="name|id" value="$NUMBER[23]">23</property>
            <property name="id" tag="property" attribute="name|id" value="$NUMBER[24]">24</property>
            <property name="id" tag="property" attribute="name|id" value="$NUMBER[25]">25</property>
            <property name="id" tag="property" attribute="name|id" value="$NUMBER[26]">26</property>
            <property name="id" tag="property" attribute="name|id" value="$NUMBER[27]">27</property>
            <property name="id" tag="property" attribute="name|id" value="$NUMBER[28]">28</property>
            <property name="id" tag="property" attribute="name|id" value="$NUMBER[29]">29</property>
            <property name="id" tag="property" attribute="name|id" value="$NUMBER[30]">30</property>
            <property name="id" tag="property" attribute="name|id" value="$NUMBER[31]">31</property>
            <property name="id" tag="property" attribute="name|id" value="$NUMBER[32]">32</property>
            <property name="id" tag="property" attribute="name|id" value="$NUMBER[33]">33</property>
            <property name="id" tag="property" attribute="name|id" value="$NUMBER[34]">34</property>
            <property name="id" tag="property" attribute="name|id" value="$NUMBER[35]">35</property>
            <property name="id" tag="property" attribute="name|id" value="$NUMBER[36]">36</property>
            <property name="id" tag="property" attribute="name|id" value="$NUMBER[37]">37</property>
            <property name="id" tag="property" attribute="name|id" value="$NUMBER[38]">38</property>
            <property name="id" tag="property" attribute="name|id" value="$NUMBER[39]">39</property>
            <property name="id" tag="property" attribute="name|id" value="$NUMBER[40]">40</property>
            <property name="id" tag="property" attribute="name|id" value="$NUMBER[41]">41</property>
            <property name="id" tag="property" attribute="name|id" value="$NUMBER[42]">42</property>
            <property name="id" tag="property" attribute="name|id" value="$NUMBER[43]">43</property>
            <property name="id" tag="property" attribute="name|id" value="$NUMBER[44]">44</property>
            <property name="id" tag="property" attribute="name|id" value="$NUMBER[45]">45</property>
            <property name="id" tag="property" attribute="name|id" value="$NUMBER[46]">46</property>
            <property name="id" tag="property" attribute="name|id" value="$NUMBER[47]">47</property>
            <property name="id" tag="property" attribute="name|id" value="$NUMBER[48]">48</property>
            <property name="id" tag="property" attribute="name|id" value="$NUMBER[49]">49</property>
            <property name="id" tag="property" attribute="name|id" value="$NUMBER[50]">50</property>
            <property name="id" tag="property" attribute="name|id" value="$NUMBER[51]">51</property>
            <property name="id" tag="property" attribute="name|id" value="$NUMBER[52]">52</property>
            <property name="id" tag="property" attribute="name|id" value="$NUMBER[53]">53</property>
            <property name="id" tag="property" attribute="name|id" value="$NUMBER[54]">54</property>
            <property name="id" tag="property" attribute="name|id" value="$NUMBER[55]">55</property>
            <property name="id" tag="property" attribute="name|id" value="$NUMBER[56]">56</property>
            <property name="id" tag="property" attribute="name|id" value="$NUMBER[57]">57</property>
            <property name="id" tag="property" attribute="name|id" value="$NUMBER[58]">58</property>
            <property name="id" tag="property" attribute="name|id" value="$NUMBER[59]">59</property>
            <property name="id" tag="property" attribute="name|id" value="$NUMBER[60]">60</property>
            <property name="id" tag="property" attribute="name|id" value="$NUMBER[61]">61</property>
            <property name="id" tag="property" attribute="name|id" value="$NUMBER[62]">62</property>
            <property name="id" tag="property" attribute="name|id" value="$NUMBER[63]">63</property>
            <property name="id" tag="property" attribute="name|id" value="$NUMBER[64]">64</property>
            <property name="id" tag="property" attribute="name|id" value="$NUMBER[65]">65</property>
            <property name="id" tag="property" attribute="name|id" value="$NUMBER[66]">66</property>
            <property name="id" tag="property" attribute="name|id" value="$NUMBER[67]">67</property>
            <property name="id" tag="property" attribute="name|id" value="$NUMBER[68]">68</property>
            <property name="id" tag="property" attribute="name|id" value="$NUMBER[69]">69</property>
            <property name="id" tag="property" attribute="name|id" value="$NUMBER[70]">70</property>
            <property name="id" tag="property" attribute="name|id" value="$NUMBER[71]">71</property>
            <property name="id" tag="property" attribute="name|id" value="$NUMBER[72]">72</property>
            <property name="id" tag="property" attribute="name|id" value="$NUMBER[73]">73</property>
            <property name="id" tag="property" attribute="name|id" value="$NUMBER[74]">74</property>
            <property name="id" tag="property" attribute="name|id" value="$NUMBER[75]">75</property>
            <property name="id" tag="property" attribute="name|id" value="$NUMBER[76]">76</property>
            <property name="id" tag="property" attribute="name|id" value="$NUMBER[77]">77</property>
            <property name="id" tag="property" attribute="name|id" value="$NUMBER[78]">78</property>
            <property name="id" tag="property" attribute="name|id" value="$NUMBER[79]">79</property>
            <property name="id" tag="property" attribute="name|id" value="$NUMBER[80]">80</property>
            <property name="id" tag="property" attribute="name|id" value="$NUMBER[81]">81</property>
            <property name="id" tag="property" attribute="name|id" value="$NUMBER[82]">82</property>
            <property name="id" tag="property" attribute="name|id" value="$NUMBER[83]">83</property>
            <property name="id" tag="property" attribute="name|id" value="$NUMBER[84]">84</property>
            <property name="id" tag="property" attribute="name|id" value="$NUMBER[85]">85</property>
            <property name="id" tag="property" attribute="name|id" value="$NUMBER[86]">86</property>
            <property name="id" tag="property" attribute="name|id" value="$NUMBER[87]">87</property>
            <property name="id" tag="property" attribute="name|id" value="$NUMBER[88]">88</property>
            <property name="id" tag="property" attribute="name|id" value="$NUMBER[89]">89</property>
            <property name="id" tag="property" attribute="name|id" value="$NUMBER[90]">90</property>
            <property name="id" tag="property" attribute="name|id" value="$NUMBER[91]">91</property>
            <property name="id" tag="property" attribute="name|id" value="$NUMBER[92]">92</property>
            <property name="id" tag="property" attribute="name|id" value="$NUMBER[93]">93</property>
            <property name="id" tag="property" attribute="name|id" value="$NUMBER[94]">94</property>
            <property name="id" tag="property" attribute="name|id" value="$NUMBER[95]">95</property>
            <property name="id" tag="property" attribute="name|id" value="$NUMBER[96]">96</property>
            <property name="id" tag="property" attribute="name|id" value="$NUMBER[97]">97</property>
            <property name="id" tag="property" attribute="name|id" value="$NUMBER[98]">98</property>
            <property name="id" tag="property" attribute="name|id" value="$NUMBER[99]">99</property>
            <!-- Widget Label -->
            <property name="widgetName" tag="label" />
            <property name="widgetName">$LOCALIZE[31105]</property>
            <!--- Widget Content -->
            <property name="widgetPath" tag="property" attribute="name|list" />
            <property name="widgetTarget" tag="property" attribute="name|widgetTarget" />
            <property name="widgetTarget">videos</property>
            <property name="widgetSortby" tag="property" attribute="name|widgetSortby" />
            <property name="widgetSortorder" tag="property" attribute="name|widgetSortorder" />
            <property name="widgetLimit" tag="property" attribute="name|widgetLimit" />

            <!-- Include -->
            <property name="widgetInclude" tag="property" attribute="name|list" value="Submenu">Widget_Submenu</property>
            <property name="widgetInclude" tag="property" attribute="name|widgetAspect" value="Button">Widget_Submenu</property>
            <property name="widgetInclude" tag="property" attribute="name|widgetAspect" value="Apps">Widget_Submenu</property>
            <property name="widgetInclude">Widget_Poster</property>

            <!-- Style -->
            <property name="widgetStyle" tag="property" attribute="name|list" value="Submenu">List_Button_Row</property>
            <property name="widgetStyle" tag="property" attribute="name|widgetAspect" value="Button">List_Button_Row</property>
            <property name="widgetStyle" tag="property" attribute="name|widgetAspect" value="Apps">List_Apps_Row</property>
            <property name="widgetStyle" tag="property" attribute="name|widgetAspect" value="Square">List_Square_Row</property>
            <property name="widgetStyle" tag="property" attribute="name|widgetAspect" value="Landscape">List_Landscape_Row</property>
            <property name="widgetStyle" tag="property" attribute="name|widgetAspect" value="Big Landscape">List_BigLandscape_Row</property>
            <property name="widgetStyle" tag="property" attribute="name|widgetAspect" value="Banner">List_Banner_Row</property>
            <property name="widgetStyle">List_Poster_Row</property>

            <!-- Widget Label Renaming for Special TMDBHelper Widgets -->
            <property name="widgetLabelName" tag="property" attribute="name|labelID" value="randommovieskeyword">True</property>
            <property name="widgetLabelName" tag="property" attribute="name|labelID" value="randommoviesgenre">True</property>
            <property name="widgetLabelName" tag="property" attribute="name|labelID" value="randomtvshowsgenre">True</property>
            <property name="widgetLabelName" tag="property" attribute="name|labelID" value="basedonrecentlywatchedmovies">True</property>
            <property name="widgetLabelName" tag="property" attribute="name|labelID" value="basedonrecentlywatchedtvshows">True</property>
            <property name="widgetLabelName" tag="property" attribute="name|labelID" value="basedonrecentlywatched">True</property>
            <property name="widgetLabelName" tag="property" attribute="name|labelID" value="basedonmostwatchedmovies">True</property>
            <property name="widgetLabelName" tag="property" attribute="name|labelID" value="basedonmostwatchedtvshows">True</property>
            <property name="widgetLabelName" tag="property" attribute="name|labelID" value="basedonmostwatched">True</property>
            <property name="widgetLabelName" tag="property" attribute="name|labelID" value="randomtrendinglist">True</property>
            <property name="widgetLabelName" tag="property" attribute="name|labelID" value="randompopularlist">True</property>
            <property name="widgetLabelName" tag="property" attribute="name|labelID" value="randomlikedlist">True</property>
            <property name="widgetLabelName" tag="property" attribute="name|labelID" value="randomyourlist">True</property>
            <property name="widgetLabelName" tag="label" value="widgetname">True</property>
            <property name="widgetLabelName">False</property>

            <!-- IsSubmenu -->
            <property name="isSubmenu" tag="property" attribute="name|list" value="Submenu">True</property>
            <property name="isSubmenu">False</property>

            <!-- IsVisible -->
            <property name="isVisible" tag="property" attribute="name|list" value="Fullscreen">False</property>
            <property name="isVisible">True</property>

            <!-- IsAutoScroll -->
            <property name="isAutoScroll" tag="property" attribute="name|widgetAutoScroll">True</property>
            <property name="isAutoScroll">False</property>

            <!-- IsInfo -->
            <property name="isInfo" tag="property" attribute="name|list" value="Submenu">False</property>
            <property name="isInfo" tag="property" attribute="name|widgetAspect" value="Button">False</property>
            <property name="isInfo" tag="property" attribute="name|widgetAspect" value="Apps">False</property>
            <property name="isInfo" tag="property" attribute="name|widgetInfo">True</property>
            <property name="isInfo">False</property>
            <property name="widgetInfo" tag="property" attribute="name|list" value="Submenu"></property>
            <property name="widgetInfo" tag="property" attribute="name|widgetAspect" value="Button"></property>
            <property name="widgetInfo" tag="property" attribute="name|widgetAspect" value="Apps"></property>
            <property name="widgetInfo" tag="property" attribute="name|widgetInfo" />
            <controls>
                <include content="$SKINSHORTCUTS[widgetInclude]">
                    <param name="groupid" value="$PYTHON[int(mainmenuid) * 1000 + 700 + int(id)]" />
                    <param name="id" value="$PYTHON[int(mainmenuid) * 1000 + 600 + int(id)]" />
                    <param name="spacerid" value="$PYTHON[int(mainmenuid) * 1000 + 800 + int(id)]" />
                    <param name="buttonid" value="$PYTHON[(int(mainmenuid) * 1000 + int(id)) * 100]" />
                    <param name="label" value="$SKINSHORTCUTS[widgetName]" />
                    <param name="usewidgetlabel" value="$SKINSHORTCUTS[widgetLabelName]" />
                    <param name="include" value="$SKINSHORTCUTS[widgetStyle]" />
                    <param name="visible" value="[[$SKINSHORTCUTS[isVisible]] + String.IsEqual(Container(300).ListItem.Property(submenuVisibility),$SKINSHORTCUTS[submenuVisibility])]" />
                    <param name="infowidget" value="$SKINSHORTCUTS[isInfo]" />
                    <param name="busy_visible" value="Integer.IsEqual(Container($PYTHON[int(mainmenuid) * 1000 + 600 + int(id)]).NumItems,0)" />
                    <include content="Object_Include" condition="!$SKINSHORTCUTS[isSubmenu]">
                        <content sortby="$SKINSHORTCUTS[widgetSortby]" sortorder="$SKINSHORTCUTS[widgetSortorder]" target="$SKINSHORTCUTS[widgetTarget]" limit="$SKINSHORTCUTS[widgetLimit]">$SKINSHORTCUTS[widgetPath]</content>
                        <include content="Defs_AutoScroll" condition="$SKINSHORTCUTS[isAutoScroll]">
                            <param name="condition" value="!Control.HasFocus($PYTHON[int(mainmenuid) * 1000 + 600 + int(id)])" />
                        </include>
                    </include>
                    <include content="Object_Include" condition="$SKINSHORTCUTS[isSubmenu]">
                        <content><include>skinshortcuts-group-$SKINSHORTCUTS[submenuVisibility]</include></content>
                    </include>
                    <onfocus>SetProperty(TMDbHelper.WidgetContainer,$PYTHON[int(mainmenuid) * 1000 + 600 + int(id)],Home)</onfocus>
                    <onfocus condition="$SKINSHORTCUTS[isInfo]">SetProperty(Slide.WidgetContainer,$PYTHON[int(mainmenuid) * 1000 + 600 + int(id)],Home)</onfocus>
                    <onfocus>SetProperty(Slide.WidgetInfoStyle,$SKINSHORTCUTS[widgetInfo],Home)</onfocus>
                    <onunfocus>ClearProperty(Slide.WidgetContainer,Home)</onunfocus>
                    <onback>SetFocus($PYTHON[int(mainmenuid) * 1000 + 601])</onback>
                    <onback>SetFocus($PYTHON[int(mainmenuid) * 1000 + 599])</onback>
                    <onback>SetFocus(300)</onback>
                </include>
            </controls>
        </items>
    </submenu>

    <submenu include="powermenu" name="powermenu">
        <controls>
            <skinshortcuts insert="powerlist">items</skinshortcuts>
        </controls>
        <items insert="powerlist">
            <property name="id" tag="property" attribute="name|id" value="$NUMBER[1]">1</property>
            <property name="id" tag="property" attribute="name|id" value="$NUMBER[2]">2</property>
            <property name="id" tag="property" attribute="name|id" value="$NUMBER[3]">3</property>
            <property name="id" tag="property" attribute="name|id" value="$NUMBER[4]">4</property>
            <property name="id" tag="property" attribute="name|id" value="$NUMBER[5]">5</property>
            <property name="id" tag="property" attribute="name|id" value="$NUMBER[6]">6</property>
            <property name="id" tag="property" attribute="name|id" value="$NUMBER[7]">7</property>
            <property name="id" tag="property" attribute="name|id" value="$NUMBER[8]">8</property>
            <property name="id" tag="property" attribute="name|id" value="$NUMBER[9]">9</property>
            <property name="id" tag="property" attribute="name|id" value="$NUMBER[10]">10</property>
            <property name="id" tag="property" attribute="name|id" value="$NUMBER[11]">11</property>
            <property name="id" tag="property" attribute="name|id" value="$NUMBER[12]">12</property>
            <property name="id" tag="property" attribute="name|id" value="$NUMBER[13]">13</property>
            <property name="id" tag="property" attribute="name|id" value="$NUMBER[14]">14</property>
            <property name="id" tag="property" attribute="name|id" value="$NUMBER[15]">15</property>
            <property name="id" tag="property" attribute="name|id" value="$NUMBER[16]">16</property>
            <property name="id" tag="property" attribute="name|id" value="$NUMBER[17]">17</property>
            <property name="id" tag="property" attribute="name|id" value="$NUMBER[18]">18</property>
            <property name="id" tag="property" attribute="name|id" value="$NUMBER[19]">19</property>
            <property name="id" tag="property" attribute="name|id" value="$NUMBER[20]">20</property>
            <property name="id" tag="property" attribute="name|id" value="$NUMBER[21]">21</property>
            <property name="id" tag="property" attribute="name|id" value="$NUMBER[22]">22</property>
            <property name="id" tag="property" attribute="name|id" value="$NUMBER[23]">23</property>
            <property name="id" tag="property" attribute="name|id" value="$NUMBER[24]">24</property>
            <property name="id" tag="property" attribute="name|id" value="$NUMBER[25]">25</property>
            <property name="id" tag="property" attribute="name|id" value="$NUMBER[26]">26</property>
            <property name="id" tag="property" attribute="name|id" value="$NUMBER[27]">27</property>
            <property name="id" tag="property" attribute="name|id" value="$NUMBER[28]">28</property>
            <property name="id" tag="property" attribute="name|id" value="$NUMBER[29]">29</property>
            <property name="id" tag="property" attribute="name|id" value="$NUMBER[30]">30</property>
            <property name="id" tag="property" attribute="name|id" value="$NUMBER[31]">31</property>
            <property name="id" tag="property" attribute="name|id" value="$NUMBER[32]">32</property>
            <property name="id" tag="property" attribute="name|id" value="$NUMBER[33]">33</property>
            <property name="id" tag="property" attribute="name|id" value="$NUMBER[34]">34</property>
            <property name="id" tag="property" attribute="name|id" value="$NUMBER[35]">35</property>
            <property name="id" tag="property" attribute="name|id" value="$NUMBER[36]">36</property>
            <property name="id" tag="property" attribute="name|id" value="$NUMBER[37]">37</property>
            <property name="id" tag="property" attribute="name|id" value="$NUMBER[38]">38</property>
            <property name="id" tag="property" attribute="name|id" value="$NUMBER[39]">39</property>
            <property name="id" tag="property" attribute="name|id" value="$NUMBER[40]">40</property>
            <property name="id" tag="property" attribute="name|id" value="$NUMBER[41]">41</property>
            <property name="id" tag="property" attribute="name|id" value="$NUMBER[42]">42</property>
            <property name="id" tag="property" attribute="name|id" value="$NUMBER[43]">43</property>
            <property name="id" tag="property" attribute="name|id" value="$NUMBER[44]">44</property>
            <property name="id" tag="property" attribute="name|id" value="$NUMBER[45]">45</property>
            <property name="id" tag="property" attribute="name|id" value="$NUMBER[46]">46</property>
            <property name="id" tag="property" attribute="name|id" value="$NUMBER[47]">47</property>
            <property name="id" tag="property" attribute="name|id" value="$NUMBER[48]">48</property>
            <property name="id" tag="property" attribute="name|id" value="$NUMBER[49]">49</property>
            <property name="id" tag="property" attribute="name|id" value="$NUMBER[50]">50</property>
            <property name="id" tag="property" attribute="name|id" value="$NUMBER[51]">51</property>
            <property name="id" tag="property" attribute="name|id" value="$NUMBER[52]">52</property>
            <property name="id" tag="property" attribute="name|id" value="$NUMBER[53]">53</property>
            <property name="id" tag="property" attribute="name|id" value="$NUMBER[54]">54</property>
            <property name="id" tag="property" attribute="name|id" value="$NUMBER[55]">55</property>
            <property name="id" tag="property" attribute="name|id" value="$NUMBER[56]">56</property>
            <property name="id" tag="property" attribute="name|id" value="$NUMBER[57]">57</property>
            <property name="id" tag="property" attribute="name|id" value="$NUMBER[58]">58</property>
            <property name="id" tag="property" attribute="name|id" value="$NUMBER[59]">59</property>
            <property name="id" tag="property" attribute="name|id" value="$NUMBER[60]">60</property>
            <property name="id" tag="property" attribute="name|id" value="$NUMBER[61]">61</property>
            <property name="id" tag="property" attribute="name|id" value="$NUMBER[62]">62</property>
            <property name="id" tag="property" attribute="name|id" value="$NUMBER[63]">63</property>
            <property name="id" tag="property" attribute="name|id" value="$NUMBER[64]">64</property>
            <property name="id" tag="property" attribute="name|id" value="$NUMBER[65]">65</property>
            <property name="id" tag="property" attribute="name|id" value="$NUMBER[66]">66</property>
            <property name="id" tag="property" attribute="name|id" value="$NUMBER[67]">67</property>
            <property name="id" tag="property" attribute="name|id" value="$NUMBER[68]">68</property>
            <property name="id" tag="property" attribute="name|id" value="$NUMBER[69]">69</property>
            <property name="id" tag="property" attribute="name|id" value="$NUMBER[70]">70</property>
            <property name="id" tag="property" attribute="name|id" value="$NUMBER[71]">71</property>
            <property name="id" tag="property" attribute="name|id" value="$NUMBER[72]">72</property>
            <property name="id" tag="property" attribute="name|id" value="$NUMBER[73]">73</property>
            <property name="id" tag="property" attribute="name|id" value="$NUMBER[74]">74</property>
            <property name="id" tag="property" attribute="name|id" value="$NUMBER[75]">75</property>
            <property name="id" tag="property" attribute="name|id" value="$NUMBER[76]">76</property>
            <property name="id" tag="property" attribute="name|id" value="$NUMBER[77]">77</property>
            <property name="id" tag="property" attribute="name|id" value="$NUMBER[78]">78</property>
            <property name="id" tag="property" attribute="name|id" value="$NUMBER[79]">79</property>
            <property name="id" tag="property" attribute="name|id" value="$NUMBER[80]">80</property>
            <property name="id" tag="property" attribute="name|id" value="$NUMBER[81]">81</property>
            <property name="id" tag="property" attribute="name|id" value="$NUMBER[82]">82</property>
            <property name="id" tag="property" attribute="name|id" value="$NUMBER[83]">83</property>
            <property name="id" tag="property" attribute="name|id" value="$NUMBER[84]">84</property>
            <property name="id" tag="property" attribute="name|id" value="$NUMBER[85]">85</property>
            <property name="id" tag="property" attribute="name|id" value="$NUMBER[86]">86</property>
            <property name="id" tag="property" attribute="name|id" value="$NUMBER[87]">87</property>
            <property name="id" tag="property" attribute="name|id" value="$NUMBER[88]">88</property>
            <property name="id" tag="property" attribute="name|id" value="$NUMBER[89]">89</property>
            <property name="id" tag="property" attribute="name|id" value="$NUMBER[90]">90</property>
            <property name="id" tag="property" attribute="name|id" value="$NUMBER[91]">91</property>
            <property name="id" tag="property" attribute="name|id" value="$NUMBER[92]">92</property>
            <property name="id" tag="property" attribute="name|id" value="$NUMBER[93]">93</property>
            <property name="id" tag="property" attribute="name|id" value="$NUMBER[94]">94</property>
            <property name="id" tag="property" attribute="name|id" value="$NUMBER[95]">95</property>
            <property name="id" tag="property" attribute="name|id" value="$NUMBER[96]">96</property>
            <property name="id" tag="property" attribute="name|id" value="$NUMBER[97]">97</property>
            <property name="id" tag="property" attribute="name|id" value="$NUMBER[98]">98</property>
            <property name="id" tag="property" attribute="name|id" value="$NUMBER[99]">99</property>

            <property name="widgetLabel" tag="label" value="$LOCALIZE[8]">$LOCALIZE[8]$INFO[Weather.Temperature, • ,]</property>
            <property name="widgetLabel" tag="label" />
            <property name="widgetAction" tag="property" attribute="name|path" />
            <property name="widgetIcon" tag="label" value="$LOCALIZE[8]">$INFO[Weather.FanartCode,resource://resource.images.weathericons.white/,.png]</property>
            <property name="widgetIcon" tag="thumb" />
            <property name="widgetIcon" tag="icon" />

            <property name="widgetBorderSize" tag="label" value="$LOCALIZE[8]">15</property>
            <property name="widgetBorderSize">10</property>

            <property name="isVisible" tag="visible" />
            <property name="isVisible">True</property>
            <controls>
                <include content="Dialog_Menu_Button">
                    <param name="id" value="$PYTHON[int(id) + 9000]" />
                    <param name="groupid" value="$PYTHON[int(id) + 9100]" />
                    <param name="control" value="button" />
                    <param name="icon" value="$SKINSHORTCUTS[widgetIcon]" />
                    <param name="bordersize" value="$SKINSHORTCUTS[widgetBorderSize]" />
                    <label>$SKINSHORTCUTS[widgetLabel]</label>
                    <onclick condition="Window.IsActive(DialogButtonMenu.xml)">Close</onclick>
                    <onclick>$SKINSHORTCUTS[widgetAction]</onclick>
                    <visible>$SKINSHORTCUTS[isVisible]</visible>
                </include>
            </controls>
        </items>
    </submenu>

    <other include="menubar">
        <property name="submenuVisibility" tag="property" attribute="name|submenuVisibility"/>
        <property name="mainmenuid" tag="property" attribute="name|id" value="$NUMBER[1]">1</property>
        <property name="mainmenuid" tag="property" attribute="name|id" value="$NUMBER[2]">2</property>
        <property name="mainmenuid" tag="property" attribute="name|id" value="$NUMBER[3]">3</property>
        <property name="mainmenuid" tag="property" attribute="name|id" value="$NUMBER[4]">4</property>
        <property name="mainmenuid" tag="property" attribute="name|id" value="$NUMBER[5]">5</property>
        <property name="mainmenuid" tag="property" attribute="name|id" value="$NUMBER[6]">6</property>
        <property name="mainmenuid" tag="property" attribute="name|id" value="$NUMBER[7]">7</property>
        <property name="mainmenuid" tag="property" attribute="name|id" value="$NUMBER[8]">8</property>
        <property name="mainmenuid" tag="property" attribute="name|id" value="$NUMBER[9]">9</property>
        <property name="mainmenuid" tag="property" attribute="name|id" value="$NUMBER[10]">10</property>
        <property name="mainmenuid" tag="property" attribute="name|id" value="$NUMBER[11]">11</property>
        <property name="mainmenuid" tag="property" attribute="name|id" value="$NUMBER[12]">12</property>
        <property name="mainmenuid" tag="property" attribute="name|id" value="$NUMBER[13]">13</property>
        <property name="mainmenuid" tag="property" attribute="name|id" value="$NUMBER[14]">14</property>
        <property name="mainmenuid" tag="property" attribute="name|id" value="$NUMBER[15]">15</property>
        <property name="mainmenuid" tag="property" attribute="name|id" value="$NUMBER[16]">16</property>
        <property name="mainmenuid" tag="property" attribute="name|id" value="$NUMBER[17]">17</property>
        <property name="mainmenuid" tag="property" attribute="name|id" value="$NUMBER[18]">18</property>
        <property name="mainmenuid" tag="property" attribute="name|id" value="$NUMBER[19]">19</property>
        <property name="mainmenuid" tag="property" attribute="name|id" value="$NUMBER[20]">20</property>
        <property name="mainmenuid" tag="property" attribute="name|id" value="$NUMBER[21]">21</property>
        <property name="mainmenuid" tag="property" attribute="name|id" value="$NUMBER[22]">22</property>
        <property name="mainmenuid" tag="property" attribute="name|id" value="$NUMBER[23]">23</property>
        <property name="mainmenuid" tag="property" attribute="name|id" value="$NUMBER[24]">24</property>
        <property name="mainmenuid" tag="property" attribute="name|id" value="$NUMBER[25]">25</property>
        <property name="mainmenuid" tag="property" attribute="name|id" value="$NUMBER[26]">26</property>
        <property name="mainmenuid" tag="property" attribute="name|id" value="$NUMBER[27]">27</property>
        <property name="mainmenuid" tag="property" attribute="name|id" value="$NUMBER[28]">28</property>
        <property name="mainmenuid" tag="property" attribute="name|id" value="$NUMBER[29]">29</property>
        <property name="mainmenuid" tag="property" attribute="name|id" value="$NUMBER[30]">30</property>
        <property name="mainmenuid" tag="property" attribute="name|id" value="$NUMBER[31]">31</property>
        <property name="mainmenuid" tag="property" attribute="name|id" value="$NUMBER[32]">32</property>
        <property name="mainmenuid" tag="property" attribute="name|id" value="$NUMBER[33]">33</property>
        <property name="mainmenuid" tag="property" attribute="name|id" value="$NUMBER[34]">34</property>
        <property name="mainmenuid" tag="property" attribute="name|id" value="$NUMBER[35]">35</property>
        <property name="mainmenuid" tag="property" attribute="name|id" value="$NUMBER[36]">36</property>
        <property name="mainmenuid" tag="property" attribute="name|id" value="$NUMBER[37]">37</property>
        <property name="mainmenuid" tag="property" attribute="name|id" value="$NUMBER[38]">38</property>
        <property name="mainmenuid" tag="property" attribute="name|id" value="$NUMBER[39]">39</property>
        <property name="mainmenuid" tag="property" attribute="name|id" value="$NUMBER[40]">40</property>
        <property name="mainmenuid" tag="property" attribute="name|id" value="$NUMBER[41]">41</property>
        <property name="mainmenuid" tag="property" attribute="name|id" value="$NUMBER[42]">42</property>
        <property name="mainmenuid" tag="property" attribute="name|id" value="$NUMBER[43]">43</property>
        <property name="mainmenuid" tag="property" attribute="name|id" value="$NUMBER[44]">44</property>
        <property name="mainmenuid" tag="property" attribute="name|id" value="$NUMBER[45]">45</property>
        <property name="mainmenuid" tag="property" attribute="name|id" value="$NUMBER[46]">46</property>
        <property name="mainmenuid" tag="property" attribute="name|id" value="$NUMBER[47]">47</property>
        <property name="mainmenuid" tag="property" attribute="name|id" value="$NUMBER[48]">48</property>
        <property name="mainmenuid" tag="property" attribute="name|id" value="$NUMBER[49]">49</property>
        <property name="mainmenuid" tag="property" attribute="name|id" value="$NUMBER[50]">50</property>
        <property name="mainmenuid" tag="property" attribute="name|id" value="$NUMBER[51]">51</property>
        <property name="mainmenuid" tag="property" attribute="name|id" value="$NUMBER[52]">52</property>
        <property name="mainmenuid" tag="property" attribute="name|id" value="$NUMBER[53]">53</property>
        <property name="mainmenuid" tag="property" attribute="name|id" value="$NUMBER[54]">54</property>
        <property name="mainmenuid" tag="property" attribute="name|id" value="$NUMBER[55]">55</property>
        <property name="mainmenuid" tag="property" attribute="name|id" value="$NUMBER[56]">56</property>
        <property name="mainmenuid" tag="property" attribute="name|id" value="$NUMBER[57]">57</property>
        <property name="mainmenuid" tag="property" attribute="name|id" value="$NUMBER[58]">58</property>
        <property name="mainmenuid" tag="property" attribute="name|id" value="$NUMBER[59]">59</property>
        <property name="mainmenuid" tag="property" attribute="name|id" value="$NUMBER[60]">60</property>
        <property name="mainmenuid" tag="property" attribute="name|id" value="$NUMBER[61]">61</property>
        <property name="mainmenuid" tag="property" attribute="name|id" value="$NUMBER[62]">62</property>
        <property name="mainmenuid" tag="property" attribute="name|id" value="$NUMBER[63]">63</property>
        <property name="mainmenuid" tag="property" attribute="name|id" value="$NUMBER[64]">64</property>
        <property name="mainmenuid" tag="property" attribute="name|id" value="$NUMBER[65]">65</property>
        <property name="mainmenuid" tag="property" attribute="name|id" value="$NUMBER[66]">66</property>
        <property name="mainmenuid" tag="property" attribute="name|id" value="$NUMBER[67]">67</property>
        <property name="mainmenuid" tag="property" attribute="name|id" value="$NUMBER[68]">68</property>
        <property name="mainmenuid" tag="property" attribute="name|id" value="$NUMBER[69]">69</property>
        <property name="mainmenuid" tag="property" attribute="name|id" value="$NUMBER[70]">70</property>
        <property name="mainmenuid" tag="property" attribute="name|id" value="$NUMBER[71]">71</property>
        <property name="mainmenuid" tag="property" attribute="name|id" value="$NUMBER[72]">72</property>
        <property name="mainmenuid" tag="property" attribute="name|id" value="$NUMBER[73]">73</property>
        <property name="mainmenuid" tag="property" attribute="name|id" value="$NUMBER[74]">74</property>
        <property name="mainmenuid" tag="property" attribute="name|id" value="$NUMBER[75]">75</property>
        <property name="mainmenuid" tag="property" attribute="name|id" value="$NUMBER[76]">76</property>
        <property name="mainmenuid" tag="property" attribute="name|id" value="$NUMBER[77]">77</property>
        <property name="mainmenuid" tag="property" attribute="name|id" value="$NUMBER[78]">78</property>
        <property name="mainmenuid" tag="property" attribute="name|id" value="$NUMBER[79]">79</property>
        <property name="mainmenuid" tag="property" attribute="name|id" value="$NUMBER[80]">80</property>
        <property name="mainmenuid" tag="property" attribute="name|id" value="$NUMBER[81]">81</property>
        <property name="mainmenuid" tag="property" attribute="name|id" value="$NUMBER[82]">82</property>
        <property name="mainmenuid" tag="property" attribute="name|id" value="$NUMBER[83]">83</property>
        <property name="mainmenuid" tag="property" attribute="name|id" value="$NUMBER[84]">84</property>
        <property name="mainmenuid" tag="property" attribute="name|id" value="$NUMBER[85]">85</property>
        <property name="mainmenuid" tag="property" attribute="name|id" value="$NUMBER[86]">86</property>
        <property name="mainmenuid" tag="property" attribute="name|id" value="$NUMBER[87]">87</property>
        <property name="mainmenuid" tag="property" attribute="name|id" value="$NUMBER[88]">88</property>
        <property name="mainmenuid" tag="property" attribute="name|id" value="$NUMBER[89]">89</property>
        <property name="mainmenuid" tag="property" attribute="name|id" value="$NUMBER[90]">90</property>
        <property name="mainmenuid" tag="property" attribute="name|id" value="$NUMBER[91]">91</property>
        <property name="mainmenuid" tag="property" attribute="name|id" value="$NUMBER[92]">92</property>
        <property name="mainmenuid" tag="property" attribute="name|id" value="$NUMBER[93]">93</property>
        <property name="mainmenuid" tag="property" attribute="name|id" value="$NUMBER[94]">94</property>
        <property name="mainmenuid" tag="property" attribute="name|id" value="$NUMBER[95]">95</property>
        <property name="mainmenuid" tag="property" attribute="name|id" value="$NUMBER[96]">96</property>
        <property name="mainmenuid" tag="property" attribute="name|id" value="$NUMBER[97]">97</property>
        <property name="mainmenuid" tag="property" attribute="name|id" value="$NUMBER[98]">98</property>
        <property name="mainmenuid" tag="property" attribute="name|id" value="$NUMBER[99]">99</property>
        <controls>
            <ondown condition="String.IsEqual(Container(300).ListItem.Property(submenuVisibility),$SKINSHORTCUTS[submenuVisibility])">$PYTHON[int(mainmenuid) * 1000 + 599]</ondown>
        </controls>
    </other>

    <other include="fullscreen-widget">
        <condition name="widgetPath" tag="property" attribute="name|widgetPath" />
        <property name="widgetPath" tag="property" attribute="name|widgetPath" />
        <property name="widgetTarget" tag="property" attribute="name|widgetTarget" />
        <property name="widgetSortby" tag="property" attribute="name|widgetSortby" />
        <property name="widgetSortorder" tag="property" attribute="name|widgetSortorder" />
        <property name="widgetLimit" tag="property" attribute="name|widgetLimit" />
        <property name="submenuVisibility" tag="property" attribute="name|submenuVisibility"/>
        <controls>
            <control type="list" id="301">
                <preloaditems>2</preloaditems>
                <visible>String.IsEqual(Container(300).ListItem.Property(submenuVisibility),$SKINSHORTCUTS[submenuVisibility])</visible>
                <animation effect="fade" start="0" end="100" time="600" reversible="false">Visible</animation>
                <animation effect="fade" start="100" end="0" time="600" reversible="false">Hidden</animation>
                <onfocus>SetProperty(TMDbHelper.WidgetContainer,301,Home)</onfocus>
                <onup>SetFocus(300)</onup>
                <ondown>SetFocus(300)</ondown>
                <onback>SetFocus(300)</onback>
                <orientation>horizontal</orientation>
                <scrolltime tween="quadratic">400</scrolltime>
                <include content="Defs_AutoScroll">
                    <param name="condition" value="Control.HasFocus(300) | Control.HasFocus(399)" />
                </include>
                <itemlayout width="1920" height="1080">
                    <control type="image">
                        <texture background="true">$VAR[Image_FullscreenWidget_Artwork]</texture>
                        <aspectratio>scale</aspectratio>
                    </control>
                </itemlayout>
                <focusedlayout width="1920" height="1080">
                    <control type="image">
                        <texture background="true">$VAR[Image_FullscreenWidget_Artwork]</texture>
                        <aspectratio>scale</aspectratio>
                    </control>
                </focusedlayout>
                <content target="$SKINSHORTCUTS[widgetTarget]" sortby="$SKINSHORTCUTS[widgetSortby]" sortorder="$SKINSHORTCUTS[widgetSortorder]" limit="$SKINSHORTCUTS[widgetLimit]">$SKINSHORTCUTS[widgetPath]</content>
            </control>
        </controls>
    </other>

    <submenu include="search" name="searchmenu">
        <controls>
            <skinshortcuts insert="searchlist">items</skinshortcuts>
        </controls>
        <items insert="searchlist">
            <condition tag="property" attribute="name|list" />

            <property name="widgetPath" tag="property" attribute="name|list" value="DefaultSearch-Movies">videodb://movies/titles/?xsp=%7B%22order%22%3A%7B%22direction%22%3A%22ascending%22%2C%22ignorefolders%22%3A0%2C%22method%22%3A%22sorttitle%22%7D%2C%22rules%22%3A%7B%22and%22%3A%5B%7B%22field%22%3A%22title%22%2C%22operator%22%3A%22contains%22%2C%22value%22%3A%5B%22</property>
            <property name="widgetPath2" tag="property" attribute="name|list" value="DefaultSearch-Movies">%22%5D%7D%5D%7D%2C%22type%22%3A%22movies%22%7D</property>

            <property name="widgetPath" tag="property" attribute="name|list" value="DefaultSearch-TvShows">videodb://tvshows/titles/?xsp=%7B%22order%22%3A%7B%22direction%22%3A%22ascending%22%2C%22ignorefolders%22%3A0%2C%22method%22%3A%22sorttitle%22%7D%2C%22rules%22%3A%7B%22and%22%3A%5B%7B%22field%22%3A%22title%22%2C%22operator%22%3A%22contains%22%2C%22value%22%3A%5B%22</property>
            <property name="widgetPath2" tag="property" attribute="name|list" value="DefaultSearch-TvShows">%22%5D%7D%5D%7D%2C%22type%22%3A%22tvshows%22%7D</property>

            <property name="widgetPath" tag="property" attribute="name|list" value="DefaultSearch-Episodes">videodb://tvshows/titles/-1/-1/-1/-1/?xsp=%7B%22order%22%3A%7B%22direction%22%3A%22ascending%22%2C%22ignorefolders%22%3A0%2C%22method%22%3A%22sorttitle%22%7D%2C%22rules%22%3A%7B%22and%22%3A%5B%7B%22field%22%3A%22title%22%2C%22operator%22%3A%22contains%22%2C%22value%22%3A%5B%22</property>
            <property name="widgetPath2" tag="property" attribute="name|list" value="DefaultSearch-Episodes">%22%5D%7D%5D%7D%2C%22type%22%3A%22episodes%22%7D</property>

            <property name="widgetPath" tag="property" attribute="name|list" value="DefaultSearch-Genres">videodb://movies/titles/?xsp=%7B%22order%22%3A%7B%22direction%22%3A%22ascending%22%2C%22ignorefolders%22%3A0%2C%22method%22%3A%22sorttitle%22%7D%2C%22rules%22%3A%7B%22and%22%3A%5B%7B%22field%22%3A%22genre%22%2C%22operator%22%3A%22contains%22%2C%22value%22%3A%5B%22</property>
            <property name="widgetPath2" tag="property" attribute="name|list" value="DefaultSearch-Genres">%22%5D%7D%5D%7D%2C%22type%22%3A%22movies%22%7D</property>

            <property name="widgetPath" tag="property" attribute="name|list" value="DefaultSearch-Year">videodb://movies/titles/?xsp=%7B%22order%22%3A%7B%22direction%22%3A%22ascending%22%2C%22ignorefolders%22%3A0%2C%22method%22%3A%22sorttitle%22%7D%2C%22rules%22%3A%7B%22and%22%3A%5B%7B%22field%22%3A%22year%22%2C%22operator%22%3A%22contains%22%2C%22value%22%3A%5B%22</property>
            <property name="widgetPath2" tag="property" attribute="name|list" value="DefaultSearch-Year">%22%5D%7D%5D%7D%2C%22type%22%3A%22movies%22%7D</property>

            <property name="widgetPath" tag="property" attribute="name|list" value="DefaultSearch-Studio">videodb://movies/titles/?xsp=%7B%22order%22%3A%7B%22direction%22%3A%22ascending%22%2C%22ignorefolders%22%3A0%2C%22method%22%3A%22sorttitle%22%7D%2C%22rules%22%3A%7B%22and%22%3A%5B%7B%22field%22%3A%22studio%22%2C%22operator%22%3A%22contains%22%2C%22value%22%3A%5B%22</property>
            <property name="widgetPath2" tag="property" attribute="name|list" value="DefaultSearch-Studio">%22%5D%7D%5D%7D%2C%22type%22%3A%22movies%22%7D</property>

            <property name="widgetPath" tag="property" attribute="name|list" value="DefaultSearch-Country">videodb://movies/titles/?xsp=%7B%22order%22%3A%7B%22direction%22%3A%22ascending%22%2C%22ignorefolders%22%3A0%2C%22method%22%3A%22sorttitle%22%7D%2C%22rules%22%3A%7B%22and%22%3A%5B%7B%22field%22%3A%22country%22%2C%22operator%22%3A%22is%22%2C%22value%22%3A%5B%22</property>
            <property name="widgetPath2" tag="property" attribute="name|list" value="DefaultSearch-Country">%22%5D%7D%5D%7D%2C%22type%22%3A%22movies%22%7D</property>

            <property name="widgetPath" tag="property" attribute="name|list" value="DefaultSearch-Actor">videodb://movies/titles/?xsp=%7B%22order%22%3A%7B%22direction%22%3A%22ascending%22%2C%22ignorefolders%22%3A0%2C%22method%22%3A%22sorttitle%22%7D%2C%22rules%22%3A%7B%22and%22%3A%5B%7B%22field%22%3A%22actor%22%2C%22operator%22%3A%22contains%22%2C%22value%22%3A%5B%22</property>
            <property name="widgetPath2" tag="property" attribute="name|list" value="DefaultSearch-Actor">%22%5D%7D%5D%7D%2C%22type%22%3A%22movies%22%7D</property>

            <property name="widgetPath" tag="property" attribute="name|list" value="DefaultSearch-Director">videodb://movies/titles/?xsp=%7B%22order%22%3A%7B%22direction%22%3A%22ascending%22%2C%22ignorefolders%22%3A0%2C%22method%22%3A%22sorttitle%22%7D%2C%22rules%22%3A%7B%22and%22%3A%5B%7B%22field%22%3A%22director%22%2C%22operator%22%3A%22contains%22%2C%22value%22%3A%5B%22</property>
            <property name="widgetPath2" tag="property" attribute="name|list" value="DefaultSearch-Director">%22%5D%7D%5D%7D%2C%22type%22%3A%22movies%22%7D</property>

            <property name="widgetPath" tag="property" attribute="name|list" value="DefaultSearch-Albums">musicdb://albums/?xsp=%7B%22order%22%3A%7B%22direction%22%3A%22ascending%22%2C%22ignorefolders%22%3A0%2C%22method%22%3A%22sorttitle%22%7D%2C%22rules%22%3A%7B%22and%22%3A%5B%7B%22field%22%3A%22album%22%2C%22operator%22%3A%22contains%22%2C%22value%22%3A%5B%22</property>
            <property name="widgetPath2" tag="property" attribute="name|list" value="DefaultSearch-Albums">%22%5D%7D%5D%7D%2C%22type%22%3A%22albums%22%7D</property>

            <property name="widgetPath" tag="property" attribute="name|list" value="DefaultSearch-Artists">musicdb://artists/?xsp=%7B%22order%22%3A%7B%22direction%22%3A%22ascending%22%2C%22ignorefolders%22%3A0%2C%22method%22%3A%22sorttitle%22%7D%2C%22rules%22%3A%7B%22and%22%3A%5B%7B%22field%22%3A%22artist%22%2C%22operator%22%3A%22contains%22%2C%22value%22%3A%5B%22</property>
            <property name="widgetPath2" tag="property" attribute="name|list" value="DefaultSearch-Artists">%22%5D%7D%5D%7D%2C%22type%22%3A%22artists%22%7D</property>

            <property name="widgetPath" tag="property" attribute="name|list" value="DefaultSearch-Songs">musicdb://songs/?xsp=%7B%22order%22%3A%7B%22direction%22%3A%22ascending%22%2C%22ignorefolders%22%3A0%2C%22method%22%3A%22sorttitle%22%7D%2C%22rules%22%3A%7B%22and%22%3A%5B%7B%22field%22%3A%22title%22%2C%22operator%22%3A%22contains%22%2C%22value%22%3A%5B%22</property>
            <property name="widgetPath2" tag="property" attribute="name|list" value="DefaultSearch-Songs">%22%5D%7D%5D%7D%2C%22type%22%3A%22songs%22%7D</property>

            <property name="widgetPath" tag="property" attribute="name|list" value="DefaultSearch-MusicVideos">videodb://musicvideos/titles/?xsp=%7b%22order%22%3a%7b%22direction%22%3a%22ascending%22%2c%22ignorefolders%22%3a0%2c%22method%22%3a%22sorttitle%22%7d%2c%22rules%22%3a%7b%22and%22%3a%5b%7b%22field%22%3a%22title%22%2c%22operator%22%3a%22contains%22%2c%22value%22%3a%5b%22</property>
            <property name="widgetPath2" tag="property" attribute="name|list" value="DefaultSearch-MusicVideos">%22%5d%7d%5d%7d%2c%22type%22%3a%22musicvideos%22%7d</property>

            <property name="widgetPath" tag="property" attribute="name|list" value="DefaultSearch-MusicVideoArtists">videodb://musicvideos/titles/?xsp=%7b%22order%22%3a%7b%22direction%22%3a%22ascending%22%2c%22ignorefolders%22%3a0%2c%22method%22%3a%22sorttitle%22%7d%2c%22rules%22%3a%7b%22and%22%3a%5b%7b%22field%22%3a%22artist%22%2c%22operator%22%3a%22contains%22%2c%22value%22%3a%5b%22</property>
            <property name="widgetPath2" tag="property" attribute="name|list" value="DefaultSearch-MusicVideoArtists">%22%5d%7d%5d%7d%2c%22type%22%3a%22musicvideos%22%7d</property>
            <property name="widgetPath" tag="property" attribute="name|list" value="DefaultSearch-Youtube">plugin://plugin.video.youtube/search/?q=</property>
            <property name="widgetPath2" tag="property" attribute="name|list" value="DefaultSearch-Youtube">&amp;search_type=notvalid</property>

            <property name="widgetPath" tag="property" attribute="name|list" value="DefaultSearch-Netflix">plugin://plugin.video.netflix/directory/search/search/?query=</property>
            <property name="widgetPath2" tag="property" attribute="name|list" value="DefaultSearch-Netflix">/</property>

            <property name="widgetPath" tag="property" attribute="name|list" value="DefaultSearch-Addons">addons://search/</property>
            <property name="widgetPath" tag="property" attribute="name|list" value="DefaultSearch-SpotifyArtists">plugin://plugin.audio.spotify/?action=search_artists&amp;artistid=</property>
            <property name="widgetPath" tag="property" attribute="name|list" value="DefaultSearch-SpotifyAlbums">plugin://plugin.audio.spotify/?action=search_albums&amp;albumid=</property>
            <property name="widgetPath" tag="property" attribute="name|list" value="DefaultSearch-SpotifySongs">plugin://plugin.audio.spotify/?action=search_tracks&amp;trackid=</property>
            <property name="widgetPath" tag="property" attribute="name|list" value="DefaultSearch-SpotifyPlaylists">plugin://plugin.audio.spotify/?action=search_playlists&amp;playlistid=</property>

            <property name="widgetPath" tag="property" attribute="name|list" value="DefaultSearch-TMDBMovies">plugin://plugin.video.themoviedb.helper?info=search&amp;type=movie&amp;query=</property>
            <property name="widgetPath2" tag="property" attribute="name|list" value="DefaultSearch-TMDBMovies">&amp;nextpage=false&amp;fanarttv=false&amp;cacheonly=true</property>

            <property name="widgetPath" tag="property" attribute="name|list" value="DefaultSearch-TMDBShows">plugin://plugin.video.themoviedb.helper?info=search&amp;type=tv&amp;query=</property>
            <property name="widgetPath2" tag="property" attribute="name|list" value="DefaultSearch-TMDBShows">&amp;nextpage=false&amp;fanarttv=false&amp;cacheonly=true</property>

            <property name="widgetPath" tag="property" attribute="name|list" value="DefaultSearch-TMDbSets">plugin://plugin.video.themoviedb.helper?info=search&amp;type=collection&amp;query=</property>
            <property name="widgetPath2" tag="property" attribute="name|list" value="DefaultSearch-TMDbSets">&amp;nextpage=false&amp;fanarttv=false&amp;cacheonly=true</property>

            <property name="widgetPath" tag="property" attribute="name|list" value="DefaultSearch-TMDBPeople">plugin://plugin.video.themoviedb.helper?info=search&amp;type=person&amp;query=</property>
            <property name="widgetPath2" tag="property" attribute="name|list" value="DefaultSearch-TMDBPeople">&amp;nextpage=false&amp;fanarttv=false&amp;cacheonly=true</property>

            <property name="widgetPath" tag="property" attribute="name|list" value="DefaultSearch-TMDBListsTrakt">plugin://plugin.video.themoviedb.helper?info=trakt_searchlists&amp;type=both&amp;query=</property>
            <property name="widgetPath2" tag="property" attribute="name|list" value="DefaultSearch-TMDBListsTrakt">&amp;nextpage=false&amp;fanarttv=false&amp;cacheonly=true</property>

            <property name="widgetPath" tag="property" attribute="name|list" value="DefaultSearch-TMDBListsMDBList">plugin://plugin.video.themoviedb.helper?info=mdblist_searchlists&amp;type=both&amp;query=</property>
            <property name="widgetPath2" tag="property" attribute="name|list" value="DefaultSearch-TMDBListsMDBList">&amp;nextpage=false&amp;fanarttv=false&amp;cacheonly=true</property>

            <property name="widgetPath" tag="property" attribute="name|list" value="DefaultSearch-RadioDE">plugin://plugin.audio.radio_de/stations/search/</property>
            <property name="widgetPath2" tag="property" attribute="name|list" value="DefaultSearch-RadioDE">/1/</property>

            <property name="widgetPath" tag="property" attribute="name|list"/>

            <property name="widgetLimit" tag="property" attribute="name|widgetLimit" />


            <!-- Widget Label -->
            <property name="widgetName" tag="label" />
            <property name="widgetName">$LOCALIZE[137]</property>

            <!-- Widget Sort -->
            <property name="widgetSortby" tag="property" attribute="name|widgetSortby" />
            <property name="widgetSortorder" tag="property" attribute="name|widgetSortorder" />
            <property name="widgetLimit" tag="property" attribute="name|widgetLimit" />

            <!-- Include -->
            <property name="widgetInclude">Widget_Poster</property>

            <!-- Style -->
            <property name="widgetStyle" tag="property" attribute="name|list" value="Submenu">List_Button_Row</property>
            <property name="widgetStyle" tag="property" attribute="name|widgetAspect" value="Square">List_Square_Row</property>
            <property name="widgetStyle" tag="property" attribute="name|widgetAspect" value="Landscape">List_Landscape_Row</property>
            <property name="widgetStyle" tag="property" attribute="name|widgetAspect" value="Big Landscape">List_BigLandscape_Row</property>
            <property name="widgetStyle" tag="property" attribute="name|widgetAspect" value="Banner">List_Banner_Row</property>
            <property name="widgetStyle">List_Poster_Row</property>


            <property name="widgetTarget" tag="property" attribute="name|list" value="DefaultSearch-Albums">music</property>
            <property name="widgetTarget" tag="property" attribute="name|list" value="DefaultSearch-Artists">music</property>
            <property name="widgetTarget" tag="property" attribute="name|list" value="DefaultSearch-Songs">music</property>
            <property name="widgetTarget" tag="property" attribute="name|list" value="DefaultSearch-Addons">addons</property>
            <property name="widgetTarget" tag="property" attribute="name|list" value="DefaultSearch-SpotifyArtists">music</property>
            <property name="widgetTarget" tag="property" attribute="name|list" value="DefaultSearch-SpotifyAlbums">music</property>
            <property name="widgetTarget" tag="property" attribute="name|list" value="DefaultSearch-SpotifySongs">music</property>
            <property name="widgetTarget" tag="property" attribute="name|list" value="DefaultSearch-SpotifyPlaylists">music</property>
            <property name="widgetTarget" tag="property" attribute="name|widgetTarget" />
            <property name="widgetTarget">videos</property>

            <property name="id" tag="property" attribute="name|id" value="$NUMBER[1]">1</property>
            <property name="id" tag="property" attribute="name|id" value="$NUMBER[2]">2</property>
            <property name="id" tag="property" attribute="name|id" value="$NUMBER[3]">3</property>
            <property name="id" tag="property" attribute="name|id" value="$NUMBER[4]">4</property>
            <property name="id" tag="property" attribute="name|id" value="$NUMBER[5]">5</property>
            <property name="id" tag="property" attribute="name|id" value="$NUMBER[6]">6</property>
            <property name="id" tag="property" attribute="name|id" value="$NUMBER[7]">7</property>
            <property name="id" tag="property" attribute="name|id" value="$NUMBER[8]">8</property>
            <property name="id" tag="property" attribute="name|id" value="$NUMBER[9]">9</property>
            <property name="id" tag="property" attribute="name|id" value="$NUMBER[10]">10</property>
            <property name="id" tag="property" attribute="name|id" value="$NUMBER[11]">11</property>
            <property name="id" tag="property" attribute="name|id" value="$NUMBER[12]">12</property>
            <property name="id" tag="property" attribute="name|id" value="$NUMBER[13]">13</property>
            <property name="id" tag="property" attribute="name|id" value="$NUMBER[14]">14</property>
            <property name="id" tag="property" attribute="name|id" value="$NUMBER[15]">15</property>
            <property name="id" tag="property" attribute="name|id" value="$NUMBER[16]">16</property>
            <property name="id" tag="property" attribute="name|id" value="$NUMBER[17]">17</property>
            <property name="id" tag="property" attribute="name|id" value="$NUMBER[18]">18</property>
            <property name="id" tag="property" attribute="name|id" value="$NUMBER[19]">19</property>
            <property name="id" tag="property" attribute="name|id" value="$NUMBER[20]">20</property>
            <property name="id" tag="property" attribute="name|id" value="$NUMBER[21]">21</property>
            <property name="id" tag="property" attribute="name|id" value="$NUMBER[22]">22</property>
            <property name="id" tag="property" attribute="name|id" value="$NUMBER[23]">23</property>
            <property name="id" tag="property" attribute="name|id" value="$NUMBER[24]">24</property>
            <property name="id" tag="property" attribute="name|id" value="$NUMBER[25]">25</property>
            <property name="id" tag="property" attribute="name|id" value="$NUMBER[26]">26</property>
            <property name="id" tag="property" attribute="name|id" value="$NUMBER[27]">27</property>
            <property name="id" tag="property" attribute="name|id" value="$NUMBER[28]">28</property>
            <property name="id" tag="property" attribute="name|id" value="$NUMBER[29]">29</property>
            <property name="id" tag="property" attribute="name|id" value="$NUMBER[30]">30</property>
            <property name="id" tag="property" attribute="name|id" value="$NUMBER[31]">31</property>
            <property name="id" tag="property" attribute="name|id" value="$NUMBER[32]">32</property>
            <property name="id" tag="property" attribute="name|id" value="$NUMBER[33]">33</property>
            <property name="id" tag="property" attribute="name|id" value="$NUMBER[34]">34</property>
            <property name="id" tag="property" attribute="name|id" value="$NUMBER[35]">35</property>
            <property name="id" tag="property" attribute="name|id" value="$NUMBER[36]">36</property>
            <property name="id" tag="property" attribute="name|id" value="$NUMBER[37]">37</property>
            <property name="id" tag="property" attribute="name|id" value="$NUMBER[38]">38</property>
            <property name="id" tag="property" attribute="name|id" value="$NUMBER[39]">39</property>
            <property name="id" tag="property" attribute="name|id" value="$NUMBER[40]">40</property>
            <property name="id" tag="property" attribute="name|id" value="$NUMBER[41]">41</property>
            <property name="id" tag="property" attribute="name|id" value="$NUMBER[42]">42</property>
            <property name="id" tag="property" attribute="name|id" value="$NUMBER[43]">43</property>
            <property name="id" tag="property" attribute="name|id" value="$NUMBER[44]">44</property>
            <property name="id" tag="property" attribute="name|id" value="$NUMBER[45]">45</property>
            <property name="id" tag="property" attribute="name|id" value="$NUMBER[46]">46</property>
            <property name="id" tag="property" attribute="name|id" value="$NUMBER[47]">47</property>
            <property name="id" tag="property" attribute="name|id" value="$NUMBER[48]">48</property>
            <property name="id" tag="property" attribute="name|id" value="$NUMBER[49]">49</property>
            <property name="id">50</property>

            <!-- IsInfo -->
            <property name="isInfo" tag="property" attribute="name|list" value="Submenu">False</property>
            <property name="isInfo" tag="property" attribute="name|widgetAspect" value="Button">False</property>
            <property name="isInfo" tag="property" attribute="name|widgetAspect" value="Apps">False</property>
            <property name="isInfo" tag="property" attribute="name|widgetInfo">True</property>
            <property name="isInfo">False</property>
            <property name="widgetInfo" tag="property" attribute="name|list" value="Submenu"></property>
            <property name="widgetInfo" tag="property" attribute="name|widgetAspect" value="Button"></property>
            <property name="widgetInfo" tag="property" attribute="name|widgetAspect" value="Apps"></property>
            <property name="widgetInfo" tag="property" attribute="name|widgetInfo" value="Full">Plot</property>
            <property name="widgetInfo" tag="property" attribute="name|widgetInfo" />

            <property name="isVisible" tag="visible" />
            <property name="isVisible">True</property>
            <controls>

                <include content="$SKINSHORTCUTS[widgetInclude]" condition="$SKINSHORTCUTS[isVisible]">
                    <param name="groupid" value="$PYTHON[5100 + int(id)]" />
                    <param name="id" value="$PYTHON[5000 + int(id)]" />
                    <param name="label" value="$SKINSHORTCUTS[widgetName]" />
                    <param name="visible" value="!String.IsEmpty(Control.GetLabel(9099).index(1))" />
                    <param name="altvisible" value="[Control.HasFocus(340) | Control.HasFocus(350)]" />
                    <param name="include" value="$SKINSHORTCUTS[widgetStyle]" />
                    <param name="infowidget" value="$SKINSHORTCUTS[isInfo]" />
                    <content sortby="$SKINSHORTCUTS[widgetSortby]" sortorder="$SKINSHORTCUTS[widgetSortorder]" target="$SKINSHORTCUTS[widgetTarget]" limit="$SKINSHORTCUTS[widgetLimit]">$INFO[Control.GetLabel(9099).index(1),$SKINSHORTCUTS[widgetPath],$SKINSHORTCUTS[widgetPath2]]</content>
                    <onback>SetFocus(5000)</onback>
                    <onfocus>SetProperty(TMDbHelper.WidgetContainer,$PYTHON[5000 + int(id)],Home)</onfocus>
                    <onfocus condition="$SKINSHORTCUTS[isInfo]">SetProperty(Slide.WidgetContainer,$PYTHON[5000 + int(id)],Home)</onfocus>
                    <onfocus>SetProperty(Slide.WidgetInfoStyle,$SKINSHORTCUTS[widgetInfo],Home)</onfocus>
                    <onunfocus>ClearProperty(Slide.WidgetContainer,Home)</onunfocus>
                    <content><item><label>-</label><visible>String.IsEmpty(Control.GetLabel(9099).index(1))</visible></item></content>
                </include>

            </controls>
        </items>
    </submenu>


</template>
