<?xml version="1.0" encoding="UTF-8"?>
<window type="dialog" id="1115">
    <defaultcontrol always="true">9000</defaultcontrol>
    <controls>
        <include>Object_Overlay</include>
        <include content="Dialog_Background">
            <include>Animation_SlideIn_Dialog</include>
            <width>dialog_menu_width</width>
            <height>560</height>
            <centertop>50%</centertop>
            <centerleft>50%</centerleft>
            <include content="Object_MenuHeader">
                <param name="label" value="$LOCALIZE[31137]" />
            </include>
            <include content="Object_Control">
                <param name="control" value="grouplist" />
                <param name="id" value="9000" />
                <top>120</top>
                <bottom>40</bottom>
                <orientation>vertical</orientation>
                <itemgap>0</itemgap>
                <onleft>Close</onleft>
                <onright>Close</onright>
                <include content="Dialog_Settings_Button">
                    <param name="id" value="9001" />
                    <param name="control" value="button" />
                    <label>$LOCALIZE[31138]</label>
                    <onclick>Skin.Reset(focuscolor.name)</onclick>
                    <onclick>Skin.Reset(gradientcolor.name)</onclick>
                    <onclick>Skin.Reset(EnableMonochromeHighlight)</onclick>
                    <onclick>Skin.Reset(InvertSelectedText)</onclick>
                    <include>Action_BuildTextures_Onclick_Preset</include>
                </include>
                <include content="Dialog_Settings_Button">
                    <param name="id" value="9002" />
                    <param name="control" value="button" />
                    <label>$LOCALIZE[31139]</label>
                    <onclick>Skin.SetString(gradientcolor.name,ffe91e63)</onclick>
                    <onclick>Skin.SetString(focuscolor.name,fff4511e)</onclick>
                    <onclick>Skin.Reset(EnableMonochromeHighlight)</onclick>
                    <onclick>Skin.Reset(InvertSelectedText)</onclick>
                    <include>Action_BuildTextures_Onclick_Preset</include>
                </include>
                <include content="Dialog_Settings_Button">
                    <param name="id" value="9003" />
                    <param name="control" value="button" />
                    <label>$LOCALIZE[31140]</label>
                    <onclick>Skin.SetString(focuscolor.name,ffe91e63)</onclick>
                    <onclick>Skin.SetString(gradientcolor.name,ffb635e5)</onclick>
                    <onclick>Skin.Reset(EnableMonochromeHighlight)</onclick>
                    <onclick>Skin.Reset(InvertSelectedText)</onclick>
                    <include>Action_BuildTextures_Onclick_Preset</include>
                </include>
                <include content="Dialog_Settings_Button">
                    <param name="id" value="9004" />
                    <param name="control" value="button" />
                    <label>$LOCALIZE[31141]</label>
                    <onclick>Skin.SetString(focuscolor.name,ffffffff)</onclick>
                    <onclick>Skin.SetString(gradientcolor.name,ffffffff)</onclick>
                    <onclick>Skin.Reset(EnableMonochromeHighlight)</onclick>
                    <onclick>Skin.SetBool(InvertSelectedText)</onclick>
                    <include>Action_BuildTextures_Onclick_Preset</include>
                </include>
                <include content="Dialog_Settings_Button">
                    <param name="id" value="9005" />
                    <param name="control" value="button" />
                    <label>$LOCALIZE[15067]</label>
                    <onclick>Close</onclick>
                </include>
            </include>
        </include>
    </controls>
</window>