<?xml version="1.0" encoding="UTF-8"?>
<window type="dialog" id="1124">
    <visible>Skin.HasSetting(Background.DisableVideo)</visible>
    <visible>Player.HasVideo + !Window.IsActive(VideoFullScreen.xml)</visible>
    <controls>

        <control type="group">
            <visible>!Skin.HasSetting(Background.DisablePIP) + [Window.IsMedia | $EXP[Exp_Window_IsHub] | Window.IsVisible(1130) | Window.IsVisible(1131) | Window.IsVisible(1105) | Window.IsVisible(1185)] + !Window.IsVisible(addonbrowser) + !$EXP[Exp_InfoDialogs] + !Window.IsVisible(1123) + !Window.IsVisible(1113) + !Window.IsVisible(1114)</visible>
            <animation type="Visible" reversible="false">
                <effect type="slide" start="0,48" end="0" center="auto" tween="back" easing="out" time="400" />
            </animation>
            <animation type="WindowOpen" reversible="false">
                <effect type="slide" start="0,48" end="0" center="auto" tween="back" easing="out" time="400" />
            </animation>
            <right>40</right>
            <bottom>40</bottom>
            <width>560</width>
            <height>360</height>
            <control type="group">
                <include content="Dialog_Background_Blur">
                    <param name="shadow">true</param>
                    <param name="diffuse">diffuse/dialog_w480_h400.png</param>
                </include>
                <include condition="true">Dialog_Background_Glass</include>
                <control type="group">
                    <include content="Dimension_Padding">
                        <param name="pad">20</param>
                    </include>
                    <visible>Player.HasVideo</visible>
                    <control type="image">
                        <texture colordiffuse="black" border="20">common/box.png</texture>
                    </control>
                    <control type="videowindow">
                        <top>5</top>
                        <bottom>5</bottom>
                    </control>
                </control>
            </control>
        </control>


        <control type="group">
            <visible>![!Skin.HasSetting(Background.DisablePIP) + [Window.IsMedia | $EXP[Exp_Window_IsHub] | Window.IsVisible(1130) | Window.IsVisible(1131) | Window.IsVisible(1105) | Window.IsVisible(1185)] + !Window.IsVisible(addonbrowser) + !$EXP[Exp_InfoDialogs] + !Window.IsVisible(1123) + !Window.IsVisible(1113) + !Window.IsVisible(1114)]</visible>
            <left>-1920</left>
            <top>-1080</top>
            <width>100</width>
            <height>100</height>
            <control type="videowindow" />
        </control>
    </controls>
</window>