<?xml version="1.0" encoding="UTF-8"?>
<window type="dialog" id="1181">
    <defaultcontrol always="true">5000</defaultcontrol>
    <onload>SetFocus(5001)</onload>
    <controls>
        <include>DialogInfo_Recommendations_BackgroundLoader</include>
        <include content="DialogInfo_Recommendations_Group">
            <include content="DialogInfo_Recommendations_InfoPanel">
                <include>Animation_Transition_InfoPanel_Open</include>
                <visible>!Window.IsVisible(DialogVideoInfo.xml)</visible>
            </include>
            <include content="DialogInfo_Recommendations_Widgets">
                <visible>!Window.IsVisible(DialogVideoInfo.xml)</visible>
            </include>
        </include>
        <control type="group">
            <visible>!Window.IsVisible(DialogVideoInfo.xml)</visible>
            <include>DialogInfo_Recommendations_Furniture</include>
        </control>
    </controls>
</window>