<?xml version="1.0" encoding="UTF-8"?>
<window type="window" id="1107">
    <onload>SetProperty(TMDbHelper.WidgetContainer,301)</onload>
    <defaultcontrol>300</defaultcontrol>
    <menucontrol>303</menucontrol>
    <include>Action_Blur_Onload</include>
    <include>Action_Hubs_Onload</include>
    <controls>
        <include content="Hub_Controls">
            <param name="window_id">1107</param>
            <param name="widgets_only">False</param>
            <param name="categories">1107menu</param>
        </include>
    </controls>
</window>