{
    "output": "template.xml",
    "header": "<?xml version=\"1.0\" encoding=\"UTF-8\"?>\n<template>",
    "footer": "</template>",
    "global": {
        "parts_stackedwidgets": {
            "template": "skinvariables-generator-parts-stackedwidgets.xmltemplate",
            "prev_id": "$PYTHON[5002 + int(id) - 1]"
        },
        "parts_standardwidgets": {
            "template": "skinvariables-generator-parts-standardwidgets.xmltemplate"
        },
        "parts_widgets": {
            "template": "skinvariables-generator-parts-widgets.xmltemplate",
            "id": "$PYTHON[5002 + int(id)]",
            "groupid": "$PYTHON[5102 + int(id)]",
            "grouplistid": "5000",
            "squareid": "5001",
            "landscapeid": "5002",
            "topid": "5003",
            "refocus": "SetFocus(393)",
            "visible": "[true]",
            "altvisible": "[$SKINSHORTCUTS[widgetAltVisible]]"
        }
    },
    "genxml": [
        {
            "template": "skinvariables-generator-main.xmltemplate",
            "parts_stackedwidgets": {
                "template": "skinvariables-generator-parts-stackedwidgets.xmltemplate",
                "prev_id": "$PYTHON[int(mainmenuid) * 1000 + 600 + int(id) - 1]"
            },
            "parts_widgets": {
                "template": "skinvariables-generator-parts-widgets.xmltemplate",
                "id": "$PYTHON[int(mainmenuid) * 1000 + 600 + int(id)]",
                "groupid": "$PYTHON[int(mainmenuid) * 1000 + 700 + int(id)]",
                "grouplistid": "$PYTHON[int(mainmenuid) * 1000 + 400]",
                "landscapeid": "$PYTHON[int(mainmenuid) * 1000 + 411]",
                "squareid": "$PYTHON[int(mainmenuid) * 1000 + 421]",
                "topid": "$PYTHON[int(mainmenuid) * 1000 + 601]",
                "refocus": "SetFocus(393)",
                "visible": "[String.IsEqual(Container(300).ListItem.Property(submenuVisibility),$SKINSHORTCUTS[submenuVisibility])]",
                "altvisible": "[$SKINSHORTCUTS[widgetAltVisible]]"
            }
        },
        {
            "template": "skinvariables-generator-menu.xmltemplate",
            "include_name": "moviemenu",
            "submenu_name": "moviesubmenu",
            "window_id": "1101",
            "hub_type": "Movies"
        },
        {
            "template": "skinvariables-generator-menu.xmltemplate",
            "include_name": "tvshowmenu",
            "submenu_name": "tvshowsubmenu",
            "window_id": "1102",
            "hub_type": "TVShows"
        },
        {
            "template": "skinvariables-generator-menu.xmltemplate",
            "include_name": "musicmenu",
            "submenu_name": "musicsubmenu",
            "window_id": "1103",
            "hub_type": "Music"
        },
        {
            "template": "skinvariables-generator-menu.xmltemplate",
            "include_name": "pvrmenu",
            "submenu_name": "pvrsubmenu",
            "window_id": "1104",
            "hub_type": "PVR"
        },
        {
            "template": "skinvariables-generator-menu.xmltemplate",
            "include_name": "custom01menu",
            "submenu_name": "custom01submenu",
            "window_id": "1106",
            "hub_type": "Custom01"
        },
        {
            "template": "skinvariables-generator-menu.xmltemplate",
            "include_name": "custom02menu",
            "submenu_name": "custom02submenu",
            "window_id": "1107",
            "hub_type": "Custom02"
        },
        {
            "template": "skinvariables-generator-menu.xmltemplate",
            "include_name": "custom03menu",
            "submenu_name": "custom03submenu",
            "window_id": "1108",
            "hub_type": "Custom03"
        },
        {
            "template": "skinvariables-generator-menu.xmltemplate",
            "include_name": "custom04menu",
            "submenu_name": "custom04submenu",
            "window_id": "1109",
            "hub_type": "Custom04"
        },
        {
            "template": "skinvariables-generator-widgets.xmltemplate",
            "include_name": "moviewidgets",
            "window_id": "1101",
            "hub_type": "Movies"
        },
        {
            "template": "skinvariables-generator-widgets.xmltemplate",
            "include_name": "tvshowwidgets",
            "window_id": "1102",
            "hub_type": "TVShows"
        },
        {
            "template": "skinvariables-generator-widgets.xmltemplate",
            "include_name": "musicwidgets",
            "window_id": "1103",
            "hub_type": "Music"
        },
        {
            "template": "skinvariables-generator-widgets.xmltemplate",
            "include_name": "pvrwidgets",
            "window_id": "1104",
            "hub_type": "PVR"
        },
        {
            "template": "skinvariables-generator-widgets.xmltemplate",
            "include_name": "custom01widgets",
            "window_id": "1106",
            "hub_type": "Custom01"
        },
        {
            "template": "skinvariables-generator-widgets.xmltemplate",
            "include_name": "custom02widgets",
            "window_id": "1107",
            "hub_type": "Custom02"
        },
        {
            "template": "skinvariables-generator-widgets.xmltemplate",
            "include_name": "custom03widgets",
            "window_id": "1108",
            "hub_type": "Custom03"
        },
        {
            "template": "skinvariables-generator-widgets.xmltemplate",
            "include_name": "custom04widgets",
            "window_id": "1109",
            "hub_type": "Custom04"
        }
    ]
}



