<?xml version="1.0" encoding="UTF-8"?>
<window>
    <include>View_MediaWindows_ID</include>
    <defaultcontrol always="true">50</defaultcontrol>
    <menucontrol>9000</menucontrol>
    <include content="Action_Blur_Onload">
        <param name="sourceimage" value="Art(fanart)" />
    </include>
    <onload>RunScript(script.skinvariables,action=buildviews)</onload>
    <include>Action_ClearContext_OnUnload</include>
    <controls>

        <include>View_Main</include>

        <include content="Object_Options_Menu">
            <param name="grouplist_items" value="Items_MyVideoNav" />
            <param name="visible" value="!Window.IsVisible(DialogSelect.xml) + !Window.IsVisible(1113)" />
            <param name="usemousefocus">true</param>
        </include>


    </controls>

</window>
