<addon id="skin.arctic.fuse" name="Arctic Fuse" provider-name="jurialmunkey" version="0.4.54~omega">
    <requires>
        <import addon="xbmc.gui" version="5.17.0" />
        <import addon="script.skinvariables" version="2.1.2" />
        <import addon="script.texturemaker" version="0.2.9" />
        <import addon="plugin.video.themoviedb.helper" version="5.2.3~nexus" />
        <import addon="resource.images.weathericons.white" version="0.0.1" />
        <import addon="resource.images.studios.coloured" version="0.0.1" />
        <import addon="resource.font.robotocjksc" version="0.0.1" />
    </requires>
    <extension debugging="false" defaultthemename="Textures.xbt" effectslowdown="1" point="xbmc.gui.skin">
        <res aspect="16:9" default="true" folder="1080i" width="1920" height="1080" />
        <res aspect="3:2" default="false" folder="1080i" width="1620" height="1080" />
        <res aspect="4:3" default="false" folder="1080i" width="1440" height="1080" />
        <res aspect="16:10" default="false" folder="1080i" width="1728" height="1080" />
        <res aspect="17:9" default="false" folder="1080i" width="2040" height="1080" />
        <res aspect="21:9" default="false" folder="1080i" width="2520" height="1080" />
        <res aspect="19.5:9" default="false" folder="1080i" width="2340" height="1080" />
        <res aspect="18:9" default="false" folder="1080i" width="2160" height="1080" />
    </extension>
    <extension point="xbmc.addon.metadata">
        <summary lang="en">A minimalist row based skin</summary>
        <summary lang="fr">Un habillage minimaliste basé sur des lignes</summary>
        <description lang="en">Arctic Fuse is a minimalist row based skin providing a vertical quick nav menu and customisable widgets</description>
        <description lang="fr">Arctic Fuse est un hablillage minimaliste basé sur des lignes offrant un menu vertical pour une navigation rapide ainsi que des widgets personnalisables</description>
        <platform>all</platform>
        <license>Creative Commons Attribution Non-Commercial Share-Alike 4.0</license>
        <forum />
        <source />
        <assets>
            <icon>icon.png</icon>
            <fanart>fanart.jpg</fanart>
        </assets>
    </extension>
</addon>
