<?xml version="1.0" encoding="UTF-8"?>
<includes>

    <include name="View_Combined_Info">
        <include content="Info_Panel">
            <param name="container">Container($PARAM[id]3).</param>
            <param name="plotlabel">$VAR[Label_Plot_C$PARAM[id]3]</param>
            <param name="visible">Integer.IsEqual(Window.Property(TMDBHelper.WidgetContainer),$PARAM[id]3)</param>
            <top>view_top</top>
            <width>info_panel_w</width>
            <left>view_side</left>
        </include>
    </include>

    <variable name="View_Combined_SortBy">
        <value condition="Container.Content(seasons)">episode</value>
        <value condition="Container.Content(sets) | Container.Content(artists)">year</value>
        <value>label</value>
    </variable>

    <variable name="View_503_Content">
        <value condition="String.IsEmpty(Window.Property(SpecialFolderPath)) + !String.IsEmpty(Container(502).ListItem.FolderPath) + Container(502).ListItem.IsFolder">$INFO[Container(502).ListItem.FolderPath]</value>
        <value condition="!String.IsEmpty(Window.Property(SpecialFolderPath))">$INFO[Window.Property(SpecialFolderPath)]</value>
    </variable>
    <variable name="View_513_Content">
        <value condition="String.IsEmpty(Window.Property(SpecialFolderPath)) + !String.IsEmpty(Container(512).ListItem.FolderPath) + Container(512).ListItem.IsFolder">$INFO[Container(512).ListItem.FolderPath]</value>
        <value condition="!String.IsEmpty(Window.Property(SpecialFolderPath))">$INFO[Window.Property(SpecialFolderPath)]</value>
    </variable>
    <variable name="View_523_Content">
        <value condition="String.IsEmpty(Window.Property(SpecialFolderPath)) + !String.IsEmpty(Container(522).ListItem.FolderPath) + Container(522).ListItem.IsFolder">$INFO[Container(522).ListItem.FolderPath]</value>
        <value condition="!String.IsEmpty(Window.Property(SpecialFolderPath))">$INFO[Window.Property(SpecialFolderPath)]</value>
    </variable>

    <!-- Vertical Layout (Detailed) -->
    <include name="View_Combined_List_Vert">
        <control type="group">
            <left>view_side</left>
            <top>590</top>
            <visible allowhiddenfocus="true">![Control.HasFocus($PARAM[id]3) | Control.HasFocus(60) | Control.HasFocus(332) | Control.HasFocus(68) | Control.HasFocus(62) | [Control.HasFocus(330) + Integer.IsEqual(Window.Property(List.ViewContainer),$PARAM[id]3)]]</visible>

            <include content="Animation_Fade_In">
                <param name="type">Visible</param>
            </include>
            <include content="Animation_Fade_Out">
                <param name="type">Hidden</param>
                <param name="time">200</param>
            </include>

            <include content="Animation_Fade_In">
                <param name="condition">!$EXP[Exp_InfoDialogs]</param>
                <param name="delay">40</param>
                <param name="time">300</param>
            </include>
            <include content="Animation_Fade_Out">
                <param name="condition">$EXP[Exp_InfoDialogs]</param>
                <param name="delay">320</param>
                <param name="time">200</param>
            </include>

            <include content="List_Button_Row">
                <param name="id">$PARAM[id]2</param>
                <param name="orientation">vertical</param>
                <param name="offset_x">60</param>
                <param name="offset_y">$PARAM[offset_y]</param>
                <param name="item_h">80</param>
                <param name="itemlayout_h">80</param>
                <param name="item_w">$PARAM[item_w]</param>
                <param name="itemlayout_w">$PARAM[item_w]</param>
                <param name="itemlayout_include">$PARAM[itemlayout_include]</param>
                <param name="detailed">true</param>
                <param name="variation">true</param>
                <param name="indicator">false</param>

                <include content="Action_View_Movement_OnLeft">
                    <param name="id">$PARAM[id]2</param>
                    <param name="onleft">$PARAM[id]3</param>
                </include>
                <include content="Action_View_Movement_OnBack">
                    <param name="id">$PARAM[id]2</param>
                    <param name="onleft">$PARAM[id]3</param>
                </include>
                <!-- <include content="Action_View_Movement_OnDown">
                    <param name="to_scrollbar">false</param>
                    <param name="id">$PARAM[id]2</param>
                </include>
                <include content="Action_View_Movement_OnUp">
                    <param name="id">$PARAM[id]2</param>
                </include> -->
                <pagecontrol>65</pagecontrol>

                <onright condition="!Container($PARAM[id]3).IsUpdating">$PARAM[id]3</onright>
                <onfocus>SetProperty(TMDbHelper.WidgetContainer,$PARAM[id]3)</onfocus>
                <onfocus>ClearProperty(SpecialFolderPath)</onfocus>
                <visible>$PARAM[visible]</visible>
                <viewtype label="$PARAM[viewtype_label]">wrap</viewtype>

                <left>-80</left>
                <top>-40</top>
                <height>345</height>

                <preloaditems>0</preloaditems>
                <focusposition>1</focusposition>
                <movement>1</movement>

                <include content="Animation_Reposition">
                    <param name="id">$PARAM[id]2</param>
                    <param name="slide_y">-80</param>
                </include>
            </include>
        </control>
    </include>
    <include name="View_Combined_Row_Vert">
        <definition>
            <control type="group">
                <animation effect="slide" start="$PARAM[slide_x]" end="0" tween="quadratic" easing="out" time="400" reversible="false" condition="[Control.HasFocus($PARAM[id]3) | Control.HasFocus(60) | Control.HasFocus(332) | Control.HasFocus(68) | Control.HasFocus(62) | [Control.HasFocus(330) + Integer.IsEqual(Window.Property(List.ViewContainer),$PARAM[id]3)]]">Conditional</animation>
                <animation effect="slide" start="0" end="$PARAM[slide_x]" tween="quadratic" easing="out" time="400" reversible="false" condition="![Control.HasFocus($PARAM[id]3) | Control.HasFocus(60) | Control.HasFocus(332) | Control.HasFocus(68) | Control.HasFocus(62) | [Control.HasFocus(330) + Integer.IsEqual(Window.Property(List.ViewContainer),$PARAM[id]3)]]">Conditional</animation>
                <visible>Control.IsVisible($PARAM[id]2)</visible>
                <include content="Transitions_List_Group">
                    <include content="$PARAM[include]">
                        <param name="id">$PARAM[id]3</param>
                        <height>divider_bottom</height>
                        <bottom>40</bottom>
                        <onleft>$PARAM[id]2</onleft>

                        <onright>SetFocus($PARAM[id]3,0,absolute)</onright>
                        <include content="Action_View_Movement_OnRight">
                            <param name="id">$PARAM[id]2</param>
                            <param name="onleft">$PARAM[id]3</param>
                        </include>

                        <pagecontrol>60</pagecontrol>

                        <include content="Action_View_Movement_OnBack">
                            <param name="id">$PARAM[id]3</param>
                            <param name="onback">[Integer.IsEqual(Container($PARAM[id]3).CurrentItem,1)]</param>
                            <param name="menuid">$PARAM[id]2</param>
                            <param name="always">True</param>
                        </include>

                        <include content="Action_View_Movement_OnDown">
                            <param name="id">$PARAM[id]3</param>
                        </include>
                        <include content="Action_View_Movement_OnUp">
                            <param name="id">$PARAM[id]3</param>
                        </include>

                        <animation type="Conditional" reversible="false" condition="Container($PARAM[id]3).IsUpdating">
                            <effect type="fade" start="100" end="0" time="200" delay="600" />
                        </animation>

                        <include content="Animation_ConditionalFade" condition="!Skin.HasSetting(Views.DisableItemPeek)">
                            <param name="condition">!Control.HasFocus($PARAM[id]3)</param>
                        </include>

                        <visible>Container($PARAM[id]2).ListItem.IsFolder</visible>
                        <onclick condition="Container($PARAM[id]3).ListItem.IsFolder">Container.Update($INFO[Container($PARAM[id]3).ListItem.FolderPath])</onclick>
                        <onclick condition="Container($PARAM[id]3).ListItem.IsFolder">SetFocus(50)</onclick>
                        <onclick condition="!Container($PARAM[id]3).ListItem.IsFolder">PlayMedia($ESCINFO[Container($PARAM[id]3).ListItem.FileNameAndPath])</onclick>
                        <content target="$VAR[Path_CollectionNode_Target]" sortby="$VAR[View_Combined_SortBy]" sortorder="ascending">$VAR[View_$PARAM[id]3_Content]</content>
                        <onfocus>SetProperty(TMDbHelper.WidgetContainer,$PARAM[id]3)</onfocus>
                    </include>

                    <include content="Widget_Busy">
                        <param name="label">$INFO[Container($PARAM[id]2).ListItem.Label]</param>
                        <param name="visible">Container($PARAM[id]3).IsUpdating</param>
                        <height>divider_bottom</height>
                        <bottom>46</bottom>
                        <left>200</left>
                    </include>

                    <include content="Widget_Fake_$PARAM[include]" condition="!Skin.HasSetting(Views.DisableItemPeek)">
                        <param name="id">$PARAM[id]3</param>
                        <param name="overhang_visible">[Control.HasFocus($PARAM[id]3) | Control.HasFocus(60) | Control.HasFocus(332) | Control.HasFocus(68) | Control.HasFocus(62) | [Control.HasFocus(330) + Integer.IsEqual(Window.Property(List.ViewContainer),$PARAM[id]3)]]</param>
                        <animation type="Conditional" reversible="false" condition="Container($PARAM[id]3).IsUpdating">
                            <effect type="fade" start="100" end="0" time="200" delay="600" />
                        </animation>
                        <visible>!Control.HasFocus($PARAM[id]3)</visible>
                    </include>
                </include>
                <include content="Transitions_$PARAM[include]">
                    <param name="id">$PARAM[id]3</param>
                    <param name="affix">_C$PARAM[id]3</param>
                </include>
            </control>
        </definition>
    </include>

    <!-- Horizontal Layout (Classic) -->
    <include name="View_Combined_Row_Horz">
        <definition>
            <control type="group">
                <visible>Control.IsVisible($PARAM[id]2)</visible>
                <include content="Transitions_List_Group">
                    <include content="$PARAM[include]">
                        <param name="id">$PARAM[id]3</param>
                        <height>divider_bottom</height>
                        <bottom>40</bottom>

                        <pagecontrol>60</pagecontrol>

                        <include content="Action_View_Movement_OnLeftRight">
                            <param name="id">$PARAM[id]3</param>
                            <param name="onback">[Integer.IsEqual(Container($PARAM[id]3).CurrentItem,1)]</param>
                            <param name="always">True</param>
                            <param name="backid">63</param>
                        </include>

                        <include content="Object_HitRect">
                            <param name="x">view_side</param>
                            <param name="y">586</param>
                            <param name="w">1640</param>
                            <param name="h">view_poster_item_h</param>
                        </include>

                        <ondown>SetFocus($PARAM[id]3,0,absolute)</ondown>
                        <ondown>$PARAM[id]2</ondown>

                        <include content="Action_View_Movement_OnUp">
                            <param name="id">$PARAM[id]3</param>
                        </include>

                        <animation type="Conditional" reversible="false" condition="Container($PARAM[id]3).IsUpdating">
                            <effect type="fade" start="100" end="0" time="200" delay="600" />
                        </animation>

                        <visible>Container($PARAM[id]2).ListItem.IsFolder</visible>
                        <onclick condition="Container($PARAM[id]3).ListItem.IsFolder">Container.Update($INFO[Container($PARAM[id]3).ListItem.FolderPath])</onclick>
                        <onclick condition="Container($PARAM[id]3).ListItem.IsFolder">SetFocus(50)</onclick>
                        <onclick condition="!Container($PARAM[id]3).ListItem.IsFolder">PlayMedia($ESCINFO[Container($PARAM[id]3).ListItem.FileNameAndPath])</onclick>
                        <content target="$VAR[Path_CollectionNode_Target]" sortby="$VAR[View_Combined_SortBy]" sortorder="ascending">$VAR[View_$PARAM[id]3_Content]</content>
                        <onfocus>SetProperty(TMDbHelper.WidgetContainer,$PARAM[id]3)</onfocus>
                    </include>

                    <include content="Widget_Busy">
                        <param name="label">$INFO[Container($PARAM[id]2).ListItem.Label]</param>
                        <param name="visible">Container($PARAM[id]3).IsUpdating</param>
                        <height>divider_bottom</height>
                        <bottom>46</bottom>
                        <left>200</left>
                    </include>
                </include>
                <include content="Transitions_$PARAM[include]">
                    <param name="id">$PARAM[id]3</param>
                    <param name="affix">_C$PARAM[id]3</param>
                </include>
            </control>
        </definition>
    </include>

    <include name="View_Combined_List_Horz_Selector_Content">
        <include content="Action_View_Movement_OnBack" condition="$EXP[Exp_HomeMenu_DontHide]">
            <param name="id">$PARAM[id]2</param>
            <param name="onback">[Integer.IsEqual(Container($PARAM[id]2).CurrentItem,1)]</param>
            <param name="backid">63</param>
            <param name="menuid">309</param>
        </include>
        <include content="Action_View_Movement_OnBack" condition="![$EXP[Exp_HomeMenu_DontHide]]">
            <param name="id">$PARAM[id]2</param>
            <param name="onback">[Integer.IsEqual(Container($PARAM[id]2).CurrentItem,1)]</param>
            <param name="backid">63</param>
        </include>
        <onleft>$PARAM[id]2</onleft>
        <onright>$PARAM[id]2</onright>
        <left>20</left>
        <top>0</top>
        <onup>$PARAM[id]3</onup>
        <pagecontrol>65</pagecontrol>
        <include content="Action_View_Movement_OnDown">
            <param name="to_scrollbar">false</param>
            <param name="id">$PARAM[id]2</param>
        </include>
        <onfocus>SetProperty(TMDbHelper.WidgetContainer,$PARAM[id]3)</onfocus>
        <onfocus>ClearProperty(SpecialFolderPath)</onfocus>
        <visible>$PARAM[visible]</visible>
        <viewtype label="$PARAM[viewtype_label]">wrap</viewtype>
    </include>

    <include name="View_Combined_List_Horz">
        <control type="group">
            <include content="Animation_ConditionalFade">
                <param name="condition">[$EXP[Exp_MediaFilter_IsActive] | $EXP[Exp_FilterWall_IsActive] | $EXP[Exp_ScrollbarVisible_H] | Window.IsVisible(1171)]</param>
            </include>

            <visible>![[Container.Scrolling + $EXP[Exp_FurnitureFooter_Left_IsVisible]] | !String.IsEmpty(Window.Property(MediaFilterBase)) | !String.IsEmpty(Window.Property(MediaFilterWall))]</visible>

            <animation effect="fade" start="100" end="0" delay="400" time="1" reversible="true">Hidden</animation>
            <animation effect="fade" start="0" end="100" delay="400" time="1" reversible="false">Visible</animation>
            <control type="group">
                <visible>$PARAM[visible]</visible>
                <animation effect="fade" start="100" end="0" delay="400" reversible="false" time="200" condition="$EXP[Exp_InfoDialogs]">Conditional</animation>

                <control type="group">
                    <left>160</left>
                    <centerbottom>100</centerbottom>
                    <height>120</height>
                    <include content="Categories_Selector">
                        <param name="id">$PARAM[id]2</param>
                        <param name="font">font_mini</param>
                        <param name="hitrect_x">0</param>
                        <param name="hitrect_y">0</param>
                        <param name="hitrect_w">1080</param>
                        <param name="hitrect_h">120</param>
                        <include content="View_Combined_List_Horz_Selector_Content">
                            <param name="id">$PARAM[id]</param>
                            <param name="visible">$PARAM[visible]</param>
                            <param name="viewtype_label">$PARAM[viewtype_label]</param>
                        </include>
                    </include>
                </control>
            </control>
        </control>
    </include>

    <include name="View_Combined_Row">
        <definition>
            <control type="group">
                <include>MediaWall_View_Transition</include>
                <include content="View_Combined_Row_Horz" condition="!$EXP[Exp_Views_UseAltCombined]">
                    <param name="id">$PARAM[id]</param>
                    <param name="include">$PARAM[include]</param>
                    <param name="visible">$EXP[Exp_View_$PARAM[id]2]</param>
                    <param name="icon_base_var">$PARAM[icon_base_var]</param>
                </include>
                <include content="View_Combined_List_Vert" condition="$EXP[Exp_Views_UseAltCombined] + !Skin.HasSetting(Views.AltCombined.Detailed)">
                    <param name="id">$PARAM[id]</param>
                    <param name="viewtype_label">$LOCALIZE[31083]</param>
                    <param name="visible">$EXP[Exp_View_$PARAM[id]2]</param>
                    <param name="item_w">$PARAM[item_alt_w]</param>
                    <param name="offset_y">25</param>
                </include>
                <include content="View_Combined_List_Vert" condition="$EXP[Exp_Views_UseAltCombined] + Skin.HasSetting(Views.AltCombined.Detailed)">
                    <param name="id">$PARAM[id]</param>
                    <param name="viewtype_label">$LOCALIZE[31083]</param>
                    <param name="visible">$EXP[Exp_View_$PARAM[id]2]</param>
                    <param name="item_w">$PARAM[item_w]</param>
                    <param name="itemlayout_include">Layout_MediaList</param>
                    <param name="offset_y">25</param>
                </include>
                <include content="View_Combined_Row_Vert" condition="$EXP[Exp_Views_UseAltCombined]">
                    <param name="id">$PARAM[id]</param>
                    <param name="include">$PARAM[include]</param>
                    <param name="visible">$EXP[Exp_View_$PARAM[id]2]</param>
                    <param name="icon_base_var">$PARAM[icon_base_var]</param>
                    <param name="slide_x">$PARAM[slide_x]</param>
                </include>
            </control>
        </definition>
    </include>

    <!-- Combined Square -->
    <include name="View_502_Square_Combined_Row">
        <include content="View_Combined_Row">
            <param name="id">50</param>
            <param name="include">List_Square_Row</param>
            <param name="icon_base_var">Image_Icon</param>
            <param name="slide_x">480</param>
            <param name="item_w">480</param>
            <param name="item_alt_w">460</param>
        </include>
    </include>

    <!-- Combined Landscape -->
    <include name="View_512_Landscape_Combined_Row">
        <include content="View_Combined_Row">
            <param name="id">51</param>
            <param name="include">List_Landscape_Row</param>
            <param name="icon_base_var">Image_Landscape</param>
            <param name="slide_x">420</param>
            <param name="item_w">420</param>
            <param name="item_alt_w">400</param>
        </include>
    </include>

    <!-- Combined Poster -->
    <include name="View_522_Poster_Combined_Row">
        <include content="View_Combined_Row">
            <param name="id">52</param>
            <param name="include">List_Poster_Row</param>
            <param name="icon_base_var">Image_Poster</param>
            <param name="slide_x">480</param>
            <param name="item_w">480</param>
            <param name="item_alt_w">460</param>
        </include>
    </include>

    <include name="View_Combined_Row_Horz_Selector">
        <control type="group">
            <include content="View_Combined_List_Horz" condition="!$EXP[Exp_Views_UseAltCombined] + $EXP[Exp_View_502_Include]">
                <param name="id">50</param>
                <param name="viewtype_label">$LOCALIZE[31083]</param>
                <param name="visible">$EXP[Exp_View_502]</param>
            </include>
            <include content="View_Combined_List_Horz" condition="!$EXP[Exp_Views_UseAltCombined] + $EXP[Exp_View_512_Include]">
                <param name="id">51</param>
                <param name="viewtype_label">$LOCALIZE[31083]</param>
                <param name="visible">$EXP[Exp_View_512]</param>
            </include>
            <include content="View_Combined_List_Horz" condition="!$EXP[Exp_Views_UseAltCombined] + $EXP[Exp_View_522_Include]">
                <param name="id">52</param>
                <param name="viewtype_label">$LOCALIZE[31083]</param>
                <param name="visible">$EXP[Exp_View_522]</param>
            </include>
        </control>
    </include>
</includes>