<?xml version="1.0" encoding="UTF-8"?>
<includes>
    <include file="Background.xml" />
    <include file="Constants.xml" />
    <include file="Expressions.xml" />
    <include file="Colors.xml" />
    <include file="Defaults.xml" />
    <include file="Dimensions.xml" />
    <include file="Labels.xml" />
    <include file="Images.xml" />
    <include file="Dialogs.xml" />
    <include file="Furniture.xml" />
    <include file="Items.xml" />
    <include file="Textures.xml" />
    <include file="Objects.xml" />
    <include file="Info.xml" />
    <include file="OSD.xml" />
    <include file="Actions.xml" />
    <include file="Animations.xml" />
    <include file="Weather.xml" />
    <include file="Lists.xml" />
    <include file="Layouts.xml" />
    <include file="Widgets.xml" />
    <include file="NextAired.xml" />
    <include file="Paths.xml" />
    <include file="Views.xml" />
    <include file="Views_List.xml" />
    <include file="Views_Row.xml" />
    <include file="Views_Wall.xml" />
    <include file="Views_Combined.xml" />
    <include file="Views_PVR.xml" />

    <include file="script-skinviewtypes-includes.xml" />
    <include file="script-skinvariables-includes.xml" />
    <include file="script-skinshortcuts-includes.xml" />

    <include file="Overlay.xml" />
</includes>
