<?xml version="1.0" encoding="UTF-8"?>
<includes>

    <include name="Home_FloatingClock">
        <param name="minify">false</param>
        <definition>
            <include content="Furniture_Bottombar_Group">
                <visible>!$EXP[Exp_InfoDialogs]</visible>
                <nested />
                <include content="Furniture_Gutters">
                    <control type="group">
                        <include content="Animation_Fade_In">
                            <param name="type">Visible</param>
                        </include>
                        <include content="Furniture_Clock" condition="Skin.HasSetting(Furniture.EnableClock) + Skin.HasSetting(Furniture.ExpandClock)">
                            <param name="minify">[$PARAM[minify]]</param>
                            <param name="flipx">true</param>
                        </include>
                        <include content="Furniture_Clock" condition="Skin.HasSetting(Furniture.EnableClock) + !Skin.HasSetting(Furniture.ExpandClock)">
                            <param name="flipx">true</param>
                        </include>
                    </control>
                </include>
            </include>
        </definition>
    </include>

    <include name="Home_Menu_Content">
        <param name="condition">$EXP[Exp_HomeMenu_DontHide]</param>
        <definition>
            <include content="Object_ContentDynamic" condition="$PARAM[condition] + Skin.HasSetting(KioskMode.HubConfigurationUnlocked)">
                <param name="content">plugin://script.skinvariables/?info=get_shortcuts_node&amp;menu=sidemenu&amp;skin=skin.arctic.fuse&amp;reload=$INFO[Window(Home).Property(SkinVariables.ShortcutsNode.Reload)]</param>
            </include>
            <include content="Object_ContentNested" condition="$PARAM[condition] + !Skin.HasSetting(KioskMode.HubConfigurationUnlocked)">
                <include>skinvariables-sidemenu-staticitems</include>
            </include>
            <include content="Object_ContentNested" condition="![$PARAM[condition]]">
                <include>skinvariables-sidemenu-staticbutton</include>
            </include>
        </definition>
    </include>

    <include name="Home_Menu_List">
        <param name="items_include">Home_Menu_Content</param>
        <param name="onlist">320</param>
        <param name="id">303</param>
        <definition>
            <control type="group">
                <left>0</left>
                <top>260</top>
                <bottom>260</bottom>
                <width>view_side</width>

                <include content="Settings_Arrows">
                    <param name="arrow_prev_visible">Container($PARAM[id]).HasPrevious</param>
                    <param name="arrow_next_visible">Container($PARAM[id]).HasNext</param>
                    <param name="colordiffuse">main_fg_30</param>
                </include>

                <control type="list" id="$PARAM[id]">
                    <focusposition>2</focusposition>
                    <movement>2</movement>

                    <onup condition="$EXP[Exp_HomeMenu_DontHide]">308</onup>
                    <ondown condition="$EXP[Exp_HomeMenu_DontHide]">309</ondown>

                    <onback>$PARAM[onlist]</onback>
                    <onback>SetFocus($PARAM[onlist])</onback>
                    <onback condition="!Window.IsVisible(Home)">PreviousMenu</onback>

                    <onfocus>CancelAlarm(SplashTimeOut,silent)</onfocus>
                    <onfocus condition="Window.IsVisible(Home) + Skin.HasSetting(Hub.Home.DisableSubmenu)">SetProperty(TMDbHelper.WidgetContainer,301)</onfocus>

                    <include content="Action_HomeMenu_OnRightLeft">
                        <param name="onlist">$PARAM[onlist]</param>
                    </include>

                    <include content="Action_SkinVariables_ShortcutList_Onclick" condition="Skin.HasSetting(KioskMode.HubConfigurationUnlocked)">
                        <param name="id">$PARAM[id]</param>
                    </include>

                    <orientation>vertical</orientation>
                    <scrolltime tween="quadratic">400</scrolltime>
                    <include content="Home_Menu_List_ItemLayout">
                        <param name="id">$PARAM[id]</param>
                    </include>
                    <include>$PARAM[items_include]</include>
                </control>
            </control>
        </definition>
    </include>

    <include name="Home_Menu_List_ItemLayout">
        <itemlayout height="100" width="view_side">
            <control type="group">
                <left>view_menu</left>
                <top>40</top>
                <bottom>-40</bottom>
                <include content="Layout_Home_Menu">
                    <param name="selected">false</param>
                    <param name="detailed">Control.HasFocus($PARAM[id])</param>
                </include>
            </control>
        </itemlayout>
        <focusedlayout height="100" width="view_side">
            <control type="group">
                <left>view_menu</left>
                <top>40</top>
                <bottom>-40</bottom>
                <control type="group">
                    <visible>!Control.HasFocus($PARAM[id])</visible>
                    <include content="Layout_Home_Menu">
                        <param name="selected">false</param>
                        <param name="detailed">Control.HasFocus($PARAM[id])</param>
                        <param name="layoutfo">true</param>
                    </include>
                </control>
                <control type="group">
                    <visible>Control.HasFocus($PARAM[id])</visible>
                    <include content="Layout_Home_Menu">
                        <param name="selected">true</param>
                        <param name="detailed">Control.HasFocus($PARAM[id])</param>
                        <param name="layoutfo">true</param>
                    </include>
                </control>
            </control>
        </focusedlayout>
    </include>

    <include name="Home_Menu_Button_Back">
        <control type="button" id="$PARAM[id]">
            <texturenofocus />
            <include>Texture_KeyboardButton</include>
            <include content="Dimension_Padding">
                <param name="pad">-20</param>
            </include>
            <nested />
        </control>
    </include>

    <include name="Home_Menu_Button_Icon">
        <param name="focused">$EXP[Exp_HomeMenu_HasFocus]</param>
        <definition>
            <control type="group">
                <nested />
                <width>40</width>
                <height>40</height>
                <control type="image">
                    <aspectratio>keep</aspectratio>
                    <bordersize>icon_home_bordersize</bordersize>
                    <texture colordiffuse="main_fg_30">$PARAM[icon]</texture>
                    <visible>!Control.HasFocus($PARAM[id])</visible>
                </control>
                <control type="image">
                    <aspectratio>keep</aspectratio>
                    <bordersize>icon_home_bordersize</bordersize>
                    <texture colordiffuse="$VAR[ColorSelected]">$PARAM[icon]</texture>
                    <visible>Control.HasFocus($PARAM[id])</visible>
                </control>
            </control>
        </definition>
    </include>

    <include name="Home_Fade">
        <param name="visible">!$EXP[Exp_InfoDialogs]</param>
        <definition>
            <control type="image">
                <visible>$PARAM[visible]</visible>
                <left>0</left>
                <width>400</width>
                <texture border="0,0,400,0" colordiffuse="main_bg_70">common/dim-side-half.png</texture>
            </control>
        </definition>
    </include>

    <include name="Home_Menu">
        <include content="Object_Control">
            <param name="control">group</param>
            <visible>!$EXP[Exp_InfoDialogs]</visible>
            <control type="group">
                <!-- Search -->
                <include content="Home_Menu_Button_Icon" condition="$EXP[Exp_HomeMenu_DontHide]">
                    <param name="id">308</param>
                    <param name="icon">special://skin/extras/icons/search.png</param>
                    <param name="label">$LOCALIZE[137]</param>
                    <include content="Home_Menu_Button_Back">
                        <param name="id">308</param>
                        <ondown>SetFocus(303,0,absolute)</ondown>
                        <onup>309</onup>
                        <onclick condition="!Window.IsVisible(1105)">Action(Right)</onclick>
                        <onclick condition="!Window.IsVisible(1105)">ActivateWindow(1105)</onclick>
                        <onclick condition="Window.IsVisible(1105)">SetFocus(9099)</onclick>

                        <include content="Action_HomeMenu_OnRightLeft">
                            <param name="onlist">$PARAM[onlist]</param>
                        </include>
                    </include>
                    <left>view_menu</left>
                    <top>view_pad</top>
                </include>

                <!-- Settings -->
                <include content="Home_Menu_Button_Icon" condition="$EXP[Exp_HomeMenu_DontHide]">
                    <param name="id">309</param>
                    <param name="icon">special://skin/extras/icons/bars.png</param>
                    <param name="label">$LOCALIZE[33063]</param>
                    <include content="Home_Menu_Button_Back">
                        <param name="id">309</param>
                        <onup>SetFocus(303,9999,absolute)</onup>
                        <ondown>308</ondown>
                        <onclick>ActivateWindow(shutdownmenu)</onclick>
                        <include content="Action_HomeMenu_OnRightLeft">
                            <param name="onlist">$PARAM[onlist]</param>
                        </include>
                    </include>
                    <left>view_menu</left>
                    <bottom>view_pad</bottom>
                </include>

                <include content="Home_Menu_List">
                    <param name="onlist">$PARAM[onlist]</param>
                </include>
            </control>
        </include>
    </include>


</includes>
