<?xml version="1.0" encoding="UTF-8"?>
<includes>
    <include name="View_Furniture_Row_Top">
        <control type="group">
            <visible>$EXP[Exp_RowViews] | $EXP[Exp_ListViews] | Control.IsVisible(540)</visible>
            <include content="Info_Panel">
                <param name="plotwidth" value="info_plot_w" />
                <param name="plotheight" value="80" />
                <param name="details" value="!$EXP[Exp_ListViews] + !Control.IsVisible(540) + !Control.IsVisible(58)" />
                <top>view_top</top>
                <width>info_panel_w</width>
                <left>view_pad</left>
            </include>
        </control>
    </include>
    <include name="View_Furniture_Row_Bottom">
        <include content="Object_Control" condition="$EXP[Exp_View_50_Include] | $EXP[Exp_View_51_Include] | $EXP[Exp_View_52_Include] | $EXP[Exp_View_58_Include]">
            <param name="control" value="group" />
            <control type="group">
                <visible>$EXP[Exp_RowViews]</visible>
                <include>View_Row_Divider</include>
            </control>
            <include content="Object_Control" condition="$EXP[Exp_View_58_Include]" >
                <param name="control" value="group" />
                <visible>Control.IsVisible(58)</visible>
                <include content="View_Row_Divider">
                    <height>560</height>
                    <bottom>180</bottom>
                </include>
            </include>
            <control type="group">
                <visible>$EXP[Exp_RowViews] | Control.IsVisible(58)</visible>
                <include content="Furniture_Bottombar_Group">
                    <control type="scrollbar" id="60">
                        <onup>50</onup>
                        <orientation>horizontal</orientation>
                        <height>8</height>
                        <centertop>-40</centertop>
                        <include content="Object_Include" condition="!Skin.String(DividerStyle,Fade)">
                            <texturesliderbackground colordiffuse="00ffffff" border="4">scrollbar/scrollh_line.png</texturesliderbackground>
                        </include>
                        <texturesliderbackground colordiffuse="main_fg_12" border="4">scrollbar/scrollh_line.png</texturesliderbackground>
                        <texturesliderbar border="4">special://profile/addon_data/script.texturemaker/ArcticHorizon/scrollh_h.png</texturesliderbar>
                        <include>Texture_Scrollbar_H</include>
                        <visible allowhiddenfocus="true">Control.HasFocus(60) | Control.HasFocus(65)</visible>
                        <ondown>50</ondown>
                        <onback>50</onback>
                        <showonepage>true</showonepage>
                        <include condition="!Skin.String(Rows.OnDown,Wall)">Action_Row_Recommendations_OnDown</include>
                        <include condition="Skin.String(Rows.OnDown,Wall)">Action_Row_WallView_OnDown</include>
                    </control>
                    <include content="Object_Hidden_Button">
                        <param name="id" value="65" />
                        <onright>SetFocus(50)</onright>
                        <onright>Action(nextletter)</onright>
                        <onright condition="!Container.HasNext | String.IsEqual(ListItem.SortLetter,Z)">Action(jumpsms2)</onright>
                        <onright condition="!Container.HasNext | String.IsEqual(ListItem.SortLetter,Z)">Action(prevletter)</onright>
                        <onright condition="!Container.HasNext | String.IsEqual(ListItem.SortLetter,Z)">Action(prevletter)</onright>
                        <onright condition="!Container.HasNext | String.IsEqual(ListItem.SortLetter,Z)">Action(prevletter)</onright>
                        <onright>SetFocus(65)</onright>
                        <onleft>SetFocus(50)</onleft>
                        <onleft>Action(prevletter)</onleft>
                        <onleft condition="!Container.HasPrevious">Action(PageUp)</onleft>
                        <onleft condition="!Container.HasPrevious">Action(Left)</onleft>
                        <onleft>SetFocus(65)</onleft>
                        <onup>50</onup>
                        <ondown>50</ondown>
                        <onback>50</onback>
                        <include condition="!Skin.String(Rows.OnDown,Wall)">Action_Row_Recommendations_OnDown</include>
                        <include condition="Skin.String(Rows.OnDown,Wall)">Action_Row_WallView_OnDown</include>
                    </include>
                    <include content="Object_Control" condition="!Skin.HasSetting(DisableAlphabetScrollbar)">
                        <param name="control" value="grouplist" />
                        <visible>$EXP[Exp_AlphabetVisible]</visible>
                        <orientation>horizontal</orientation>
                        <centertop>50%</centertop>
                        <height>40</height>
                        <itemgap>26.15</itemgap>
                        <include>Object_AlphabetNumber</include>
                        <include content="Object_AlphabetLetter"><param name="letter" value="A" /></include>
                        <include content="Object_AlphabetLetter"><param name="letter" value="B" /></include>
                        <include content="Object_AlphabetLetter"><param name="letter" value="C" /></include>
                        <include content="Object_AlphabetLetter"><param name="letter" value="D" /></include>
                        <include content="Object_AlphabetLetter"><param name="letter" value="E" /></include>
                        <include content="Object_AlphabetLetter"><param name="letter" value="F" /></include>
                        <include content="Object_AlphabetLetter"><param name="letter" value="G" /></include>
                        <include content="Object_AlphabetLetter"><param name="letter" value="H" /></include>
                        <include content="Object_AlphabetLetter"><param name="letter" value="I" /></include>
                        <include content="Object_AlphabetLetter"><param name="letter" value="J" /></include>
                        <include content="Object_AlphabetLetter"><param name="letter" value="K" /></include>
                        <include content="Object_AlphabetLetter"><param name="letter" value="L" /></include>
                        <include content="Object_AlphabetLetter"><param name="letter" value="M" /></include>
                        <include content="Object_AlphabetLetter"><param name="letter" value="N" /></include>
                        <include content="Object_AlphabetLetter"><param name="letter" value="O" /></include>
                        <include content="Object_AlphabetLetter"><param name="letter" value="P" /></include>
                        <include content="Object_AlphabetLetter"><param name="letter" value="Q" /></include>
                        <include content="Object_AlphabetLetter"><param name="letter" value="R" /></include>
                        <include content="Object_AlphabetLetter"><param name="letter" value="S" /></include>
                        <include content="Object_AlphabetLetter"><param name="letter" value="T" /></include>
                        <include content="Object_AlphabetLetter"><param name="letter" value="U" /></include>
                        <include content="Object_AlphabetLetter"><param name="letter" value="V" /></include>
                        <include content="Object_AlphabetLetter"><param name="letter" value="W" /></include>
                        <include content="Object_AlphabetLetter"><param name="letter" value="X" /></include>
                        <include content="Object_AlphabetLetter"><param name="letter" value="Y" /></include>
                        <include content="Object_AlphabetLetter"><param name="letter" value="Z" /></include>
                    </include>
                </include>
            </control>
            <include condition="$EXP[Exp_View_50_Include]">View_050_Square_Row</include>
            <include condition="$EXP[Exp_View_51_Include]">View_051_Landscape_Row</include>
            <include condition="$EXP[Exp_View_52_Include]">View_052_Poster_Row</include>
            <include condition="$EXP[Exp_View_57_Include]">View_057_BigLandscape_Row</include>
            <include condition="$EXP[Exp_View_58_Include]">View_058_BigPoster_Row</include>
        </include>
    </include>

    <include name="View_Row_Divider">
        <param name="isrounded" default="false" />
        <definition>
            <include content="Object_Control" condition="Skin.String(DividerStyle,Split)">
                <param name="control" value="group" />
                <bottom>0</bottom>
                <height>row_height_x50</height>
                <include content="Object_DividerPanel">
                    <param name="shadow_top" value="true" />
                    <param name="flipy" value="true" />
                    <bottom>-200</bottom>
                    <left>-200</left>
                    <right>-200</right>
                </include>
            </include>
            <include content="Object_Control" condition="Skin.String(DividerStyle,Split)">
                <param name="control" value="group" />
                <nested />
                <height>divider_bottom</height>
                <bottom>0</bottom>

                <include content="Object_DividerPanel" condition="![$PARAM[isrounded]]">
                    <param name="shadow_top" value="true" />
                    <param name="shadow_bottom" value="true" />
                    <top>0</top>
                    <bottom>160</bottom>
                    <left>-200</left>
                    <right>-200</right>
                </include>

                <include content="Object_DividerPanel_Rounded" condition="$PARAM[isrounded]">
                    <param name="shadow_top" value="true" />
                    <param name="shadow_bottom" value="true" />
                    <top>0</top>
                    <bottom>160</bottom>
                    <left>40</left>
                    <right>40</right>
                </include>
            </include>
        </definition>
    </include>

    <include name="View_ClearArt">
        <include content="Object_Control" condition="!Skin.String(BackgroundStyle,Fanart)">
            <param name="control" value="image" />
            <bottom>divider_bottom</bottom>
            <right>view_pad</right>
            <top>view_top</top>
            <aspectratio align="right">keep</aspectratio>
            <fadetime>600</fadetime>
            <texture background="true">$VAR[Image_ClearArt]</texture>
        </include>
    </include>

    <include name="View_FlixArt">
        <include content="Object_Control">
            <param name="control" value="image" />
            <right>0</right>
            <bottom>divider_bottom</bottom>
            <width>924</width>
            <fadetime>1000</fadetime>
            <aspectratio scalediffuse="false">scale</aspectratio>
            <texture background="true" diffuse="diffuse/flixart.png" colordiffuse="main_flix">$INFO[ListItem.Art(fanart)]</texture>
            <visible>$EXP[Exp_ShowSideArt]</visible>
            <visible>!String.IsEqual(Window(Home).Property(TMDbHelper.ListItem.BlurImage.Original),special://skin/fanart.jpg) | Skin.String(BackgroundStyle,None) | Skin.String(BackgroundStyle,Image)</visible>
            <animation effect="fade" start="0" end="100" time="1000">Visible</animation>
            <animation effect="fade" start="100" end="0" time="150">Hidden</animation>
        </include>
    </include>

    <include name="View_KeyArt">
        <include content="Object_Control">
            <param name="control" value="image" />
            <right>0</right>
            <width>1000</width>
            <fadetime>1000</fadetime>
            <aspectratio scalediffuse="false" aligny="top">scale</aspectratio>
            <texture background="true" diffuse="diffuse/flixart.png" colordiffuse="main_flix">$INFO[ListItem.Art(fanart)]</texture>
            <visible>$EXP[Exp_ShowSideArt]</visible>
            <visible>!String.IsEqual(Window(Home).Property(TMDbHelper.ListItem.BlurImage.Original),special://skin/fanart.jpg) | Skin.String(BackgroundStyle,None) | Skin.String(BackgroundStyle,Image)</visible>
            <animation effect="fade" start="0" end="100" time="1000">Visible</animation>
            <animation effect="fade" start="100" end="0" time="150">Hidden</animation>
        </include>
    </include>

    <include name="View_Row_WallSwitch">
        <control type="group">
            <include>Animation_View_Switch</include>
            <visible>Control.IsVisible($PARAM[id]4)</visible>
            <include content="$PARAM[include]">
                <param name="id" value="$PARAM[id]4" />
                <param name="context_button" value="$PARAM[context_button]" />
                <preloaditems>2</preloaditems>
                <bottom>1</bottom>
                <onback>ClearProperty(WallMode)</onback>
                <onback>Container.SetViewMode($PARAM[id])</onback>
                <onback>$PARAM[id]5</onback>
                <visible>String.IsEqual(Window.Property(WallMode),Container.FolderPath)</visible>
                <visible>$EXP[Exp_View_Special]</visible>
                <visible>$EXP[Exp_View_$PARAM[id]]</visible>
            </include>
        </control>
        <control type="group">
            <visible>Control.IsVisible($PARAM[id]4)</visible>
            <include>Animation_FadeIn_Delay</include>
            <include content="Object_Hidden_Button">
                <param name="id" value="$PARAM[id]5" />
                <onfocus>SetFocus($PARAM[id])</onfocus>
            </include>
            <include content="Object_Hidden_Button">
                <param name="id" value="$PARAM[id]6" />
                <onfocus>Container.SetViewMode($PARAM[id]4)</onfocus>
                <onfocus>Container.SetViewMode($PARAM[id]4)</onfocus>
                <onfocus>SetFocus($PARAM[id]4)</onfocus>
            </include>
            <include content="Object_WallFade">
                <param name="id" value="$PARAM[id]4" />
            </include>
        </control>
    </include>

    <include name="View_050_Square_Row">
        <include content="View_Row_Include">
            <param name="id" value="50" />
            <param name="include" value="List_Square_Row" />
            <param name="wall_include" value="List_Square_Wall" />
            <param name="viewtype_label" value="$LOCALIZE[31113]" />
        </include>
    </include>
    <include name="View_051_Landscape_Row">
        <include content="View_Row_Include">
            <param name="id" value="51" />
            <param name="include" value="List_Landscape_Row" />
            <param name="wall_include" value="List_Landscape_Wall" />
            <param name="viewtype_label" value="$LOCALIZE[31112]" />
        </include>
    </include>
    <include name="View_052_Poster_Row">
        <include content="View_Row_Include">
            <param name="id" value="52" />
            <param name="include" value="List_Poster_Row" />
            <param name="wall_include" value="List_Poster_Wall" />
            <param name="viewtype_label" value="$LOCALIZE[31111]" />
        </include>
    </include>
    <include name="View_057_BigLandscape_Row">
        <include content="View_Row_Include">
            <param name="id" value="57" />
            <param name="include" value="List_BigLandscape_Row" />
            <param name="wall_include" value="List_BigLandscape_Wall" />
            <param name="viewtype_label" value="$LOCALIZE[31149]" />
        </include>
    </include>
    <include name="View_058_BigPoster_Row">
        <control type="group">
            <visible>Control.IsVisible(58)</visible>

            <include content="List_BigPoster">
                <param name="id" value="58" />
                <param name="context_button" value="true" />
                <viewtype label="$LOCALIZE[31172]">wrap</viewtype>
                <focusposition>2</focusposition>
                <onup>menu</onup>
                <include content="Action_Row_OnDown">
                    <param name="id" value="58" />
                </include>
                <pagecontrol>60</pagecontrol>
                <visible>$EXP[Exp_View_Special]</visible>
                <visible>$EXP[Exp_View_58]</visible>
            </include>

            <control type="group">
                <visible>Control.HasFocus(58)</visible>
                <visible>System.IdleTime(3)</visible>
                <animation effect="fade" start="0" end="100" time="400" delay="400" reversible="false">Visible</animation>
                <top>260</top>
                <width>info_panel_w</width>
                <left>635</left>

                <include content="Info_Panel">
                    <param name="plotwidth" value="info_plot_w" />
                    <param name="plotheight" value="120" />
                </include>
                <control type="group">
                    <top>350</top>
                    <include>Dialog_VideoInfoDetails</include>
                </control>
            </control>

        </control>
    </include>


    <include name="View_Row_Include">
        <control type="group">
            <visible>!Control.IsVisible($PARAM[id]4)</visible>
            <include>Animation_View_Switch</include>
            <control type="group">
                <visible>Control.IsVisible($PARAM[id])</visible>
                <animation type="Visible" reversible="false">
                    <effect type="fade" start="0" end="100" time="0" delay="50" tween="sine" easing="out"/>
                </animation>
                <include content="$PARAM[include]">
                    <param name="id" value="$PARAM[id]" />
                    <param name="context_button" value="true" />
                    <height>divider_bottom</height>
                    <bottom>40</bottom>
                    <onup>menu</onup>
                    <pagecontrol>60</pagecontrol>
                    <include content="Action_Row_OnDown">
                        <param name="id" value="$PARAM[id]" />
                    </include>
                    <visible>$EXP[Exp_View_Special]</visible>
                    <visible>$EXP[Exp_View_$PARAM[id]]</visible>
                    <viewtype label="$PARAM[viewtype_label]">wrap</viewtype>
                    <onfocus>ClearProperty(TMDbHelper.WidgetContainer,Home)</onfocus>
                </include>
            </control>
        </control>
        <include content="View_Row_WallSwitch">
            <param name="id" value="$PARAM[id]" />
            <param name="include" value="$PARAM[wall_include]" />
            <param name="context_button" value="true" />
        </include>
    </include>
</includes>
