<?xml version="1.0" encoding="UTF-8"?>
<window type="window" id="1196">
    <controls>

        <!-- <control type="grouplist">
            <left>80</left>
            <control type="label">
                <label>Roboto Condensed Bold [COLOR=yellowgreen]Actual Font[/COLOR] vs [COLOR=magenta]Supplied Font[/COLOR]</label>
                <textcolor>main_fg_100</textcolor>
                <aligny>center</aligny>
                <height>40</height>
                <top>80</top>
            </control>
            <control type="label">
                <font>font_testlabel</font>
                <label>The quick brown fox jumps over the lazy dog</label>
                <textcolor>yellowgreen</textcolor>
                <aligny>center</aligny>
                <height>80</height>
            </control>
            <control type="label">
                <font>font_testlabel_alt</font>
                <label>The quick brown fox jumps over the lazy dog</label>
                <textcolor>magenta</textcolor>
                <aligny>center</aligny>
                <height>80</height>
            </control>

            <control type="label">
                <label>Roboto Condensed Regular [COLOR=yellowgreen]Actual Font[/COLOR] vs [COLOR=magenta]Supplied Font[/COLOR]</label>
                <textcolor>main_fg_100</textcolor>
                <aligny>center</aligny>
                <height>40</height>
                <top>80</top>
            </control>
            <control type="label">
                <font>font_testlabel_regular</font>
                <label>The quick brown fox jumps over the lazy dog</label>
                <textcolor>yellowgreen</textcolor>
                <aligny>center</aligny>
                <height>80</height>
            </control>
            <control type="label">
                <font>font_testlabel_regular_alt</font>
                <label>The quick brown fox jumps over the lazy dog</label>
                <textcolor>magenta</textcolor>
                <aligny>center</aligny>
                <height>80</height>
            </control>

            <control type="label">
                <label>Roboto Condensed Light [COLOR=yellowgreen]Actual Font[/COLOR] vs [COLOR=magenta]Supplied Font[/COLOR]</label>
                <textcolor>main_fg_100</textcolor>
                <aligny>center</aligny>
                <height>40</height>
                <top>80</top>
            </control>
            <control type="label">
                <font>font_testlabel_light</font>
                <label>The quick brown fox jumps over the lazy dog</label>
                <textcolor>yellowgreen</textcolor>
                <aligny>center</aligny>
                <height>80</height>
            </control>
            <control type="label">
                <font>font_testlabel_light_alt</font>
                <label>The quick brown fox jumps over the lazy dog</label>
                <textcolor>magenta</textcolor>
                <aligny>center</aligny>
                <height>80</height>
            </control>
        </control>
 -->
        <!-- <control type="group">
            <centertop>50%</centertop>
            <height>100</height>
            <control type="label">
                <font>font_testlabel</font>
                <label>The quick brown fox jumps over the lazy dog</label>
                <textcolor>main_fg_100</textcolor>
                <align>center</align>
                <aligny>center</aligny>
            </control>
            <control type="label">
                <font>font_testlabel_alt</font>
                <label>The quick brown fox jumps over the lazy dog</label>
                <textcolor>magenta</textcolor>
                <align>center</align>
                <aligny>center</aligny>
            </control>
        </control> -->

    </controls>
</window>