{
    "mainmenu": {
        "name": "Home > Categories",
        "index": "002",
        "levels": [
            {"prefix": "Home > ", "suffix": " > Submenu", "index": "003"},
            {"prefix": "Home > ", "suffix": " > Widgets", "index": "003", "affix": "-1"}
        ]
    },
    "searchmenu": {
        "name": "Search > Widgets",
        "index": "001"
    },
    "exploremenu": {
        "name": "Explore > Menu",
        "index": "100"
    },
    "powermenu": {
        "name": "Options > Menu",
        "index": "090"
    },
    "powersubmenu": {
        "name": "Options > Side",
        "index": "091"
    },
    "moviemenu": {
        "name": "Hub > Movies > Categories",
        "index": "010"
    },
    "tvshowmenu": {
        "name": "Hub > TVShows > Categories",
        "index": "020"
    },
    "musicmenu": {
        "name": "Hub > Music > Categories",
        "index": "030"
    },
    "pvrmenu": {
        "name": "Hub > Live TV > Categories",
        "index": "040"
    },
    "custom01menu": {
        "name": "Hub > Custom 1 > Categories",
        "index": "050"
    },
    "custom02menu": {
        "name": "Hub > Custom 2 > Categories",
        "index": "060"
    },
    "custom03menu": {
        "name": "Hub > Custom 3 > Categories",
        "index": "070"
    },
    "custom04menu": {
        "name": "Hub > Custom 4 > Categories",
        "index": "080"
    },
    "moviesubmenu": {
        "name": "Hub > Movies > Fallback Submenu",
        "index": "011"
    },
    "tvshowsubmenu": {
        "name": "Hub > TVShows > Fallback Submenu",
        "index": "021"
    },
    "musicsubmenu": {
        "name": "Hub > Music > Fallback Submenu",
        "index": "031"
    },
    "pvrsubmenu": {
        "name": "Hub > Live TV > Fallback Submenu",
        "index": "041"
    },
    "custom01submenu": {
        "name": "Hub > Custom 1 > Fallback Submenu",
        "index": "051"
    },
    "custom02submenu": {
        "name": "Hub > Custom 2 > Fallback Submenu",
        "index": "061"
    },
    "custom03submenu": {
        "name": "Hub > Custom 3 > Fallback Submenu",
        "index": "071"
    },
    "custom04submenu": {
        "name": "Hub > Custom 4 > Fallback Submenu",
        "index": "081"
    },
    "moviewidgets": {
        "name": "Hub > Movies > Widgets",
        "index": "012"
    },
    "tvshowwidgets": {
        "name": "Hub > TVShows > Widgets",
        "index": "022"
    },
    "musicwidgets": {
        "name": "Hub > Music > Widgets",
        "index": "032"
    },
    "pvrwidgets": {
        "name": "Hub > Live TV > Widgets",
        "index": "042"
    },
    "custom01widgets": {
        "name": "Hub > Custom 1 > Widgets",
        "index": "052"
    },
    "custom02widgets": {
        "name": "Hub > Custom 2 > Widgets",
        "index": "062"
    },
    "custom03widgets": {
        "name": "Hub > Custom 3 > Widgets",
        "index": "072"
    },
    "custom04widgets": {
        "name": "Hub > Custom 4 > Widgets",
        "index": "082"
    }
}