<?xml version="1.0" encoding="UTF-8"?>
<window type="dialog">
    <include content="Object_DefaultControl" condition="!Skin.HasSetting(DialogInfo.FocusButtons)">
        <param name="always">true</param>
        <param name="defaultcontrol">5000</param>
    </include>
    <include content="Object_DefaultControl" condition="Skin.HasSetting(DialogInfo.FocusButtons)">
        <param name="always">true</param>
        <param name="defaultcontrol">4000</param>
    </include>
    <menucontrol>4000</menucontrol>
    <controls>

        <include>Defs_TMDbHelper_Loader</include>

        <include content="DialogInfo_MainGroup">
            <include content="DialogInfo_ButtonGroup">
                <param name="include">Items_DialogMusicInfo_MenuBar</param>
            </include>
            <include>DialogInfo_ButtonHidden</include>
            <include content="DialogInfo_SlideGroup">
                <include content="DialogInfo_LeftGroup">
                    <param name="height">infodialog_poster_w</param>
                    <param name="diffuse">diffuse/square_w460_h460.png</param>
                    <include content="DialogInfo_PullTab">
                        <centertop>280</centertop>
                    </include>
                    <include>DialogInfo_MusicArt</include>
                </include>
                <include content="DialogInfo_RightGroup">
                    <!-- Info -->
                    <control type="group">
                        <visible>!Control.HasFocus(7001) | !Player.HasVideo</visible>
                        <visible>!Control.HasFocus(7003)</visible>

                        <animation effect="fade" start="0" end="100" time="400" delay="400" reversible="false">Visible</animation>
                        <animation effect="fade" start="100" end="0" time="200" reversible="false">Hidden</animation>


                        <control type="group">
                            <visible>!Control.HasFocus(61)</visible>

                            <!-- Music Info -->
                            <include content="Info_Panel">
                                <param name="plotheight" value="info_plot_large_h" />
                                <param name="details">![Control.HasFocus(9801) | Control.HasFocus(9802)]</param>
                            </include>

                            <!-- Track Details -->
                            <include content="DialogInfo_MusicTracks" condition="String.IsEqual(ListItem.DBType,album)">
                                <param name="id">50</param>
                                <visible>![Control.HasFocus(9801) | Control.HasFocus(9802)]</visible>
                            </include>
                            <include content="DialogInfo_MusicTracks" condition="String.IsEqual(ListItem.DBType,artist)">
                                <param name="id">5050</param>
                                <param name="detailed">true</param>
                                <content target="music" sortby="playcount" sortorder="descending">$INFO[ListItem.Artist,musicdb://songs/?xsp=%7B%22order%22%3A%7B%22direction%22%3A%22ascending%22%2C%22ignorefolders%22%3A0%2C%22method%22%3A%22sorttitle%22%7D%2C%22rules%22%3A%7B%22and%22%3A%5B%7B%22field%22%3A%22artist%22%2C%22operator%22%3A%22is%22%2C%22value%22%3A%5B%22,%22%5D%7D%5D%7D%2C%22type%22%3A%22songs%22%7D]</content>
                                <visible>![Control.HasFocus(9801) | Control.HasFocus(9802)]</visible>
                            </include>

                            <control type="group">
                                <visible>Control.HasFocus(9801) | Control.HasFocus(9802)</visible>
                                <include>Animation_FadeIn_Delay</include>
                                <include content="List_PlayList">
                                    <param name="id">9801</param>
                                    <param name="controltype">fixedlist</param>
                                    <param name="orientation">vertical</param>
                                    <param name="offset_y">40</param>
                                    <content target="music">musicdb://albums/?xsp={"rules":{"and":[{"field":"artist","operator":"contains","value":["$INFO[ListItem.Artist]"]}]},"type":"albums"}</content>
                                    <onback>5000</onback>
                                    <onleft>5000</onleft>
                                    <onright>9802</onright>
                                    <left>-60</left>
                                    <top>200</top>
                                    <bottom>-20</bottom>
                                    <width>980</width>
                                    <preloaditems>0</preloaditems>
                                    <focusposition>1</focusposition>
                                    <movement>2</movement>
                                </include>
                                <include content="List_PlayList">
                                    <param name="id">9802</param>
                                    <param name="controltype">fixedlist</param>
                                    <param name="orientation">vertical</param>
                                    <param name="offset_y">40</param>
                                    <content target="music">musicdb://songs/?xsp={"rules":{"and":[{"field":"album","operator":"is","value":["$INFO[Container(9801).ListItem.Album]"]}]},"type":"songs"}</content>
                                    <onback>9801</onback>
                                    <onleft>9801</onleft>
                                    <left>860</left>
                                    <top>200</top>
                                    <bottom>-20</bottom>
                                    <width>980</width>
                                    <preloaditems>0</preloaditems>
                                    <focusposition>1</focusposition>
                                    <movement>2</movement>
                                </include>
                            </control>
                        </control>
                    </control>

                    <!-- Trailer and Plot -->
                    <include>DialogInfo_VideoTrailer</include>
                    <include content="DialogInfo_PlotBox">
                        <param name="label">$VAR[Label_Plot]</param>
                    </include>
                    <include>DialogInfo_ArtworkGallery</include>

                </include>
            </include>
        </include>


        <include content="DialogInfo_Furniture">
            <param name="downarrow_visible">false</param>
        </include>

        <include content="Object_Options_Menu">
            <param name="grouplist_items" value="Items_DialogMusicInfo_Options" />
            <param name="visible" value="!$EXP[Exp_OverlayDialogs]" />
            <param name="onback" value="5000" />
            <param name="use_mouse_focus">true</param>
        </include>

        <include>DialogInfo_VideoTrailerFullscreen</include>

        <!-- <include content="Object_Hidden_Button">
            <param name="id">7002</param>
            <onfocus>SetFocus(5000)</onfocus>
        </include> -->

        <include>DialogInfo_FilePathInfo</include>

        <control type="group">
            <visible>!Integer.IsEqual(Container(6204).NumItems,0)</visible>
            <visible>ControlGroup(6000).HasFocus()</visible>
            <left>view_pad</left>
            <right>view_pad</right>
            <bottom>view_pad</bottom>
            <animation effect="fade" start="0" end="100" delay="0" time="400" reversible="false">Visible</animation>
            <animation effect="fade" start="100" end="0" delay="400" time="400" reversible="false">Hidden</animation>
            <height>40</height>
            <include content="Info_Codec_LabelIcon">
                <param name="icon" value="special://skin/extras/icons/songs.png" />
            </include>
            <include content="Info_Codec_LabelLabel">
                <left>60</left>
                <label>$INFO[Container(6202).ListItem.Label,[B],[/B]]$INFO[Container(6202).ListItem.Label2, (,) ]$INFO[Container(6204).NumNonFolderItems, • , $LOCALIZE[134]]</label>
            </include>
        </control>

    </controls>
</window>