<?xml version="1.0" encoding="UTF-8"?>
<window>
    <defaultcontrol always="true">30011</defaultcontrol>
    <views>50</views>
    <menucontrol>9000</menucontrol>
    <include>Action_Blur_Onload</include>

    <onload condition="String.IsEmpty(Window(Home).Property(SettingsChanger.Switch))">SetFocus(6000,0,absolute)</onload>
    <onload condition="String.IsEmpty(Window(Home).Property(SettingsChanger.Switch)) + String.IsEqual(Container.FolderPath,addons://recently_updated/)">SetFocus(6000,1,absolute)</onload>
    <onload condition="String.IsEmpty(Window(Home).Property(SettingsChanger.Switch)) + String.IsEqual(Container.FolderPath,addons://dependencies/) + Integer.IsEqual(Container(6301).NumItems,0)">SetFocus(6000,2,absolute)</onload>
    <onload condition="String.IsEmpty(Window(Home).Property(SettingsChanger.Switch)) + String.IsEqual(Container.FolderPath,addons://dependencies/) + !Integer.IsEqual(Container(6301).NumItems,0)">SetFocus(6000,3,absolute)</onload>
    <onload condition="String.IsEmpty(Window(Home).Property(SettingsChanger.Switch)) + String.IsEqual(Container.FolderPath,addons://running/) + Integer.IsEqual(Container(6301).NumItems,0)">SetFocus(6000,3,absolute)</onload>
    <onload condition="String.IsEmpty(Window(Home).Property(SettingsChanger.Switch)) + String.IsEqual(Container.FolderPath,addons://running/) + !Integer.IsEqual(Container(6301).NumItems,0)">SetFocus(6000,4,absolute)</onload>
    <onload condition="String.IsEmpty(Window(Home).Property(SettingsChanger.Switch)) + [String.IsEqual(Container.FolderPath,addons://recently_updated/) | String.IsEqual(Container.FolderPath,addons://dependencies/) | String.IsEqual(Container.FolderPath,addons://running/)]">SetFocus(50,0,absolute)</onload>
    <onload condition="Integer.IsEqual(Window(Home).Property(SettingsChanger.Switch),50)">SetFocus(6000,0,absolute)</onload>
    <onload condition="!String.IsEmpty(Window(Home).Property(SettingsChanger.Switch))">SetFocus($INFO[Window(Home).Property(SettingsChanger.Switch)])</onload>
    <onload>ClearProperty(SettingsChanger.Switch,Home)</onload>

    <onload>RunScript(plugin.video.themoviedb.helper,blur_image=$VAR[Image_SimpleBackground])</onload>

    <controls>
        <include content="Background_Main">
            <param name="plain_background">true</param>
        </include>
        <include content="Background_Transition">
            <param name="windowopen_condition">!$EXP[Exp_SettingsDialogs_Prev]</param>
            <param name="windowclose_condition">!$EXP[Exp_SettingsDialogs_Next]</param>
        </include>

        <include content="Settings_Dialog">

            <include content="DialogInfo_ButtonGroup_Basic">
                <param name="id">9000</param>
                <param name="dim_visible">false</param>
                <onright>6000</onright>
                

                <!-- <include content="Dialog_Side_Button">
                    <param name="id">01</param>
                    <param name="label">$LOCALIZE[15067]</param>
                    <param name="icon">special://skin/extras/icons/circle-xmark.png</param>
                    <onclick>PreviousMenu</onclick>
                </include> -->
                <include content="Dialog_Side_Button">
                    <param name="id">01</param>
                    <param name="label">$LOCALIZE[33061]</param>
                    <param name="icon">special://skin/extras/icons/list-check.png</param>
                    <onclick>SetFocus(30040)</onclick>
                </include>

                <include content="Dialog_Side_Button">
                    <param name="id">02</param>
                    <param name="label">$LOCALIZE[31375]</param>
                    <param name="icon">special://skin/extras/icons/file-zipper.png</param>
                    <onclick>InstallFromZip</onclick>
                </include>

                <include content="Dialog_Side_Button">
                    <param name="id">03</param>
                    <param name="label">$LOCALIZE[14303]</param>
                    <param name="icon">special://skin/extras/icons/update.png</param>
                    <onclick>SendClick(9)</onclick>
                </include>

                <include content="Dialog_Side_Button">
                    <param name="id">04</param>
                    <param name="label">$LOCALIZE[31378]</param>
                    <param name="icon">$VAR[Image_AddonBrowser_HideForeign]</param>
                    <onclick>SendClick(7)</onclick>
                </include>

                <include content="Dialog_Side_Button">
                    <param name="id">05</param>
                    <param name="label">$LOCALIZE[24171]</param>
                    <param name="icon">$VAR[Image_AddonBrowser_HideIncompatible]</param>
                    <onclick>SendClick(8)</onclick>
                </include>
            </include>

            <include content="Settings_Main_Group">
                <include content="Settings_Left_Group">

                    <include content="List_AddonCategories">
                        <param name="id" value="6000" />
                        <param name="altfocus" value="Control.HasFocus(50)" />
                        <param name="width" value="settings_category_w" />
                        <param name="control">fixedlist</param>
                        <focusposition>4</focusposition>
                        <movement>4</movement>
                        <onback>Action(PreviousMenu)</onback>
                        <onleft>9000</onleft>
                        <onup>30032</onup>
                        <ondown>-</ondown>
                        <onright condition="String.IsEmpty(Container(6000).ListItem.Property(folderpath))">Container.Update($INFO[Container(6000).ListItem.FolderPath],replace)</onright>
                        <onright condition="!String.IsEmpty(Container(6000).ListItem.Property(folderpath))">Container.Update($INFO[Container(6000).ListItem.Property(folderpath)],replace)</onright>
                        <onright>50</onright>
                        <left>-x04</left>
                        <right>-x04</right>
                        <top>-x02</top>
                        <bottom>x10</bottom>
                        <content>
                            <item>
                                <label>$LOCALIZE[24998]</label>
                                <property name="folderpath">addons://user/</property>
                                <icon>DefaultAddonsInstalled.png</icon>
                            </item>
                            <item>
                                <label>$LOCALIZE[24004]</label>
                                <property name="folderpath">addons://recently_updated/</property>
                                <icon>DefaultAddonsRecentlyUpdated.png</icon>
                            </item>
                            <item>
                                <label>$LOCALIZE[24043]$INFO[System.AddonUpdateCount, (,)]</label>
                                <property name="folderpath">addons://outdated/</property>
                                <icon>DefaultAddonsUpdates.png</icon>
                                <visible>!Integer.IsEqual(Container(6301).NumItems,0)</visible>
                            </item>
                            <item>
                                <label>$LOCALIZE[24996]</label>
                                <property name="folderpath">addons://dependencies/</property>
                                <icon>DefaultAddonService.png</icon>
                            </item>
                            <item>
                                <label>$LOCALIZE[23054] [LOWERCASE]$LOCALIZE[24001][/LOWERCASE]</label>
                                <property name="folderpath">addons://running/</property>
                                <icon>DefaultScript.png</icon>
                            </item>
                            <item>
                                <label>$LOCALIZE[137]</label>
                                <property name="folderpath">addons://user/</property>
                                <icon>DefaultAddonsSearch.png</icon>
                                <onclick>SetFocus(50)</onclick>
                                <onclick>Container.Update(addons://search/,replace)</onclick>
                            </item>
                        </content>
                        <content sortby="label">addons://repos/</content>
                    </include>
                </include>
                <include content="Settings_Right_Group">

                    <!-- <include content="List_AddonBrowser">
                        <param name="id" value="50" />
                        <onback condition="String.IsEqual(Container.FolderPath,Container(6000).ListItem.FolderPath) | String.IsEqual(Container.FolderPath,addons://user/) | String.IsEqual(Container.FolderPath,addons://)">6000</onback>
                        <onleft>6000</onleft>
                        
                        <pagecontrol>60</pagecontrol>
                        <left>-x02</left>
                        <top>-x04</top>
                        <bottom>x08</bottom>
                    </include> -->

                    <include content="List_DialogSelect">
                        <param name="detailed">True</param>
                        <param name="item_height">x12</param>
                        <param name="control">panel</param>
                        <param name="id">50</param>
                        <param name="item_w">520</param>
                        <param name="itemlayout_w">560</param>
                        <param name="variation">true</param>
                        <param name="icon">$VAR[Image_AddonStatus]</param>
                        <!-- <param name="misc">String.IsEqual(ListItem.Label2,Enabled)</param> -->
                        <onback condition="String.IsEqual(Container.FolderPath,Container(6000).ListItem.FolderPath) | String.IsEqual(Container.FolderPath,addons://user/) | String.IsEqual(Container.FolderPath,addons://)">6000</onback>
                        <onleft>6000</onleft>
                        
                        <pagecontrol>60</pagecontrol>
                        <top>-x02</top>
                        <right>x02</right>
                        <bottom>x10</bottom>
                    </include>

                    <include content="Settings_InfoText">
                        <param name="id" value="9091" />
                        <param name="label">$INFO[Container(50).ListItem.AddonName]$INFO[Container(50).ListItem.AddonVersion, • v,]$INFO[Container(50).ListItem.AddonOrigin, • ,]$INFO[Container(50).ListItem.AddonCreator, • ,]$INFO[Container(50).ListItem.AddonDescription,[CR],]</param>
                        <param name="icon">$VAR[Image_AddonsOrigin]</param>
                    </include>
                </include>
                <include>Settings_KodiVersion</include>
            </include>

            <include content="Settings_Changer">
                <onup>6000</onup>
            </include>

        </include>

        <include content="Object_Hidden_Button">
            <param name="id">7</param>
            <param name="control">radiobutton</param>
            <label>_</label>
        </include>
        <include content="Object_Hidden_Button">
            <param name="id">8</param>
            <param name="control">radiobutton</param>
            <label>_</label>
        </include>


        <control type="list" id="6301">
            <width>1</width>
            <height>1</height>
            <left>-1000</left>
            <itemlayout width="1" height="1" />
            <focusedlayout width="1" height="1" />
            <content>addons://outdated/</content>
        </control>

    </controls>

</window>
