<?xml version="1.0" encoding="UTF-8"?>
<window type="dialog">
    <defaultcontrol always="true">4000</defaultcontrol>
    <menucontrol>4000</menucontrol>
    <include>DialogInfo_Onload</include>

    <onload>RunPlugin("plugin://script.skinvariables/?info=get_encoded_string&amp;window_prop=Encoded.ListItem.Artist&amp;&amp;$INFO[ListItem.Artist]")</onload>
    <onload>RunPlugin("plugin://script.skinvariables/?info=get_encoded_string&amp;window_prop=Encoded.ListItem.AlbumArtist&amp;&amp;$INFO[ListItem.AlbumArtist]")</onload>
    <onload>RunPlugin("plugin://script.skinvariables/?info=get_encoded_string&amp;window_prop=Encoded.ListItem.Album&amp;&amp;$INFO[ListItem.Album]")</onload>
    <onload>RunPlugin("plugin://script.skinvariables/?info=get_encoded_string&amp;window_prop=Encoded.ListItem.Title&amp;&amp;$INFO[ListItem.Title]")</onload>
    <onload>RunPlugin("plugin://script.skinvariables/?info=get_encoded_string&amp;window_prop=Encoded.ListItem.Label&amp;&amp;$INFO[ListItem.Label]")</onload>
    <controls>

        <include>Defs_TMDbHelper_Loader</include>

        <include content="DialogInfo_Main_Group">
            <include content="DialogInfo_Body_Group">
                <include content="DialogInfo_InfoPanel_Group">
                    <include content="DialogInfo_InfoDetails_Group">
                        <include>DialogInfo_MusicInfo</include>
                    </include>
                </include>
                <include>DialogInfo_ArtworkGallery</include>
            </include>

            <include content="DialogInfo_ButtonGroup">
                <param name="include">Items_DialogMusicInfo_MenuBar</param>
            </include>

            <include>DialogInfo_Furniture</include>
        </include>

    </controls>
</window>