<contents>
    <value name="comments">Static Mainmenu</value>
    <template>generator/data/parts/basic_include.xmltemplate</template>
    <value name="includes_name">skinvariables-{item}-staticitems</value>
    <value name="includes_part">
        <items menu="{item}">
            <item>
                <template>generator/data/parts/menu_item.xmltemplate</template>
                <datafile>generator/data/setup/onclick_path.xml</datafile>
                <condition>{item_disabled}!=True</condition>
                <value name="parts_additional">
                    <template>generator/data/parts/additional_mainmenu.xmltemplate</template>
                </value>
            </item>
        </items>
    </value>
</contents>