<?xml version="1.0" encoding="UTF-8"?>
<addon id="script.skinvariables"
version="0.1.1"
name="Skin Variables"
provider-name="jurialmunkey">
<requires>
  <import addon="xbmc.python" version="2.26.0"/>
</requires>
<extension point="xbmc.python.script" library="script.py" />
<extension point="xbmc.addon.metadata">
  <summary lang="en_GB">Skin Variables helps skinners to construct variables for multiple containers and listitems from a template</summary>
  <description lang="en_GB">Skin Variables helps skinners to construct variables for multiple containers and listitems from a template</description>
  <disclaimer lang="en_GB">For skinners</disclaimer>
  <license>GPL-3.0</license>
  <assets>
    <icon>icon.png</icon>
    <fanart>fanart.jpg</fanart>
  </assets>
  <news>More updates to viewmode customisation</news>
</extension>
</addon>
