<?xml version="1.0" encoding="UTF-8"?>
<window>
    <defaultcontrol always="true">30001</defaultcontrol>
    <onload>RunScript(plugin.video.themoviedb.helper,kodi_setting=myvideos.selectaction,property=KodiSetting.DefaultSelectAction)</onload>
    <include>Action_BuildSkinShortcuts_OnUnload</include>

    <onload condition="String.IsEmpty(Window(Home).Property(SettingsChanger.Switch))">SetFocus(3)</onload>
    <onload condition="!String.IsEmpty(Window(Home).Property(SettingsChanger.Switch))">SetFocus($INFO[Window(Home).Property(SettingsChanger.Switch)])</onload>
    <onload>ClearProperty(SettingsChanger.Switch,Home)</onload>

    <onload>RunScript(plugin.video.themoviedb.helper,blur_image=$VAR[Image_SimpleBackground])</onload>
    <controls>


        <include content="Background_Main">
            <param name="plain_background">true</param>
        </include>
        <include content="Background_Transition">
            <param name="windowopen_condition">!$EXP[Exp_SettingsDialogs_Prev]</param>
            <param name="windowclose_condition">!$EXP[Exp_SettingsDialogs_Next]</param>
        </include>



        <include content="Settings_Dialog">
            <include content="DialogInfo_ButtonGroup_Basic">
                <param name="id">9000</param>
                <param name="dim_visible">false</param>
                <onright>3</onright>
                
                <!-- <include content="Dialog_Side_Button">
                    <param name="id">01</param>
                    <param name="label">$LOCALIZE[15067]</param>
                    <param name="icon">special://skin/extras/icons/circle-xmark.png</param>
                    <onclick>PreviousMenu</onclick>
                </include> -->
                <include content="Dialog_Side_Button">
                    <param name="id">02</param>
                    <param name="label">$LOCALIZE[33061]</param>
                    <param name="icon">special://skin/extras/icons/list-check.png</param>
                    <onclick>SetFocus(30040)</onclick>
                </include>
            </include>
            <include content="Settings_Main_Group">
                <include content="Settings_Left_Group">
                    <include content="Settings_Left_Content">
                        <control type="list" id="3">
                            <onleft>9000</onleft>
                            <onup>30032</onup>
                            <onright>5</onright>
                            <ondown>-</ondown>
                            <pagecontrol>61</pagecontrol>
                            <right>x06</right>
                            <itemlayout height="x08">
                                <control type="label">
                                    <textoffsetx>x04</textoffsetx>
                                    <label>$INFO[ListItem.Label]</label>
                                </control>
                            </itemlayout>
                            <focusedlayout height="x08">
                                <control type="label">
                                    <visible>[ControlGroup(30000).HasFocus() | ControlGroup(30030).HasFocus() | ControlGroup(9000).HasFocus() | ControlGroup(30040).HasFocus() | ControlGroup(30700).HasFocus() | Window.IsVisible(script-skinshortcuts.xml)]</visible>
                                    <textoffsetx>x04</textoffsetx>
                                    <label>$INFO[ListItem.Label]</label>
                                </control>
                                <control type="group">
                                    <visible>![ControlGroup(30000).HasFocus() | ControlGroup(30030).HasFocus() | ControlGroup(9000).HasFocus() | ControlGroup(30040).HasFocus() | ControlGroup(30700).HasFocus() | Window.IsVisible(script-skinshortcuts.xml)]</visible>
                                    <control type="image">
                                        <include>Texture_Menu_Highlight_H</include>
                                    </control>
                                    <control type="label">
                                        <textcolor>$VAR[ColorSelected]</textcolor>
                                        <textoffsetx>x04</textoffsetx>
                                        <label>$INFO[ListItem.Label]</label>
                                    </control>
                                </control>
                            </focusedlayout>
                            <content>
                                <item id="1">
                                    <label>$LOCALIZE[31177]</label>
                                </item>
                                <item id="2">
                                    <label>$LOCALIZE[480]</label>
                                </item>
                                <item id="3">
                                    <label>$LOCALIZE[31044]</label>
                                </item>
                                <item id="4">
                                    <label>$LOCALIZE[31174]</label>
                                </item>
                                <item id="5">
                                    <label>$LOCALIZE[31180]</label>
                                </item>
                                <item id="6">
                                    <label>$LOCALIZE[31186]</label>
                                </item>
                                <item id="7">
                                    <label>$LOCALIZE[33029]</label>
                                </item>
                                <item id="8">
                                    <label>$LOCALIZE[39024]</label>
                                </item>
                                <item id="9">
                                    <label>$LOCALIZE[31350]</label>
                                </item>
                            </content>
                        </control>
                    </include>
                </include>
                <include content="Settings_Right_Group">
                    <include content="Settings_Right_Grouplist">
                        <param name="id">5</param>
                        <onleft>3</onleft>

                        <include content="Settings_Label" description="Search Menu Label">
                            <param name="id">1000</param>
                            <label>$LOCALIZE[31114]</label>
                            <visible>Container(3).HasFocus(1)</visible>
                        </include>
                        <include content="Settings_Button" description="SkinShortcuts searchmenu">
                            <param name="id">1001</param>
                            <label> - $LOCALIZE[31422]</label>
                            <label2>$VAR[Label_Setting_SearchStyle]</label2>
                            <onclick>Skin.ToggleSetting(Search.EnableDiscover)</onclick>
                            <visible>Container(3).HasFocus(1)</visible>
                        </include>
                        <include content="Settings_Button" description="SkinShortcuts searchmenu toggle">
                            <param name="id">1002</param>
                            <label> - $LOCALIZE[31151]</label>
                            <enable>!Skin.HasSetting(Search.EnableDiscover)</enable>
                            <onclick>RunScript(script.skinshortcuts,type=manage&amp;group=searchmenu)</onclick>
                            <visible>Container(3).HasFocus(1)</visible>
                        </include>

                        <include content="Settings_Label" description="Top Menu Label">
                            <param name="id">1010</param>
                            <label>$LOCALIZE[31116]</label>
                            <visible>Container(3).HasFocus(1)</visible>
                        </include>
                        <include content="Settings_Button" description="SkinShortcuts Home Submenu">
                            <param name="id">1011</param>
                            <label> - $LOCALIZE[31117]</label>
                            <label2>$VAR[Label_Setting_HomeStyle]</label2>
                            <onclick condition="String.IsEmpty(Skin.String(Home.LayoutStyle))">Skin.SetString(Home.LayoutStyle,Categories)</onclick>
                            <onclick condition="Skin.String(Home.LayoutStyle,Categories)">Skin.SetString(Home.LayoutStyle,Widgets)</onclick>
                            <onclick condition="Skin.String(Home.LayoutStyle,Widgets)">Skin.Reset(Home.LayoutStyle)</onclick>
                            <visible>Container(3).HasFocus(1)</visible>
                        </include>
                        <include content="Settings_Button" description="SkinShortcuts HomeMenu">
                            <param name="id">1012</param>
                            <label> - $LOCALIZE[31115]</label>
                            <visible>Container(3).HasFocus(1)</visible>
                            <onclick>RunScript(script.skinshortcuts,type=manage&amp;group=mainmenu)</onclick>
                        </include>

                        <include content="Settings_Label" description="Side Menu Label">
                            <param name="id">1020</param>
                            <label>$LOCALIZE[31416]</label>
                            <visible>Container(3).HasFocus(1)</visible>
                        </include>

                        <include content="Items_SkinSettings_SideButtonConfigure">
                            <param name="item">1</param>
                        </include>
                        <include content="Items_SkinSettings_SideButtonConfigure">
                            <param name="item">2</param>
                        </include>
                        <include content="Items_SkinSettings_SideButtonConfigure">
                            <param name="item">3</param>
                        </include>
                        <include content="Items_SkinSettings_SideButtonConfigure">
                            <param name="item">4</param>
                        </include>

                        <include content="Settings_Label" description="Options Menu Label">
                            <param name="id">1080</param>
                            <label>$LOCALIZE[31126]</label>
                            <visible>Container(3).HasFocus(1)</visible>
                        </include>
                        <include content="Settings_Button" description="SkinShortcuts PowerMenu">
                            <param name="id">1081</param>
                            <label> - $LOCALIZE[31086]</label>
                            <visible>Container(3).HasFocus(1)</visible>
                            <onclick>RunScript(script.skinshortcuts,type=manage&amp;group=powermenu)</onclick>
                        </include>

                        <include content="Settings_Label" description="Expert">
                            <param name="id">1098</param>
                            <label>$LOCALIZE[10039]</label>
                            <visible>Container(3).HasFocus(1)</visible>
                        </include>
                        <include content="Settings_Button" description="Nuke Skinshortcuts">
                            <param name="id">1099</param>
                            <label>$LOCALIZE[31230]</label>
                            <visible>Container(3).HasFocus(1)</visible>
                            <onclick>Skin.Reset(skinshortcuts-mainmenu-widgetPath)</onclick>
                            <onclick>Skin.Reset(skinshortcuts-moviemenu-widgetPath)</onclick>
                            <onclick>Skin.Reset(skinshortcuts-tvshowmenu-widgetPath)</onclick>
                            <onclick>Skin.Reset(skinshortcuts-musicmenu-widgetPath)</onclick>
                            <onclick>Skin.Reset(skinshortcuts-pvrmenu-widgetPath)</onclick>
                            <onclick>Skin.Reset(CustomShortcut.Movies)</onclick>
                            <onclick>Skin.Reset(CustomShortcut.TVShows)</onclick>
                            <onclick>Skin.Reset(CustomShortcut.Music)</onclick>
                            <onclick>Skin.Reset(CustomShortcut.PVR)</onclick>
                            <onclick>RunScript(script.skinshortcuts,type=resetall)</onclick>
                        </include>

                        <!-- Appearance -->
                        <include content="Settings_Label" description="LooknFeel Label">
                            <param name="id">2000</param>
                            <label>$LOCALIZE[24997]</label>
                            <visible>Container(3).HasFocus(2)</visible>
                        </include>
                        <include content="Settings_Button" description="Color Selector">
                            <param name="id">2001</param>
                            <label>$LOCALIZE[31227]</label>
                            <visible>Container(3).HasFocus(2)</visible>
                            <onclick>ActivateWindow(1115)</onclick>
                        </include>
                        <include content="Settings_Button" description="Customise Startup">
                            <param name="id">2002</param>
                            <label>$LOCALIZE[31255]</label>
                            <visible>Container(3).HasFocus(2)</visible>
                            <onclick>SetProperty(CustomDialogSettingsTitle,[CAPITALIZE]$LOCALIZE[31255][/CAPITALIZE],Home)</onclick>
                            <onclick>SetProperty(CustomDialogSettingsItems,Items_Settings_CustomStartup,Home)</onclick>
                            <onclick>ActivateWindow(1118)</onclick>
                            <label2>$INFO[Skin.String(Startup.ImageFolder)]</label2>
                        </include>
                        <include content="Settings_Button" description="Customise Background">
                            <param name="id">2003</param>
                            <label>$LOCALIZE[31361]</label>
                            <visible>Container(3).HasFocus(2)</visible>
                            <onclick condition="!String.IsEmpty(Skin.String(Background.Image))">Skin.Reset(Background.Image)</onclick>
                            <onclick condition="!String.IsEmpty(Skin.String(Background.Image))">RunScript(plugin.video.themoviedb.helper,blur_image=background/blur2.png)</onclick>
                            <onclick condition="String.IsEmpty(Skin.String(Background.Image))">Skin.SetImage(Background.Image)</onclick>
                            <onclick condition="String.IsEmpty(Skin.String(Background.Image))">RunScript(plugin.video.themoviedb.helper,blur_image=$VAR[Image_SimpleBackground])</onclick>
                            <label2>$INFO[Skin.String(Background.Image)]</label2>
                        </include>
                        <include content="Settings_Label" description="Background">
                            <param name="id">2010</param>
                            <label>$LOCALIZE[33068]</label>
                            <visible>Container(3).HasFocus(2)</visible>
                        </include>
                        <include content="Settings_Button" description="Background video">
                            <param name="id">2011</param>
                            <label>$LOCALIZE[31069]</label>
                            <visible>Container(3).HasFocus(2)</visible>
                            <label2>$VAR[Label_Setting_BackgroundVideo]</label2>
                            <onclick condition="Skin.HasSetting(Background.VideoDisabled)">Skin.Reset(Background.VideoDisabled)</onclick>
                            <onclick condition="Skin.HasSetting(Background.VideoDisabled)">Skin.Reset(Background.VideoAdaptive)</onclick>
                            <onclick condition="!Skin.HasSetting(Background.VideoDisabled) + !Skin.HasSetting(Background.VideoAdaptive)">Skin.SetBool(Background.VideoAdaptive)</onclick>
                            <onclick condition="!Skin.HasSetting(Background.VideoDisabled) + Skin.HasSetting(Background.VideoAdaptive)">Skin.SetBool(Background.VideoDisabled)</onclick>
                        </include>

                        <!-- Viewtypes -->
                        <include content="Settings_Label" description="Viewtypes">
                            <param name="id">3010</param>
                            <label>$LOCALIZE[31044]</label>
                            <visible>Container(3).HasFocus(3)</visible>
                        </include>
                        <include content="Settings_Button" description="Movies">
                            <param name="id">3011</param>
                            <param name="control">button</param>
                            <label>$LOCALIZE[342]</label>
                            <label2>$VAR[Label_Setting_Viewtypes_Movies]</label2>
                            <visible>Container(3).HasFocus(3)</visible>
                            <onclick condition="!Skin.String(Viewtype.Movies,Landscape)">Skin.SetString(Viewtype.Movies,Landscape)</onclick>
                            <onclick condition="Skin.String(Viewtype.Movies,Landscape)">Skin.SetString(Viewtype.Movies,Poster)</onclick>
                        </include>
                        <include content="Settings_Button" description="TVShows">
                            <param name="id">3012</param>
                            <param name="control">button</param>
                            <label>$LOCALIZE[20343]</label>
                            <label2>$VAR[Label_Setting_Viewtypes_TVShows]</label2>
                            <visible>Container(3).HasFocus(3)</visible>
                            <onclick condition="!Skin.String(Viewtype.TVShows,Landscape)">Skin.SetString(Viewtype.TVShows,Landscape)</onclick>
                            <onclick condition="Skin.String(Viewtype.TVShows,Landscape)">Skin.SetString(Viewtype.TVShows,Poster)</onclick>
                        </include>
                        <include content="Settings_Button" description="Seasons">
                            <param name="id">3013</param>
                            <param name="control">button</param>
                            <label>$LOCALIZE[33054]</label>
                            <label2>$VAR[Label_Setting_Viewtypes_Seasons]</label2>
                            <visible>Container(3).HasFocus(3)</visible>
                            <onclick condition="!Skin.String(Viewtype.Seasons,Poster)">Skin.SetString(Viewtype.Seasons,Poster)</onclick>
                            <onclick condition="Skin.String(Viewtype.Seasons,Poster)">Skin.SetString(Viewtype.Seasons,Combined)</onclick>
                        </include>
                        <include content="Settings_Button" description="Sets">
                            <param name="id">3014</param>
                            <param name="control">button</param>
                            <label>$LOCALIZE[20434]</label>
                            <label2>$VAR[Label_Setting_Viewtypes_Sets]</label2>
                            <visible>Container(3).HasFocus(3)</visible>
                            <onclick condition="!Skin.String(Viewtype.Sets,Poster)">Skin.SetString(Viewtype.Sets,Poster)</onclick>
                            <onclick condition="Skin.String(Viewtype.Sets,Poster)">Skin.SetString(Viewtype.Sets,Landscape)</onclick>
                            <onclick condition="Skin.String(Viewtype.Sets,Landscape)">Skin.SetString(Viewtype.Sets,Combined)</onclick>
                        </include>
                        <include content="Settings_Label" description="Combined viewtype style">
                            <param name="id">3020</param>
                            <label>$LOCALIZE[736]</label>
                            <visible>Container(3).HasFocus(3)</visible>
                        </include>
                        <include content="Settings_Button" description="Classic combined">
                            <param name="id">3021</param>
                            <param name="control">radiobutton</param>
                            <label>$LOCALIZE[31088]</label>
                            <visible>Container(3).HasFocus(3)</visible>
                            <onclick>Skin.ToggleSetting(Views.UseClassicCombined)</onclick>
                            <selected>Skin.HasSetting(Views.UseClassicCombined)</selected>
                        </include>

                        <!-- Navigation -->
                        <include content="Settings_Label" description="Navigation">
                            <param name="id">4020</param>
                            <label>$LOCALIZE[31038]</label>
                            <visible>Container(3).HasFocus(4)</visible>
                        </include>
                        <include content="Settings_Button" description="Media Filter Wall">
                            <param name="id">4021</param>
                            <param name="control">radiobutton</param>
                            <label>$LOCALIZE[31037]</label>
                            <visible>Container(3).HasFocus(4)</visible>
                            <onclick>Skin.ToggleSetting(DisableDefaultExploreMenu)</onclick>
                            <selected>!Skin.HasSetting(DisableDefaultExploreMenu)</selected>
                        </include>
                        <include content="Settings_Button" description="Media Filter Wall">
                            <param name="id">4022</param>
                            <param name="control">radiobutton</param>
                            <label>$LOCALIZE[31036]</label>
                            <visible>Container(3).HasFocus(4)</visible>
                            <onclick>Skin.ToggleSetting(DisableMediaFilterWall)</onclick>
                            <selected>!Skin.HasSetting(DisableDefaultExploreMenu) + !Skin.HasSetting(DisableMediaFilterWall) + [!Skin.String(Viewtype.Movies,Landscape) | !Skin.String(Viewtype.TVShows,Landscape)]</selected>
                            <enable>!Skin.HasSetting(DisableDefaultExploreMenu)</enable>
                            <visible>[!Skin.String(Viewtype.Movies,Landscape) | !Skin.String(Viewtype.TVShows,Landscape)]</visible>
                        </include>
                        <include content="Settings_Button" description="Media Filter Items">
                            <param name="id">4023</param>
                            <param name="control">button</param>
                            <label>$LOCALIZE[31039]</label>
                            <visible>Container(3).HasFocus(4)</visible>
                            <onclick>RunScript(script.skinshortcuts,type=manage&amp;group=exploremenu)</onclick>
                        </include>
                        <include content="Settings_Label" description="Widgets">
                            <param name="id">4030</param>
                            <label>$LOCALIZE[31103]</label>
                            <visible>Container(3).HasFocus(4)</visible>
                        </include>
                        <include content="Settings_Button" description="Widgets Slide Up">
                            <param name="id">4031</param>
                            <param name="control">radiobutton</param>
                            <label>$LOCALIZE[31087]</label>
                            <visible>Container(3).HasFocus(4)</visible>
                            <onclick>Skin.ToggleSetting(Slide.WidgetContainer)</onclick>
                            <selected>Skin.HasSetting(Slide.WidgetContainer)</selected>
                        </include>
                        <include content="Settings_Button" description="Widgets Loopback">
                            <param name="id">4032</param>
                            <param name="control">button</param>
                            <label>$LOCALIZE[31072]</label>
                            <visible>Container(3).HasFocus(4)</visible>
                            <onclick condition="!Skin.String(Hubs.WidgetsLoopback,Menu) + !Skin.String(Hubs.WidgetsLoopback,Loop)">Skin.SetString(Hubs.WidgetsLoopback,Loop)</onclick>
                            <onclick condition="Skin.String(Hubs.WidgetsLoopback,Loop)">Skin.SetString(Hubs.WidgetsLoopback,Menu)</onclick>
                            <onclick condition="Skin.String(Hubs.WidgetsLoopback,Menu)">Skin.SetString(Hubs.WidgetsLoopback,Bump)</onclick>
                            <label2>$INFO[Skin.String(Hubs.WidgetsLoopback)]</label2>
                        </include>
                        <include content="Settings_Label" description="Kiosk Mode">
                            <param name="id">4090</param>
                            <label>$LOCALIZE[31301]</label>
                            <visible>Container(3).HasFocus(4)</visible>
                        </include>
                        <include content="Settings_Button" description="Kiosk Mode - Hide Manage Button">
                            <param name="id">4091</param>
                            <param name="control">radiobutton</param>
                            <label>$LOCALIZE[31302]</label>
                            <visible>Container(3).HasFocus(4)</visible>
                            <onclick>Skin.ToggleSetting(KioskMode.Management)</onclick>
                            <selected>!Skin.HasSetting(KioskMode.Management)</selected>
                        </include>

                        <!-- Furniture -->
                        <include content="Settings_Label" description="Footer">
                            <param name="id">5000</param>
                            <label>$LOCALIZE[31239]</label>
                            <visible>Container(3).HasFocus(5)</visible>
                        </include>
                        <include content="Settings_Button" description="Studio or Clock">
                            <param name="id">5001</param>
                            <param name="control">button</param>
                            <label>$LOCALIZE[31127]</label>
                            <label2>$VAR[Label_Setting_LeftFooter]</label2>
                            <visible>Container(3).HasFocus(5)</visible>
                            <onclick>Skin.ToggleSetting(Furniture.EnableClock.BottomLeft)</onclick>
                        </include>
                        <include content="Settings_Button" description="Studio or Clock">
                            <param name="id">5002</param>
                            <param name="control">button</param>
                            <label>$LOCALIZE[31107]</label>
                            <label2>$VAR[Label_Setting_RightFooter]</label2>
                            <visible>Container(3).HasFocus(5)</visible>
                            <onclick>Skin.ToggleSetting(Furniture.EnableClock)</onclick>
                        </include>
                        <include content="Settings_Button" description="MPAA Classification Country">
                            <param name="id">5003</param>
                            <param name="control">radiobutton</param>
                            <label>-  $LOCALIZE[31285]</label>
                            <label2>$INFO[Skin.String(MPAA_Country),       ,       ]</label2>
                            <visible>Container(3).HasFocus(5)</visible>
                            <onclick>SetProperty(CustomDialogSettingsItems,Items_Settings_MPAACountries,Home)</onclick>
                            <onclick>SetProperty(CustomDialogSettingsTitle,$LOCALIZE[31285],Home)</onclick>
                            <onclick>ActivateWindow(1118)</onclick>
                            <selected>!String.IsEmpty(Skin.String(MPAA_Country))</selected>
                            <enable>!Skin.HasSetting(Furniture.EnableClock)</enable>
                        </include>
                        <include content="Settings_Button" description="Now Playing">
                            <param name="id">5004</param>
                            <param name="control">radiobutton</param>
                            <label> - $LOCALIZE[31244]</label>
                            <visible>Container(3).HasFocus(5)</visible>
                            <onclick>Skin.ToggleSetting(Furniture.DisableNowPlaying)</onclick>
                            <selected>!Skin.HasSetting(Furniture.DisableNowPlaying)</selected>
                        </include>
                        <include content="Settings_Label" description="Viewline">
                            <param name="id">5010</param>
                            <label>$LOCALIZE[31109]</label>
                            <visible>Container(3).HasFocus(5)</visible>
                        </include>
                        <include content="Settings_Button" description="Viewline SortLabel">
                            <param name="id">5011</param>
                            <param name="control">radiobutton</param>
                            <label>$LOCALIZE[581]</label>
                            <visible>Container(3).HasFocus(5)</visible>
                            <onclick>Skin.ToggleSetting(Furniture.DisableSortLabel)</onclick>
                            <selected>!Skin.HasSetting(Furniture.DisableSortLabel)</selected>
                        </include>

                        <!-- Behaviour / Playback -->
                        <include content="Settings_Label" description="Behaviour">
                            <param name="id">6000</param>
                            <label>$LOCALIZE[31186]</label>
                            <visible>Container(3).HasFocus(6)</visible>
                        </include>
                        <include content="Settings_Button" description="Autoscroll">
                            <param name="id">6001</param>
                            <param name="control">button</param>
                            <label>$LOCALIZE[31187]</label>
                            <visible>Container(3).HasFocus(6)</visible>
                            <label2>$INFO[Skin.String(AutoScrollTime)]</label2>
                            <onclick>SetProperty(CustomDialogSettingsItems,Items_Settings_Autoscroll,Home)</onclick>
                            <onclick>SetProperty(CustomDialogSettingsTitle,$LOCALIZE[31185],Home)</onclick>
                            <onclick>ActivateWindow(1118)</onclick>
                        </include>
                        <include content="Settings_Button" description="Label scrolling">
                            <param name="id">6002</param>
                            <param name="control">radiobutton</param>
                            <label>$LOCALIZE[31245]</label>
                            <visible>Container(3).HasFocus(6)</visible>
                            <onclick>Skin.ToggleSetting(Labels.Autoscroll)</onclick>
                            <selected>Skin.HasSetting(Labels.Autoscroll)</selected>
                        </include>
                        <include content="Settings_Button" description="Textbox scrolling">
                            <param name="id">6003</param>
                            <param name="control">radiobutton</param>
                            <label>$LOCALIZE[31246]</label>
                            <visible>Container(3).HasFocus(6)</visible>
                            <onclick>Skin.ToggleSetting(Textboxes.DisableAutoscroll)</onclick>
                            <selected>!Skin.HasSetting(Textboxes.DisableAutoscroll)</selected>
                        </include>
                        <!-- Playback -->
                        <include content="Settings_Label" description="Playback">
                            <param name="id">6005</param>
                            <label>$LOCALIZE[14086]</label>
                            <visible>Container(3).HasFocus(6)</visible>
                        </include>
                        <include content="Settings_Button" description="Autoclose OSD timeout">
                            <param name="id">6007</param>
                            <param name="control">button</param>
                            <label>$LOCALIZE[31189]</label>
                            <visible>Container(3).HasFocus(6)</visible>
                            <label2>$INFO[Skin.String(OSD_Timeout),,s]</label2>
                            <onclick>Skin.SetNumeric(OSD_Timeout)</onclick>
                        </include>
                        <include content="Settings_Button" description="Autohide seekbar after pausing">
                            <param name="id">6008</param>
                            <param name="control">radiobutton</param>
                            <label>$LOCALIZE[31282]</label>
                            <visible>Container(3).HasFocus(6)</visible>
                            <onclick>Skin.ToggleSetting(OSD.AutoHideOnPause)</onclick>
                            <selected>Skin.HasSetting(OSD.AutoHideOnPause)</selected>
                        </include>
                        <include content="Settings_Button" description="Pause video when opening info from OSD">
                            <param name="id">6010</param>
                            <param name="control">radiobutton</param>
                            <label>$LOCALIZE[31266]</label>
                            <visible>Container(3).HasFocus(6)</visible>
                            <onclick>Skin.ToggleSetting(OSD.DisablePauseOnInfo)</onclick>
                            <selected>!Skin.HasSetting(OSD.DisablePauseOnInfo)</selected>
                        </include>

                        <!-- Details -->
                        <include content="Settings_Label" description="Details">
                            <param name="id">7000</param>
                            <label>$LOCALIZE[31235]</label>
                            <visible>Container(3).HasFocus(7)</visible>
                        </include>

                        <include content="Settings_Button" description="CustomDialog Indicators">
                            <param name="id">7001</param>
                            <label>$LOCALIZE[31234]</label>
                            <visible>Container(3).HasFocus(7)</visible>
                            <onclick>SetProperty(CustomDialogSettingsItems,Items_Settings_Indicators,Home)</onclick>
                            <onclick>SetProperty(CustomDialogSettingsTitle,$LOCALIZE[31235],Home)</onclick>
                            <onclick>ActivateWindow(1118)</onclick>
                        </include>

                        <include content="Settings_Label" description="Details">
                            <param name="id">7010</param>
                            <label>$LOCALIZE[342] $LOCALIZE[31202]</label>
                            <visible>Container(3).HasFocus(7)</visible>
                        </include>

                        <include content="Settings_Button" description="CustomDialog Ratings">
                            <param name="id">7011</param>
                            <label> - $LOCALIZE[563] 01</label>
                            <label2>$INFO[Skin.String(CustomRating.Movies.Item01)]</label2>
                            <visible>Container(3).HasFocus(7)</visible>
                            <onclick>SetProperty(ConfigureRatingItem,Item01,Home)</onclick>
                            <onclick>SetProperty(ConfigureRatingContent,Movies,Home)</onclick>
                            <onclick>ActivateWindow(1119)</onclick>
                        </include>

                        <include content="Settings_Button" description="CustomDialog Ratings">
                            <param name="id">7012</param>
                            <label> - $LOCALIZE[563] 02</label>
                            <label2>$INFO[Skin.String(CustomRating.Movies.Item02)]</label2>
                            <visible>Container(3).HasFocus(7)</visible>
                            <onclick>SetProperty(ConfigureRatingItem,Item02,Home)</onclick>
                            <onclick>SetProperty(ConfigureRatingContent,Movies,Home)</onclick>
                            <onclick>ActivateWindow(1119)</onclick>
                        </include>

                        <include content="Settings_Button" description="CustomDialog Ratings">
                            <param name="id">7013</param>
                            <label> - $LOCALIZE[563] 03</label>
                            <label2>$INFO[Skin.String(CustomRating.Movies.Item03)]</label2>
                            <visible>Container(3).HasFocus(7)</visible>
                            <onclick>SetProperty(ConfigureRatingItem,Item03,Home)</onclick>
                            <onclick>SetProperty(ConfigureRatingContent,Movies,Home)</onclick>
                            <onclick>ActivateWindow(1119)</onclick>
                        </include>

                        <include content="Settings_Label" description="Details">
                            <param name="id">7020</param>
                            <label>$LOCALIZE[20343] $LOCALIZE[31202]</label>
                            <visible>Container(3).HasFocus(7)</visible>
                        </include>

                        <include content="Settings_Button" description="CustomDialog Ratings">
                            <param name="id">7021</param>
                            <label> - $LOCALIZE[563] 01</label>
                            <label2>$INFO[Skin.String(CustomRating.TVShows.Item01)]</label2>
                            <visible>Container(3).HasFocus(7)</visible>
                            <onclick>SetProperty(ConfigureRatingItem,Item01,Home)</onclick>
                            <onclick>SetProperty(ConfigureRatingContent,TVShows,Home)</onclick>
                            <onclick>ActivateWindow(1119)</onclick>
                        </include>

                        <include content="Settings_Button" description="CustomDialog Ratings">
                            <param name="id">7022</param>
                            <label> - $LOCALIZE[563] 02</label>
                            <label2>$INFO[Skin.String(CustomRating.TVShows.Item02)]</label2>
                            <visible>Container(3).HasFocus(7)</visible>
                            <onclick>SetProperty(ConfigureRatingItem,Item02,Home)</onclick>
                            <onclick>SetProperty(ConfigureRatingContent,TVShows,Home)</onclick>
                            <onclick>ActivateWindow(1119)</onclick>
                        </include>

                        <include content="Settings_Button" description="CustomDialog Ratings">
                            <param name="id">7023</param>
                            <label> - $LOCALIZE[563] 03</label>
                            <label2>$INFO[Skin.String(CustomRating.TVShows.Item03)]</label2>
                            <visible>Container(3).HasFocus(7)</visible>
                            <onclick>SetProperty(ConfigureRatingItem,Item03,Home)</onclick>
                            <onclick>SetProperty(ConfigureRatingContent,TVShows,Home)</onclick>
                            <onclick>ActivateWindow(1119)</onclick>
                        </include>

                        <include content="Settings_Label" description="Details">
                            <param name="id">7080</param>
                            <label>$LOCALIZE[29921]</label>
                            <visible>Container(3).HasFocus(7)</visible>
                        </include>

                        <include content="Settings_Button" description="TMDbHelper for PVR">
                            <param name="id">7081</param>
                            <param name="control">radiobutton</param>
                            <label>$LOCALIZE[31232]</label>
                            <visible>Container(3).HasFocus(7)</visible>
                            <onclick>Skin.ToggleSetting(TMDbHelper.DisablePVR)</onclick>
                            <selected>!Skin.HasSetting(TMDbHelper.DisablePVR)</selected>
                        </include>

                        <!-- Dependencies -->
                        <include content="Settings_Label" description="Dependencies">
                            <param name="id">8000</param>
                            <label>$LOCALIZE[39024]</label>
                            <visible>Container(3).HasFocus(8)</visible>
                        </include>
                        <include content="Settings_Button">
                            <param name="id">8001</param>
                            <param name="control">radiobutton</param>
                            <label>plugin.video.themoviedb.helper</label>
                            <label2>$INFO[System.AddonVersion(plugin.video.themoviedb.helper),v,       ]</label2>
                            <visible>Container(3).HasFocus(8)</visible>
                            <onclick condition="!System.HasAddon(plugin.video.themoviedb.helper)">InstallAddon(plugin.video.themoviedb.helper)</onclick>
                            <onclick condition="!System.AddonIsEnabled(plugin.video.themoviedb.helper) + System.HasAddon(plugin.video.themoviedb.helper)">EnableAddon(plugin.video.themoviedb.helper)</onclick>
                            <onclick condition="System.AddonIsEnabled(plugin.video.themoviedb.helper) + System.HasAddon(plugin.video.themoviedb.helper)">Addon.OpenSettings(plugin.video.themoviedb.helper)</onclick>
                            <selected>System.AddonIsEnabled(plugin.video.themoviedb.helper) + System.HasAddon(plugin.video.themoviedb.helper)</selected>
                        </include>

                        <include content="Settings_Button">
                            <param name="id">8002</param>
                            <param name="control">radiobutton</param>
                            <label>script.skinshortcuts</label>
                            <label2>$INFO[System.AddonVersion(script.skinshortcuts),v,       ]</label2>
                            <visible>Container(3).HasFocus(8)</visible>
                            <onclick condition="!System.HasAddon(script.skinshortcuts)">InstallAddon(script.skinshortcuts)</onclick>
                            <onclick condition="!System.AddonIsEnabled(script.skinshortcuts) + System.HasAddon(script.skinshortcuts)">EnableAddon(script.skinshortcuts)</onclick>
                            <onclick condition="System.AddonIsEnabled(script.skinshortcuts) + System.HasAddon(script.skinshortcuts)">Addon.OpenSettings(script.skinshortcuts)</onclick>
                            <selected>System.AddonIsEnabled(script.skinshortcuts) + System.HasAddon(script.skinshortcuts)</selected>
                        </include>

                        <include content="Settings_Button">
                            <param name="id">8003</param>
                            <param name="control">radiobutton</param>
                            <label>script.skinvariables</label>
                            <label2>$INFO[System.AddonVersion(script.skinvariables),v,       ]</label2>
                            <visible>Container(3).HasFocus(8)</visible>
                            <onclick condition="!System.HasAddon(script.skinvariables)">InstallAddon(script.skinvariables)</onclick>
                            <onclick condition="!System.AddonIsEnabled(script.skinvariables) + System.HasAddon(script.skinvariables)">EnableAddon(script.skinvariables)</onclick>
                            <onclick condition="System.AddonIsEnabled(script.skinvariables) + System.HasAddon(script.skinvariables)">Addon.OpenSettings(script.skinvariables)</onclick>
                            <selected>System.AddonIsEnabled(script.skinvariables) + System.HasAddon(script.skinvariables)</selected>
                        </include>

                        <include content="Settings_Button">
                            <param name="id">8004</param>
                            <param name="control">radiobutton</param>
                            <label>script.texturemaker</label>
                            <label2>$INFO[System.AddonVersion(script.texturemaker),v,       ]</label2>
                            <visible>Container(3).HasFocus(8)</visible>
                            <onclick condition="!System.HasAddon(script.texturemaker)">InstallAddon(script.texturemaker)</onclick>
                            <onclick condition="!System.AddonIsEnabled(script.texturemaker) + System.HasAddon(script.texturemaker)">EnableAddon(script.texturemaker)</onclick>
                            <onclick condition="System.AddonIsEnabled(script.texturemaker) + System.HasAddon(script.texturemaker)">Addon.OpenSettings(script.texturemaker)</onclick>
                            <selected>System.AddonIsEnabled(script.texturemaker) + System.HasAddon(script.texturemaker)</selected>
                        </include>

                        <include content="Settings_Button">
                            <param name="id">8005</param>
                            <param name="control">radiobutton</param>
                            <label>script.artistslideshow</label>
                            <label2>$INFO[System.AddonVersion(script.artistslideshow),v,       ]</label2>
                            <visible>Container(3).HasFocus(8)</visible>
                            <onclick condition="!System.HasAddon(script.artistslideshow)">InstallAddon(script.artistslideshow)</onclick>
                            <onclick condition="!System.AddonIsEnabled(script.artistslideshow) + System.HasAddon(script.artistslideshow)">EnableAddon(script.artistslideshow)</onclick>
                            <onclick condition="System.AddonIsEnabled(script.artistslideshow) + System.HasAddon(script.artistslideshow)">Addon.OpenSettings(script.artistslideshow)</onclick>
                            <selected>System.AddonIsEnabled(script.artistslideshow) + System.HasAddon(script.artistslideshow)</selected>
                        </include>

                        <include content="Settings_Button">
                            <param name="id">8006</param>
                            <param name="control">radiobutton</param>
                            <label>resource.images.arctic.waves</label>
                            <label2>$INFO[System.AddonVersion(resource.images.arctic.waves),v,       ]</label2>
                            <visible>Container(3).HasFocus(8)</visible>
                            <onclick condition="!System.HasAddon(resource.images.arctic.waves)">InstallAddon(resource.images.arctic.waves)</onclick>
                            <onclick condition="!System.AddonIsEnabled(resource.images.arctic.waves) + System.HasAddon(resource.images.arctic.waves)">EnableAddon(resource.images.arctic.waves)</onclick>
                            <onclick condition="System.AddonIsEnabled(resource.images.arctic.waves) + System.HasAddon(resource.images.arctic.waves)">Addon.OpenSettings(resource.images.arctic.waves)</onclick>
                            <selected>System.AddonIsEnabled(resource.images.arctic.waves) + System.HasAddon(resource.images.arctic.waves)</selected>
                        </include>

                        <include content="Settings_Button">
                            <param name="id">8007</param>
                            <param name="control">radiobutton</param>
                            <label>resource.images.moviegenreicons.transparent</label>
                            <label2>$INFO[System.AddonVersion(resource.images.moviegenreicons.transparent),v,       ]</label2>
                            <visible>Container(3).HasFocus(8)</visible>
                            <onclick condition="!System.HasAddon(resource.images.moviegenreicons.transparent)">InstallAddon(resource.images.moviegenreicons.transparent)</onclick>
                            <onclick condition="!System.AddonIsEnabled(resource.images.moviegenreicons.transparent) + System.HasAddon(resource.images.moviegenreicons.transparent)">EnableAddon(resource.images.moviegenreicons.transparent)</onclick>
                            <onclick condition="System.AddonIsEnabled(resource.images.moviegenreicons.transparent) + System.HasAddon(resource.images.moviegenreicons.transparent)">Addon.OpenSettings(resource.images.moviegenreicons.transparent)</onclick>
                            <selected>System.AddonIsEnabled(resource.images.moviegenreicons.transparent) + System.HasAddon(resource.images.moviegenreicons.transparent)</selected>
                        </include>

                        <include content="Settings_Button">
                            <param name="id">8008</param>
                            <param name="control">radiobutton</param>
                            <label>resource.images.moviegenreicons.horizon</label>
                            <label2>$INFO[System.AddonVersion(resource.images.moviegenreicons.horizon),v,       ]</label2>
                            <visible>Container(3).HasFocus(8)</visible>
                            <onclick condition="!System.HasAddon(resource.images.moviegenreicons.horizon)">InstallAddon(resource.images.moviegenreicons.horizon)</onclick>
                            <onclick condition="!System.AddonIsEnabled(resource.images.moviegenreicons.horizon) + System.HasAddon(resource.images.moviegenreicons.horizon)">EnableAddon(resource.images.moviegenreicons.horizon)</onclick>
                            <onclick condition="System.AddonIsEnabled(resource.images.moviegenreicons.horizon) + System.HasAddon(resource.images.moviegenreicons.horizon)">Addon.OpenSettings(resource.images.moviegenreicons.horizon)</onclick>
                            <selected>System.AddonIsEnabled(resource.images.moviegenreicons.horizon) + System.HasAddon(resource.images.moviegenreicons.horizon)</selected>
                        </include>

                        <include content="Settings_Button">
                            <param name="id">8009</param>
                            <param name="control">radiobutton</param>
                            <label>resource.images.weatherfanart.multi</label>
                            <label2>$INFO[System.AddonVersion(resource.images.weatherfanart.multi),v,       ]</label2>
                            <visible>Container(3).HasFocus(8)</visible>
                            <onclick condition="!System.HasAddon(resource.images.weatherfanart.multi)">InstallAddon(resource.images.weatherfanart.multi)</onclick>
                            <onclick condition="!System.AddonIsEnabled(resource.images.weatherfanart.multi) + System.HasAddon(resource.images.weatherfanart.multi)">EnableAddon(resource.images.weatherfanart.multi)</onclick>
                            <onclick condition="System.AddonIsEnabled(resource.images.weatherfanart.multi) + System.HasAddon(resource.images.weatherfanart.multi)">Addon.OpenSettings(resource.images.weatherfanart.multi)</onclick>
                            <selected>System.AddonIsEnabled(resource.images.weatherfanart.multi) + System.HasAddon(resource.images.weatherfanart.multi)</selected>
                        </include>

                        <include content="Settings_Button">
                            <param name="id">8010</param>
                            <param name="control">radiobutton</param>
                            <label>resource.images.moviecountryicons.maps</label>
                            <label2>$INFO[System.AddonVersion(resource.images.moviecountryicons.maps),v,       ]</label2>
                            <visible>Container(3).HasFocus(8)</visible>
                            <onclick condition="!System.HasAddon(resource.images.moviecountryicons.maps)">InstallAddon(resource.images.moviecountryicons.maps)</onclick>
                            <onclick condition="!System.AddonIsEnabled(resource.images.moviecountryicons.maps) + System.HasAddon(resource.images.moviecountryicons.maps)">EnableAddon(resource.images.moviecountryicons.maps)</onclick>
                            <onclick condition="System.AddonIsEnabled(resource.images.moviecountryicons.maps) + System.HasAddon(resource.images.moviecountryicons.maps)">Addon.OpenSettings(resource.images.moviecountryicons.maps)</onclick>
                            <selected>System.AddonIsEnabled(resource.images.moviecountryicons.maps) + System.HasAddon(resource.images.moviecountryicons.maps)</selected>
                        </include>

                        <include content="Settings_Button">
                            <param name="id">8011</param>
                            <param name="control">radiobutton</param>
                            <label>resource.images.studios.white</label>
                            <label2>$INFO[System.AddonVersion(resource.images.studios.white),v,       ]</label2>
                            <visible>Container(3).HasFocus(8)</visible>
                            <onclick condition="!System.HasAddon(resource.images.studios.white)">InstallAddon(resource.images.studios.white)</onclick>
                            <onclick condition="!System.AddonIsEnabled(resource.images.studios.white) + System.HasAddon(resource.images.studios.white)">EnableAddon(resource.images.studios.white)</onclick>
                            <onclick condition="System.AddonIsEnabled(resource.images.studios.white) + System.HasAddon(resource.images.studios.white)">Addon.OpenSettings(resource.images.studios.white)</onclick>
                            <selected>System.AddonIsEnabled(resource.images.studios.white) + System.HasAddon(resource.images.studios.white)</selected>
                        </include>

                        <include content="Settings_Button">
                            <param name="id">8030</param>
                            <param name="control">radiobutton</param>
                            <label>service.upnext</label>
                            <label2>$INFO[System.AddonVersion(service.upnext),v,       ]</label2>
                            <visible>Container(3).HasFocus(8)</visible>
                            <onclick condition="!System.HasAddon(service.upnext)">InstallAddon(service.upnext)</onclick>
                            <onclick condition="!System.AddonIsEnabled(service.upnext) + System.HasAddon(service.upnext)">EnableAddon(service.upnext)</onclick>
                            <onclick condition="System.AddonIsEnabled(service.upnext) + System.HasAddon(service.upnext)">Addon.OpenSettings(service.upnext)</onclick>
                            <selected>System.AddonIsEnabled(service.upnext) + System.HasAddon(service.upnext)</selected>
                        </include>

                        <include content="Settings_Label" description="Debug">
                            <param name="id">8090</param>
                            <label>$LOCALIZE[14260]</label>
                            <visible>Container(3).HasFocus(8)</visible>
                        </include>
                        <include content="Settings_Button" description="Debug Info">
                            <param name="id">8091</param>
                            <param name="control">radiobutton</param>
                            <label>$LOCALIZE[19033]</label>
                            <visible>Container(3).HasFocus(8)</visible>
                            <onclick>Skin.ToggleSetting(DebugInfo)</onclick>
                            <selected>Skin.HasSetting(DebugInfo)</selected>
                        </include>
                        <include content="Settings_Button" description="Debug Grid">
                            <param name="id">8092</param>
                            <param name="control">radiobutton</param>
                            <label>$LOCALIZE[31223]</label>
                            <visible>Container(3).HasFocus(8)</visible>
                            <onclick>Skin.ToggleSetting(DebugGrid)</onclick>
                            <selected>Skin.HasSetting(DebugGrid)</selected>
                        </include>

                        <!-- Thanks -->
                        <include content="Settings_Label" description="Thanks">
                            <param name="id">8900</param>
                            <label>$LOCALIZE[31350]</label>
                            <visible>Container(3).HasFocus(9)</visible>
                        </include>
                        <control type="textbox" id="8901">
                            <font>font_mini_plot</font>
                            <textcolor>main_fg_70</textcolor>
                            <top>20</top>
                            <height>auto</height>
                            <autoscroll delay="6000" time="3000" repeat="10000">true</autoscroll>
                            <label>To all my amazing supporters on Ko-fi, thank-you![CR]Blurayx Anthrax DanielSanchez Leo meesterexx roidy manfeed PizzaPino dolbel Tobby Kagz DrFireStarterBilly Qirat77 Darkmantom TomH richieNZ99 Brambo onlytanmoy reddituser aemstel mash2k3 chopp8 Homeslixe Rimma JacopoV ray2301 stelcodes eengert alKODIque Tee77 Ch3dd4rGoblin silentscreamiong Jshn Ian JP RZ daviddia5 Jathlon77 SteveF George sito1961 devolute f39 nevermind Shone TechXXX c0ncr3t0 tim Tiago IG Spork lhimo DROIDsheild Blacky Bindou Velimir ronaldoA8ff Omar_alhajlh pferreira1906 Andrea1998 Mr-7mdan pakraider Nipius Nathan valleycake adamosborne83 AdamNo2[CR][CR]If I've forgotten anyone please let me know!</label>
                            <visible>Container(3).HasFocus(9)</visible>
                            <left>x04</left>
                            <right>x04</right>
                        </control>
                    </include>

                    <include content="Settings_InfoText">
                        <param name="id">6</param>
                    </include>
                </include>
                <include>Settings_KodiVersion</include>

            </include>

            <include content="Settings_Changer">
                <onup>3</onup>
            </include>

        </include>

    </controls>

</window>
