<?xml version="1.0" encoding="UTF-8"?>
<window>
    <zorder>0</zorder>
    <visible>!Player.HasGame</visible>
    <visible>!Window.IsActive(DialogPlayerProcessInfo.xml)</visible>
    <visible>Window.IsActive(VideoFullScreen.xml) | Window.IsActive(MusicVisualisation.xml)</visible>
    <visible>Window.IsActive(videoosd) | Window.IsActive(musicosd) | Player.Caching | Player.ShowInfo | Player.Seeking | Player.HasPerformedSeek(2) | [Player.Paused + [!System.IdleTime(3) | !Skin.HasSetting(OSD.AutoHideOnPause)]] | Player.Forwarding | Player.Rewinding | Window.IsActive(DialogFullScreenInfo.xml) | !String.IsEmpty(Player.SeekNumeric) | !String.IsEmpty(PVR.ChannelNumberInput) | Window.IsVisible(script-upnext-stillwatching.xml) | Window.ISVisible(script-upnext-upnext.xml)</visible>
    <visible>!Window.IsVisible(DialogSlider.xml)</visible>
    <onload condition="Player.Paused + !String.IsEmpty(Window(Home).Property(OSDExtendedInfo))">PlayerControl(Play)</onload>
    <onload condition="Player.Paused + !String.IsEmpty(Window(Home).Property(OSDExtendedInfo))">ClearProperty(OSDExtendedInfo,Home)</onload>
    <controls>

        <control type="group">
            <visible>Window.IsActive(VideoFullScreen.xml) | Window.IsActive(MusicVisualisation.xml)</visible>

            <control type="image">
                <texture colordiffuse="panel_bg_70">background/combined_flixart.png</texture>
                <include>Animation_OSD_Fullscreen_Change</include>
            </control>

            <control type="group">
                <include>Animation_OSD_Fullscreen_Change</include>
                <include condition="VideoPlayer.IsFullscreen">OSD_VideoSeekBar</include>
                <include condition="!VideoPlayer.IsFullscreen">OSD_MusicSeekBar</include>
            </control>

            <include content="OSD_CastInfo_HintText">
                <param name="label">$VAR[Label_OSD_HintText]</param>
                <param name="visible">[Window.IsActive(videoosd) | Window.IsVisible(1140) | Window.IsVisible(1141) | Window.IsVisible(videobookmarks)] + [!Window.IsVisible(1141) | Skin.String(VideoOSD.PersonCredits.CastCrew,cast)]</param>
            </include>

            <include content="OSD_CastInfo_HintText">
                <param name="label">$LOCALIZE[31346]</param>
                <param name="visible">Window.IsActive(musicosd) + !Window.IsVisible(1142) + !Window.IsVisible(script-cu-lrclyrics-main.xml)</param>
            </include>
        </control>

    </controls>
</window>