<?xml version="1.0" encoding="UTF-8"?>
<window>
    <defaultcontrol always="true">9100</defaultcontrol>
    <controls>

        <include content="Dialog_Overlay_Side">
            <param name="topline">false</param>
            <param name="subline">false</param>
            <include>Animation_Right_Delay</include>
            <include>Dimension_DialogFullMenu</include>

            <include content="Dialog_Head">
                <param name="label">$VAR[Label_Header_SkinShortcuts]</param>
            </include>

            <include content="Dialog_Body">
                <include content="Dialog_Body_Group">
                    <control type="group">
                        <width>600</width>
                        <control type="image">
                            <top>-x02</top>
                            <left>x02</left>
                            <right>x02</right>
                            <height>1</height>
                            <texture colordiffuse="dialog_fg_12">common/white.png</texture>
                        </control>
                        <control type="image">
                            <bottom>-x02</bottom>
                            <left>x02</left>
                            <right>x02</right>
                            <height>1</height>
                            <texture colordiffuse="dialog_fg_12">common/white.png</texture>
                        </control>
                        <control type="list" id="211">
                            <orientation>vertical</orientation>
                            <itemlayout width="600" height="x08">
                                <include content="Layout_SkinShortcuts">
                                    <param name="selected">false</param>
                                    <param name="detailed">true</param>
                                </include>
                            </itemlayout>
                            <focusedlayout width="600" height="x08">
                                <include content="Layout_SkinShortcuts">
                                    <param name="selected">true</param>
                                    <param name="detailed">true</param>
                                </include>
                            </focusedlayout>
                        </control>
                        <control type="group">
                            <right>40</right>
                            <height>x08</height>
                            <animation effect="slide" end="0,x08" condition="Integer.IsGreater(Container(211).Position,0)">Conditional</animation>
                            <animation effect="slide" end="0,x08" condition="Integer.IsGreater(Container(211).Position,1)">Conditional</animation>
                            <animation effect="slide" end="0,x08" condition="Integer.IsGreater(Container(211).Position,2)">Conditional</animation>
                            <animation effect="slide" end="0,x08" condition="Integer.IsGreater(Container(211).Position,3)">Conditional</animation>
                            <animation effect="slide" end="0,x08" condition="Integer.IsGreater(Container(211).Position,4)">Conditional</animation>
                            <animation effect="slide" end="0,x08" condition="Integer.IsGreater(Container(211).Position,5)">Conditional</animation>
                            <animation effect="slide" end="0,x08" condition="Integer.IsGreater(Container(211).Position,6)">Conditional</animation>
                            <animation effect="slide" end="0,x08" condition="Integer.IsGreater(Container(211).Position,7)">Conditional</animation>
                            <animation effect="slide" end="0,x08" condition="Integer.IsGreater(Container(211).Position,8)">Conditional</animation>
                            <animation effect="slide" end="0,x08" condition="Integer.IsGreater(Container(211).Position,9)">Conditional</animation>
                            <control type="grouplist" id="9200">
                                <centertop>50%</centertop>
                                <height>32</height>
                                <align>right</align>
                                <orientation>horizontal</orientation>
                                <itemgap>10</itemgap>
                                <onup>Control.Move(211,-1)</onup>
                                <ondown>Control.Move(211,1)</ondown>
                                <onright>9100</onright>
                                <control type="button" id="302" description="Delete">
                                    <width>32</width>
                                    <height>32</height>
                                    <font/>
                                    <texturenofocus colordiffuse="dialog_bg_30">buttons/cross.png</texturenofocus>
                                    <texturefocus colordiffuse="$VAR[ColorSelected]">buttons/cross.png</texturefocus>
                                </control>
                                <control type="button" id="301" description="Add">
                                    <width>32</width>
                                    <height>32</height>
                                    <font/>
                                    <texturenofocus colordiffuse="dialog_bg_30">buttons/plus.png</texturenofocus>
                                    <texturefocus colordiffuse="$VAR[ColorSelected]">buttons/plus.png</texturefocus>
                                </control>
                                <control type="button" id="303" description="Up">
                                    <width>32</width>
                                    <height>32</height>
                                    <font/>
                                    <texturenofocus colordiffuse="dialog_bg_30" flipy="true">buttons/down.png</texturenofocus>
                                    <texturefocus colordiffuse="$VAR[ColorSelected]" flipy="true">buttons/down.png</texturefocus>
                                </control>
                                <control type="button" id="304" description="Down">
                                    <width>32</width>
                                    <height>32</height>
                                    <font/>
                                    <texturenofocus colordiffuse="dialog_bg_30">buttons/down.png</texturenofocus>
                                    <texturefocus colordiffuse="$VAR[ColorSelected]">buttons/down.png</texturefocus>
                                </control>
                            </control>
                        </control>
                    </control>
                    <control type="group">
                        <left>600</left>
                        <control type="group">
                            <left>x02</left>
                            <right>x02</right>
                            <top>-x02</top>
                            <bottom>-x02</bottom>
                            <control type="image">
                                <texture colordiffuse="dialog_fg_12" border="20">common/dialog.png</texture>
                            </control>
                            <control type="grouplist" id="9100">
                                <include content="Dimension_Padding">
                                    <param name="pad">x02</param>
                                </include>
                                <onleft>304</onleft>
                                <onright>9000</onright>
                                <orientation>vertical</orientation>
                                <include content="Settings_Button">
                                    <param name="dialog">true</param>
                                    <param name="id">313</param>
                                    <param name="control">togglebutton</param>
                                    <description>EnableDisable</description>
                                    <label>$LOCALIZE[24022]</label>
                                    <altlabel>$LOCALIZE[24021]</altlabel>
                                    <usealttexture>!String.IsEqual(Container(211).ListItem.Property(skinshortcuts-disabled),True)</usealttexture>
                                </include>

                                <!-- Choose Shortcut -->
                                <include content="Settings_Button">
                                    <param name="dialog">true</param>
                                    <param name="id">401</param>
                                    <param name="control">button</param>
                                    <description>Choose Shortcut</description>
                                    <visible>![$EXP[Exp_SkinShortcuts_IsHomeWidgets] | $EXP[Exp_SkinShortcuts_IsSearchWidgets] | $EXP[Exp_SkinShortcuts_IsExploreMenu] | $EXP[Exp_SkinShortcuts_IsHubWidgets]]</visible>
                                </include>
                                <include content="Settings_Button">
                                    <param name="dialog">true</param>
                                    <param name="id">4001</param>
                                    <param name="control">button</param>
                                    <description>Choose Widget Shortcut</description>
                                    <label>$LOCALIZE[31104]</label>
                                    <onclick>SetProperty(custom-grouping,widget)</onclick>
                                    <onclick>SendClick(401)</onclick>
                                    <visible>$EXP[Exp_SkinShortcuts_IsHomeWidgets] | $EXP[Exp_SkinShortcuts_IsExploreMenu] | $EXP[Exp_SkinShortcuts_IsHubWidgets]</visible>
                                    <include>Action_SkinShortcuts_ContentType_AutoSetOnUnFocus</include>
                                </include>
                                <include content="Settings_Button">
                                    <param name="dialog">true</param>
                                    <param name="id">4101</param>
                                    <param name="control">button</param>
                                    <description>Choose Search Shortcut</description>
                                    <label>$LOCALIZE[31104]</label>
                                    <onclick>SetProperty(custom-grouping,customsearchdefaultitems)</onclick>
                                    <onclick>SendClick(401)</onclick>
                                    <visible>$EXP[Exp_SkinShortcuts_IsSearchWidgets]</visible>
                                    <include>Action_SkinShortcuts_ContentType_AutoSetOnUnFocus</include>
                                </include>

                                <include content="Settings_Button">
                                    <param name="dialog">true</param>
                                    <param name="id">4307</param>
                                    <param name="control">button</param>
                                    <description>Action</description>
                                    <label>-- $LOCALIZE[31081]</label>
                                    <onclick>SetProperty(custom-grouping,widget)</onclick>
                                    <onclick>SendClick(307)</onclick>
                                    <label2>$INFO[Container(211).ListItem.Property(Path)]</label2>
                                    <visible>!String.IsEqual(Container(211).ListItem.Property(skinshortcuts-disabled),True)</visible>
                                    <visible>$EXP[Exp_SkinShortcuts_IsHomeWidgets] | $EXP[Exp_SkinShortcuts_IsSearchWidgets] | $EXP[Exp_SkinShortcuts_IsExploreMenu] | $EXP[Exp_SkinShortcuts_IsHubWidgets]</visible>
                                </include>
                                <include content="Settings_Button">
                                    <param name="dialog">true</param>
                                    <param name="id">307</param>
                                    <param name="control">button</param>
                                    <description>Action</description>
                                    <label>-- $LOCALIZE[31081]</label>
                                    <label2>$INFO[Container(211).ListItem.Property(Path)]</label2>
                                    <visible>!String.IsEqual(Container(211).ListItem.Property(skinshortcuts-disabled),True)</visible>
                                    <visible>![$EXP[Exp_SkinShortcuts_IsHomeWidgets] | $EXP[Exp_SkinShortcuts_IsSearchWidgets]| $EXP[Exp_SkinShortcuts_IsExploreMenu] | $EXP[Exp_SkinShortcuts_IsHubWidgets]]</visible>
                                    <visible>!$EXP[Exp_SkinShortcuts_IsHomeMenu] | [$EXP[Exp_SkinShortcuts_IsHomeMenu] + !Skin.String(Home.LayoutStyle,Widgets)]</visible>
                                </include>
                                <include content="Settings_Button">
                                    <param name="dialog">true</param>
                                    <param name="id">305</param>
                                    <param name="control">button</param>
                                    <description>Label</description>
                                    <label>-- $LOCALIZE[31183]</label>
                                    <label2>$INFO[Container(211).ListItem.Label]</label2>
                                    <visible>!String.IsEqual(Container(211).ListItem.Property(skinshortcuts-disabled),True)</visible>
                                </include>
                                <include content="Settings_Button">
                                    <param name="dialog">true</param>
                                    <param name="id">306</param>
                                    <param name="control">button</param>
                                    <description>Icon</description>
                                    <label>-- $LOCALIZE[31082]</label>
                                    <visible>!String.IsEqual(Container(211).ListItem.Property(skinshortcuts-disabled),True)</visible>
                                    <visible>$EXP[Exp_SkinShortcuts_IsPowerMenu] | $EXP[Exp_SkinShortcuts_IsSearchWidgets] | $EXP[Exp_SkinShortcuts_IsExploreMenu]</visible>
                                </include>

                                <include content="Settings_Button">
                                    <param name="dialog">true</param>
                                    <param name="id">405</param>
                                    <param name="control">button</param>
                                    <description>Submenu</description>
                                    <label>$LOCALIZE[1034]</label>
                                    <visible>!String.IsEqual(Container(211).ListItem.Property(skinshortcuts-disabled),True)</visible>
                                    <visible>$EXP[Exp_SkinShortcuts_IsHomeMenu] + !Skin.String(Home.LayoutStyle,Widgets) + !Skin.String(Home.LayoutStyle,Categories)</visible>
                                </include>

                                <include content="Settings_Button">
                                    <param name="dialog">true</param>
                                    <param name="id">406</param>
                                    <param name="control">button</param>
                                    <description>Other widgets</description>
                                    <label>$LOCALIZE[31397]</label>
                                    <visible>!String.IsEqual(Container(211).ListItem.Property(skinshortcuts-disabled),True)</visible>
                                    <visible>$EXP[Exp_SkinShortcuts_IsHomeMenu]</visible>
                                </include>

                                <!-- Hub Widget -->
                                <include content="Settings_Button">
                                    <param name="dialog">true</param>
                                    <param name="id">312</param>
                                    <param name="control">button</param>
                                    <description>Choose Widget Shortcut</description>
                                    <label>$LOCALIZE[31421]</label>
                                    <label2>$INFO[Container(211).ListItem.Property(widgetPath)]</label2>
                                    <visible>$EXP[Exp_SkinShortcuts_IsHubMenu]</visible>
                                    <include>Action_SkinShortcuts_ContentType_AutoSetOnUnFocus</include>
                                </include>

                                <!-- Widget Options -->
                                <include content="Settings_Button">
                                    <param name="dialog">true</param>
                                    <param name="id">9901</param>
                                    <param name="control">button</param>
                                    <description>Aspect</description>
                                    <label>-- $LOCALIZE[736]</label>
                                    <label2>$INFO[Container(211).ListItem.Property(widgetAspect)]</label2>
                                    <visible>!String.IsEqual(Container(211).ListItem.Property(skinshortcuts-disabled),True)</visible>
                                    <visible>$EXP[Exp_SkinShortcuts_IsHomeWidgets] | $EXP[Exp_SkinShortcuts_IsSearchWidgets] | $EXP[Exp_SkinShortcuts_IsHubWidgets]</visible>
                                </include>
                                <include content="Settings_Button">
                                    <param name="dialog">true</param>
                                    <param name="id">9903</param>
                                    <param name="control">button</param>
                                    <description>Sort by</description>
                                    <label>-- $LOCALIZE[31016]</label>
                                    <label2>$INFO[Container(211).ListItem.Property(widgetSortby)]</label2>
                                    <visible>!String.IsEqual(Container(211).ListItem.Property(skinshortcuts-disabled),True)</visible>
                                    <visible>$EXP[Exp_SkinShortcuts_IsHomeWidgets] | $EXP[Exp_SkinShortcuts_IsSearchWidgets] | $EXP[Exp_SkinShortcuts_IsHubWidgets] | $EXP[Exp_SkinShortcuts_IsHubMenu]</visible>
                                </include>
                                <include content="Settings_Button">
                                    <param name="dialog">true</param>
                                    <param name="id">9904</param>
                                    <param name="control">button</param>
                                    <description>Sort direction</description>
                                    <label>-- $LOCALIZE[580]</label>
                                    <label2>$INFO[Container(211).ListItem.Property(widgetSortorder)]</label2>
                                    <visible>!String.IsEqual(Container(211).ListItem.Property(skinshortcuts-disabled),True)</visible>
                                    <visible>$EXP[Exp_SkinShortcuts_IsHomeWidgets] | $EXP[Exp_SkinShortcuts_IsSearchWidgets] | $EXP[Exp_SkinShortcuts_IsHubWidgets] | $EXP[Exp_SkinShortcuts_IsHubMenu]</visible>
                                </include>
                                <include content="Settings_Button">
                                    <param name="dialog">true</param>
                                    <param name="id">9902</param>
                                    <param name="control">button</param>
                                    <description>Content Type</description>
                                    <label>-- $LOCALIZE[31106]</label>
                                    <label2>$INFO[Container(211).ListItem.Property(widgetTarget)]</label2>
                                    <visible>!String.IsEqual(Container(211).ListItem.Property(skinshortcuts-disabled),True)</visible>
                                    <visible>$EXP[Exp_SkinShortcuts_IsHomeWidgets] | $EXP[Exp_SkinShortcuts_IsSearchWidgets] | $EXP[Exp_SkinShortcuts_IsHubWidgets] | $EXP[Exp_SkinShortcuts_IsHubMenu]</visible>
                                    <include>Action_SkinShortcuts_ContentType_AutoSetOnFocus</include>
                                </include>
                                <include content="Settings_Button">
                                    <param name="dialog">true</param>
                                    <param name="id">9908</param>
                                    <param name="control">radiobutton</param>
                                    <description>Autoscroll</description>
                                    <label>-- $LOCALIZE[31185]</label>
                                    <selected>!String.IsEmpty(Container(211).ListItem.Property(widgetAutoScroll))</selected>
                                    <onclick>SetProperty(customProperty,widgetAutoScroll)</onclick>
                                    <onclick condition="String.IsEmpty(Container(211).ListItem.Property(widgetAutoScroll))">SetProperty(customValue,True)</onclick>
                                    <onclick condition="!String.IsEmpty(Container(211).ListItem.Property(widgetAutoScroll))">ClearProperty(customValue)</onclick>
                                    <onclick>SendClick(404)</onclick>
                                    <visible>!String.IsEqual(Container(211).ListItem.Property(skinshortcuts-disabled),True)</visible>
                                    <visible>$EXP[Exp_SkinShortcuts_IsHomeWidgets] | $EXP[Exp_SkinShortcuts_IsSearchWidgets] | $EXP[Exp_SkinShortcuts_IsHubWidgets]</visible>
                                </include>
                                <include content="Settings_Button">
                                    <param name="dialog">true</param>
                                    <param name="id">9907</param>
                                    <param name="control">button</param>
                                    <description>Item limit</description>
                                    <label>-- $LOCALIZE[31188]</label>
                                    <label2>$INFO[Container(211).ListItem.Property(widgetLimit)]</label2>
                                    <visible>!String.IsEqual(Container(211).ListItem.Property(skinshortcuts-disabled),True)</visible>
                                    <visible>$EXP[Exp_SkinShortcuts_IsHomeWidgets] | $EXP[Exp_SkinShortcuts_IsSearchWidgets] | $EXP[Exp_SkinShortcuts_IsHubWidgets]</visible>
                                </include>

                                <!-- Adaptive Widget Options -->
                                <include content="Settings_Button">
                                    <param name="dialog">true</param>
                                    <param name="id">9906</param>
                                    <param name="control">radiobutton</param>
                                    <description>useWidgetList</description>
                                    <label>-- $LOCALIZE[31040]</label>
                                    <selected>$EXP[Exp_SkinShortcuts_IsAdaptiveWidget]</selected>
                                    <onclick>SetProperty(customProperty,useWidgetList)</onclick>
                                    <onclick condition="String.IsEmpty(Container(211).ListItem.Property(useWidgetList))">SetProperty(customValue,True)</onclick>
                                    <onclick condition="!String.IsEmpty(Container(211).ListItem.Property(useWidgetList))">ClearProperty(customValue)</onclick>
                                    <onclick>SendClick(404)</onclick>
                                    <visible>!String.IsEqual(Container(211).ListItem.Property(skinshortcuts-disabled),True)</visible>
                                    <visible>$EXP[Exp_SkinShortcuts_IsHubMenu] | $EXP[Exp_SkinShortcuts_IsSubmenu]</visible>
                                </include>
                                <include content="Settings_Button">
                                    <param name="dialog">true</param>
                                    <param name="id">4312</param>
                                    <param name="control">button</param>
                                    <description>Choose Widget Shortcut</description>
                                    <label>   -- $LOCALIZE[31104]</label>
                                    <label2>$INFO[Container(211).ListItem.Property(widgetPath)]</label2>
                                    <onclick>SendClick(312)</onclick>
                                    <enable>$EXP[Exp_SkinShortcuts_IsAdaptiveWidget]</enable>
                                    <visible>$EXP[Exp_SkinShortcuts_IsSubmenu]</visible>
                                    <include>Action_SkinShortcuts_ContentType_AutoSetOnUnFocus</include>
                                </include>
                                <include content="Settings_Button">
                                    <param name="dialog">true</param>
                                    <param name="id">9911</param>
                                    <param name="control">button</param>
                                    <description>Aspect</description>
                                    <label>   -- $LOCALIZE[736]</label>
                                    <label2>$VAR[Label_SkinShortcuts_AdaptiveWidgetStyle]</label2>
                                    <enable>$EXP[Exp_SkinShortcuts_IsAdaptiveWidget]</enable>
                                    <visible>!String.IsEqual(Container(211).ListItem.Property(skinshortcuts-disabled),True)</visible>
                                    <visible>$EXP[Exp_SkinShortcuts_IsHubMenu] | $EXP[Exp_SkinShortcuts_IsSubmenu]</visible>
                                </include>
                                <include content="Settings_Button">
                                    <param name="dialog">true</param>
                                    <param name="id">9913</param>
                                    <param name="control">button</param>
                                    <description>Sort by</description>
                                    <label>   -- $LOCALIZE[31016]</label>
                                    <label2>$INFO[Container(211).ListItem.Property(useWidgetListSortby)]</label2>
                                    <enable>$EXP[Exp_SkinShortcuts_IsAdaptiveWidget]</enable>
                                    <visible>!String.IsEqual(Container(211).ListItem.Property(skinshortcuts-disabled),True)</visible>
                                    <visible>$EXP[Exp_SkinShortcuts_IsHubMenu] | $EXP[Exp_SkinShortcuts_IsSubmenu]</visible>
                                    <include>Action_SkinShortcuts_ContentType_AutoSetOnFocus</include>
                                </include>
                                <include content="Settings_Button">
                                    <param name="dialog">true</param>
                                    <param name="id">9914</param>
                                    <param name="control">button</param>
                                    <description>Sort direction</description>
                                    <label>   -- $LOCALIZE[580]</label>
                                    <label2>$INFO[Container(211).ListItem.Property(useWidgetListSortorder)]</label2>
                                    <enable>$EXP[Exp_SkinShortcuts_IsAdaptiveWidget]</enable>
                                    <visible>!String.IsEqual(Container(211).ListItem.Property(skinshortcuts-disabled),True)</visible>
                                    <visible>$EXP[Exp_SkinShortcuts_IsHubMenu] | $EXP[Exp_SkinShortcuts_IsSubmenu]</visible>
                                    <include>Action_SkinShortcuts_ContentType_AutoSetOnFocus</include>
                                </include>
                                <include content="Settings_Button">
                                    <param name="dialog">true</param>
                                    <param name="id">9912</param>
                                    <param name="control">button</param>
                                    <description>Content Type</description>
                                    <label>   -- $LOCALIZE[31106]</label>
                                    <label2>$INFO[Container(211).ListItem.Property(useWidgetListTarget)]</label2>
                                    <enable>$EXP[Exp_SkinShortcuts_IsAdaptiveWidget]</enable>
                                    <visible>!String.IsEqual(Container(211).ListItem.Property(skinshortcuts-disabled),True)</visible>
                                    <visible>$EXP[Exp_SkinShortcuts_IsHubMenu] | $EXP[Exp_SkinShortcuts_IsSubmenu]</visible>
                                    <include>Action_SkinShortcuts_ContentType_AutoSetOnFocus</include>
                                </include>
                            </control>
                        </control>
                    </control>
                </include>
                <include content="Dialog_Side_Grouplist">
                    <param name="id">9000</param>
                    <onright>Close</onright>
                    <onleft>9100</onleft>
                    <include content="Dialog_Side_Button">
                        <param name="id">01</param>
                        <param name="label">$LOCALIZE[15067]</param>
                        <param name="icon">special://skin/extras/icons/circle-xmark.png</param>
                        <onclick>Close</onclick>
                    </include>
                    <include content="Dialog_Side_Button">
                        <param name="id">02</param>
                        <param name="label">$LOCALIZE[409]</param>
                        <param name="icon">special://skin/extras/icons/triangle-exclamation.png</param>
                        <onclick>SendClick(308)</onclick>
                    </include>
                    <include content="Dialog_Side_Button">
                        <param name="id">03</param>
                        <param name="label">$LOCALIZE[33068]</param>
                        <param name="icon">special://skin/extras/icons/image.png</param>
                        <param name="visible">[$EXP[Exp_SkinShortcuts_IsHomeMenu] + !Skin.String(Home.LayoutStyle,Widgets)] | $EXP[Exp_SkinShortcuts_IsHubMenu]</param>
                        <onclick>SetProperty(groupname,$INFO[Window.Property(groupname)],1116)</onclick>
                        <onclick>ActivateWindow(1116)</onclick>
                    </include>
                    <include content="Dialog_Side_Button">
                        <param name="id">04</param>
                        <param name="label">$LOCALIZE[1034]</param>
                        <param name="icon">special://skin/extras/icons/list-check.png</param>
                        <param name="visible">$EXP[Exp_SkinShortcuts_IsHubMenu]</param>
                        <onclick condition="String.IsEqual(Window.Property(groupname),moviemenu)">RunScript(script.skinshortcuts,type=manage&amp;group=moviesubmenu)</onclick>
                        <onclick condition="String.IsEqual(Window.Property(groupname),tvshowmenu)">RunScript(script.skinshortcuts,type=manage&amp;group=tvshowsubmenu)</onclick>
                        <onclick condition="String.IsEqual(Window.Property(groupname),musicmenu)">RunScript(script.skinshortcuts,type=manage&amp;group=musicsubmenu)</onclick>
                        <onclick condition="String.IsEqual(Window.Property(groupname),pvrmenu)">RunScript(script.skinshortcuts,type=manage&amp;group=pvrsubmenu)</onclick>
                        <onclick condition="String.IsEqual(Window.Property(groupname),custom01menu)">RunScript(script.skinshortcuts,type=manage&amp;group=custom01submenu)</onclick>
                        <onclick condition="String.IsEqual(Window.Property(groupname),custom02menu)">RunScript(script.skinshortcuts,type=manage&amp;group=custom02submenu)</onclick>
                        <onclick condition="String.IsEqual(Window.Property(groupname),custom03menu)">RunScript(script.skinshortcuts,type=manage&amp;group=custom03submenu)</onclick>
                        <onclick condition="String.IsEqual(Window.Property(groupname),custom04menu)">RunScript(script.skinshortcuts,type=manage&amp;group=custom04submenu)</onclick>
                    </include>
                    <include content="Dialog_Side_Button">
                        <param name="id">05</param>
                        <param name="label">$LOCALIZE[31103]</param>
                        <param name="icon">special://skin/extras/icons/shapes.png</param>
                        <param name="visible">$EXP[Exp_SkinShortcuts_IsHubMenu]</param>
                        <onclick condition="String.IsEqual(Window.Property(groupname),moviemenu)">RunScript(script.skinshortcuts,type=manage&amp;group=moviewidgets)</onclick>
                        <onclick condition="String.IsEqual(Window.Property(groupname),tvshowmenu)">RunScript(script.skinshortcuts,type=manage&amp;group=tvshowwidgets)</onclick>
                        <onclick condition="String.IsEqual(Window.Property(groupname),musicmenu)">RunScript(script.skinshortcuts,type=manage&amp;group=musicwidgets)</onclick>
                        <onclick condition="String.IsEqual(Window.Property(groupname),pvrmenu)">RunScript(script.skinshortcuts,type=manage&amp;group=pvrwidgets)</onclick>
                        <onclick condition="String.IsEqual(Window.Property(groupname),custom01menu)">RunScript(script.skinshortcuts,type=manage&amp;group=custom01widgets)</onclick>
                        <onclick condition="String.IsEqual(Window.Property(groupname),custom02menu)">RunScript(script.skinshortcuts,type=manage&amp;group=custom02widgets)</onclick>
                        <onclick condition="String.IsEqual(Window.Property(groupname),custom03menu)">RunScript(script.skinshortcuts,type=manage&amp;group=custom03widgets)</onclick>
                        <onclick condition="String.IsEqual(Window.Property(groupname),custom04menu)">RunScript(script.skinshortcuts,type=manage&amp;group=custom04widgets)</onclick>
                    </include>
                </include>
            </include>
        </include>

        <!-- Hidden Buttons -->
        <control type="label" id="500"><visible>false</visible><width>1</width><height>1</height></control>
        <control type="button" id="308"><visible allowhiddenfocus="true">false</visible><width>1</width><height>1</height></control>
        <control type="button" id="404"><visible allowhiddenfocus="true">false</visible><width>1</width><height>1</height></control>
        <control type="button" id="408"><visible allowhiddenfocus="true">false</visible><width>1</width><height>1</height></control>
        <control type="button" id="409"><visible allowhiddenfocus="true">false</visible><width>1</width><height>1</height></control>
        <control type="button" id="410"><visible allowhiddenfocus="true">false</visible><width>1</width><height>1</height></control>
    </controls>
</window>
