{
    "output": "template.xml",
    "header": "<?xml version=\"1.0\" encoding=\"UTF-8\"?>\n<template>",
    "footer": "</template>",
    "buildv": "0.0.8",
    "getnfo": {
        "system_profile": "System.ProfileName"
    },
    "global": {
        "parts_standardwidgets": {
            "template": "template_generator/parts_standardwidgets.xmltemplate"
        },
        "parts_stackedwidgets": {
            "template": "template_generator/parts_stackedwidgets.xmltemplate",
            "prev_id": "$PARAM[base_id]$PYTHON[603 + int(id) - 1]"
        },
        "parts_adaptivewidgets": {
            "template": "template_generator/parts_adaptivewidgets.xmltemplate",
            "landscapeid": "$SKINSHORTCUTS[id]601",
            "landscapegroupid": "$SKINSHORTCUTS[id]701",
            "squareid": "$SKINSHORTCUTS[id]602",
            "squaregroupid": "$SKINSHORTCUTS[id]702",
            "posterid": "$SKINSHORTCUTS[id]603",
            "postergroupid": "$SKINSHORTCUTS[id]703",
            "grouplistid": "$SKINSHORTCUTS[id]400",
            "topid": "$SKINSHORTCUTS[id]604",
            "toplandscapeid": "$SKINSHORTCUTS[id]601",
            "topsquareid": "$SKINSHORTCUTS[id]602",
            "topposterid": "$SKINSHORTCUTS[id]603",
            "submenuid": "302",
            "altvisible": "Control.HasFocus(300) | Control.HasFocus(302)",
            "content_landscape": "$INFO[Window.Property(Item.$SKINSHORTCUTS[id]302.SpecialFolderPath)]",
            "content_square": "$INFO[Window.Property(Item.$SKINSHORTCUTS[id]302.SpecialFolderPath)]",
            "content_poster": "$INFO[Window.Property(Item.$SKINSHORTCUTS[id]302.SpecialFolderPath)]",
            "label": "$INFO[Window.Property(Item.$SKINSHORTCUTS[id]302.SpecialFolderLabel)]",
            "sort_label" :"$LOCALIZE[571]",
            "enabled": "!String.IsEmpty(Window.Property(Item.$SKINSHORTCUTS[id]302.SpecialFolderPath))",
            "prefix": "Item.$SKINSHORTCUTS[id]302."
        },
        "parts_widgets": {
            "template": "template_generator/parts_widgets.xmltemplate",
            "id": "$PARAM[base_id]$PYTHON[603 + int(id)]",
            "groupid": "$PARAM[base_id]$PYTHON[703 + int(id)]",
            "spliceid": "$PARAM[base_id]$PYTHON[803 + int(id)]",
            "nextid": "$PARAM[base_id]$PYTHON[603 + int(id) + 1]",
            "nextnextid": "$PARAM[base_id]$PYTHON[603 + int(id) + 2]",
            "nextnextnextid": "$PARAM[base_id]$PYTHON[603 + int(id) + 3]",
            "grouplistid": "$PARAM[base_id]400",
            "landscapeid": "$PARAM[base_id]601",
            "squareid": "$PARAM[base_id]602",
            "posterid": "$PARAM[base_id]603",
            "topid": "$PARAM[base_id]604",
            "refocus": "SetFocus(393)",
            "visible": "[[!Skin.HasSetting(Hubs.WidgetSelector) | [Integer.IsEqual(Container($PARAM[base_id]419).ListItem.Property(id),$SKINSHORTCUTS[id]) + String.IsEmpty(Window.Property(Item.$PARAM[base_id]302.SpecialFolderLabel))]]]",
            "altvisible": "[$SKINSHORTCUTS[widgetAltVisible]]",
            "include_condition": "$SKINSHORTCUTS[isVisible]"
        }
    },
    "genxml": [
        {
            "template": "template_generator/build_main.xmltemplate",
            "parts_stackedwidgets": {
                "template": "template_generator/parts_stackedwidgets.xmltemplate",
                "prev_id": "$PYTHON[int(mainmenuid) * 1000 + 603 + int(id) - 1]"
            },
            "parts_adaptivewidgets": {
                "template": "template_generator/parts_adaptivewidgets.xmltemplate",
                "landscapeid": "$PYTHON[int(mainmenuid) * 1000 + 601]",
                "landscapegroupid": "$PYTHON[int(mainmenuid) * 1000 + 701]",
                "squareid": "$PYTHON[int(mainmenuid) * 1000 + 602]",
                "squaregroupid": "$PYTHON[int(mainmenuid) * 1000 + 702]",
                "posterid": "$PYTHON[int(mainmenuid) * 1000 + 603]",
                "postergroupid": "$PYTHON[int(mainmenuid) * 1000 + 703]",
                "grouplistid": "$PYTHON[int(mainmenuid) * 1000 + 400]",
                "topid": "$PYTHON[int(mainmenuid) * 1000 + 604]",
                "toplandscapeid": "$PYTHON[int(mainmenuid) * 1000 + 601]",
                "topsquareid": "$PYTHON[int(mainmenuid) * 1000 + 602]",
                "topposterid": "$PYTHON[int(mainmenuid) * 1000 + 603]",
                "submenuid": "302",
                "altvisible": "Control.HasFocus(300) | Control.HasFocus(302)",
                "content_landscape": "$INFO[Window.Property(Item.$PYTHON[int(mainmenuid) * 1000 + 302].SpecialFolderPath)]",
                "content_square": "$INFO[Window.Property(Item.$PYTHON[int(mainmenuid) * 1000 + 302].SpecialFolderPath)]",
                "content_poster": "$INFO[Window.Property(Item.$PYTHON[int(mainmenuid) * 1000 + 302].SpecialFolderPath)]",
                "label": "$INFO[Window.Property(Item.$PYTHON[int(mainmenuid) * 1000 + 302].SpecialFolderLabel)]",
                "sort_label" :"$LOCALIZE[571]",
                "enabled": "!String.IsEmpty(Window.Property(Item.$PYTHON[int(mainmenuid) * 1000 + 302].SpecialFolderPath))",
                "prefix": "Item.$PYTHON[int(mainmenuid) * 1000 + 302]."
            },
            "parts_widgets": {
                "template": "template_generator/parts_widgets.xmltemplate",
                "id": "$PYTHON[int(mainmenuid) * 1000 + 603 + int(id)]",
                "groupid": "$PYTHON[int(mainmenuid) * 1000 + 703 + int(id)]",
                "spliceid": "$PYTHON[int(mainmenuid) * 1000 + 803 + int(id)]",
                "nextid": "$PYTHON[int(mainmenuid) * 1000 + 603 + int(id) + 1]",
                "nextnextid": "$PYTHON[int(mainmenuid) * 1000 + 603 + int(id) + 2]",
                "nextnextnextid": "$PYTHON[int(mainmenuid) * 1000 + 603 + int(id) + 3]",
                "grouplistid": "$PYTHON[int(mainmenuid) * 1000 + 400]",
                "landscapeid": "$PYTHON[int(mainmenuid) * 1000 + 601]",
                "squareid": "$PYTHON[int(mainmenuid) * 1000 + 602]",
                "posterid": "$PYTHON[int(mainmenuid) * 1000 + 603]",
                "topid": "$PYTHON[int(mainmenuid) * 1000 + 604]",
                "refocus": "SetFocus(393)",
                "visible": "[[!Skin.HasSetting(Hubs.WidgetSelector) | [Integer.IsEqual(Container($PYTHON[int(mainmenuid) * 1000 + 419]).ListItem.Property(id),$SKINSHORTCUTS[id]) + String.IsEmpty(Window.Property(Item.$PYTHON[int(mainmenuid) * 1000 + 302].SpecialFolderLabel))]]]",
                "altvisible": "[$SKINSHORTCUTS[widgetAltVisible]]",
                "include_condition": "$SKINSHORTCUTS[isVisible]"
            }
        },
        {
            "template": "template_generator/build_search.xmltemplate"
        },
        {
            "template": "template_generator/build_menu.xmltemplate",
            "include_name": "moviemenu",
            "window_id": "1101",
            "hub_type": "Movies"
        },
        {
            "template": "template_generator/build_menu.xmltemplate",
            "include_name": "tvshowmenu",
            "window_id": "1102",
            "hub_type": "TVShows"
        },
        {
            "template": "template_generator/build_menu.xmltemplate",
            "include_name": "musicmenu",
            "window_id": "1103",
            "hub_type": "Music"
        },
        {
            "template": "template_generator/build_menu.xmltemplate",
            "include_name": "pvrmenu",
            "window_id": "1104",
            "hub_type": "PVR"
        },
        {
            "template": "template_generator/build_menu.xmltemplate",
            "include_name": "custom01menu",
            "window_id": "1106",
            "hub_type": "Custom01"
        },
        {
            "template": "template_generator/build_menu.xmltemplate",
            "include_name": "custom02menu",
            "window_id": "1107",
            "hub_type": "Custom02"
        },
        {
            "template": "template_generator/build_menu.xmltemplate",
            "include_name": "custom03menu",
            "window_id": "1108",
            "hub_type": "Custom03"
        },
        {
            "template": "template_generator/build_menu.xmltemplate",
            "include_name": "custom04menu",
            "window_id": "1109",
            "hub_type": "Custom04"
        },
        {
            "template": "template_generator/build_widgets.xmltemplate",
            "include_name": "mainwidgets"
        },
        {
            "template": "template_generator/build_widgets.xmltemplate",
            "include_name": "moviewidgets"
        },
        {
            "template": "template_generator/build_widgets.xmltemplate",
            "include_name": "tvshowwidgets"
        },
        {
            "template": "template_generator/build_widgets.xmltemplate",
            "include_name": "musicwidgets"
        },
        {
            "template": "template_generator/build_widgets.xmltemplate",
            "include_name": "pvrwidgets"
        },
        {
            "template": "template_generator/build_widgets.xmltemplate",
            "include_name": "custom01widgets"
        },
        {
            "template": "template_generator/build_widgets.xmltemplate",
            "include_name": "custom02widgets"
        },
        {
            "template": "template_generator/build_widgets.xmltemplate",
            "include_name": "custom03widgets"
        },
        {
            "template": "template_generator/build_widgets.xmltemplate",
            "include_name": "custom04widgets"
        }
    ]
}



