<?xml version="1.0" encoding="UTF-8"?>
<includes>

    <include name="NextAired_GroupList">
        <control type="grouplist" id="5000">
            <top>500</top>
            <orientation>vertical</orientation>
            <include content="Animation_Half_WindowChange">
                <param name="windowopen_up">False</param>
                <param name="windowopen_down">!$EXP[Exp_SettingsDialogs_Prev]</param>
                <param name="windowclose_up">False</param>
                <param name="windowclose_down">!$EXP[Exp_SettingsDialogs_Next]</param>
            </include>
            <onup>PreviousMenu</onup>
            <ondown>ActivateWindow(1171)</ondown>
            <control type="group" id="5999">
                <height>widget_tbump_h</height>
            </control>
            <nested />
            <control type="group" id="5099">
                <height>0</height>
                <control type="group">
                    <visible>!Integer.IsEqual(Container(5000).NumItems,0)</visible>
                    <visible>!Integer.IsEqual(Container(5000).NumItems,1) | !Control.HasFocus(5098) | ControlGroup(5000).HasFocus()</visible>
                    <visible>!$EXP[Exp_InfoDialogs]</visible>
                    <include content="Furniture_Bottom_WidgetGroups">
                        <param name="label">$LOCALIZE[33063]</param>
                    </include>
                </control>
            </control>
        </control>
    </include>

    <include name="NextAired_Content">
        <include content="Home_Widgets_Infopanel">
            <param name="visible">true</param>
            <include>Info_Panel</include>
        </include>

        <include content="NextAired_GroupList">
            <include content="NextAired_Widgets">
                <param name="info">$PARAM[info]</param>
            </include>
        </include>
    </include>

    <!-- TODO: Switch to new mode -->
    <include name="NextAired_Window">
        <include>Defs_TMDbHelper_Loader</include>
        <include>Background_Main</include>
        <include>Background_Transition</include>

        <control type="group" id="320">
            <include>Animation_View_WindowChange</include>
            <animation type="Conditional" condition="Control.IsVisible(330)" reversible="false">
                <effect type="slide" end="0,-20" time="60" tween="sine" />
                <effect type="slide" end="0,20" time="180" tween="sine" delay="80" />
            </animation>
            <nested />
        </control>
        <include>View_Bumper</include>
        <include>Widget_Transitions</include>
        <include>Home_Fade</include>
        <include>Home_Menu</include>

        <control type="group">
            <visible>!$EXP[Exp_InfoDialogs]</visible>
            <include>Furniture_Top</include>
            <include>Animation_View_WindowChange</include>
            <include content="Hub_Widgets_Group_Furniture">
                <param name="visible">true</param>
            </include>
        </control>

        <include>View_Dialog_VideoPIP</include>
        <include>View_Dialog_Plot</include>
    </include>

    <include name="NextAired_Widget">
        <param name="include">List_Landscape_Row</param>
        <definition>
            <include content="Widget_Info_Row">
                <param name="id">$PARAM[id]</param>
                <param name="label">$PARAM[label]</param>
                <param name="include">$PARAM[include]</param>
                <param name="altvisible">$PARAM[altvisible]</param>
                <param name="transition_include">true</param>
                <param name="transition_hidden">Control.HasFocus(50$PARAM[id])</param>
                <nested />
            </include>
        </definition>
    </include>

    <include name="NextAired_Widgets">
        <include content="NextAired_Widget">
            <param name="id">01</param>
            <param name="label">$INFO[Container(5001).ListItem.Property(widget)]$INFO[Container(5001).ListItem.Property(air_date_short),$COMMA ,]</param>
            <param name="visible">true</param>
            <content target="videos">plugin://plugin.video.themoviedb.helper/?info=$PARAM[info]&amp;reload=$INFO[System.Time(hh)]&amp;startdate=-1&amp;days=1&amp;widget=True&amp;type=episode</content>
        </include>
        <include content="NextAired_Widget">
            <param name="id">02</param>
            <param name="label">$INFO[Container(5002).ListItem.Property(widget)]$INFO[Container(5002).ListItem.Property(air_date_short),$COMMA ,]</param>
            <param name="visible">true</param>
            <content target="videos">plugin://plugin.video.themoviedb.helper/?info=$PARAM[info]&amp;reload=$INFO[System.Time(hh)]&amp;startdate=0&amp;days=1&amp;widget=True&amp;type=episode</content>
        </include>
        <include content="NextAired_Widget">
            <param name="id">03</param>
            <param name="label">$INFO[Container(5003).ListItem.Property(widget)]$INFO[Container(5003).ListItem.Property(air_date_short),$COMMA ,]</param>
            <param name="visible">true</param>
            <content target="videos">plugin://plugin.video.themoviedb.helper/?info=$PARAM[info]&amp;reload=$INFO[System.Time(hh)]&amp;startdate=1&amp;days=1&amp;widget=True&amp;type=episode</content>
        </include>
        <include content="NextAired_Widget">
            <param name="id">04</param>
            <param name="label">$INFO[Container(5004).ListItem.Property(widget)]$INFO[Container(5004).ListItem.Property(air_date_short),$COMMA ,]</param>
            <param name="visible">true</param>
            <content target="videos">plugin://plugin.video.themoviedb.helper/?info=$PARAM[info]&amp;reload=$INFO[System.Time(hh)]&amp;startdate=2&amp;days=1&amp;widget=True&amp;type=episode</content>
        </include>
        <include content="NextAired_Widget">
            <param name="id">05</param>
            <param name="label">$INFO[Container(5005).ListItem.Property(widget)]$INFO[Container(5005).ListItem.Property(air_date_short),$COMMA ,]</param>
            <param name="visible">true</param>
            <content target="videos">plugin://plugin.video.themoviedb.helper/?info=$PARAM[info]&amp;reload=$INFO[System.Time(hh)]&amp;startdate=3&amp;days=1&amp;widget=True&amp;type=episode</content>
        </include>
        <include content="NextAired_Widget">
            <param name="id">06</param>
            <param name="label">$INFO[Container(5006).ListItem.Property(widget)]$INFO[Container(5006).ListItem.Property(air_date_short),$COMMA ,]</param>
            <param name="visible">true</param>
            <content target="videos">plugin://plugin.video.themoviedb.helper/?info=$PARAM[info]&amp;reload=$INFO[System.Time(hh)]&amp;startdate=4&amp;days=1&amp;widget=True&amp;type=episode</content>
        </include>
        <include content="NextAired_Widget">
            <param name="id">07</param>
            <param name="label">$INFO[Container(5007).ListItem.Property(widget)]$INFO[Container(5007).ListItem.Property(air_date_short),$COMMA ,]</param>
            <param name="visible">true</param>
            <content target="videos">plugin://plugin.video.themoviedb.helper/?info=$PARAM[info]&amp;reload=$INFO[System.Time(hh)]&amp;startdate=5&amp;days=1&amp;widget=True&amp;type=episode</content>
        </include>
        <include content="NextAired_Widget">
            <param name="id">08</param>
            <param name="label">$INFO[Container(5008).ListItem.Property(widget)]$INFO[Container(5008).ListItem.Property(air_date_short),$COMMA ,]</param>
            <param name="visible">true</param>
            <content target="videos">plugin://plugin.video.themoviedb.helper/?info=$PARAM[info]&amp;reload=$INFO[System.Time(hh)]&amp;startdate=6&amp;days=1&amp;widget=True&amp;type=episode</content>
        </include>
    </include>
</includes>
