{
    "widget_id": "$MATH[5000 + {item_x} + 1]",
    "widget_group_id": "$MATH[5100 + {item_x} + 1]",
    "widget_label": "{item_label}",
    "widget_target": "{item_target}",
    "widget_sortby": "{item_widget_sortby}",
    "widget_limit": "{item_widget_limit}",
    "widget_sortorder": [
        {
            "condition":"{item_widget_sortorder}==True",
            "value" : "descending"
        },
        "ascending"
    ],
    "widget_sort_descending": [
        {
            "condition":"{item_widget_sortorder}==True",
            "value" : "True"
        },
        "False"
    ],
    "widget_conditional_fade": "!String.IsEqual(Container({widget_selector_id}).ListItem.Property(guid),{item_guid})",
    "widget_visible": "[!Skin.HasSetting(Search.EnableDiscover) + !String.IsEmpty(Control.GetLabel(9099).index(1)) + [String.IsEqual(Container({widget_selector_id}).ListItem.Property(guid),{item_guid}) | [!ControlGroup(6000).HasFocus() + !Control.HasFocus(5099) + System.IdleTime(1) + !System.IdleTime(2)]]]",
    "widget_altvisible": "[!Skin.HasSetting(Search.EnableDiscover) + !String.IsEmpty(Control.GetLabel(9099).index(1)) + !ControlGroup(6000).HasFocus() + !Control.HasFocus(5099) + System.IdleTime(1) + !System.IdleTime(2)]",
    "widget_include": [
        {
            "condition":"{item_widget_style}==Landscape",
            "value" : "List_Landscape_Row"
        },
        {
            "condition":"{item_widget_style}==Poster",
            "value" : "List_Poster_Row"
        },
        {
            "condition":"{item_widget_style}==Square",
            "value" : "List_Square_Row"
        },
        {
            "condition":"{item_widget_style}==Card",
            "value" : "List_Card_Row"
        },
        {
            "condition":"{item_widget_style}==Banner",
            "value" : "List_Banner_Row"
        },
        "List_Landscape_Row"
    ],
    "widget_detailed": "False",
    "widget_isautoscroll": [
        {
            "condition":"{item_widget_autoscroll}==True",
            "value" : "True"
        },
        "False"
    ],
    "widget_shortstack": "False"
}