<?xml version="1.0" encoding="UTF-8"?>
<window>
    <include content="Action_SettingsCategories_Onload">
        <param name="defaultcontrol">3</param>
    </include>

    <controls>

        <include content="Background_Main">
            <param name="plain_background">true</param>
        </include>

        <include content="Background_Transition">
            <param name="windowopen_condition">!$EXP[Exp_SettingsDialogs_Prev]</param>
            <param name="windowclose_condition">!$EXP[Exp_SettingsDialogs_Next]</param>
        </include>

        <include content="Settings_Dialog">
            <include content="DialogInfo_ButtonGroup_Basic">
                <param name="id">30000</param>
                <param name="dim_visible">false</param>
                <onright>3</onright>
                <onleft>SetFocus(30040)</onleft>
                <include content="Settings_Side_Button">
                    <param name="id">02</param>
                    <param name="label">$LOCALIZE[33061]</param>
                    <param name="icon">special://skin/extras/icons/list-check.png</param>
                    <onclick>SetFocus(30040)</onclick>
                </include>
                <include content="Settings_Side_Button">
                    <param name="id">03</param>
                    <param name="label">$INFO[Control.GEtLabel(20)]</param>
                    <param name="icon">special://skin/extras/icons/settings.png</param>
                    <onclick>settingslevelchange</onclick>
                </include>
            </include>
            <include content="Settings_Main_Group">
                <include content="Settings_Left_Group">
                    <include content="Settings_Left_Content">
                        <control type="grouplist" id="3">
                            <onleft>30000</onleft>
                            <onup>30032</onup>
                            <onright>5</onright>
                            <ondown>-</ondown>
                        </control>
                    </include>

                </include>
                <include content="Settings_Right_Group">
                    <param name="arrow_prev_visible">Container(5).HasPrevious</param>
                    <param name="arrow_next_visible">Container(5).HasNext</param>
                    <include content="Settings_Right_Grouplist">
                        <param name="id">5</param>
                        <onleft>3</onleft>
                        
                    </include>
                    <include content="Settings_InfoText">
                        <param name="id">6</param>
                    </include>
                </include>
                <include>Settings_KodiVersion</include>
            </include>
            <include content="Settings_Changer">
                <onup>3</onup>
            </include>
        </include>

        <include content="Settings_Button">
            <param name="id">10</param>
            <param name="control">togglebutton</param>
            <include>Texture_Highlight_ToggleButton_Settings</include>
            <focusedcolor>$VAR[ColorSettingsToggleButtonText]</focusedcolor>
            <altfocusedcolor>$VAR[ColorSettingsToggleButtonText]</altfocusedcolor>
            <width>settings_category_w</width>
            <description>Default Category Button</description>
        </include>

        <include content="Settings_Button">
            <param name="id">7</param>
            <param name="control">button</param>
            <description>Default Setting Button</description>
        </include>

        <include content="Settings_Button">
            <param name="id">8</param>
            <param name="control">radiobutton</param>
            <description>Default Setting Button</description>
            <textwidth>settings_radiobutton_text_w</textwidth>
        </include>

        <include content="Settings_Button">
            <param name="id">9</param>
            <param name="control">spincontrolex</param>
            <description>Default Setting Button</description>
            <textwidth>settings_radiobutton_text_w</textwidth>
        </include>

        <include content="Settings_Button">
            <param name="id">12</param>
            <param name="control">edit</param>
            <description>Default Setting Button</description>
        </include>

        <include content="Settings_Button">
            <param name="id">13</param>
            <param name="control">sliderex</param>
            <description>Default Setting Button</description>
            <textwidth>settings_slider_text_w</textwidth>
        </include>

        <include content="Settings_Label">
            <param name="id">14</param>
            <param name="control">label</param>
            <description>Default Setting Label</description>
        </include>

        <include content="Settings_Button">
            <param name="id">15</param>
            <param name="control">colorbutton</param>
            <description>Default Setting Button</description>
        </include>

        <include content="Object_Hidden_Button">
            <param name="id">20</param>
            <param name="control">button</param>
        </include>
    </controls>

</window>
