<?xml version="1.0" encoding="UTF-8"?>
<window type="dialog">
    <include content="Object_DefaultControl">
        <param name="always">true</param>
        <param name="defaultcontrol">4001</param>
    </include>
    <menucontrol>4000</menucontrol>
    <include>DialogInfo_Onload</include>
    <controls>


        <include>Defs_TMDbHelper_Loader</include>

        <control type="image">
            <texture colordiffuse="$VAR[ColorBackground]">background/combined_overlay.png</texture>
            <visible>Control.HasFocus(5003) | Control.HasFocus(5103) | Control.HasFocus(5303) | Control.HasFocus(50)</visible>
            <include>Animation_FadeIn</include>
            <include>Animation_FadeOut</include>
        </control>

        <include content="DialogInfo_Main_Group">
            <include content="DialogInfo_Body_Group">
                <include content="DialogInfo_InfoPanel_Group">
                    <include content="DialogInfo_InfoDetails_Group">
                        <include>DialogInfo_VideoInfo</include>
                    </include>
                </include>
                <include>DialogInfo_ArtworkGallery</include>
            </include>

            <include content="DialogInfo_ButtonGroup">
                <param name="include">Items_DialogVideoInfo_MenuBar</param>
            </include>

            <include>DialogInfo_Furniture</include>
        </include>

        <include>DialogInfo_PlotBox</include>

    </controls>
</window>
