<?xml version="1.0" encoding="UTF-8"?>
<window type="dialog" id="1120">
    <defaultcontrol always="true">6000</defaultcontrol>
    <onload>SetProperty(TMDbHelper.ServicePause,1)</onload>
    <include>Action_ClearContext_OnUnload</include>
    <controls>

        <control type="group">
            <animation type="WindowOpen" reversible="false" condition="$EXP[Exp_InfoDialogs]">
                <effect type="fade" start="0" end="100" time="800" tween="sine" easing="out"/>
                <effect type="slide" start="big_poster_w,200" end="0" time="800" tween="cubic" easing="out" />
            </animation>
            <animation type="WindowClose" reversible="false" condition="$EXP[Exp_InfoDialogs]">
                <effect type="fade" start="100" end="0" time="400" tween="sine" easing="out" />
                <effect type="slide" start="0" end="big_poster_w,200" time="800" tween="cubic" easing="out" />
            </animation>
            <animation type="WindowOpen" reversible="false" condition="!$EXP[Exp_InfoDialogs]">
                <effect type="fade" start="0" end="100" time="800" tween="sine" easing="out"/>
                <effect type="slide" start="0,200" end="0" time="800" tween="cubic" easing="out" />
            </animation>
            <animation type="WindowClose" reversible="false" condition="!$EXP[Exp_InfoDialogs]">
                <effect type="fade" start="100" end="0" time="400" tween="sine" easing="out" />
                <effect type="slide" start="0" end="0,200" time="800" tween="cubic" easing="out" />
            </animation>
            <control type="grouplist" id="6000">
                <onup>Close</onup>
                <ondown>330</ondown>
                <animation type="Conditional" condition="Control.IsVisible(330)" reversible="false">
                    <effect type="slide" end="0,-20" time="60" tween="sine" />
                    <effect type="slide" end="0,20" time="180" tween="sine" delay="80" />
                </animation>
                <orientation>vertical</orientation>
                <control type="group" id="6100">
                    <height>600</height>
                </control>
                <include content="Widget_Poster" condition="!$EXP[Exp_IsPersonInfo]">
                    <param name="groupid" value="5100" />
                    <param name="id" value="5000" />
                    <param name="label" value="$LOCALIZE[206]" />
                    <param name="visible" value="!String.IsEmpty(Window.Property(Path.Cast))" />
                    <content>$INFO[Window.Property(Path.Cast)]</content>
                    <include content="Action_Widget_Click"><param name="id" value="5000" /></include>
                    <onback>SetFocus(5000)</onback>
                    <oninfo>Action(Select)</oninfo>
                </include>
                <include content="Widget_Poster" condition="!$EXP[Exp_IsPersonInfo]">
                    <param name="groupid" value="5111" />
                    <param name="id" value="5011" />
                    <param name="label" value="$LOCALIZE[33054]" />
                    <param name="visible" value="!String.IsEmpty(Window.Property(Path.Seasons))" />
                    <content target="videos">$INFO[Window.Property(Path.Seasons)]</content>
                    <onclick>Close</onclick>
                    <onclick>Container.Update($INFO[Container(5011).ListItem.FolderPath])</onclick>
                    <onback>SetFocus(5000)</onback>
                    <oninfo>Action(Select)</oninfo>
                </include>

                <include content="Widget_Poster" condition="!$EXP[Exp_IsPersonInfo]">
                    <param name="groupid" value="5109" />
                    <param name="id" value="5009" />
                    <param name="label" value="$INFO[Window.Property(Collection)]" />
                    <param name="visible" value="!String.IsEmpty(Window.Property(Path.FromCollection))" />
                    <content>$INFO[Window.Property(Path.FromCollection)]</content>
                    <include content="Action_Widget_Click"><param name="id" value="5009" /></include>
                    <onback>SetFocus(5000)</onback>
                    <oninfo>Action(Select)</oninfo>
                </include>

                <include content="Widget_Poster" condition="!$EXP[Exp_IsPersonInfo]">
                    <param name="groupid" value="5102" />
                    <param name="id" value="5002" />
                    <param name="label" value="$LOCALIZE[31018]" />
                    <param name="visible" value="!String.IsEmpty(Window.Property(Path.Recommendations))" />
                    <content>$INFO[Window.Property(Path.Recommendations)]</content>
                    <include content="Action_Widget_Click"><param name="id" value="5002" /></include>
                    <onback>SetFocus(5000)</onback>
                    <oninfo>Action(Select)</oninfo>
                </include>
                <include content="Widget_Poster" condition="!$EXP[Exp_IsPersonInfo]">
                    <param name="groupid" value="5103" />
                    <param name="id" value="5003" />
                    <param name="label" value="$LOCALIZE[31021]" />
                    <param name="visible" value="!String.IsEmpty(Window.Property(Path.Similar))" />
                    <content>$INFO[Window.Property(Path.Similar)]</content>
                    <include content="Action_Widget_Click"><param name="id" value="5003" /></include>
                    <onback>SetFocus(5000)</onback>
                </include>
                <include content="Widget_Poster" condition="!$EXP[Exp_IsPersonInfo]">
                    <param name="groupid" value="5104" />
                    <param name="id" value="5004" />
                    <param name="label" value="$INFO[Window.Property(Year),$LOCALIZE[31060] ,]" />
                    <param name="visible" value="!String.IsEmpty(Window.Property(Path.FromYear))" />
                    <content>$INFO[Window.Property(Path.FromYear)]</content>
                    <include content="Action_Widget_Click"><param name="id" value="5004" /></include>
                    <onback>SetFocus(5000)</onback>
                    <oninfo>Action(Select)</oninfo>
                </include>
                <include content="Widget_Poster" condition="!$EXP[Exp_IsPersonInfo]">
                    <param name="groupid" value="5105" />
                    <param name="id" value="5005" />
                    <param name="label" value="$INFO[Window.Property(Genre)]" />
                    <param name="visible" value="!String.IsEmpty(Window.Property(Path.FromGenre))" />
                    <content>$INFO[Window.Property(Path.FromGenre)]</content>
                    <include content="Action_Widget_Click"><param name="id" value="5005" /></include>
                    <onback>SetFocus(5000)</onback>
                    <oninfo>Action(Select)</oninfo>
                </include>
                <include content="Widget_Poster" condition="!$EXP[Exp_IsPersonInfo]">
                    <param name="groupid" value="5106" />
                    <param name="id" value="5006" />
                    <param name="label" value="$INFO[Window(Home).Property(TMDBHelper.ListItem.Studio.1.Name),$LOCALIZE[31061] ,]" />
                    <param name="visible" value="!String.IsEmpty(Window.Property(Path.FromStudio))" />
                    <content>$INFO[Window.Property(Path.FromStudio)]</content>
                    <include content="Action_Widget_Click"><param name="id" value="5006" /></include>
                    <onback>SetFocus(5000)</onback>
                    <oninfo>Action(Select)</oninfo>
                </include>
                <include content="Widget_Poster" condition="!$EXP[Exp_IsPersonInfo]">
                    <param name="groupid" value="5107" />
                    <param name="id" value="5007" />
                    <param name="label" value="$INFO[Window.Property(Director),$LOCALIZE[31062] ,]" />
                    <param name="visible" value="!String.IsEmpty(Window.Property(Path.FromDirector))" />
                    <content>$INFO[Window.Property(Path.FromDirector)]</content>
                    <include content="Action_Widget_Click"><param name="id" value="5007" /></include>
                    <onback>SetFocus(5000)</onback>
                    <oninfo>Action(Select)</oninfo>
                </include>
                <!-- <include content="Widget_Poster" condition="!$EXP[Exp_IsPersonInfo]">
                    <param name="groupid" value="5108" />
                    <param name="id" value="5008" />
                    <param name="label" value="$INFO[Window.Property(Writer),$LOCALIZE[31062] ,]" />
                    <param name="visible" value="!String.IsEmpty(Window.Property(Path.FromWriter))" />
                    <content>$INFO[Window.Property(Path.FromWriter)]</content>
                    <include content="Action_Widget_Click"><param name="id" value="5008" /></include>
                    <onback>SetFocus(5000)</onback>
                </include> -->
                <include content="Widget_Poster" condition="!$EXP[Exp_IsPersonInfo]">
                    <param name="groupid" value="5110" />
                    <param name="id" value="5010" />
                    <param name="label" value="$LOCALIZE[31019]" />
                    <param name="visible" value="!String.IsEmpty(Window.Property(Path.Crew))" />
                    <content>$INFO[Window.Property(Path.Crew)]</content>
                    <include content="Action_Widget_Click"><param name="id" value="5010" /></include>
                    <onback>SetFocus(5000)</onback>
                    <oninfo>Action(Select)</oninfo>
                </include>

                <include content="Widget_Poster" condition="!$EXP[Exp_IsPersonInfo]">
                    <param name="groupid" value="5101" />
                    <param name="id" value="5001" />
                    <param name="label" value="Up Next" />
                    <param name="include" value="List_Landscape_Row" />
                    <param name="icon" value="$INFO[ListItem.Icon]" />
                    <param name="visible" value="!String.IsEmpty(Window.Property(Path.UpNext))" />
                    <content>$INFO[Window.Property(Path.UpNext)]</content>
                    <include content="Action_Widget_Click"><param name="id" value="5001" /></include>
                    <onback>SetFocus(5000)</onback>
                    <oninfo>Action(Select)</oninfo>
                </include>

                <!-- People Widgets -->
                <include content="Widget_Poster" condition="$EXP[Exp_IsPersonInfo]">
                    <param name="groupid" value="5100" />
                    <param name="id" value="5000" />
                    <param name="label" value="$LOCALIZE[31066]" />
                    <param name="detailed" value="true" />
                    <param name="visible" value="!String.IsEmpty(Window.Property(Path.CastInMovies))" />
                    <content>$INFO[Window.Property(Path.CastInMovies)]</content>
                    <include content="Action_Widget_Click"><param name="id" value="5000" /></include>
                    <onback>SetFocus(5000)</onback>
                    <oninfo>Action(Select)</oninfo>
                </include>
                <include content="Widget_Poster" condition="$EXP[Exp_IsPersonInfo]">
                    <param name="groupid" value="5101" />
                    <param name="id" value="5001" />
                    <param name="label" value="$LOCALIZE[31067]" />
                    <param name="detailed" value="true" />
                    <param name="visible" value="!String.IsEmpty(Window.Property(Path.CastInShows))" />
                    <content>$INFO[Window.Property(Path.CastInShows)]</content>
                    <include content="Action_Widget_Click"><param name="id" value="5001" /></include>
                    <onback>SetFocus(5000)</onback>
                    <oninfo>Action(Select)</oninfo>
                </include>
                <include content="Widget_Poster" condition="$EXP[Exp_IsPersonInfo]">
                    <param name="groupid" value="5102" />
                    <param name="id" value="5002" />
                    <param name="label" value="$LOCALIZE[31068]" />
                    <param name="detailed" value="true" />
                    <param name="visible" value="!String.IsEmpty(Window.Property(Path.CrewInMovies))" />
                    <content>$INFO[Window.Property(Path.CrewInMovies)]</content>
                    <include content="Action_Widget_Click"><param name="id" value="5002" /></include>
                    <onback>SetFocus(5000)</onback>
                    <oninfo>Action(Select)</oninfo>
                </include>
                <include content="Widget_Poster" condition="$EXP[Exp_IsPersonInfo]">
                    <param name="groupid" value="5103" />
                    <param name="id" value="5003" />
                    <param name="label" value="$LOCALIZE[31069]" />
                    <param name="detailed" value="true" />
                    <param name="visible" value="!String.IsEmpty(Window.Property(Path.CrewInShows))" />
                    <content>$INFO[Window.Property(Path.CrewInShows)]</content>
                    <include content="Action_Widget_Click"><param name="id" value="5003" /></include>
                    <onback>SetFocus(5000)</onback>
                    <oninfo>Action(Select)</oninfo>
                </include>


                <!-- Artwork Widgets -->
                <include content="Widget_Poster">
                    <param name="groupid" value="5198" />
                    <param name="id" value="5098" />
                    <param name="label" value="$LOCALIZE[31070]" />
                    <param name="include" value="List_Poster_Row" />
                    <param name="icon" value="$INFO[ListItem.Icon]" />
                    <param name="visible" value="!String.IsEmpty(Window.Property(Path.Posters))" />
                    <content>$INFO[Window.Property(Path.Posters)]</content>
                    <onclick>SetFocus(5298)</onclick>
                    <onback>SetFocus(5000)</onback>
                    <oninfo>Action(Select)</oninfo>
                </include>
                <include content="Widget_Poster" condition="!$EXP[Exp_IsPersonInfo]">
                    <param name="groupid" value="5199" />
                    <param name="id" value="5099" />
                    <param name="label" value="$LOCALIZE[20445]" />
                    <param name="include" value="List_Landscape_Row" />
                    <param name="icon" value="$INFO[ListItem.Icon]" />
                    <param name="visible" value="!String.IsEmpty(Window.Property(Path.Fanart))" />
                    <content>$INFO[Window.Property(Path.Fanart)]</content>
                    <onclick>SetFocus(5299)</onclick>
                    <onback>SetFocus(5000)</onback>
                    <oninfo>Action(Select)</oninfo>
                </include>


            </control>
            <include content="Object_WallFade">
                <param name="id" value="6000" />
            </include>
            <control type="group">
                <left>view_pad</left>
                <top>60</top>
                <height>view_pad</height>
                <include content="Info_Title">
                    <param name="colordiffuse" value="main_fg" />
                </include>
            </control>
        </control>

        <include>Furniture_Top_Right</include>

        <control type="button" id="330">
            <width>1</width>
            <height>1</height>
            <left>-1000</left>
            <onfocus>SetFocus(6000)</onfocus>
            <onclick>SetFocus(6000)</onclick>
            <visible allowhiddenfocus="true">Control.HasFocus(330)</visible>
            <animation effect="fade" time="300" start="0" end="0">Focus</animation>
        </control>

        <include content="Dialog_ImageViewer">
            <param name="buttonid" value="5299" />
            <param name="listid" value="5099" />
            <param name="art" value="PicturePath" />
        </include>
        <include content="Dialog_ImageViewer">
            <param name="buttonid" value="5298" />
            <param name="listid" value="5098" />
            <param name="art" value="PicturePath" />
        </include>

    </controls>
</window>