[
    {
        "label": "Home",
        "icon": "special://skin/extras/icons/home.png",
        "path": "ActivateWindow(Home)",
        "expression": "home",
        "forced": "True",
        "target": "",
        "widgets": [
            {
                "label": "Videos",
                "path": "videodb://",
                "widget_style": "Apps",
                "target": "videos"
            },
            {
                "label": "New Movies",
                "path": "special://skin/extras/playlists/NewMovies.xsp",
                "widget_style": "Landscape",
                "target": "videos"

            },
            {
                "label": "New Episodes",
                "path": "special://skin/extras/playlists/NewEpisodes.xsp",
                "widget_style": "Landscape",
                "target": "videos"
            }
        ]
    },
    {
        "label": "Movies",
        "icon": "special://skin/extras/icons/film.png",
        "path": "ActivateWindow(1101)",
        "expression": "movies",
        "target": "",
        "widgets": [
            {
                "label": "In-Progress",
                "path": "special://skin/extras/playlists/InProgressMovies.xsp",
                "widget_style": "Landscape",
                "target": "videos"
            },
            {
                "label": "Top Rated",
                "path": "special://skin/extras/playlists/TopRatedMovies.xsp",
                "widget_style": "Landscape",
                "target": "videos"
            },
            {
                "label": "Recent",
                "path": "special://skin/extras/playlists/RecentMovies.xsp",
                "widget_style": "Landscape",
                "target": "videos"
            },
            {
                "label": "Random",
                "path": "special://skin/extras/playlists/RandomMovies.xsp",
                "widget_style": "Landscape",
                "target": "videos"
            }
        ]
    },
    {
        "label": "TV Shows",
        "icon": "special://skin/extras/icons/tv.png",
        "path": "ActivateWindow(1102)",
        "expression": "tvshows",
        "target": "",
        "widgets": [
            {
                "label": "In-Progress",
                "path": "library://video/tvshows/inprogressshows.xml",
                "widget_style": "Landscape",
                "target": "videos"
            },
            {
                "label": "Top Rated",
                "path": "special://skin/extras/playlists/TopRatedTvShows.xsp",
                "widget_style": "Landscape",
                "target": "videos"
            },
            {
                "label": "Recent",
                "path": "special://skin/extras/playlists/RecentTvShows.xsp",
                "widget_style": "Landscape",
                "target": "videos"
            },
            {
                "label": "Random",
                "path": "special://skin/extras/playlists/RandomTvShows.xsp",
                "widget_style": "Landscape",
                "target": "videos"
            }
        ]
    },
    {
        "label": "Music",
        "icon": "special://skin/extras/icons/songs.png",
        "path": "ActivateWindow(1103)",
        "expression": "music",
        "target": "",
        "widgets": [
            {
                "label": "New",
                "path": "musicdb://recentlyaddedalbums/",
                "widget_style": "Square",
                "target": "music"
            },
            {
                "label": "Top 100",
                "path": "musicdb://top100/albums/",
                "widget_style": "Square",
                "target": "music"
            },
            {
                "label": "Recent",
                "path": "musicdb://recentlyplayedalbums/",
                "widget_style": "Square",
                "target": "music"
            },
            {
                "label": "Random",
                "path": "special://skin/extras/playlists/RandomAlbums.xsp",
                "widget_style": "Square",
                "target": "music"
            }
        ]
    },
    {
        "label": "Live TV",
        "icon": "special://skin/extras/icons/livetv.png",
        "path": "ActivateWindow(TVGuide)",
        "expression": "livetv",
        "target": "",
        "widgets": [
            {
                "label": "$LOCALIZE[568]",
                "path": "pvr://channels/tv/*",
                "widget_style": "Square",
                "target": "tvguide"
            },
            {
                "label": "$LOCALIZE[19017]",
                "path": "pvr://recordings/tv/active?view=flat",
                "widget_style": "Square",
                "target": "tvguide"
            }
        ]
    }
]