[
    {
        "label": "Search",
        "icon": "special://skin/extras/icons/search.png",
        "path": "ActivateWindow(Search)",
        "expression": "home",
        "forced": "True",
        "target": "",
        "widgets": [
            {
                "label": "IMDb: Top Rated Movies",
                "icon": "special://skin/extras/icons/shapes.png",
                "path": "plugin://plugin.video.themoviedb.helper/?list_name=IMDb%3A+Top+Rated+Movies&list_slug=imdb-top-rated-movies&user_slug=justin&plugin_category=IMDb%3A+Top+Rated+Movies&tmdb_id=None&info=trakt_userlist&sort_by=rank&sort_how=asc&widget=true&reload=$INFO[Window(Home).Property(TMDbHelper.Widgets.Reload)]&reload=$INFO[Window(Home).Property(TMDbHelper.Widgets.Reload)]",
                "target": "videos",
                "submenu": [],
                "widgets": [],
                "guid": "guid-ecf4be25"
            },
            {
                "label": "IMDb: Top Rated TV Shows",
                "path": "plugin://plugin.video.themoviedb.helper/?list_name=IMDb%3A+Top+Rated+TV+Shows&list_slug=imdb-top-rated-tv-shows&user_slug=justin&plugin_category=IMDb%3A+Top+Rated+TV+Shows&tmdb_id=None&info=trakt_userlist&sort_by=rank&sort_how=asc&widget=true&reload=$INFO[Window(Home).Property(TMDbHelper.Widgets.Reload)]&reload=$INFO[Window(Home).Property(TMDbHelper.Widgets.Reload)]",
                "icon": "special://skin/extras/icons/shapes.png",
                "target": "videos",
                "guid": "guid-129dbb90"
            }
        ],
        "guid": "guid-c8214e84"
    },
    {
        "label": "$LOCALIZE[20342]",
        "icon": "special://skin/extras/icons/film.png",
        "path": "plugin://plugin.video.themoviedb.helper/?info=dir_movie",
        "expression": "movies",
        "target": "videos",
        "widgets": [
            {
                "label": "$LOCALIZE[31128]",
                "icon": "special://skin/extras/icons/shapes.png",
                "path": "plugin://plugin.video.themoviedb.helper/?info=trakt_trending&tmdb_type=movie&widget=true&reload=$INFO[Window(Home).Property(TMDbHelper.Widgets.Reload)]&reload=$INFO[Window(Home).Property(TMDbHelper.Widgets.Reload)]",
                "target": "videos",
                "submenu": [],
                "widgets": [],
                "guid": "guid-301fa00d"
            },
            {
                "label": "Best Movies Last Decade",
                "path": "plugin://plugin.video.themoviedb.helper/?list_name=Best+Movies+Last+Decade&list_slug=best-movies-last-decade&user_slug=jurialmunkey&plugin_category=Best+Movies+Last+Decade&owner=true&tmdb_id=None&info=trakt_userlist&sort_by=added&sort_how=desc&widget=true&reload=$INFO[Window(Home).Property(TMDbHelper.Widgets.Reload)]&reload=$INFO[Window(Home).Property(TMDbHelper.Widgets.Reload)]",
                "icon": "special://skin/extras/icons/shapes.png",
                "target": "videos",
                "guid": "guid-b814972a"
            }
        ],
        "guid": "guid-c54442a7"
    },
    {
        "label": "$LOCALIZE[20343]",
        "icon": "special://skin/extras/icons/tv.png",
        "path": "plugin://plugin.video.themoviedb.helper/?info=dir_tv",
        "expression": "tvshows",
        "target": "videos",
        "widgets": [
            {
                "label": "$LOCALIZE[31128]",
                "icon": "special://skin/extras/icons/shapes.png",
                "path": "plugin://plugin.video.themoviedb.helper/?info=trakt_trending&tmdb_type=tv&widget=true&reload=$INFO[Window(Home).Property(TMDbHelper.Widgets.Reload)]&reload=$INFO[Window(Home).Property(TMDbHelper.Widgets.Reload)]",
                "target": "videos",
                "submenu": [],
                "widgets": [],
                "guid": "guid-25278bf2"
            },
            {
                "label": "Highly Rated TV Shows",
                "path": "plugin://plugin.video.themoviedb.helper/?list_name=Highly+Rated+TV+Shows&list_slug=highly-rated-tv-shows&user_slug=jurialmunkey&plugin_category=Highly+Rated+TV+Shows&owner=true&tmdb_id=None&info=trakt_userlist&sort_by=added&sort_how=desc&widget=true&reload=$INFO[Window(Home).Property(TMDbHelper.Widgets.Reload)]&reload=$INFO[Window(Home).Property(TMDbHelper.Widgets.Reload)]",
                "icon": "special://skin/extras/icons/shapes.png",
                "target": "videos",
                "guid": "guid-0eca70ca"
            }
        ],
        "guid": "guid-4e4292c8"
    },
    {
        "label": "Add-ons",
        "icon": "special://skin/extras/icons/addon.png",
        "path": "addons://sources/video/",
        "expression": "addons",
        "target": "videos",
        "widgets": [
            {
                "label": "$LOCALIZE[1037]",
                "icon": "special://skin/extras/icons/addon.png",
                "path": "addons://sources/video/",
                "target": "videos",
                "submenu": [],
                "widgets": [],
                "guid": "guid-14b3f600",
                "widget_style": "Square",
                "widget_sortby": "lastused",
                "widget_sortorder": "True"
            },
            {
                "label": "$LOCALIZE[1038]",
                "path": "addons://sources/audio/",
                "icon": "special://skin/extras/icons/addon.png",
                "target": "music",
                "guid": "guid-f6571a25",
                "widget_style": "Square",
                "widget_sortby": "lastused",
                "widget_sortorder": "True"
            }
        ],
        "guid": "guid-75c9ec27"
    },
    {
        "label": "$LOCALIZE[31085]",
        "icon": "special://skin/extras/icons/livetv.png",
        "path": "ActivateWindow(TVGuide)",
        "expression": "livetv",
        "target": "",
        "widgets": [
            {
                "label": "$LOCALIZE[568]",
                "path": "pvr://channels/tv/*",
                "widget_style": "Landscape",
                "target": "tvguide",
                "guid": "guid-661f7d35",
                "widget_sortby": "lastplayed",
                "widget_sortorder": "True"
            },
            {
                "label": "$LOCALIZE[19017]",
                "path": "pvr://recordings/tv/active?view=flat",
                "widget_style": "Landscape",
                "target": "tvguide",
                "guid": "guid-9ae1ecef"
            }
        ],
        "guid": "guid-4da6c044"
    }
]
