<?xml version="1.0" encoding="UTF-8"?>
<includes>

    <!-- Square Row -->
    <include name="View_050_Square_Row">
        <include content="View_Row_Include">
            <param name="id">50</param>
            <param name="include">List_Square_Row</param>
            <param name="viewtype_label">$LOCALIZE[31113]</param>
            <param name="visible">$EXP[Exp_View_050]</param>
        </include>
    </include>

    <!-- Landscape Row -->
    <include name="View_051_Landscape_Row">
        <include content="View_Row_Include">
            <param name="id">51</param>
            <param name="include">List_Landscape_Row</param>
            <param name="viewtype_label">$LOCALIZE[31112]</param>
            <param name="visible">$EXP[Exp_View_051]</param>
        </include>
    </include>

    <!-- Poster Row -->
    <include name="View_052_Poster_Row">
        <include content="View_Row_Include">
            <param name="id">52</param>
            <param name="include">List_Poster_Row</param>
            <param name="viewtype_label">$LOCALIZE[31111]</param>
            <param name="visible">$EXP[Exp_View_052]</param>
        </include>
    </include>

    <!-- Row Template View -->
    <include name="View_Row_Include">
        <definition>

            <control type="group">
                <visible>Control.IsVisible($PARAM[id])</visible>

                <include content="Transitions_List_Group">
                    <include content="$PARAM[include]">
                        <param name="id">$PARAM[id]</param>
                        <height>divider_bottom</height>
                        <bottom>40</bottom>
                        <include content="Action_View_Movement_OnUp"><param name="id">$PARAM[id]</param></include>
                        <include content="Action_View_Movement_OnLeft"><param name="id">$PARAM[id]</param></include>
                        <include content="Action_View_Movement_OnRight"><param name="id">$PARAM[id]</param></include>
                        <include content="Action_View_Movement_OnBack"><param name="id">$PARAM[id]</param></include>
                        <include content="Action_Row_OnDown"><param name="id">$PARAM[id]</param></include>
                        <pagecontrol>60</pagecontrol>
                        <visible>$PARAM[visible]</visible>
                        <viewtype label="$PARAM[viewtype_label]">wrap</viewtype>
                        <onfocus>ClearProperty(TMDbHelper.WidgetContainer)</onfocus>
                        <onfocus>ClearProperty(MediaFilterBase)</onfocus>
                        <onfocus>ClearProperty(View.WallSwitchRow.Hold)</onfocus>
                    </include>
                </include>
                <include>Transitions_$PARAM[include]</include>
            </control>
        </definition>
    </include>
</includes>
