<?xml version="1.0" encoding="UTF-8"?>
<window type="window" id="1114">
    <defaultcontrol always="true">9099</defaultcontrol>

    <!-- TESTER -->
    <!-- Normal -->
    <onload condition="!String.IsEmpty(Window(Home).Property(CustomSearchTerm))">RunScript(script.skinvariables,set_editcontrol=9099,window_id=1114,setfocus=340,text=$INFO[Window(Home).Property(CustomSearchTerm)])</onload>
    <onload condition="!String.IsEmpty(Window(Home).Property(CustomSearchTerm)) + !String.IsEqual(Window(Home).Property(ReplaceWindow),1114)">ClearProperty(CustomSearchTerm,Home)</onload>
    <controls>
        <include>Defs_TMDbHelper_Loader</include>
        <include>Background_ExtraFanart</include>
        <include>Background_Main</include>
        <control type="group">
            <include condition="!Window.Previous(Home)">Animation_Foreground_FadeInOut_Delay</include>
            <control type="group">
                <animation type="WindowOpen" reversible="false" condition="Window.Previous(Home) | Window.Previous(1120)">
                    <effect type="fade" start="0" end="100" time="300" delay="0" tween="sine" easing="out"/>
                    <effect type="slide" start="-320" end="0" time="400" delay="0" tween="cubic" easing="out" />
                </animation>
                <animation type="WindowClose" reversible="false" condition="Window.Next(Home) | Window.Next(1120)">
                    <effect type="fade" start="100" end="0" time="300" delay="0" tween="sine" easing="out" />
                    <effect type="slide" start="0" end="-320" time="300" delay="0" tween="cubic" easing="out" />
                </animation>
                <control type="grouplist" id="6000">
                    <onup>9099</onup>
                    <ondown>330</ondown>
                    <visible>!$EXP[Exp_InfoDialogs]</visible>
                    <visible>String.IsEmpty(Window(Home).Property(TMDbHelper.HideView))</visible>
                    <include>Animation_Common</include>
                    <animation type="Conditional" condition="Control.IsVisible(340)" reversible="false">
                        <effect type="slide" end="0,20" time="60" tween="sine" />
                        <effect type="slide" end="0,-20" time="180" tween="sine" delay="80" />
                    </animation>
                    <animation type="Conditional" condition="Control.IsVisible(330)" reversible="false">
                        <effect type="slide" end="0,-20" time="60" tween="sine" />
                        <effect type="slide" end="0,20" time="180" tween="sine" delay="80" />
                    </animation>
                    <orientation>vertical</orientation>
                    <control type="group" id="6100">
                        <height>widget_tbump_h</height>
                    </control>
                    <include>skinshortcuts-template-search</include>
                </control>
            </control>
            <include content="Object_WallFade">
                <param name="id" value="6000" />
                <param name="direction_buttons">true</param>
                <visible>!$EXP[Exp_InfoDialogs]</visible>
                <visible>String.IsEmpty(Window(Home).Property(TMDbHelper.HideView))</visible>
            </include>
            <control type="group">
                <visible>!$EXP[Exp_InfoDialogs]</visible>
                <visible>String.IsEmpty(Window(Home).Property(TMDbHelper.HideView))</visible>
                <left>40</left>
                <top>60</top>
                <height>view_pad</height>
                <control type="group">
                    <left>20</left>
                    <width>740</width>
                    <control type="group">
                        <height>70</height>
                        <centertop>50%</centertop>
                        <include content="Object_MenuBar_Item">
                            <param name="haslabel" value="false" />
                            <param name="color_bg" value="dialog_bg_100" />
                            <param name="visible" value="!Control.HasFocus(9099)" />
                        </include>
                        <include content="Object_MenuBar_Item">
                            <param name="haslabel" value="false" />
                            <param name="selected" value="true" />
                            <param name="visible" value="Control.HasFocus(9099)" />
                        </include>
                        <control type="image">
                            <left>10</left>
                            <width>60</width>
                            <bordersize>4</bordersize>
                            <aspectratio>keep</aspectratio>
                            <visible>Control.HasFocus(9099)</visible>
                            <texture colordiffuse="$VAR[ColorSelected]">special://skin/extras/icons/search.png</texture>
                        </control>
                        <control type="image">
                            <left>10</left>
                            <width>60</width>
                            <bordersize>4</bordersize>
                            <aspectratio>keep</aspectratio>
                            <visible>!Control.HasFocus(9099)</visible>
                            <texture colordiffuse="dialog_fg_70">special://skin/extras/icons/search.png</texture>
                        </control>
                    </control>
                    <include content="Object_Control">
                        <param name="id" value="9099" />
                        <param name="control" value="edit" />
                        <description>Search</description>
                        <texturefocus />
                        <texturenofocus />
                        <font>font_main_bold</font>
                        <textoffsetx>80</textoffsetx>
                        <align>left</align>
                        <onright>Close</onright>
                        <onleft>Close</onleft>
                        <ondown>SetProperty(PreviousSearchTerm,$INFO[Control.GetLabel(9099).index(1)])</ondown>
                        <ondown condition="!Integer.IsEqual(Container(6000).NumItems,0)">6000</ondown>
                        <ondown condition="Integer.IsEqual(Container(6000).NumItems,0)">340</ondown>
                        <onup>340</onup>
                    </include>
                </control>
            </control>
        </control>


        <control type="group">
            <visible>!$EXP[Exp_InfoDialogs]</visible>
            <include>Furniture_Top_Right</include>
        </control>

        <control type="group">
            <include>Furniture_Bottom</include>
            <visible>String.IsEqual(Window.Property(Slide.WidgetInfoStyle),Full)</visible>
            <visible>!String.IsEmpty(Window.Property(Slide.WidgetContainer))</visible>
            <animation effect="fade" start="0" end="100" time="400" delay="400" reversible="false">Visible</animation>
        </control>

        <!-- Keyword Finder -->
        <!-- <control type="list" id="4000">
            <top>-1000</top>
            <left>-1000</left>
            <width>1</width>
            <height>1</height>
            <itemlayout />
            <focusedlayout />
            <content target="videos">$INFO[Control.GetLabel(9099).index(1),plugin://plugin.video.themoviedb.helper/?info=search&amp;query=,&amp;tmdb_type=keyword]$VAR[Path_Param_Widget]</content>
        </control> -->


        <control type="button" id="330">
            <width>1</width>
            <height>1</height>
            <left>-1000</left>
            <onfocus>SetFocus(6000)</onfocus>
            <onclick>SetFocus(6000)</onclick>
            <visible allowhiddenfocus="true">Control.HasFocus(330)</visible>
            <animation effect="fade" time="300" start="0" end="0">Focus</animation>
        </control>
        <control type="button" id="340">
            <width>1</width>
            <height>1</height>
            <left>-1000</left>
            <onfocus>SetFocus(9099)</onfocus>
            <onclick>SetFocus(9099)</onclick>
            <visible allowhiddenfocus="true">Control.HasFocus(340)</visible>
            <animation effect="fade" time="300" start="0" end="0">Focus</animation>
        </control>
    </controls>
</window>
