<?xml version="1.0" encoding="UTF-8"?>
<window>
    <defaultcontrol always="true">30008</defaultcontrol>
    <controls>
        <include content="Background_Main">
            <param name="plain_background">true</param>
        </include>
        <include content="Dialog_SettingsCategory_Background">
            <include content="Dialog_SettingsCategory_ChangerGroup">
                <param name="changer_onright" value="9000" />
                <include content="Dialog_SettingsCategory_LeftGroup">
                    <param name="header_label" value="$LOCALIZE[130]" />
                    <control type="grouplist" id="9000">
                        <top>grid_x08</top>
                        <bottom>grid_x08</bottom>
                        <width>settings_category_w</width>
                        <onleft>30000</onleft>
                        <onright>9001</onright>
                        <include content="Dialog_Settings_Button">
                            <param name="id" value="94" />
                            <param name="control" value="button" />
                            <include>Texture_Highlight_Settings_ToggleButton</include>
                            <focusedcolor>$VAR[ColorSettingsToggleButtonText]</focusedcolor>
                            <width>settings_category_w</width>
                            <label>$LOCALIZE[154]</label>
                            <description>Storage</description>
                        </include>
                        <include content="Dialog_Settings_Button">
                            <param name="id" value="95" />
                            <param name="control" value="button" />
                            <include>Texture_Highlight_Settings_ToggleButton</include>
                            <focusedcolor>$VAR[ColorSettingsToggleButtonText]</focusedcolor>
                            <width>settings_category_w</width>
                            <label>$LOCALIZE[20037]</label>
                            <description>Summary</description>
                        </include>
                        <include content="Dialog_Settings_Button">
                            <param name="id" value="96" />
                            <param name="control" value="button" />
                            <include>Texture_Highlight_Settings_ToggleButton</include>
                            <focusedcolor>$VAR[ColorSettingsToggleButtonText]</focusedcolor>
                            <width>settings_category_w</width>
                            <label>$LOCALIZE[705]</label>
                            <description>Network</description>
                        </include>
                        <include content="Dialog_Settings_Button">
                            <param name="id" value="97" />
                            <param name="control" value="button" />
                            <include>Texture_Highlight_Settings_ToggleButton</include>
                            <focusedcolor>$VAR[ColorSettingsToggleButtonText]</focusedcolor>
                            <width>settings_category_w</width>
                            <label>$LOCALIZE[157]</label>
                            <description>Video</description>
                        </include>
                        <include content="Dialog_Settings_Button">
                            <param name="id" value="98" />
                            <param name="control" value="button" />
                            <include>Texture_Highlight_Settings_ToggleButton</include>
                            <focusedcolor>$VAR[ColorSettingsToggleButtonText]</focusedcolor>
                            <width>settings_category_w</width>
                            <label>$LOCALIZE[13281]</label>
                            <description>Hardware</description>
                        </include>
                        <include content="Dialog_Settings_Button">
                            <param name="id" value="99" />
                            <param name="control" value="button" />
                            <include>Texture_Highlight_Settings_ToggleButton</include>
                            <focusedcolor>$VAR[ColorSettingsToggleButtonText]</focusedcolor>
                            <width>settings_category_w</width>
                            <label>$LOCALIZE[31000]</label>
                            <description>Live TV / PVR</description>
                        </include>
                        <include content="Dialog_Settings_Button">
                            <param name="id" value="100" />
                            <param name="control" value="button" />
                            <include>Texture_Highlight_Settings_ToggleButton</include>
                            <focusedcolor>$VAR[ColorSettingsToggleButtonText]</focusedcolor>
                            <width>settings_category_w</width>
                            <label>$LOCALIZE[12389]</label>
                            <description>Privacy</description>
                        </include>
                    </control>


                    <include content="Dialog_SettingsCategory_RightGroup">
                        <param name="scrollbar_onleft" value="9001" />
                        <param name="info_condition" value="false" />
                        <include content="Dialog_Settings_Label">
                            <param name="control" value="label" />
                            <param name="id" value="40" />
                        </include>
                        <control type="group">
                            <top>grid_x08</top>
                            <control type="textbox" id="30">
                                <top>80</top>
                                <left>grid_x04</left>
                                <right>grid_x04</right>
                                <font>font_main_plot</font>
                                <bottom>0</bottom>
                                <pagecontrol>61</pagecontrol>
                            </control>
                        </control>
                        <control type="grouplist" id="9001">
                            <top>grid_x08</top>
                            <onleft>9000</onleft>
                            <onright condition="Control.IsVisible(30)">61</onright>
                            <itemgap>5</itemgap>
                            <control type="grouplist">
                                <height>75</height>
                                <orientation>horizontal</orientation>
                                <left>grid_x04</left>
                                <right>grid_x04</right>
                                <control type="label" id="52">
                                    <width>auto</width>
                                    <height>80</height>
                                    <font>font_main_bold</font>
                                </control>
                                <control type="label">
                                    <width>auto</width>
                                    <height>80</height>
                                    <font>font_main_bold</font>
                                    <label> - </label>
                                </control>
                                <control type="label" id="53">
                                    <width>auto</width>
                                    <height>80</height>
                                    <font>font_main_bold</font>
                                </control>
                            </control>
                            <control type="group">
                                <visible>!Control.IsVisible(30)</visible>
                                <height>105</height>
                                <orientation>horizontal</orientation>
                                <left>grid_x04</left>
                                <right>grid_x04</right>
                                <control type="group">
                                    <left>0</left>
                                    <width>33%</width>
                                    <control type="group">
                                        <right>20</right>
                                        <control type="label">
                                            <height>40</height>
                                            <label fallback="19055">$INFO[system.memory(used.percent),Used memory: ,]</label>
                                        </control>
                                        <control type="group">
                                            <height>20</height>
                                            <top>50</top>
                                            <control type="progress" id="9201">
                                                <info>system.memory(used)</info>
                                                <texturebg colordiffuse="dialog_fg_12" border="12">progress/progress-bg.png</texturebg>
                                                <lefttexture colordiffuse="$VAR[ColorHighlight]" border="12">progress/progress-left.png</lefttexture>
                                                <midtexture colordiffuse="$VAR[ColorHighlight]" border="12">progress/progress-end.png</midtexture>
                                                <righttexture colordiffuse="$VAR[ColorHighlight]" border="12">progress/progress-right.png</righttexture>
                                            </control>
                                            <control type="progress">
                                                <info>system.memory(used)</info>
                                                <texturebg colordiffuse="00ffffff" border="12">progress/progress-bg.png</texturebg>
                                                <lefttexture colordiffuse="00ffffff" border="12">progress/progress-left.png</lefttexture>
                                                <midtexture colordiffuse="$VAR[ColorGradient]" border="12" diffuse="progress/diffuse.png">progress/progress-end.png</midtexture>
                                                <righttexture colordiffuse="$VAR[ColorGradient]" border="12" diffuse="progress/diffuse-end.png">progress/progress-right.png</righttexture>
                                                <include content="Defs_Progress_Colorfade">
                                                    <param name="id" value="9201" />
                                                </include>
                                            </control>
                                        </control>
                                    </control>
                                </control>
                                <control type="group">
                                    <right>0</right>
                                    <width>67%</width>
                                    <control type="group">
                                        <left>20</left>
                                        <control type="label">
                                            <height>40</height>
                                            <label fallback="19055">$INFO[System.CPUUsage,$LOCALIZE[13271] ,]</label>
                                        </control>
                                        <control type="group">
                                            <height>20</height>
                                            <top>50</top>
                                            <control type="progress" id="9202">
                                                <info>System.CPUUsage</info>
                                                <texturebg colordiffuse="dialog_fg_12" border="12">progress/progress-bg.png</texturebg>
                                                <lefttexture colordiffuse="$VAR[ColorHighlight]" border="12">progress/progress-left.png</lefttexture>
                                                <midtexture colordiffuse="$VAR[ColorHighlight]" border="12">progress/progress-end.png</midtexture>
                                                <righttexture colordiffuse="$VAR[ColorHighlight]" border="12">progress/progress-right.png</righttexture>
                                            </control>
                                            <control type="progress">
                                                <info>System.CPUUsage</info>
                                                <texturebg colordiffuse="00ffffff" border="12">progress/progress-bg.png</texturebg>
                                                <lefttexture colordiffuse="00ffffff" border="12">progress/progress-left.png</lefttexture>
                                                <midtexture colordiffuse="$VAR[ColorGradient]" border="12" diffuse="progress/diffuse.png">progress/progress-end.png</midtexture>
                                                <righttexture colordiffuse="$VAR[ColorGradient]" border="12" diffuse="progress/diffuse-end.png">progress/progress-right.png</righttexture>
                                                <include content="Defs_Progress_Colorfade">
                                                    <param name="id" value="9202" />
                                                </include>
                                            </control>
                                        </control>
                                    </control>
                                </control>
                            </control>
                            <control type="label" id="2">
                                <textoffsetx>grid_x04</textoffsetx>
                                <height>40</height>
                            </control>
                            <control type="label" id="3">
                                <textoffsetx>grid_x04</textoffsetx>
                                <height>40</height>
                            </control>
                            <control type="label" id="4">
                                <textoffsetx>grid_x04</textoffsetx>
                                <height>40</height>
                            </control>
                            <control type="label" id="5">
                                <textoffsetx>grid_x04</textoffsetx>
                                <height>40</height>
                            </control>
                            <control type="label" id="6">
                                <textoffsetx>grid_x04</textoffsetx>
                                <height>40</height>
                            </control>
                            <control type="label" id="7">
                                <textoffsetx>grid_x04</textoffsetx>
                                <height>40</height>
                            </control>
                            <control type="label" id="8">
                                <textoffsetx>grid_x04</textoffsetx>
                                <height>40</height>
                            </control>
                            <control type="label" id="9">
                                <textoffsetx>grid_x04</textoffsetx>
                                <height>40</height>
                            </control>
                            <control type="label" id="10">
                                <textoffsetx>grid_x04</textoffsetx>
                                <height>40</height>
                            </control>
                            <control type="label" id="11">
                                <textoffsetx>grid_x04</textoffsetx>
                                <height>40</height>
                            </control>

                        </control>
                    </include>

                </include>
            </include>
        </include>


        <include content="View_Furniture_Top">
            <param name="powermenu_button">true</param>
        </include>
    </controls>

</window>
