<?xml version="1.0" encoding="UTF-8"?>
<window>
    <defaultcontrol always="true">50</defaultcontrol>
    <controls>

        <include content="Dialog_Overlay_Side">
            <param name="dialog_size">Dimension_DialogFullMenu</param>
            <include>Animation_Right_Delay</include>
            <include content="Dialog_Head">
                <param name="id">0</param>
                <param name="label">[CAPITALIZE]$LOCALIZE[40000][/CAPITALIZE]$INFO[ListItem.Title,: ,]$INFO[ListItem.Year, (,)]</param>
            </include>
            <include content="Dialog_Body">
                <include content="Dialog_Body_Group">

                    <include content="DialogInfo_PlotBox_Artwork">
                        <param name="poster_icon">$VAR[Image_VideoVersion_Poster]</param>
                        <param name="poster_visible">True</param>
                        <param name="square_icon">-</param>
                        <param name="landscape_icon">$VAR[Image_VideoVersion_Fanart]</param>
                    </include>

                    <control type="group" id="7000">
                        <left>356</left>
                        <control type="group">
                            <left>40</left>
                            <!-- <include content="Dimension_Padding">
                                <param name="pad">20</param>
                            </include> -->
                            <include content="List_DialogSelect">
                                <param name="id">50</param>
                                <param name="detailed">True</param>
                                <param name="item_height">100</param>
                                <param name="textcolor">dialog_fg</param>
                                <param name="altfocus">!Control.HasFocus(8000)</param>
                                <param name="itemlayout_include">Layout_DialogVersions</param>
                                <onright>9000</onright>
                                <onleft>8000</onleft>
                                <include content="Dimension_Padding">
                                    <param name="pad">20</param>
                                </include>
                            </include>
                            <control type="group">
                                <height>40</height>
                                <bottom>-60</bottom>
                                <control type="label">
                                    <aligny>center</aligny>
                                    <align>right</align>
                                    <font>font_hint_black</font>
                                    <textcolor>main_fg_30</textcolor>
                                    <label>$INFO[Container(50).NumItems,, $LOCALIZE[31022]]</label>
                                </control>
                            </control>
                        </control>
                    </control>
                </include>

                <include content="Dialog_Side_Grouplist">
                    <param name="id">9000</param>
                    <onleft>7000</onleft>
                    <include content="Dialog_Side_Button_BuiltIn">
                        <param name="id">9001</param>
                        <param name="groupid">9101</param>
                        <param name="icon">special://skin/extras/icons/circle-xmark.png</param>
                        <param name="label">$LOCALIZE[15067]</param>
                        <onclick>Close</onclick>
                    </include>
                    <include content="Dialog_Side_Button_BuiltIn">
                        <param name="id">21</param>
                        <param name="groupid">9021</param>
                        <param name="icon">special://skin/extras/icons/play3.png</param>
                        <param name="label">$LOCALIZE[208]</param>
                        <param name="visible">Control.IsEnabled(21)</param>
                    </include>
                    <include content="Dialog_Side_Button_BuiltIn">
                        <param name="id">22</param>
                        <param name="groupid">9022</param>
                        <param name="icon">special://skin/extras/icons/file-circle-plus.png</param>
                        <param name="label">$LOCALIZE[15019]</param>
                        <param name="visible">Control.IsEnabled(22) + Window.IsVisible(managevideoversions)</param>
                    </include>
                    <include content="Dialog_Side_Button_BuiltIn">
                        <param name="id">23</param>
                        <param name="groupid">9023</param>
                        <param name="icon">special://skin/extras/icons/file-circle-plus.png</param>
                        <param name="label">$LOCALIZE[15019]</param>
                        <param name="visible">Control.IsEnabled(23) + Window.IsVisible(managevideoextras)</param>
                    </include>
                    <include content="Dialog_Side_Button_BuiltIn">
                        <param name="id">24</param>
                        <param name="groupid">9024</param>
                        <param name="icon">special://skin/extras/icons/i-cursor.png</param>
                        <param name="label">$LOCALIZE[118]</param>
                        <param name="visible">Control.IsEnabled(24)</param>
                    </include>
                    <include content="Dialog_Side_Button_BuiltIn">
                        <param name="id">25</param>
                        <param name="groupid">9025</param>
                        <param name="icon">special://skin/extras/icons/heart-circle-plus.png</param>
                        <param name="label">$LOCALIZE[571]</param>
                        <param name="visible">Control.IsEnabled(25) + Window.IsVisible(managevideoversions)</param>
                    </include>
                    <include content="Dialog_Side_Button_BuiltIn">
                        <param name="id">26</param>
                        <param name="groupid">9026</param>
                        <param name="icon">special://skin/extras/icons/trash-can.png</param>
                        <param name="label">$LOCALIZE[1210]</param>
                        <param name="visible">Control.IsEnabled(26)</param>
                    </include>
                    <include content="Dialog_Side_Button_BuiltIn">
                        <param name="id">27</param>
                        <param name="groupid">9027</param>
                        <param name="icon">special://skin/extras/icons/images.png</param>
                        <param name="label">$LOCALIZE[39123]</param>
                        <param name="visible">Control.IsEnabled(27)</param>
                    </include>
                </include>

            </include>
        </include>
    </controls>
</window>