<?xml version="1.0" encoding="UTF-8" standalone="yes"?>
<addon id="context.themoviedb.helper" version="1.0.1" name="TMDbHelper - Additional Context Menu Items" provider-name="jurialmunkey">
    <requires>
        <import addon="xbmc.python" version="2.26.0" />
        <import addon="plugin.video.themoviedb.helper" version="4.0.16" />
    </requires>
    <extension point="kodi.context.item">
        <menu id="kodi.core.main">
            <menu>
                <label>TMDbHelper Options</label>
                <item library="context-playusing.py">
                    <label>Select player</label>
                    <visible>[String.IsEqual(ListItem.dbtype,episode) | String.IsEqual(ListItem.dbtype,movie)] + String.IsEmpty(ListItem.Property(tmdbhelper.context.playusing))</visible>
                </item>
            </menu>
        </menu>
    </extension>
    <extension point="xbmc.addon.metadata">
        <summary lang="en">Additional context menu items for TMDbHelper</summary>
        <description lang="en">Adds additional TMDbHelper context menu items
        </description>
        <platform>all</platform>
        <license>GPL-3.0-or-later</license>
        <website>https://github.com/jurialmunkey/plugin.video.themoviedb.helper</website>
        <forum>https://forum.kodi.tv/showthread.php?tid=345847</forum>
        <source></source>
        <disclaimer lang="en"></disclaimer>
        <assets>
            <icon>icon.png</icon>
            <fanart>fanart.jpg</fanart>
        </assets>
    </extension>
</addon>
