<?xml version="1.0" encoding="UTF-8"?>
<window type="dialog" id="1119">
    <defaultcontrol always="true">8000</defaultcontrol>
    <controls>

        <include content="Dialog_Overlay_Side">
            <include>Animation_Right_Delay</include>
            <include>Dimension_DialogSideMenu</include>
            <include content="Dialog_Head">
                <param name="label">$LOCALIZE[467]</param>
            </include>
            <include content="Dialog_Body">
                <include content="Dialog_Body_Grouplist">
                    <param name="id">8000</param>
                    <onright>9000</onright>
                    <onleft>Close</onleft>
                    <include content="Items_Dialog_RatingType" condition="String.IsEqual(Window(Home).Property(ConfigureRatingItem),Item01) + String.IsEqual(Window(Home).Property(ConfigureRatingContent),Movies)">
                        <param name="item">Item01</param>
                        <param name="content">Movies</param>
                    </include>
                    <include content="Items_Dialog_RatingType" condition="String.IsEqual(Window(Home).Property(ConfigureRatingItem),Item02) + String.IsEqual(Window(Home).Property(ConfigureRatingContent),Movies)">
                        <param name="item">Item02</param>
                        <param name="content">Movies</param>
                    </include>
                    <include content="Items_Dialog_RatingType" condition="String.IsEqual(Window(Home).Property(ConfigureRatingItem),Item03) + String.IsEqual(Window(Home).Property(ConfigureRatingContent),Movies)">
                        <param name="item">Item03</param>
                        <param name="content">Movies</param>
                    </include>

                    <include content="Items_Dialog_RatingType" condition="String.IsEqual(Window(Home).Property(ConfigureRatingItem),Item01) + String.IsEqual(Window(Home).Property(ConfigureRatingContent),TVShows)">
                        <param name="item">Item01</param>
                        <param name="content">TVShows</param>
                    </include>
                    <include content="Items_Dialog_RatingType" condition="String.IsEqual(Window(Home).Property(ConfigureRatingItem),Item02) + String.IsEqual(Window(Home).Property(ConfigureRatingContent),TVShows)">
                        <param name="item">Item02</param>
                        <param name="content">TVShows</param>
                    </include>
                    <include content="Items_Dialog_RatingType" condition="String.IsEqual(Window(Home).Property(ConfigureRatingItem),Item03) + String.IsEqual(Window(Home).Property(ConfigureRatingContent),TVShows)">
                        <param name="item">Item03</param>
                        <param name="content">TVShows</param>
                    </include>
                </include>
                <include content="Dialog_Side_Grouplist">
                    <param name="id">9000</param>
                    <onright>Close</onright>
                    <onleft>8000</onleft>
                    <include content="Dialog_Side_Button">
                        <param name="id">01</param>
                        <param name="label">$LOCALIZE[15067]</param>
                        <param name="icon">special://skin/extras/icons/circle-xmark.png</param>
                        <onclick>Close</onclick>
                    </include>
                </include>
            </include>
        </include>


    </controls>
</window>