<?xml version="1.0" encoding="UTF-8"?>
<includes>

    <variable name="Label_Setting_RowScrollBar">
        <value condition="Skin.String(Rows.OnDown,Wall)">$LOCALIZE[31184]</value>
        <value>$LOCALIZE[31018]</value>
    </variable>

    <variable name="Label_FullscreenWidget_PlayButton">
        <value condition="Container(301).ListItem.IsFolder">$LOCALIZE[1024]</value>
        <value>$LOCALIZE[208]</value>
    </variable>

    <variable name="Label_PVRChannelMgrHeader">
        <value condition="!String.IsEmpty(Window.Property(IsRadio))">$LOCALIZE[19024]</value>
        <value>$LOCALIZE[19023]</value>
    </variable>

    <variable name="Label_PVRRecordings_Mainlabel">
        <value condition="[Window.IsVisible(MyPVRChannels.xml) | Window.IsVisible(fullscreenvideo)] + !String.IsEmpty(ListItem.Title)">$INFO[ListItem.Title]</value>
        <value>$INFO[ListItem.Label]</value>
    </variable>

    <variable name="Label_PVRRecordings_Sublabel">
        <value condition="[Window.IsVisible(MyPVRChannels.xml) | Window.IsVisible(fullscreenvideo)] + !String.IsEmpty(ListItem.Title)">$INFO[ListItem.ChannelName]</value>
        <value condition="!String.IsEmpty(ListItem.EpisodeName)">$INFO[ListItem.EpisodeName]</value>
        <value condition="!String.IsEmpty(ListItem.Genre)">$INFO[ListItem.Genre]</value>
        <value condition="ListItem.IsFolder">$LOCALIZE[19076]</value>
    </variable>

    <variable name="Label_PVRRecordings_Sublabel_Channels">
        <value condition="Window.IsVisible(fullscreenvideo)">$INFO[ListItem.ChannelNumberLabel,  |  CH ,]$INFO[ListItem.StartTime,  |  ,]$INFO[ListItem.EndTime, - ,]</value>
    </variable>

    <variable name="Label_NowPlayingTitle">
        <value condition="!String.IsEmpty(VideoPlayer.TvShowTitle)">$INFO[VideoPlayer.TvShowTitle,, ]$INFO[VideoPlayer.Season,S,]$INFO[VideoPlayer.Episode,E, ] </value>
        <value>$INFO[Player.Title,,  ]</value>
    </variable>

    <variable name="Label_OSD_EpisodeLabel">
        <value condition="!String.IsEmpty(ListItem.Title)">$INFO[ListItem.Season,S,]$INFO[ListItem.Episode,E, ]$INFO[ListItem.Title]</value>
        <value>$INFO[ListItem.Label]</value>
    </variable>

    <variable name="Label_ListTrackNumber">
        <value condition="!String.IsEqual(Container.FolderName,ListItem.Album) + Integer.IsLess(ListItem.CurrentItem,10)">$INFO[ListItem.CurrentItem,0,]</value>
        <value condition="!String.IsEqual(Container.FolderName,ListItem.Album)">$INFO[ListItem.CurrentItem]</value>
        <value>$INFO[ListItem.TrackNumber]</value>
    </variable>

    <variable name="Label_ListArtist">
        <value condition="String.IsEqual(Container.FolderName,$LOCALIZE[15102])">$INFO[ListItem.Album]</value>
        <value condition="!String.IsEqual(Container.FolderName,ListItem.Album) | !String.IsEqual(ListItem.AlbumArtist,ListItem.Artist)">$INFO[ListItem.Artist]</value>
    </variable>

    <variable name="Label_ListPlot">
        <value condition="!String.IsEmpty(ListItem.Property(Artist_Description))">$INFO[ListItem.Property(Artist_Description)]</value>
        <value condition="!String.IsEmpty(ListItem.Property(Album_Description))">$INFO[ListItem.Property(Album_Description)]</value>
        <value condition="!String.IsEmpty(ListItem.AddonDescription)">$INFO[ListItem.AddonDescription]</value>
        <value condition="String.IsEqual(ListItem.DBType,episode) + !String.IsEmpty(ListItem.Plot)">[B]$INFO[ListItem.Title,, ~ ][/B]$INFO[ListItem.Plot]</value>
        <value condition="!String.IsEmpty(ListItem.Plot)">$INFO[ListItem.Plot]</value>
    </variable>

    <variable name="Label_Birthday">
        <value condition="!String.IsEmpty(ListItem.Property(Artist_Formed))">$INFO[ListItem.Property(Artist_Formed)]$INFO[ListItem.Property(Artist_Disbanded), ($LOCALIZE[21896] ,)]</value>
        <value condition="!String.IsEmpty(ListItem.Property(Artist_Born))">$INFO[ListItem.Property(Artist_Born)]$INFO[ListItem.Property(Artist_Died), ($LOCALIZE[21896] ,)]</value>
        <value condition="!String.IsEmpty(Window(Home).Property(TMDbHelper.ListItem.Birthday))">$INFO[Window(Home).Property(TMDbHelper.ListItem.Birthday)]$INFO[Window(Home).Property(TMDbHelper.ListItem.Deathday), ($LOCALIZE[21897] ,)]</value>
    </variable>

    <variable name="Label_PlayerStream_IsForced">
        <value condition="ListItem.Property(IsForced)">$LOCALIZE[39106]</value>
    </variable>

    <variable name="Label_PlayerStream_IsDefault">
        <value condition="ListItem.Property(IsDefault)">$LOCALIZE[39105]</value>
    </variable>

    <variable name="Label_PlayerStream_IsOriginal">
        <value condition="ListItem.Property(IsOriginal)">$LOCALIZE[39111]</value>
    </variable>

    <variable name="Label_OSD_SubtitlesLanguage">
        <value condition="VideoPlayer.SubtitlesEnabled">$INFO[VideoPlayer.SubtitlesLanguage,[UPPERCASE],[/UPPERCASE]]</value>
    </variable>

    <variable name="Label_OSD_PVR_Recording">
        <value condition="PVR.IsRecordingPlayingChannel">$LOCALIZE[31160]</value>
    </variable>

    <variable name="Label_MediaList_Year">
        <value condition="String.IsEqual(ListItem.DBType,episode) + Integer.IsLess(ListItem.Episode,10)">$INFO[ListItem.Season,,x]$INFO[ListItem.Episode,0,]</value>
        <value condition="String.IsEqual(ListItem.DBType,episode)">$INFO[ListItem.Season,,x]$INFO[ListItem.Episode]</value>
        <value>$INFO[ListItem.Year]</value>
    </variable>

    <variable name="Label_Title_Main">
        <value condition="Window.IsVisible(1120) + !String.IsEmpty(Window(1120).Property(Title))">$INFO[Window(1120).Property(Title)]</value>
        <value condition="Window.IsVisible(Home) + Integer.IsEqual(Window(Home).Property(TMDBHelper.WidgetContainer),301) + !$EXP[Exp_InfoDialogs]">$VAR[Label_Title_C301]</value>
        <value>$VAR[Label_Title_Parent]</value>
    </variable>

    <variable name="Label_Plot_Main">
        <value condition="!$EXP[Exp_InfoDialogs] + Window.IsVisible(Home) + Integer.IsEqual(Window(Home).Property(TMDBHelper.WidgetContainer),301)">$VAR[Label_Plot_C301]</value>
        <value>$VAR[Label_Plot_Parent]</value>
    </variable>

    <variable name="Label_AddonInfo_LastUpdated">
        <value condition="!String.IsEmpty(ListItem.AddonLastUpdated)">$INFO[ListItem.AddonLastUpdated]</value>
        <value condition="!String.IsEmpty(ListItem.AddonInstallDate)">$INFO[ListItem.AddonInstallDate]</value>
    </variable>

    <variable name="Label_OSD_Title">
        <value condition="!String.IsEmpty(VideoPlayer.TvShowTitle)">$INFO[VideoPlayer.TvShowTitle]</value>
        <value condition="!String.IsEmpty(VideoPlayer.Title)">$INFO[VideoPlayer.Title]</value>
        <value condition="!String.IsEmpty(VideoPlayer.Label)">$INFO[VideoPlayer.Label]</value>
        <value condition="!String.IsEmpty(Player.Title)">$INFO[Player.Title]</value>
        <value condition="!String.IsEmpty(Player.Label)">$INFO[Player.Label]</value>
    </variable>

    <variable name="Label_OSD_Time">
        <value condition="PVR.IsPlayingTV + !String.IsEmpty(PVR.EpgEventElapsedTime)">$INFO[PVR.EpgEventElapsedTime]</value>
        <value>$INFO[Player.Time]</value>
    </variable>

    <variable name="Label_OSD_Duration">
        <value condition="PVR.IsPlayingTV + !String.IsEmpty(PVR.EpgEventDuration)">$INFO[PVR.EpgEventDuration]</value>
        <value>$INFO[Player.Duration]</value>
    </variable>

    <variable name="Label_PlayerStatus">
        <value condition="Player.Forwarding32x">FF 32x</value>
        <value condition="Player.Forwarding16x">FF 16x</value>
        <value condition="Player.Forwarding8x">FF 8x</value>
        <value condition="Player.Forwarding4x">FF 4x</value>
        <value condition="Player.Forwarding2x">FF 2x</value>
        <value condition="Player.Forwarding">FF</value>
        <value condition="Player.Rewinding32x">RW 32x</value>
        <value condition="Player.Rewinding16x">RW 16x</value>
        <value condition="Player.Rewinding8x">RW 8x</value>
        <value condition="Player.Rewinding4x">RW 4x</value>
        <value condition="Player.Rewinding2x">RW 2x</value>
        <value condition="Player.Rewinding">RW</value>
        <value condition="[Player.Seeking | Player.DisplayAfterSeek] + !String.IsEmpty(Player.SeekOffset)">$LOCALIZE[773]$INFO[Player.SeekOffset, ,]</value>
        <value condition="Player.Seeking + String.IsEmpty(Player.SeekOffset)">$LOCALIZE[773]$INFO[Player.SeekStepSize, ,]</value>
        <value condition="Player.Caching">$LOCALIZE[439] $INFO[Player.CacheLevel,,%]</value>
        <value condition="Player.Paused">$LOCALIZE[112]</value>
        <value condition="!String.IsEmpty(Player.PlaySpeed) + !String.IsEqual(Player.PlaySpeed,1.00) + !String.IsEqual(Player.PlaySpeed,0.00)">$INFO[Player.PlaySpeed,$LOCALIZE[31071] ,x]</value>
    </variable>

    <variable name="Label_NextAired">
        <value condition="!String.IsEmpty(Window(Home).Property(TMDbHelper.ListItem.Next_Aired))">$INFO[Window(Home).Property(TMDbHelper.ListItem.Status), ,]$INFO[Window(Home).Property(TMDbHelper.ListItem.Next_Aired), ,]</value>
        <value condition="String.IsEqual(Window(Home).Property(TMDbHelper.ListItem.Status),Returning Series)">$INFO[Window(Home).Property(TMDbHelper.ListItem.Status), ,]$INFO[Window(Home).Property(TMDbHelper.ListItem.Last_Aired), - $LOCALIZE[31063] ,]</value>
        <value condition="!String.IsEmpty(Window(Home).Property(TMDbHelper.ListItem.Last_Aired))">$INFO[Window(Home).Property(TMDbHelper.ListItem.Status), ,]$INFO[Window(Home).Property(TMDbHelper.ListItem.Last_Aired), ,]</value>
        <value condition="!String.IsEmpty(Window(Home).Property(TMDbHelper.ListItem.Premiered))">$INFO[Window(Home).Property(TMDbHelper.ListItem.Status), ,]$INFO[Window(Home).Property(TMDbHelper.ListItem.Premiered), ,]</value>
        <value>$INFO[Window(Home).Property(TMDbHelper.ListItem.Status), ,]</value>
    </variable>

    <variable name="Label_Header_Main">
        <value condition="$EXP[Exp_InfoDialogs] | Window.IsVisible(1190) | !String.IsEmpty(Window(Home).Property(TMDbHelper.HideView))">$LOCALIZE[19033]</value>
        <value condition="$EXP[Exp_SettingsDialogs] | Window.IsVisible(AddonBrowser.xml) | Window.Isvisible(script-skinshortcuts.xml)">$VAR[Label_Header_Mini]</value>

        <value condition="Window.IsVisible(weather) + !String.IsEmpty(Weather.Location)">$INFO[Weather.Location]</value>
        <value condition="Window.IsVisible(weather)">$LOCALIZE[8]</value>
        <value condition="Window.IsVisible(filemanager)">$LOCALIZE[7]</value>
        <value condition="Window.IsVisible(1116)">$LOCALIZE[31158] Trakt</value>
        <value condition="Window.IsVisible(1117)">$LOCALIZE[31158] $LOCALIZE[14022]</value>
        <value condition="Window.IsVisible(1112)">[CAPITALIZE]$LOCALIZE[31007][/CAPITALIZE]</value>
        <value condition="Window.IsVisible(1115)">$INFO[Window.Property(Header)]$INFO[Container(6000).ListItem.Label, [COLOR=main_fg_70] &gt; [/COLOR] ,]</value>
        <value condition="Window.IsVisible(MyPVRRecordings.xml)">$LOCALIZE[19017]</value>
        <value condition="Window.IsVisible(MyPVRTimers.xml)">$LOCALIZE[19040]</value>
        <value condition="Window.IsVisible(MyPVRSearch.xml)">$LOCALIZE[137]</value>

        <value condition="Container.Content(seasons)">$LOCALIZE[33054]</value>
        <value condition="Container.Content(episodes) + !String.IsEmpty(Container.FolderName) + String.IsEqual(Container.FolderName,Container.ShowTitle)">$LOCALIZE[20360]</value>

        <value condition="!String.IsEmpty(Container.PluginCategory)">$INFO[Container.PluginCategory]</value>
        <value condition="!String.IsEmpty(Container.FolderName)">$INFO[Container.FolderName]</value>
        <value condition="Window.IsVisible(MyPVRGuide.xml)">$LOCALIZE[19069]</value>
        <value>$LOCALIZE[10000]</value>
    </variable>

    <variable name="Label_Header_Mini">
        <value condition="Window.Isvisible(script-skinshortcuts.xml) + !String.IsEmpty(Control.GetLabel(500))">$INFO[Control.GetLabel(500)]</value>
        <!-- <value condition="Window.IsVisible(AddonBrowser)">$INFO[Window.Property(BaseCategory),, [COLOR=main_fg_70] &gt; [/COLOR] ]$INFO[Container.FolderName]</value> -->
        <value condition="Window.IsVisible(AddonBrowser) + Control.HasFocus(6000)">$INFO[Container(6000).ListItem.Label]</value>
        <value condition="Window.IsVisible(AddonBrowser) + !String.IsEqual(Container(6000).ListItem.Label,Container.FolderName)">$INFO[Container(6000).ListItem.Label,, [COLOR=main_fg_70] &gt; [/COLOR] ]$INFO[Container.FolderName]</value>
        <value condition="Window.IsVisible(AddonBrowser)">$INFO[Container.FolderName]</value>
        <value condition="Window.IsVisible(interfacesettings)">$LOCALIZE[14206] $LOCALIZE[5]</value>
        <value condition="Window.IsVisible(skinsettings)">$LOCALIZE[166] $LOCALIZE[5]</value>
        <value condition="Window.IsVisible(mediasettings)">$LOCALIZE[14211] $LOCALIZE[5]</value>
        <value condition="Window.IsVisible(playersettings)">$LOCALIZE[14200] $LOCALIZE[5]</value>
        <value condition="Window.IsVisible(systemsettings)">$LOCALIZE[13000] $LOCALIZE[5]</value>
        <value condition="Window.IsVisible(servicesettings)">$LOCALIZE[14036] $LOCALIZE[5]</value>
        <value condition="Window.IsVisible(pvrsettings)">$LOCALIZE[14204] $LOCALIZE[5]</value>
        <value condition="Window.IsVisible(systeminfo)">[CAPITALIZE]$LOCALIZE[138][/CAPITALIZE]</value>
        <value condition="Window.IsVisible(SettingsProfile.xml)">$LOCALIZE[31053] $LOCALIZE[5]</value>
    </variable>

    <variable name="Label_SearchContent">
        <value condition="String.IsEqual(Window.Property(TMDbType),movie)">$LOCALIZE[342]</value>
        <value condition="String.IsEqual(Window.Property(TMDbType),tv)">$LOCALIZE[20343]</value>
        <value condition="String.IsEqual(Window.Property(TMDbType),person)">$LOCALIZE[31033]</value>
        <value condition="String.IsEqual(Window.Property(TMDbType),genre)">$LOCALIZE[515]</value>
        <value condition="String.IsEqual(Window.Property(TMDbType),cast)">$LOCALIZE[31034]</value>
        <value condition="String.IsEqual(Window.Property(TMDbType),crew)">$LOCALIZE[31035]</value>
        <value condition="String.IsEqual(Window.Property(TMDbType),collection)">$LOCALIZE[20434]</value>
    </variable>

    <variable name="Label_Plot_ESC">
        <value condition="!String.IsEmpty(Container.ListItem.Property(Artist_Description))">$ESCINFO[Container.ListItem.Property(Artist_Description)]</value>
        <value condition="!String.IsEmpty(Container.ListItem.Property(Album_Description))">$ESCINFO[Container.ListItem.Property(Album_Description)]</value>
        <value condition="!String.IsEmpty(Container.ListItem.AddonDescription)">$ESCINFO[Container.ListItem.AddonDescription]</value>
        <value condition="!String.IsEmpty(Container.ListItem.PlotOutline) + Skin.HasSetting(PlotOutline)">$ESCINFO[Container.ListItem.PlotOutline]</value>
        <value condition="!String.IsEmpty(Container.ListItem.Plot)">$ESCINFO[Container.ListItem.Plot]</value>
        <value condition="!String.IsEmpty(Window(Home).Property(TMDbHelper.ListItem.Plot))">$ESCINFO[Window(Home).Property(TMDbHelper.ListItem.Plot)]</value>
    </variable>

    <variable name="Label_TitleOnly">
        <value condition="!String.IsEmpty(Container.ListItem.TvShowTitle)">$INFO[Container.ListItem.TvShowTitle]</value>
        <value condition="!String.IsEmpty(Container.ListItem.AlbumArtist) + [String.IsEqual(Container.ListItem.DBType,song) | String.IsEqual(Container.ListItem.DBType,album)]">$INFO[Container.ListItem.AlbumArtist]</value>
        <value condition="!String.IsEmpty(Container.ListItem.Artist) + [String.IsEqual(Container.ListItem.DBType,song) | String.IsEqual(Container.ListItem.DBType,album)]">$INFO[Container.ListItem.Artist]</value>
        <value condition="!String.IsEmpty(Container.ListItem.Title)">$INFO[Container.ListItem.Title]</value>
        <value condition="!String.IsEmpty(Container.ListItem.Label)">$INFO[Container.ListItem.Label]</value>
    </variable>

    <variable name="Label_OverlayCritics">
        <value condition="!String.IsEmpty(Window(Home).Property(TMDBHelper.ListItem.rottentomatoes_consensus)) | !String.IsEmpty(Window(Home).Property(TMDBHelper.ListItem.awards))">[CR][CR][B]$LOCALIZE[31024][/B][CR]$INFO[Window(Home).Property(TMDBHelper.ListItem.rottentomatoes_consensus),, ]$INFO[Window(Home).Property(TMDBHelper.ListItem.rottentomatoes_reviewsfresh),$LOCALIZE[31054] , $LOCALIZE[31055] ]$INFO[Window(Home).Property(TMDBHelper.ListItem.rottentomatoes_reviewstotal),, $LOCALIZE[31056]. ]$INFO[Window(Home).Property(TMDBHelper.ListItem.awards)]</value>
        <value condition="!String.IsEmpty(ListItem.AddonNews)">[CR][CR][B]$LOCALIZE[24036][/B][CR]$INFO[ListItem.AddonNews]</value>
    </variable>

    <variable name="Label_ContextMenu_Title">
        <value condition="!String.IsEmpty(Window(Home).Property(ContextMenu.Label))">$INFO[Window(Home).Property(ContextMenu.Label)]</value>
        <!-- <value condition="!String.IsEmpty(ListItem.Label)">$INFO[ListItem.Label]</value>
        <value condition="!String.IsEmpty(Window(Home).Property(TMDbHelper.ListItem.Label))">$INFO[Window(Home).Property(TMDbHelper.ListItem.Label)]</value> -->
    </variable>

    <variable name="Label_ListItem_TrophyWins">
        <value condition="!String.IsEmpty(Window(Home).Property(TMDbHelper.ListItem.Oscar_Wins))">$INFO[Window(Home).Property(TMDbHelper.ListItem.Oscar_Wins)]</value>
        <value condition="!String.IsEmpty(Window(Home).Property(TMDbHelper.ListItem.GoldenGlobe_Wins))">$INFO[Window(Home).Property(TMDbHelper.ListItem.GoldenGlobe_Wins)]</value>
    </variable>
    <variable name="Label_Player_TrophyWins">
        <value condition="!String.IsEmpty(Window(Home).Property(TMDbHelper.Player.Oscar_Wins))">$INFO[Window(Home).Property(TMDbHelper.Player.Oscar_Wins)]</value>
        <value condition="!String.IsEmpty(Window(Home).Property(TMDbHelper.Player.GoldenGlobe_Wins))">$INFO[Window(Home).Property(TMDbHelper.Player.GoldenGlobe_Wins)]</value>
    </variable>


</includes>