<?xml version="1.0" encoding="UTF-8"?>
<includes>

    <include name="Layout_SkinShortcuts">
        <param name="selected" default="false" />
        <definition>
            <include content="Object_Control" condition="$PARAM[selected]">
                <param name="control" value="image" />
                <include>Texture_Highlight</include>
            </include>
            <include content="Object_Control">
                <param name="control" value="image" />
                <width>80</width>
                <bordersize>10</bordersize>
                <include content="Object_Include" condition="$PARAM[selected]">
                    <texture background="true" colordiffuse="$VAR[ColorSelected]">$INFO[ListItem.Icon]</texture>
                </include>
                <texture background="true" colordiffuse="dialog_fg_70">$INFO[ListItem.Icon]</texture>
                <aspectratio>keep</aspectratio>
            </include>
            <include content="Object_Separator" condition="$PARAM[selected]">
                <left>80</left>
            </include>
            <include content="Object_Control">
                <param name="control" value="label" />
                <include condition="$PARAM[selected]">Color_SelectedText</include>
                <left>60</left>
                <width>400</width>
                <textoffsetx>40</textoffsetx>
                <textcolor>dialog_fg_70</textcolor>
                <selectedcolor>dialog_fg_70</selectedcolor>
                <label>$INFO[ListItem.Label]</label>
            </include>
        </definition>
    </include>

    <include name="Layout_PVRGuide_Channels">
        <param name="detailed" default="false" />
        <param name="selected" default="false" />
        <definition>
            <control type="group">
                <nested />
                <include content="Object_Control" condition="$PARAM[selected]">
                    <param name="control" value="image" />
                    <include>Texture_Highlight</include>
                </include>
                <include content="Object_Control" condition="!$PARAM[selected]">
                    <param name="control" value="image" />
                    <texture colordiffuse="main_fg_12">common/white.png</texture>
                    <height>1</height>
                </include>
                <include content="Object_Control" condition="$PARAM[detailed]">
                    <param name="control" value="image" />
                    <texture>$INFO[ListItem.Icon]</texture>
                    <aspectratio align="right">keep</aspectratio>
                    <right>0</right>
                    <bordersize>10</bordersize>
                </include>
                <include content="Object_Control" condition="!$PARAM[detailed]">
                    <param name="control" value="label" />
                    <include condition="$PARAM[selected]">Color_SelectedText</include>
                    <right>dialog_pad</right>
                    <left>dialog_pad</left>
                    <textcolor>main_fg_70</textcolor>
                    <selectedcolor>main_fg_70</selectedcolor>
                    <font>font_small</font>
                    <align>right</align>
                    <label>$INFO[ListItem.ChannelNumberLabel]</label>
                </include>
                <include content="Object_Control" condition="!$PARAM[detailed]">
                    <param name="control" value="label" />
                    <include condition="$PARAM[selected]">Color_SelectedText</include>
                    <right>dialog_pad</right>
                    <left>dialog_pad</left>
                    <textcolor>main_fg_70</textcolor>
                    <selectedcolor>main_fg_70</selectedcolor>
                    <font>font_small_bold</font>
                    <label>$INFO[ListItem.Label]</label>
                </include>
            </control>
        </definition>
    </include>

    <include name="Layout_PVRChannel">
        <param name="detailed" default="false" />
        <param name="selected" default="false" />
        <param name="channelwidth" default="480" />
        <definition>
            <control type="group">
                <width>$PARAM[channelwidth]</width>
                <include content="Layout_PVRGuide_Channels">
                    <param name="detailed" value="$PARAM[detailed]" />
                    <param name="selected" value="$PARAM[selected]" />
                </include>
            </control>
            <control type="group">
                <left>$PARAM[channelwidth]</left>
                <include content="Object_Control" condition="$PARAM[selected]">
                    <param name="control" value="image" />
                    <include>Texture_Highlight</include>
                </include>
                <control type="group">
                    <width>50%</width>
                    <include content="Layout_PVRChannel_Programs">
                        <param name="detailed" value="$PARAM[detailed]" />
                        <param name="selected" value="$PARAM[selected]" />
                    </include>
                    <include content="Object_Control">
                        <param name="control" value="progress" />
                        <include content="Object_Include" condition="!$PARAM[selected]">
                            <top>1</top>
                        </include>
                        <texturebg>pvr/progressline-back.png</texturebg>
                        <lefttexture border="2" colordiffuse="main_bg_70">pvr/progressline-left2.png</lefttexture>
                        <midtexture border="2" colordiffuse="main_bg_70">pvr/progressline-mid2.png</midtexture>
                        <righttexture border="2" colordiffuse="main_bg_70">pvr/progressline-right2.png</righttexture>
                        <info>ListItem.Progress</info>
                        <visible>Integer.IsGreater(ListItem.Progress,1)</visible>
                    </include>
                </control>
                <control type="group">
                    <include content="Object_Control">
                        <param name="control" value="image" />
                        <texture colordiffuse="main_fg_12">common/white.png</texture>
                        <width>1</width>
                    </include>
                    <right>0</right>
                    <width>50%</width>
                    <include content="Layout_PVRChannel_Programs">
                        <param name="detailed" value="$PARAM[detailed]" />
                        <param name="selected" value="$PARAM[selected]" />
                        <param name="affix" value="Next" />
                    </include>
                </control>
            </control>
        </definition>
    </include>

    <include name="Layout_PVRChannel_Programs">
        <param name="detailed" default="false" />
        <param name="selected" default="false" />
        <param name="affix" default="" />
        <definition>
            <include content="Object_Control" condition="!$PARAM[selected]">
                <param name="control" value="image" />
                <texture colordiffuse="main_fg_12">common/white.png</texture>
                <height>1</height>
            </include>

            <include content="Object_Control" condition="!$PARAM[detailed]">
                <param name="control" value="label" />
                <include condition="$PARAM[selected]">Color_SelectedText</include>
                <left>30</left>
                <right>30</right>
                <textcolor>main_fg_70</textcolor>
                <selectedcolor>main_fg_70</selectedcolor>
                <label>$INFO[ListItem.$PARAM[affix]Title]</label>
            </include>
            <include content="Object_Control" condition="!$PARAM[detailed]">
                <param name="control" value="label" />
                <include condition="$PARAM[selected]">Color_SelectedText</include>
                <left>30</left>
                <right>30</right>
                <align>right</align>
                <textcolor>main_fg_70</textcolor>
                <selectedcolor>main_fg_70</selectedcolor>
                <font>font_statusbar</font>
                <label>$INFO[ListItem.$PARAM[affix]StartTime]$INFO[ListItem.$PARAM[affix]EndTime, - ,]</label>
            </include>
            <include content="Object_Control" condition="$PARAM[detailed]">
                <param name="control" value="label" />
                <include condition="$PARAM[selected]">Color_SelectedText</include>
                <left>30</left>
                <right>30</right>
                <top>30</top>
                <bottom>60</bottom>
                <textcolor>main_fg_70</textcolor>
                <selectedcolor>main_fg_70</selectedcolor>
                <label>$INFO[ListItem.$PARAM[affix]Title]</label>
            </include>
            <include content="Object_Control" condition="$PARAM[detailed]">
                <param name="control" value="label" />
                <include condition="$PARAM[selected]">Color_SelectedText</include>
                <left>30</left>
                <right>30</right>
                <bottom>20</bottom>
                <top>60</top>
                <font>font_genrelabel</font>
                <textcolor>main_fg_30</textcolor>
                <selectedcolor>main_fg_30</selectedcolor>
                <label>$INFO[ListItem.$PARAM[affix]Genre]</label>
            </include>
            <include content="Object_Control" condition="$PARAM[detailed]">
                <param name="control" value="label" />
                <include condition="$PARAM[selected]">Color_SelectedText</include>
                <left>30</left>
                <right>30</right>
                <bottom>20</bottom>
                <top>60</top>
                <align>right</align>
                <font>font_genrelabel</font>
                <textcolor>main_fg_30</textcolor>
                <selectedcolor>main_fg_30</selectedcolor>
                <label>$INFO[ListItem.$PARAM[affix]StartTime]$INFO[ListItem.$PARAM[affix]EndTime, - ,]</label>
            </include>
        </definition>
    </include>

    <include name="Layout_PVRGuide_Programs">
        <param name="detailed" default="false" />
        <param name="selected" default="false" />
        <definition>
            <include content="Object_Control" condition="$PARAM[selected]">
                <param name="control" value="image" />
                <param name="id" value="1" />
                <include>Texture_Highlight</include>
                <visible>$PARAM[visible]</visible>
            </include>
            <include content="Object_Control" condition="!$PARAM[selected]">
                <param name="control" value="image" />
                <param name="id" value="1" />
                <texture colordiffuse="40808080">$INFO[ListItem.Property(GenreType),pvr/genre/,.png]</texture>
            </include>
            <include content="Object_Control" condition="!$PARAM[selected]">
                <param name="control" value="image" />
                <texture colordiffuse="main_fg_12">common/white.png</texture>
                <width>1</width>
                <visible>$PARAM[visible]</visible>
            </include>
            <include content="Object_Control" condition="!$PARAM[selected]">
                <param name="control" value="image" />
                <param name="id" value="1" />
                <texture colordiffuse="main_fg_12">common/white.png</texture>
                <height>1</height>
                <visible>$PARAM[visible]</visible>
            </include>
            <include content="Object_Control" condition="!$PARAM[detailed]">
                <param name="control" value="label" />
                <param name="id" value="1" />
                <include condition="$PARAM[selected]">Color_SelectedText</include>
                <left>30</left>
                <right>30</right>
                <textcolor>main_fg_70</textcolor>
                <selectedcolor>main_fg_70</selectedcolor>
                <label>$INFO[ListItem.Label]</label>
                <visible>$PARAM[visible]</visible>
            </include>

            <include content="Object_Control" condition="$PARAM[detailed]">
                <param name="control" value="label" />
                <param name="id" value="1" />
                <include condition="$PARAM[selected]">Color_SelectedText</include>
                <left>30</left>
                <right>30</right>
                <top>30</top>
                <bottom>60</bottom>
                <textcolor>main_fg_70</textcolor>
                <selectedcolor>main_fg_70</selectedcolor>
                <label>$INFO[ListItem.Label]</label>
                <visible>$PARAM[visible]</visible>
            </include>
            <include content="Object_Control" condition="$PARAM[detailed]">
                <param name="control" value="label" />
                <param name="id" value="1" />
                <include condition="$PARAM[selected]">Color_SelectedText</include>
                <left>30</left>
                <right>30</right>
                <bottom>20</bottom>
                <top>60</top>
                <font>font_genrelabel</font>
                <textcolor>main_fg_30</textcolor>
                <selectedcolor>main_fg_30</selectedcolor>
                <label>$INFO[ListItem.Genre]</label>
                <visible>$PARAM[visible]</visible>
            </include>
        </definition>
    </include>

    <include name="Layout_DialogBasic">
        <param name="detailed" default="false" />
        <param name="selected" default="false" />
        <param name="misc" default="0" />
        <definition>
            <include content="Object_Control" condition="$PARAM[selected]">
                <param name="control" value="image" />
                <include>Texture_Highlight</include>
            </include>
            <control type="group">
                <left>dialog_pad</left>
                <right>$PARAM[misc]</right>
                <include content="Object_Control">
                    <param name="control" value="label" />
                    <include condition="$PARAM[selected]">Color_SelectedText</include>
                    <right>dialog_pad</right>
                    <textcolor>dialog_fg_70</textcolor>
                    <selectedcolor>dialog_fg_70</selectedcolor>
                    <label>$INFO[ListItem.Label]</label>
                </include>
                <include content="Object_Control">
                    <param name="control" value="label" />
                    <include condition="$PARAM[selected]">Color_SelectedText</include>
                    <right>dialog_pad</right>
                    <align>right</align>
                    <textcolor>dialog_fg_70</textcolor>
                    <selectedcolor>dialog_fg_70</selectedcolor>
                    <label>$INFO[ListItem.Label2]</label>
                </include>
            </control>
        </definition>
    </include>


    <include name="Layout_DialogSubtitles">
        <param name="detailed" default="false" />
        <param name="selected" default="false" />
        <definition>
            <include content="Object_Control" condition="$PARAM[selected]">
                <param name="control" value="image" />
                <include>Texture_Highlight</include>
            </include>
            <control type="group">
                <control type="group">
                    <width>140</width>
                    <control type="image">
                        <centerleft>50%</centerleft>
                        <top>20</top>
                        <height>40</height>
                        <texture>$INFO[ListItem.Thumb,resource://resource.images.languageflags.colour/,.png]</texture>
                        <aspectratio>keep</aspectratio>
                    </control>
                    <include content="Object_Control">
                        <param name="control" value="label" />
                        <include condition="$PARAM[selected]">Color_SelectedText</include>
                        <align>center</align>
                        <textoffsetx>20</textoffsetx>
                        <bottom>20</bottom>
                        <height>40</height>
                        <font>font_genrelabel</font>
                        <textcolor>dialog_fg_70</textcolor>
                        <selectedcolor>dialog_fg_70</selectedcolor>
                        <label>$INFO[ListItem.Label]</label>
                    </include>
                </control>

                <include content="Object_Control">
                    <param name="control" value="textbox" />
                    <include condition="$PARAM[selected]">Color_SelectedText</include>
                    <left>160</left>
                    <aligny>center</aligny>
                    <height>row_height</height>
                    <centertop>50%</centertop>
                    <font>font_plotbox_mini</font>
                    <right>240</right>
                    <textcolor>dialog_fg_70</textcolor>
                    <selectedcolor>dialog_fg_70</selectedcolor>
                    <label>$INFO[ListItem.Label2]</label>
                </include>

                <control type="group">
                    <right>-5</right>
                    <centerbottom>40</centerbottom>
                    <height>48</height>
                    <include content="Object_StarRating">
                        <param name="selected" value="$PARAM[selected]" />
                        <animation effect="fade" start="100" end="25" condition="Integer.IsLess(ListItem.ActualIcon,5)">Conditional</animation>
                        <right>30</right>
                    </include>
                    <include content="Object_StarRating">
                        <param name="selected" value="$PARAM[selected]" />
                        <animation effect="fade" start="100" end="25" condition="Integer.IsLess(ListItem.ActualIcon,4)">Conditional</animation>
                        <right>60</right>
                    </include>
                    <include content="Object_StarRating">
                        <param name="selected" value="$PARAM[selected]" />
                        <animation effect="fade" start="100" end="25" condition="Integer.IsLess(ListItem.ActualIcon,3)">Conditional</animation>
                        <right>90</right>
                    </include>
                    <include content="Object_StarRating">
                        <param name="selected" value="$PARAM[selected]" />
                        <animation effect="fade" start="100" end="25" condition="Integer.IsLess(ListItem.ActualIcon,2)">Conditional</animation>
                        <right>120</right>
                    </include>
                    <include content="Object_StarRating">
                        <param name="selected" value="$PARAM[selected]" />
                        <animation effect="fade" start="100" end="25" condition="Integer.IsLess(ListItem.ActualIcon,1)">Conditional</animation>
                        <right>150</right>
                    </include>
                </control>

                <control type="group">
                    <right>100</right>
                    <centertop>40</centertop>
                    <width>80</width>
                    <height>28</height>
                    <control type="image">
                        <include content="Object_Include" condition="$PARAM[selected]">
                            <colordiffuse>$VAR[ColorSelected]</colordiffuse>
                        </include>
                        <colordiffuse>dialog_fg_70</colordiffuse>
                        <texture border="10">common/box.png</texture>
                        <animation effect="fade" start="100" end="20" condition="!ListItem.property(sync)">Conditional</animation>
                    </control>
                    <control type="label">
                        <include content="Object_Include" condition="$PARAM[selected]">
                            <textcolor>$VAR[ColorGradient]</textcolor>
                        </include>
                        <textcolor>dialog_bg_100</textcolor>
                        <label>[B]SYNC[/B]</label>
                        <font>font_genrelabel</font>
                        <align>center</align>
                    </control>
                </control>

                <control type="image">
                    <right>40</right>
                    <centertop>40</centertop>
                    <width>40</width>
                    <height>40</height>
                    <include content="Object_Include" condition="$PARAM[selected]">
                        <colordiffuse>$VAR[ColorSelected]</colordiffuse>
                    </include>
                    <colordiffuse>dialog_fg_70</colordiffuse>
                    <texture>flags/cc.png</texture>
                    <aspectratio>keep</aspectratio>
                    <animation effect="fade" start="100" end="20" condition="!ListItem.property(hearing_imp)">Conditional</animation>
                </control>
            </control>
        </definition>
    </include>

    <include name="Layout_Submenu">
        <param name="detailed" default="false" />
        <param name="selected" default="false" />
        <definition>
            <include content="Object_Control" condition="$PARAM[selected]">
                <param name="control" value="image" />
                <include>Texture_Highlight</include>
            </include>
            <control type="group">
                <right>$PARAM[item_h]</right>
                <include content="Object_Control">
                    <param name="control" value="label" />
                    <include condition="$PARAM[selected]">Color_SelectedText</include>
                    <right>dialog_pad</right>
                    <left>dialog_pad</left>
                    <textcolor>dialog_fg_70</textcolor>
                    <selectedcolor>dialog_fg_70</selectedcolor>
                    <label>$INFO[ListItem.Label]</label>
                </include>
            </control>
            <control type="group">
                <width>$PARAM[item_h]</width>
                <right>row_height_x25</right>
                <include content="Object_Control">
                    <param name="control" value="image" />
                    <include content="Object_Include" condition="$PARAM[selected]">
                        <colordiffuse>$VAR[ColorSelected]</colordiffuse>
                    </include>
                    <colordiffuse>dialog_fg_70</colordiffuse>
                    <texture>$INFO[ListItem.Icon]</texture>
                    <bordersize>10</bordersize>
                </include>
            </control>
        </definition>
    </include>

    <include name="Layout_MediaList">
        <param name="detailed" default="false" />
        <param name="selected" default="false" />
        <param name="misc" default="5" />
        <definition>
            <control type="group">
                <height>row_height</height>
                <left>dialog_pad</left>
                <right>dialog_pad</right>
                <include content="Object_Control" condition="$PARAM[selected]">
                    <param name="control" value="group" />
                    <control type="image">
                        <include>Texture_Box_Highlight_H</include>
                    </control>
                    <control type="image">
                        <visible>!Container.Position($PARAM[misc])</visible>
                        <include>Texture_Highlight</include>
                        <height>50%</height>
                        <bottom>0</bottom>
                    </control>
                    <control type="image">
                        <include>Texture_Highlight</include>
                        <height>50%</height>
                        <visible>!Container.Position(0)</visible>
                    </control>
                </include>

                <!-- Videos -->
                <control type="group">
                    <visible>$PARAM[detailed]</visible>
                    <left>dialog_pad</left>
                    <right>dialog_pad</right>
                    <control type="group">
                        <visible>!String.IsEqual(ListItem.DBType,song)</visible>
                        <include content="Object_Control">
                            <param name="control" value="label" />
                            <include condition="$PARAM[selected]">Color_SelectedText</include>
                            <textcolor>main_fg_70</textcolor>
                            <selectedcolor>main_fg_70</selectedcolor>
                            <label>$VAR[Label_MediaList_Year]</label>
                            <align>right</align>
                            <font>font_small</font>
                            <bottom>3</bottom>
                            <width>80</width>
                            <left>-20</left>
                        </include>
                        <include content="Object_Indicator_List">
                            <centertop>50%</centertop>
                            <centerleft>100</centerleft>
                        </include>
                        <include content="Object_Control">
                            <param name="control" value="label" />
                            <left>140</left>
                            <include condition="$PARAM[selected]">Color_SelectedText</include>
                            <textcolor>main_fg_70</textcolor>
                            <selectedcolor>main_fg_70</selectedcolor>
                            <label>$INFO[ListItem.Title]</label>
                            <font>font_small_bold</font>
                            <bottom>3</bottom>
                        </include>
                        <include content="Object_Control">
                            <param name="control" value="label" />
                            <include condition="$PARAM[selected]">Color_SelectedText</include>
                            <textcolor>main_fg_70</textcolor>
                            <selectedcolor>main_fg_70</selectedcolor>
                            <label>$INFO[ListItem.Rating]</label>
                            <font>font_small</font>
                            <align>right</align>
                            <bottom>3</bottom>
                        </include>
                    </control>
                    <control type="group">
                        <visible>String.IsEqual(ListItem.DBType,song)</visible>
                        <include content="Object_Control">
                            <param name="control" value="label" />
                            <include condition="$PARAM[selected]">Color_SelectedText</include>
                            <textcolor>main_fg_70</textcolor>
                            <selectedcolor>main_fg_70</selectedcolor>
                            <label>$VAR[Label_ListTrackNumber]</label>
                            <align>center</align>
                            <font>font_small</font>
                            <bottom>3</bottom>
                            <width>80</width>
                            <left>-20</left>
                        </include>
                        <include content="Object_Control">
                            <param name="control" value="label" />
                            <left>80</left>
                            <include condition="$PARAM[selected]">Color_SelectedText</include>
                            <textcolor>main_fg_70</textcolor>
                            <selectedcolor>main_fg_70</selectedcolor>
                            <label>$INFO[ListItem.Title]</label>
                            <font>font_small_bold</font>
                            <bottom>3</bottom>
                        </include>
                        <include content="Object_Control">
                            <param name="control" value="label" />
                            <include condition="$PARAM[selected]">Color_SelectedText</include>
                            <textcolor>main_fg_70</textcolor>
                            <selectedcolor>main_fg_70</selectedcolor>
                            <label>$VAR[Label_ListArtist]</label>
                            <font>font_small</font>
                            <align>right</align>
                            <bottom>3</bottom>
                            <right>200</right>
                        </include>
                        <control type="image">
                            <right>100</right>
                            <centertop>48%</centertop>
                            <width>71</width>
                            <height>48</height>
                            <aspectratio>keep</aspectratio>
                            <texture fallback="flags/generic.png">flags/$VAR[Texture_ColorMode_Dir]/audio/$INFO[ListItem.FileExtension].png</texture>
                        </control>
                        <include content="Object_Control">
                            <param name="control" value="label" />
                            <include condition="$PARAM[selected]">Color_SelectedText</include>
                            <textcolor>main_fg_70</textcolor>
                            <selectedcolor>main_fg_70</selectedcolor>
                            <label>$INFO[ListItem.Duration]</label>
                            <font>font_small</font>
                            <align>right</align>
                            <bottom>3</bottom>
                        </include>
                    </control>
                </control>

                <!-- Basic -->
                <control type="group">
                    <visible>![$PARAM[detailed]]</visible>
                    <left>dialog_pad</left>
                    <right>dialog_pad</right>
                    <include content="Object_Control">
                        <param name="control" value="label" />
                        <include condition="$PARAM[selected]">Color_SelectedText</include>
                        <textcolor>main_fg_70</textcolor>
                        <selectedcolor>main_fg_70</selectedcolor>
                        <label>$INFO[ListItem.Label]</label>
                        <font>font_small_bold</font>
                    </include>
                    <include content="Object_Control">
                        <param name="control" value="label" />
                        <include condition="$PARAM[selected]">Color_SelectedText</include>
                        <textcolor>main_fg_70</textcolor>
                        <selectedcolor>main_fg_70</selectedcolor>
                        <label>$INFO[ListItem.Label2]</label>
                        <font>font_small</font>
                        <align>right</align>
                    </include>
                </control>
            </control>
        </definition>
    </include>

    <include name="Layout_DialogSelect">
        <param name="detailed" default="false" />
        <param name="selected" default="false" />
        <definition>
            <include content="Object_Control" condition="$PARAM[selected]">
                <param name="control" value="image" />
                <include>Texture_Highlight</include>
            </include>
            <control type="group">
                <left>dialog_pad</left>
                <include condition="!$PARAM[selected]">Object_IsSelected_Checkmark</include>
                <include condition="$PARAM[selected]">Object_IsSelected_Checkmark_Focus</include>
                <control type="group">
                    <left>64</left>
                    <include content="Object_Control" condition="!$PARAM[detailed]">
                        <param name="control" value="label" />
                        <include condition="$PARAM[selected]">Color_SelectedText</include>
                        <right>dialog_pad</right>
                        <textcolor>dialog_fg_70</textcolor>
                        <selectedcolor>dialog_fg_70</selectedcolor>
                        <label>$INFO[ListItem.Label]</label>
                    </include>
                    <include condition="$PARAM[detailed] + !$PARAM[selected]">Object_ListItem_Iconic</include>
                    <include content="Object_ListItem_Iconic" condition="$PARAM[detailed] + $PARAM[selected]">
                        <param name="color" value="$VAR[ColorSelected]" />
                    </include>
                </control>
            </control>
        </definition>
    </include>

    <include name="Layout_ChannelManager">
        <param name="detailed" default="false" />
        <param name="selected" default="false" />
        <param name="misc" default="false" />
        <definition>
            <control type="image">
                <texture colordiffuse="dialog_fg_12">common/white.png</texture>
                <visible>$PARAM[misc]</visible>
            </control>
            <include content="Object_Control" condition="$PARAM[selected]">
                <param name="control" value="image" />
                <include>Texture_Highlight</include>
            </include>
            <control type="group">
                <width>$PARAM[item_h]</width>
                <include content="Object_Control" condition="$PARAM[detailed]">
                    <param name="control" value="image" />
                    <bordersize>20</bordersize>
                    <aspectratio align="left">keep</aspectratio>
                    <texture background="true">$INFO[ListItem.Property(Icon)]</texture>
                </include>
                <include content="Object_Control" condition="!$PARAM[detailed]">
                    <param name="control" value="image" />
                    <bordersize>20</bordersize>
                    <aspectratio align="left">keep</aspectratio>
                    <texture background="true">$INFO[ListItem.Icon]</texture>
                </include>
            </control>
            <control type="group">
                <left>$PARAM[item_h]</left>
                <right>dialog_pad</right>
                <include content="Object_Control" condition="!$PARAM[detailed]">
                    <param name="control" value="label" />
                    <include condition="$PARAM[selected]">Color_SelectedText</include>
                    <textcolor>dialog_fg_70</textcolor>
                    <selectedcolor>dialog_fg_70</selectedcolor>
                    <font>font_small_bold</font>
                    <label>$INFO[ListItem.Label]</label>
                </include>
                <include content="Object_Control" condition="$PARAM[detailed]">
                    <param name="control" value="group" />
                    <control type="label">
                        <centertop>35%</centertop>
                        <height>30</height>
                        <include condition="$PARAM[selected]">Color_SelectedText</include>
                        <textcolor>dialog_fg_70</textcolor>
                        <selectedcolor>dialog_fg_70</selectedcolor>
                        <font>font_small_bold</font>
                        <label>$INFO[ListItem.Property(Name)]$INFO[ListItem.Property(Number), (,)]</label>
                    </control>
                    <control type="label">
                        <font>font_genrelabel</font>
                        <centerbottom>35%</centerbottom>
                        <height>20</height>
                        <include condition="$PARAM[selected]">Color_SelectedText</include>
                        <textcolor>dialog_fg_70</textcolor>
                        <selectedcolor>dialog_fg_70</selectedcolor>
                        <label>$LOCALIZE[19210]: $INFO[ListItem.Property(ClientName)] </label>
                    </control>
                    <control type="image">
                        <right>-20</right>
                        <width>64</width>
                        <height>64</height>
                        <centertop>50%</centertop>
                        <include condition="$PARAM[selected]" content="Object_Include">
                            <colordiffuse>$VAR[ColorSelected]</colordiffuse>
                        </include>
                        <colordiffuse>dialog_fg_70</colordiffuse>
                        <texture>special://skin/extras/icons/locked.png</texture>
                        <aspectratio>keep</aspectratio>
                        <visible>ListItem.Property(ParentalLocked)</visible>
                    </control>
                </include>
            </control>
        </definition>
    </include>

    <include name="Layout_AddonBrowser">
        <param name="selected" default="false" />
        <param name="detailed" default="false" />
        <definition>
            <control type="group">
                <width>$PARAM[item_w]</width>
                <height>$PARAM[item_h]</height>
                <include content="Object_Control" condition="$PARAM[selected]">
                    <param name="control" value="image" />
                    <param name="padding" value="true" />
                    <param name="pad" value="-1" />
                    <include>Texture_Box_Highlight_V</include>
                </include>
                <include condition="!$PARAM[selected]">Dialog_Outline_Box</include>
                <control type="group">
                    <height>$PARAM[item_w]</height>
                    <control type="group">
                        <include content="Object_Include" condition="$PARAM[detailed]">
                            <bottom>40</bottom>
                        </include>
                        <control type="image">
                            <texture background="true" diffuse="diffuse/square-sml.png">$INFO[ListItem.Icon]</texture>
                            <aspectratio scalediffuse="false">keep</aspectratio>
                            <visible>$PARAM[selected] | ![String.StartsWith(ListItem.Icon,Default) | String.StartsWith(ListItem.Icon,special://skin/extras/icons/) | String.StartsWith(ListItem.Icon,image://special)]</visible>
                        </control>
                        <control type="image">
                            <texture background="true" colordiffuse="dialog_fg_70" diffuse="diffuse/square-sml.png">$INFO[ListItem.Icon]</texture>
                            <aspectratio scalediffuse="false">keep</aspectratio>
                            <visible>!$PARAM[selected] + [String.StartsWith(ListItem.Icon,Default) | String.StartsWith(ListItem.Icon,special://skin/extras/icons/) | String.StartsWith(ListItem.Icon,image://special)]</visible>
                        </control>
                    </control>
                </control>
                <control type="group">
                    <height>$PARAM[item_w]</height>
                    <include content="Object_Indicator">
                        <param name="selected" value="$PARAM[selected]" />
                        <param name="shadow" value="false" />
                    </include>
                </control>
                <control type="label">
                    <include condition="$PARAM[selected]">Color_SelectedText</include>
                    <textcolor>dialog_fg_70</textcolor>
                    <label>$INFO[ListItem.Label]</label>
                    <top>$PARAM[item_w]</top>
                    <textoffsetx>20</textoffsetx>
                    <align>center</align>
                    <font>font_mini</font>
                    <visible>!$PARAM[detailed]</visible>
                </control>
                <control type="label">
                    <include condition="$PARAM[selected]">Color_SelectedText</include>
                    <textcolor>dialog_fg_70</textcolor>
                    <label>$INFO[ListItem.Label]</label>
                    <height>30</height>
                    <bottom>10</bottom>
                    <textoffsetx>20</textoffsetx>
                    <align>center</align>
                    <font>font_statusbar</font>
                    <visible>$PARAM[detailed]</visible>
                </control>

                <include content="Object_SelectBox" condition="$PARAM[selected]">
                    <param name="indicator" value="false" />
                    <param name="focusbounce" value="true" />
                </include>
            </control>
        </definition>
    </include>

    <include name="Layout_Iconic_Pad"><left>20</left></include>
    <include name="Layout_Iconic">
        <param name="selected" default="false" />
        <param name="misc" default="false" />
        <definition>
            <include content="Object_Control" condition="$PARAM[selected] + !$PARAM[detailed] + !$PARAM[misc]">
                <param name="control" value="button" />
                <visible allowhiddenfocus="true">false</visible>
                <animation effect="fade" start="0" end="0" time="500" reversible="false">Focus</animation>
                <onfocus condition="String.IsEmpty(Container($PARAM[id]).ListItem.Property(folderpath))">Container.Update($INFO[Container($PARAM[id]).ListItem.FolderPath],replace)</onfocus>
                <onfocus condition="!String.IsEmpty(Container($PARAM[id]).ListItem.Property(folderpath))">Container.Update($INFO[Container($PARAM[id]).ListItem.Property(folderpath)],replace)</onfocus>
            </include>
            <control type="group">
                <height>$PARAM[item_h]</height>

                <include content="Object_Control" condition="$PARAM[selected]">
                    <param name="control" value="image" />
                    <include>Texture_Highlight</include>
                </include>
                <control type="group">
                    <include condition="$PARAM[detailed]">Layout_Iconic_Pad</include>
                    <control type="group">
                        <width>$PARAM[item_h]</width>
                        <control type="image">
                            <texture background="true" fallback="DefaultFolder.png">$INFO[ListItem.Icon]</texture>
                            <aspectratio>keep</aspectratio>
                            <include content="Dimension_Padding"><param name="pad" value="10" /></include>
                            <visible>![String.IsEmpty(ListItem.Icon) | String.StartsWith(ListItem.Icon,Default)]</visible>
                        </control>
                        <control type="group">
                            <visible>[String.IsEmpty(ListItem.Icon) | String.StartsWith(ListItem.Icon,Default)]</visible>
                            <include content="Object_Control" condition="$PARAM[selected]">
                                <param name="control" value="image" />
                                <texture background="true" fallback="DefaultFolder.png">$INFO[ListItem.Icon]</texture>
                                <aspectratio>keep</aspectratio>
                            </include>
                            <include content="Object_Control" condition="!$PARAM[selected]">
                                <param name="control" value="image" />
                                <texture background="true" colordiffuse="dialog_fg_70" fallback="DefaultFolder.png">$INFO[ListItem.Icon]</texture>
                                <aspectratio>keep</aspectratio>
                            </include>
                        </control>
                    </control>
                    <control type="group">
                        <left>$PARAM[item_h]</left>
                        <control type="label">
                            <include condition="$PARAM[detailed]">Layout_Iconic_Pad</include>
                            <include condition="$PARAM[selected]">Color_SelectedText</include>
                            <textcolor>dialog_fg_70</textcolor>
                            <selectedcolor>dialog_fg_70</selectedcolor>
                            <label>$INFO[ListItem.Label]</label>
                            <textoffsetx>0</textoffsetx>
                            <right>20</right>
                            <align>left</align>
                            <font>font_small</font>
                        </control>
                    </control>
                </control>
                <include content="Object_Control" condition="$PARAM[detailed] + !$PARAM[misc]">
                    <param name="control" value="group" />
                    <right>40</right>
                    <width>24</width>
                    <include condition="!$PARAM[selected]">Object_IsSelected_Checkmark</include>
                    <include condition="$PARAM[selected]" content="Object_IsSelected_Checkmark">
                        <param name="color_off" value="$VAR[ColorSelected]" />
                        <param name="color_on" value="$VAR[ColorSelected]" />
                    </include>
                </include>
            </control>
        </definition>
    </include>

    <include name="Layout_BigLandscape">
        <param name="selected" default="false" />
        <param name="fg_layer" default="true" />
        <param name="bg_layer" default="true" />
        <param name="diffuse" default="diffuse/landscape_w560_h320.png" />
        <param name="listitem_dbtype" default="ListItem.DBType" />
        <param name="listitem_label" default="ListItem.Label" />
        <param name="listitem_label2" default="ListItem.TVShowTitle" />
        <param name="icon" default="$VAR[Image_Landscape]" />
        <param name="misc" default="0" />
        <definition>
            <control type="group">
                <nested />
                <width>$PARAM[item_w]</width>
                <height>$PARAM[item_h]</height>
                <include content="Object_Control" condition="$PARAM[bg_layer]">
                    <param name="control" value="group" />
                    <include content="Object_ItemBack">
                        <param name="selected" value="$PARAM[selected]" />
                        <param name="shadow_colordiffuse" value="$PARAM[shadow_colordiffuse]" />
                    </include>
                    <control type="image">
                        <texture background="true" diffuse="$PARAM[diffuse]">$PARAM[icon]</texture>
                        <aspectratio scalediffuse="false">scale</aspectratio>
                    </control>
                    <control type="image">
                        <texture background="true" diffuse="$PARAM[diffuse]">$VAR[Image_Clearlogo]</texture>
                        <aspectratio scalediffuse="false" align="left">keep</aspectratio>
                        <bordersize>20</bordersize>
                        <visible>String.IsEmpty(ListItem.Art(landscape)) + String.IsEmpty(ListItem.Art(tvshow.landscape)) + String.IsEmpty(ListItem.Art(season.landscape))</visible>
                    </control>
                </include>
                <include content="Object_Control">
                    <param name="control" value="group" />
                    <visible>String.IsEqual($PARAM[listitem_dbtype],actor) | String.IsEqual($PARAM[listitem_dbtype],video) | String.IsEqual($PARAM[listitem_dbtype],episode) | $PARAM[detailed]</visible>
                    <include content="Object_Control" condition="$PARAM[bg_layer]">
                        <param name="control" value="image" />
                        <texture border="10" colordiffuse="bbffffff">diffuse/poster_fade.png</texture>
                    </include>
                    <include content="Object_Control" condition="$PARAM[fg_layer]">
                        <param name="control" value="group" />
                        <bottom>0</bottom>
                        <height>120</height>
                        <control type="label">
                            <textcolor>ffdedede</textcolor>
                            <label>$INFO[$PARAM[listitem_label]]</label>
                            <textoffsetx>30</textoffsetx>
                            <align>left</align>
                            <aligny>center</aligny>
                            <font>font_mini_bold</font>
                            <height>20</height>
                            <bottom>30</bottom>
                            <visible>String.IsEmpty($PARAM[listitem_label2]) | ![String.IsEqual(ListItem.DBType,episode) + !String.IsEmpty(ListItem.TVShowTitle) + String.IsEmpty(Container.ShowTitle)]</visible>
                        </control>
                        <control type="label">
                            <textcolor>ffdedede</textcolor>
                            <label>$INFO[$PARAM[listitem_label]]</label>
                            <textoffsetx>30</textoffsetx>
                            <align>left</align>
                            <font>font_mini_bold</font>
                            <height>40</height>
                            <bottom>50</bottom>
                            <visible>!String.IsEmpty($PARAM[listitem_label2])</visible>
                            <visible>String.IsEqual(ListItem.DBType,episode) + !String.IsEmpty(ListItem.TVShowTitle) + String.IsEmpty(Container.ShowTitle)</visible>
                        </control>
                        <control type="label">
                            <textcolor>b3dedede</textcolor>
                            <label>$INFO[$PARAM[listitem_label2]]</label>
                            <textoffsetx>30</textoffsetx>
                            <align>left</align>
                            <font>font_mini</font>
                            <height>20</height>
                            <bottom>30</bottom>
                            <visible>!String.IsEmpty($PARAM[listitem_label2])</visible>
                            <visible>String.IsEqual(ListItem.DBType,episode) + !String.IsEmpty(ListItem.TVShowTitle) + String.IsEmpty(Container.ShowTitle)</visible>
                        </control>
                    </include>
                </include>
                <include content="Object_Control" condition="!$PARAM[selected]">
                    <param name="control" value="image" />
                    <texture colordiffuse="overlay_line" border="10">common/box-outline.png</texture>
                </include>
                <control type="group">
                    <top>-$PARAM[misc]</top>
                    <bottom>$PARAM[misc]</bottom>
                    <animation effect="slide" end="0,$PARAM[misc]" condition="true">Conditional</animation>
                    <include condition="$PARAM[fg_layer] + !$PARAM[selected]" content="Object_Indicator">
                        <param name="affix" value="$PARAM[affix]" />
                        <param name="listitem" value="$PARAM[listitem]" />
                    </include>
                    <include content="Object_SelectBox" condition="$PARAM[fg_layer] + $PARAM[selected]">
                        <param name="indicator" value="true" />
                        <param name="focusbounce" value="true" />
                    </include>
                </control>
            </control>
        </definition>
    </include>

    <include name="Layout_BigBanner">
        <param name="selected" default="false" />
        <param name="fg_layer" default="true" />
        <param name="bg_layer" default="true" />
        <param name="diffuse" default="diffuse/banner_w1760_h320.png" />
        <definition>
            <control type="group">
                <nested />
                <width>$PARAM[item_w]</width>
                <height>$PARAM[item_h]</height>
                <include content="Object_Control" condition="$PARAM[bg_layer]">
                    <param name="control" value="group" />
                    <include content="Object_ItemBack">
                        <param name="selected" value="$PARAM[selected]" />
                        <param name="shadow_colordiffuse" value="$PARAM[shadow_colordiffuse]" />
                    </include>
                    <control type="image">
                        <texture background="true" diffuse="$PARAM[diffuse]">$VAR[Image_Banner]</texture>
                        <aspectratio scalediffuse="false">scale</aspectratio>
                    </control>
                    <control type="image">
                        <texture background="true" diffuse="$PARAM[diffuse]">$VAR[Image_Clearlogo]</texture>
                        <aspectratio scalediffuse="false" align="left">keep</aspectratio>
                        <bordersize>20</bordersize>
                        <visible>String.IsEmpty(ListItem.Art(banner)) + String.IsEmpty(ListItem.Art(tvshow.banner)) + String.IsEmpty(ListItem.Art(season.banner))</visible>
                    </control>
                </include>
                <include content="Object_Control" condition="!$PARAM[selected]">
                    <param name="control" value="image" />
                    <texture colordiffuse="overlay_line" border="10">common/box-outline.png</texture>
                </include>
                <control type="group">
                    <include condition="$PARAM[fg_layer] + !$PARAM[selected]" content="Object_Indicator">
                        <param name="affix" value="$PARAM[affix]" />
                        <param name="listitem" value="$PARAM[listitem]" />
                    </include>
                    <include content="Object_SelectBox" condition="$PARAM[fg_layer] + $PARAM[selected]">
                        <param name="indicator" value="true" />
                        <param name="focusbounce" value="false" />
                    </include>
                </control>
            </control>
        </definition>
    </include>

    <include name="Layout_Poster">
        <param name="detailed" default="false" />
        <param name="selected" default="false" />
        <param name="fg_layer" default="true" />
        <param name="bg_layer" default="true" />
        <param name="diffuse" default="diffuse/poster_w217_h320.png" />
        <param name="icon" default="$VAR[Image_Poster]" />
        <param name="listitem_dbtype" default="ListItem.DBType" />
        <param name="listitem_label" default="ListItem.Label" />
        <param name="listitem_label2" default="ListItem.Label2" />
        <param name="misc" default="0" />
        <definition>
            <control type="group">
                <nested />
                <width>$PARAM[item_w]</width>
                <height>$PARAM[item_h]</height>
                <include content="Object_Control" condition="$PARAM[bg_layer]">
                    <param name="control" value="group" />
                    <include content="Object_ItemBack">
                        <param name="selected" value="$PARAM[selected]" />
                        <param name="shadow_colordiffuse" value="$PARAM[shadow_colordiffuse]" />
                    </include>
                    <control type="image">
                        <texture background="true" diffuse="$PARAM[diffuse]">$PARAM[icon]</texture>
                        <aspectratio scalediffuse="false">scale</aspectratio>
                    </control>
                </include>
                <include content="Object_Control">
                    <param name="control" value="group" />
                    <visible>String.IsEqual($PARAM[listitem_dbtype],actor) | String.IsEqual($PARAM[listitem_dbtype],video) | $PARAM[detailed]</visible>
                    <include content="Object_Control" condition="$PARAM[bg_layer]">
                        <param name="control" value="image" />
                        <texture border="10" colordiffuse="bbffffff">diffuse/poster_fade.png</texture>
                    </include>
                    <include content="Object_Control" condition="$PARAM[fg_layer]">
                        <param name="control" value="group" />
                        <top>$PARAM[item_w]</top>
                        <control type="textbox">
                            <textcolor>ffdedede</textcolor>
                            <label>$INFO[$PARAM[listitem_label]]</label>
                            <left>15</left>
                            <right>15</right>
                            <align>center</align>
                            <aligny>center</aligny>
                            <font>font_statusbar_bold</font>
                            <height>60</height>
                            <bottom>20</bottom>
                            <visible>String.IsEmpty($PARAM[listitem_label2])</visible>
                        </control>
                        <control type="label">
                            <textcolor>ffdedede</textcolor>
                            <label>$INFO[$PARAM[listitem_label]]</label>
                            <textoffsetx>15</textoffsetx>
                            <align>center</align>
                            <font>font_statusbar_bold</font>
                            <height>40</height>
                            <bottom>40</bottom>
                            <visible>!String.IsEmpty($PARAM[listitem_label2])</visible>
                        </control>
                        <control type="label">
                            <textcolor>b3dedede</textcolor>
                            <label>$INFO[$PARAM[listitem_label2]]</label>
                            <textoffsetx>15</textoffsetx>
                            <align>center</align>
                            <font>font_statusbar</font>
                            <height>20</height>
                            <bottom>20</bottom>
                            <visible>!String.IsEmpty($PARAM[listitem_label2])</visible>
                        </control>
                    </include>
                </include>
                <include content="Object_Control" condition="!$PARAM[selected] + $PARAM[bg_layer]">
                    <param name="control" value="image" />
                    <texture colordiffuse="overlay_line" border="10">common/box-outline.png</texture>
                </include>
                <control type="group">
                    <top>-$PARAM[misc]</top>
                    <bottom>$PARAM[misc]</bottom>
                    <animation effect="slide" end="0,$PARAM[misc]" condition="true">Conditional</animation>
                    <include condition="$PARAM[fg_layer] + !$PARAM[selected]" content="Object_Indicator">
                        <param name="affix" value="$PARAM[affix]" />
                        <param name="listitem" value="$PARAM[listitem]" />
                    </include>
                    <include content="Object_SelectBox" condition="$PARAM[fg_layer] + $PARAM[selected]">
                        <param name="indicator" value="true" />
                        <param name="focusbounce" value="true" />
                    </include>
                </control>
            </control>
        </definition>
    </include>

    <include name="Layout_OSDEpisodes">
        <param name="detailed" default="false" />
        <param name="selected" default="false" />
        <param name="image_w" default="356" />
        <definition>
            <include content="Object_Control" condition="$PARAM[selected]">
                <param name="control" value="image" />
                <include>Texture_Highlight</include>
            </include>
            <include content="Object_Control" condition="$PARAM[selected]">
                <param name="control" value="progress" />
                <texturebg>pvr/progressline-back.png</texturebg>
                <lefttexture border="2" colordiffuse="main_bg_30">pvr/progressline-left2.png</lefttexture>
                <midtexture border="2" colordiffuse="main_bg_30">pvr/progressline-mid2.png</midtexture>
                <righttexture border="2" colordiffuse="main_bg_30">pvr/progressline-right2.png</righttexture>
                <info>ListItem.Progress</info>
                <visible>Integer.IsGreater(ListItem.Progress,1) + !Integer.IsGreater(ListItem.Progress,99)</visible>
            </include>
            <include content="Object_Control">
                <param name="control" value="group" />
                <param name="padding" value="true" />
                <param name="pad" value="20" />
                <control type="image">
                    <right>20</right>
                    <texture background="true">$VAR[Image_Landscape]</texture>
                    <width>$PARAM[image_w]</width>
                    <aspectratio align="right">keep</aspectratio>
                </control>
                <control type="group">
                    <right>$PARAM[image_w]</right>
                    <control type="group">
                        <right>60</right>
                        <left>20</left>
                        <include content="Object_Control">
                            <param name="control" value="label" />
                            <include condition="$PARAM[selected]">Color_SelectedText</include>
                            <textcolor>dialog_fg_70</textcolor>
                            <selectedcolor>dialog_fg_70</selectedcolor>
                            <label>$VAR[Label_OSD_EpisodeLabel]</label>
                            <font>font_small_bold</font>
                            <height>40</height>
                        </include>
                        <include content="Object_Control">
                            <param name="control" value="textbox" />
                            <autoscroll>false</autoscroll>
                            <include content="Object_Include" condition="$PARAM[selected]">
                                <textcolor>panel_fg_90</textcolor>
                                <selectedcolor>panel_fg_90</selectedcolor>
                            </include>
                            <include content="Object_Include" condition="!$PARAM[selected]">
                                <textcolor>dialog_fg_70</textcolor>
                                <selectedcolor>dialog_fg_70</selectedcolor>
                            </include>
                            <label fallback="31159">$INFO[ListItem.Plot]</label>
                            <font>font_plotbox</font>
                            <top>40</top>
                            <bottom>40</bottom>
                            <aligny>center</aligny>
                        </include>
                        <include content="Object_Control">
                            <param name="control" value="label" />
                            <include condition="$PARAM[selected]">Color_SelectedText</include>
                            <textcolor>dialog_fg_70</textcolor>
                            <selectedcolor>dialog_fg_70</selectedcolor>
                            <include content="Object_Include" condition="VideoPlayer.Content(livetv)">
                                <label>$INFO[ListItem.ChannelName]$INFO[ListItem.ChannelNumberLabel,  |  CH ,]$INFO[ListItem.StartTime,  |  ,]$INFO[ListItem.EndTime, - ,]</label>
                            </include>
                            <label>$INFO[ListItem.Premiered]$INFO[ListItem.Duration,  |  ,]</label>
                            <font>font_statusbar_bold</font>
                            <height>40</height>
                            <bottom>0</bottom>
                        </include>
                    </control>
                </control>
            </include>
        </definition>
    </include>

    <include name="Layout_EpisodeLabels">
        <control type="group">
            <left>$PARAM[left]</left>
            <top>20</top>
            <bottom>20</bottom>
            <right>20</right>
            <control type="image">
                <width>1</width>
                <include content="Object_Include" condition="$PARAM[selected]">
                    <texture colordiffuse="panel_fg_30">common/white.png</texture>
                </include>
                <texture colordiffuse="main_fg_12">common/white.png</texture>
            </control>
            <control type="label">
                <left>20</left>
                <height>40</height>
                <include condition="$PARAM[selected]">Color_SelectedText</include>
                <label>$INFO[ListItem.Label]</label>
                <textcolor>main_fg_90</textcolor>
                <font>font_small_bold</font>
                <align>left</align>
            </control>
            <control type="label">
                <left>20</left>
                <height>40</height>
                <include condition="$PARAM[selected]">Color_SelectedText</include>
                <label>$INFO[ListItem.Label2]</label>
                <textcolor>main_fg_90</textcolor>
                <font>font_mini</font>
                <align>right</align>
            </control>
            <control type="textbox">
                <left>20</left>
                <top>45</top>
                <include condition="$PARAM[selected]">Color_SelectedText</include>
                <label>$VAR[Label_ListPlot]</label>
                <textcolor>main_fg_70</textcolor>
                <font>font_plotbox_mini</font>
                <align>left</align>
                <include content="Object_Include" condition="!$PARAM[selected]">
                    <autoscroll>false</autoscroll>
                </include>
            </control>
        </control>
    </include>

    <include name="Layout_Episode">
        <param name="selected" default="false" />
        <param name="detailed" default="false" />
        <definition>
            <control type="group">
                <left>dialog_pad</left>
                <right>dialog_pad</right>
                <height>$PARAM[item_h]</height>
                <include content="Object_Control" condition="$PARAM[selected]">
                    <param name="control" value="group" />
                    <control type="image">
                        <include>Texture_Box_Highlight_H</include>
                    </control>
                    <control type="image">
                        <visible>!Container.Position(2)</visible>
                        <include>Texture_Highlight</include>
                        <height>50%</height>
                        <bottom>0</bottom>
                    </control>
                    <control type="image">
                        <include>Texture_Highlight</include>
                        <height>50%</height>
                        <visible>!Container.Position(0)</visible>
                    </control>
                    <control type="image">
                        <left>20</left>
                        <right>20</right>
                        <height>1</height>
                        <bottom>-$PARAM[item_h]</bottom>
                        <visible>Container.Position(0)</visible>
                        <texture colordiffuse="main_fg_12">common/white.png</texture>
                    </control>
                    <control type="image">
                        <left>20</left>
                        <right>20</right>
                        <height>1</height>
                        <top>-$PARAM[item_h]</top>
                        <visible>Container.Position(2)</visible>
                        <texture colordiffuse="main_fg_12">common/white.png</texture>
                    </control>
                </include>
                <control type="group">
                    <visible>!String.IsEqual(ListItem.DBTYpe,album)</visible>
                    <control type="group">
                        <width>253</width>
                        <control type="image">
                            <bordersize>20</bordersize>
                            <texture background="true">$VAR[Image_Landscape]</texture>
                            <aspectratio>scale</aspectratio>
                        </control>
                        <include content="Object_Indicator">
                            <param name="shadow" value="false" />
                            <right>30</right>
                            <centerbottom>26</centerbottom>
                        </include>
                    </control>
                    <include content="Layout_EpisodeLabels">
                        <param name="left" value="253" />
                        <param name="selected" value="$PARAM[selected]" />
                    </include>
                </control>
                <control type="group">
                    <visible>String.IsEqual(ListItem.DBType,album)</visible>
                    <control type="group">
                        <width>160</width>
                        <control type="image">
                            <bordersize>20</bordersize>
                            <texture background="true">$INFO[ListItem.Icon]</texture>
                            <aspectratio>scale</aspectratio>
                        </control>
                        <include content="Object_Indicator">
                            <param name="shadow" value="false" />
                            <right>30</right>
                            <centerbottom>26</centerbottom>
                        </include>
                    </control>
                    <include content="Layout_EpisodeLabels">
                        <param name="left" value="160" />
                        <param name="selected" value="$PARAM[selected]" />
                    </include>
                </control>
            </control>
        </definition>
    </include>


    <include name="Layout_PVRRecordings">
        <param name="selected" default="false" />
        <param name="detailed" default="false" />
        <param name="textoffsetx" default="30" />
        <param name="color_fg" default="main_fg" />
        <definition>
            <control type="group">
                <height>$PARAM[item_h]</height>
                <include content="Object_Control" condition="$PARAM[selected]">
                    <param name="control" value="group" />
                    <control type="image">
                        <include>Texture_Highlight</include>
                    </control>
                    <control type="image">
                        <texture colordiffuse="1f000000">common/selected.png</texture>
                        <visible>ListItem.IsPlaying</visible>
                        <aspectratio>scale</aspectratio>
                    </control>
                </include>

                <!-- <include content="Object_Control" condition="!$PARAM[detailed] + !$PARAM[selected]">
                    <param name="control" value="image" />
                    <colordiffuse>$PARAM[color_fg]_12</colordiffuse>
                    <texture>common/selected.png</texture>
                    <visible>Integer.IsGreater(ListItem.Progress,1) + !Integer.IsGreater(ListItem.Progress,99)</visible>
                    <aspectratio>scale</aspectratio>
                </include> -->

                <include content="Object_Control" condition="!$PARAM[detailed] + !$PARAM[selected]">
                    <param name="control" value="progress" />
                    <texturebg>pvr/progressline-back.png</texturebg>
                    <lefttexture border="2" colordiffuse="$PARAM[color_fg]_30">pvr/progressline-left2.png</lefttexture>
                    <midtexture border="2" colordiffuse="$PARAM[color_fg]_30">pvr/progressline-mid2.png</midtexture>
                    <righttexture border="2" colordiffuse="$PARAM[color_fg]_30">pvr/progressline-right2.png</righttexture>
                    <info>ListItem.Progress</info>
                    <visible>Integer.IsGreater(ListItem.Progress,1) + !Integer.IsGreater(ListItem.Progress,99)</visible>
                </include>

                <include content="Object_Control" condition="$PARAM[selected]">
                    <param name="control" value="progress" />
                    <texturebg>pvr/progressline-back.png</texturebg>
                    <lefttexture border="2" colordiffuse="main_bg_70">pvr/progressline-left2.png</lefttexture>
                    <midtexture border="2" colordiffuse="main_bg_70">pvr/progressline-mid2.png</midtexture>
                    <righttexture border="2" colordiffuse="main_bg_70">pvr/progressline-right2.png</righttexture>
                    <info>ListItem.Progress</info>
                    <visible>Integer.IsGreater(ListItem.Progress,1) + !Integer.IsGreater(ListItem.Progress,99)</visible>
                </include>
                <control type="group">
                    <include content="Object_Include" condition="!$PARAM[detailed] + !$PARAM[selected]">
                        <animation effect="fade" start="100" end="25" condition="Integer.IsGreater(ListItem.Progress,99)">Conditional</animation>
                    </include>
                    <left>$PARAM[misc]</left>
                    <include content="Object_Control" condition="$PARAM[detailed]">
                        <param name="control" value="group" />
                        <width>$PARAM[item_h]</width>
                        <control type="image">
                            <bordersize>20</bordersize>
                            <texture background="true" fallback="DefaultFolder.png">$INFO[ListItem.Icon]</texture>
                            <aspectratio>keep</aspectratio>
                        </control>
                    </include>
                    <control type="group">
                        <include content="Object_Include" condition="$PARAM[detailed]">
                            <left>$PARAM[misc]</left>
                        </include>
                        <control type="group">
                            <include content="Object_Include" condition="$PARAM[detailed]">
                                <left>$PARAM[item_h]</left>
                            </include>
                            <top>20</top>
                            <bottom>20</bottom>
                            <include content="Object_Control" condition="$PARAM[detailed]">
                                <param name="control" value="image" />
                                <width>1</width>
                                <include content="Object_Include" condition="$PARAM[selected]">
                                    <texture colordiffuse="panel_fg_30">common/white.png</texture>
                                </include>
                                <texture colordiffuse="$PARAM[color_fg]_12">common/white.png</texture>
                            </include>
                            <control type="label">
                                <textoffsetx>$PARAM[textoffsetx]</textoffsetx>
                                <include condition="$PARAM[selected]">Color_SelectedText</include>
                                <label>$VAR[Label_PVRRecordings_Mainlabel]</label>
                                <textcolor>$PARAM[color_fg]_90</textcolor>
                                <selectedcolor>$PARAM[color_fg]_90</selectedcolor>
                                <font>font_small_bold</font>
                                <align>left</align>
                                <visible>![!String.IsEmpty(ListItem.EpisodeName) | !String.IsEmpty(ListItem.Genre) | ListItem.IsFolder | [[Window.IsVisible(MyPVRChannels.xml) | Window.IsVisible(fullscreenvideo)] + !String.ISEmpty(ListItem.Title)]]</visible>
                            </control>
                            <control type="label">
                                <textoffsetx>$PARAM[textoffsetx]</textoffsetx>
                                <height>40</height>
                                <include condition="$PARAM[selected]">Color_SelectedText</include>
                                <label>$VAR[Label_PVRRecordings_Mainlabel]</label>
                                <textcolor>$PARAM[color_fg]_90</textcolor>
                                <selectedcolor>$PARAM[color_fg]_90</selectedcolor>
                                <font>font_small_bold</font>
                                <align>left</align>
                                <visible>!String.IsEmpty(ListItem.EpisodeName) | !String.IsEmpty(ListItem.Genre) | ListItem.IsFolder | [[Window.IsVisible(MyPVRChannels.xml) | Window.IsVisible(fullscreenvideo)] + !String.ISEmpty(ListItem.Title)]</visible>
                            </control>
                            <include content="Object_Indicator">
                                <param name="shadow" value="false" />
                                <right>10</right>
                                <centerbottom>50%</centerbottom>
                            </include>
                            <control type="label">
                                <textoffsetx>$PARAM[textoffsetx]</textoffsetx>
                                <height>40</height>
                                <bottom>0</bottom>
                                <include condition="$PARAM[selected]">Color_SelectedText</include>
                                <label>$INFO[ListItem.Label2]</label>
                                <textcolor>$PARAM[color_fg]_90</textcolor>
                                <selectedcolor>$PARAM[color_fg]_90</selectedcolor>
                                <font>font_genrelabel</font>
                                <align>right</align>
                                <visible>ListItem.IsFolder</visible>
                            </control>
                            <control type="label">
                                <textoffsetx>$PARAM[textoffsetx]</textoffsetx>
                                <height>40</height>
                                <bottom>0</bottom>
                                <include condition="$PARAM[selected]">Color_SelectedText</include>
                                <label>$VAR[Label_PVRRecordings_Sublabel]$VAR[Label_PVRRecordings_Sublabel_Channels]</label>
                                <textcolor>$PARAM[color_fg]_70</textcolor>
                                <selectedcolor>$PARAM[color_fg]_90</selectedcolor>
                                <font>font_genrelabel</font>
                                <align>left</align>
                                <autoscroll>false</autoscroll>
                                <visible>!String.IsEmpty(ListItem.EpisodeName) | !String.IsEmpty(ListItem.Genre) | ListItem.IsFolder | [[Window.IsVisible(MyPVRChannels.xml) | Window.IsVisible(fullscreenvideo)] + !String.ISEmpty(ListItem.Title)]</visible>
                            </control>
                        </control>
                    </control>
                </control>
            </control>
        </definition>
    </include>

    <include name="Layout_DiscoverButton">
        <param name="selected" default="false" />
        <param name="detailed" default="false" />
        <definition>
            <control type="group">
                <width>$PARAM[item_w]</width>
                <height>$PARAM[item_h]</height>
                <include content="Object_ItemBack">
                    <param name="selected" value="$PARAM[selected]" />
                </include>
                <include content="Object_Control">
                    <param name="control" value="label" />
                    <include condition="$PARAM[selected]">Color_SelectedText</include>
                    <label>$INFO[ListItem.Label]</label>
                    <textcolor>main_fg_70</textcolor>
                    <left>30</left>
                    <right>30</right>
                    <align>left</align>
                </include>
                <include content="Object_SelectBox" condition="$PARAM[selected]">
                    <param name="indicator" value="false" />
                    <param name="focusbounce" value="true" />
                    <param name="pad" value="-10" />
                </include>
            </control>
        </definition>
    </include>

    <include name="Layout_Button">
        <param name="selected" default="false" />
        <param name="detailed" default="false" />
        <definition>
            <control type="group">
                <width>$PARAM[item_w]</width>
                <height>$PARAM[item_h]</height>
                <include content="Object_ItemBack">
                    <param name="selected" value="$PARAM[selected]" />
                </include>
                <include content="Object_Control" condition="!$PARAM[detailed]">
                    <param name="control" value="textbox" />
                    <include condition="$PARAM[selected]">Color_SelectedText</include>
                    <label>$INFO[ListItem.Label]</label>
                    <textcolor>main_fg_70</textcolor>
                    <font>font_mini_bold</font>
                    <left>40</left>
                    <right>40</right>
                    <align>center</align>
                    <aligny>center</aligny>
                </include>
                <include content="Object_Control" condition="$PARAM[detailed]">
                    <param name="control" value="label" />
                    <include condition="$PARAM[selected]">Color_SelectedText</include>
                    <label>$INFO[ListItem.Label]</label>
                    <textcolor>main_fg_70</textcolor>
                    <font>font_mini_bold</font>
                    <bottom>20</bottom>
                    <height>20</height>
                    <left>20</left>
                    <right>20</right>
                    <align>center</align>
                </include>
                <include content="Object_Control" condition="$PARAM[detailed]">
                    <param name="control" value="image" />
                    <texture background="true">$INFO[ListItem.Icon]</texture>
                    <aspectratio scalediffuse="false">keep</aspectratio>
                    <bottom>40</bottom>
                </include>
                <include content="Object_SelectBox" condition="$PARAM[selected]">
                    <param name="indicator" value="false" />
                    <param name="focusbounce" value="true" />
                    <param name="pad" value="-5" />
                </include>
            </control>
        </definition>
    </include>

    <include name="Layout_IconButton">
        <param name="selected" default="false" />
        <param name="detailed" default="false" />
        <definition>
            <control type="group">
                <width>$PARAM[item_w]</width>
                <height>$PARAM[item_h]</height>
                <include content="Object_ItemBack">
                    <param name="selected" value="$PARAM[selected]" />
                </include>
                <control type="group">
                    <width>$PARAM[item_h]</width>
                    <!-- Genre Icons -->
                    <control type="image">
                        <texture colordiffuse="main_fg_90" fallback="resource://resource.images.moviegenreicons.transparent/Drama.png">resource://resource.images.moviegenreicons.transparent/$INFO[ListItem.Label,,.png]</texture>
                        <aspectratio scalediffuse="false">keep</aspectratio>
                        <bordersize>32</bordersize>
                        <visible>Container.Content(genres)</visible>
                    </control>
                    <!-- Studio Icons -->
                    <control type="image">
                        <texture colordiffuse="main_fg_90" fallback="special://skin/extras/icons/folder.png">resource://resource.images.studios.white/$INFO[ListItem.Label,,.png]</texture>
                        <aspectratio scalediffuse="false">keep</aspectratio>
                        <bordersize>20</bordersize>
                        <visible>Container.Content(studios)</visible>
                    </control>
                    <!-- Country Icons -->
                    <control type="image">
                        <texture colordiffuse="main_fg_90" fallback="special://skin/extras/icons/folder.png">resource://resource.images.moviecountryicons.maps/$INFO[ListItem.Label,,.png]</texture>
                        <aspectratio scalediffuse="false">keep</aspectratio>
                        <bordersize>20</bordersize>
                        <visible>Container.Content(countries)</visible>
                    </control>
                    <!-- Default Icons -->
                    <control type="group">
                        <visible>!Container.Content(genres)</visible>
                        <visible>!Container.Content(studios)</visible>
                        <visible>!Container.Content(countries)</visible>
                        <!-- Default Icon -->
                        <control type="image">
                            <texture fallback="DefaultFolder.png">$INFO[ListItem.Icon]</texture>
                            <aspectratio scalediffuse="false">keep</aspectratio>
                            <visible>String.StartsWith(ListItem.Icon,Default) | String.IsEmpty(ListItem.Icon)</visible>
                        </control>
                        <!-- Colour Icon -->
                        <control type="image">
                            <texture background="true">$INFO[ListItem.Icon]</texture>
                            <aspectratio scalediffuse="false">keep</aspectratio>
                            <visible>![String.StartsWith(ListItem.Icon,Default) | String.IsEmpty(ListItem.Icon)]</visible>
                            <bordersize>20</bordersize>
                        </control>
                    </control>
                </control>
                <control type="group">
                    <left>$PARAM[item_h]</left>
                    <control type="textbox">
                        <include condition="$PARAM[selected]">Color_SelectedText</include>
                        <label>$INFO[ListItem.Label]</label>
                        <textcolor>main_fg_70</textcolor>
                        <font>font_mini_bold</font>
                        <align>left</align>
                        <aligny>center</aligny>
                        <right>30</right>
                        <height>110</height>
                        <centertop>50%</centertop>
                    </control>
                </control>
                <include content="Object_Control" condition="!$PARAM[selected]">
                    <param name="control" value="image" />
                    <texture colordiffuse="overlay_line" border="10">common/box-outline.png</texture>
                </include>
                <include content="Object_SelectBox" condition="$PARAM[selected]">
                    <param name="indicator" value="false" />
                    <param name="focusbounce" value="true" />
                </include>
            </control>
        </definition>
    </include>

    <include name="Layout_Square">
        <param name="diffuse" default="diffuse/square_w260_h260.png" />
        <param name="selected" default="false" />
        <definition>
            <control type="group">
                <width>$PARAM[item_w]</width>
                <height>$PARAM[item_h]</height>
                <include content="Object_ItemBack">
                    <param name="selected" value="$PARAM[selected]" />
                    <param name="shadow_colordiffuse" value="$PARAM[shadow_colordiffuse]" />
                </include>
                <control type="group">
                    <height>$PARAM[item_w]</height>
                    <control type="image">
                        <texture background="true" diffuse="$PARAM[diffuse]">$INFO[ListItem.Icon]</texture>
                        <aspectratio scalediffuse="false">scale</aspectratio>
                        <visible>!$EXP[Exp_IsPVRItem]</visible>
                    </control>
                    <control type="image">
                        <texture background="true" diffuse="$PARAM[diffuse]">$INFO[ListItem.Icon]</texture>
                        <aspectratio scalediffuse="false">keep</aspectratio>
                        <visible>$EXP[Exp_IsPVRItem]</visible>
                    </control>
                    <include content="Object_Indicator">
                        <param name="selected" value="$PARAM[selected]" />
                        <param name="shadow" value="false" />
                        <param name="gradient_fade" value="16" />
                    </include>
                </control>

                <control type="group">
                    <top>$PARAM[item_w]</top>
                    <control type="label">
                        <include condition="$PARAM[selected]">Color_SelectedText</include>
                        <label>$INFO[ListItem.Label]</label>
                        <textcolor>main_fg_70</textcolor>
                        <font>font_mini_bold</font>
                        <textoffsetx>20</textoffsetx>
                        <align>center</align>
                    </control>
                </control>

                <include content="Object_Control" condition="!$PARAM[selected]">
                    <param name="control" value="image" />
                    <texture colordiffuse="overlay_line" border="10">common/box-outline.png</texture>
                </include>

                <include content="Object_SelectBox" condition="$PARAM[selected]">
                    <param name="indicator" value="false" />
                    <param name="focusbounce" value="true" />
                </include>
            </control>
        </definition>
    </include>

    <include name="Layout_Banner">
        <param name="artwork_h" default="160" />
        <param name="selected" default="false" />
        <param name="icon" default="$VAR[Image_Banner]" />
        <param name="textcolor" default="main_fg" />
        <param name="diffuse" default="diffuse/landscape_w410_h231.png" />
        <definition>
            <control type="group">
                <width>$PARAM[item_w]</width>
                <height>$PARAM[item_h]</height>
                <include content="Object_ItemBack">
                    <param name="selected" value="$PARAM[selected]" />
                    <param name="shadow_colordiffuse" value="$PARAM[shadow_colordiffuse]" />
                </include>
                <control type="group">
                    <height>$PARAM[artwork_h]</height>
                    <control type="image">
                        <texture background="true" diffuse="$PARAM[diffuse]">$PARAM[icon]</texture>
                        <aspectratio scalediffuse="false">scale</aspectratio>
                    </control>
                    <control type="image">
                        <texture background="true">$VAR[Image_Clearlogo]</texture>
                        <aspectratio align="left">keep</aspectratio>
                        <bordersize>20</bordersize>
                        <visible>String.IsEmpty(ListItem.Art(banner)) + String.IsEmpty(ListItem.Art(tvshow.banner)) + String.IsEmpty(ListItem.Art(season.banner))</visible>
                    </control>
                    <include content="Object_Indicator">
                        <param name="selected" value="$PARAM[selected]" />
                        <param name="shadow" value="false" />
                        <param name="gradient_fade" value="15" />
                    </include>
                </control>
                <control type="group">
                    <top>$PARAM[artwork_h]</top>
                    <control type="label">
                        <include condition="$PARAM[selected]">Color_SelectedText</include>
                        <label>$INFO[ListItem.Label]</label>
                        <textcolor>$PARAM[textcolor]_70</textcolor>
                        <selectedcolor>$PARAM[textcolor]_70</selectedcolor>
                        <font>font_statusbar_bold</font>
                        <align>center</align>
                        <textoffsetx>20</textoffsetx>
                    </control>
                </control>
                <include content="Object_Control" condition="!$PARAM[selected]">
                    <param name="control" value="image" />
                    <texture colordiffuse="overlay_line" border="10">common/box-outline.png</texture>
                </include>
                <include content="Object_SelectBox" condition="$PARAM[selected]">
                    <param name="indicator" value="false" />
                    <param name="focusbounce" value="true" />
                </include>
            </control>
        </definition>
    </include>

    <include name="Layout_Landscape">
        <param name="artwork_h" default="230.625" />
        <param name="selected" default="false" />
        <param name="icon" default="$VAR[Image_Landscape]" />
        <param name="textcolor" default="main_fg" />
        <param name="diffuse" default="diffuse/landscape_w410_h231.png" />
        <definition>
            <control type="group">
                <width>$PARAM[item_w]</width>
                <height>$PARAM[item_h]</height>
                <include content="Object_ItemBack">
                    <param name="selected" value="$PARAM[selected]" />
                    <param name="shadow_colordiffuse" value="$PARAM[shadow_colordiffuse]" />
                </include>
                <control type="group">
                    <height>$PARAM[artwork_h]</height>
                    <control type="image">
                        <texture background="true" diffuse="$PARAM[diffuse]">$PARAM[icon]</texture>
                        <aspectratio scalediffuse="false">scale</aspectratio>
                        <visible>![$EXP[Exp_IsPVRItem] + String.IsEmpty(ListItem.Art(fanart)) + String.IsEmpty(ListItem.Art(landscape))]</visible>
                    </control>
                    <control type="image">
                        <texture background="true" diffuse="$PARAM[diffuse]">$PARAM[icon]</texture>
                        <aspectratio scalediffuse="false">keep</aspectratio>
                        <bordersize>40</bordersize>
                        <visible>$EXP[Exp_IsPVRItem] + String.IsEmpty(ListItem.Art(fanart)) + String.IsEmpty(ListItem.Art(landscape))</visible>
                    </control>
                    <include content="Object_Indicator">
                        <param name="selected" value="$PARAM[selected]" />
                        <param name="shadow" value="false" />
                        <param name="gradient_fade" value="23" />
                    </include>
                </control>
                <control type="group">
                    <top>$PARAM[artwork_h]</top>
                    <control type="label">
                        <include condition="$PARAM[selected]">Color_SelectedText</include>
                        <label>$INFO[ListItem.Label]</label>
                        <textcolor>$PARAM[textcolor]_70</textcolor>
                        <selectedcolor>$PARAM[textcolor]_70</selectedcolor>
                        <font>font_mini_bold</font>
                        <align>center</align>
                        <textoffsetx>30</textoffsetx>
                        <visible>!String.IsEqual(ListItem.DBType,episode) | String.IsEmpty(ListItem.TVShowTitle) | !String.IsEmpty(Container.ShowTitle)</visible>
                    </control>
                    <control type="label">
                        <include condition="$PARAM[selected]">Color_SelectedText</include>
                        <label>$INFO[ListItem.Label]</label>
                        <!-- <label>$INFO[ListItem.Season,,x]$INFO[ListItem.Episode,,. ]$INFO[ListItem.Title]</label> -->
                        <textcolor>$PARAM[textcolor]_70</textcolor>
                        <selectedcolor>$PARAM[textcolor]_70</selectedcolor>
                        <font>font_mini_bold</font>
                        <align>center</align>
                        <textoffsetx>30</textoffsetx>
                        <height>40</height>
                        <centertop>33%</centertop>
                        <visible>String.IsEqual(ListItem.DBType,episode) + !String.IsEmpty(ListItem.TVShowTitle) + String.IsEmpty(Container.ShowTitle)</visible>
                    </control>
                    <control type="label">
                        <include condition="$PARAM[selected]">Color_SelectedText</include>
                        <label>$INFO[ListItem.TVShowTitle]</label>
                        <textcolor>$PARAM[textcolor]_70</textcolor>
                        <selectedcolor>$PARAM[textcolor]_70</selectedcolor>
                        <font>font_statusbar</font>
                        <align>center</align>
                        <textoffsetx>30</textoffsetx>
                        <height>40</height>
                        <centerbottom>33%</centerbottom>
                        <visible>String.IsEqual(ListItem.DBType,episode) + !String.IsEmpty(ListItem.TVShowTitle) + String.IsEmpty(Container.ShowTitle)</visible>
                    </control>
                </control>
                <include content="Object_Control" condition="!$PARAM[selected]">
                    <param name="control" value="image" />
                    <texture colordiffuse="overlay_line" border="10">common/box-outline.png</texture>
                </include>
                <include content="Object_SelectBox" condition="$PARAM[selected]">
                    <param name="indicator" value="false" />
                    <param name="focusbounce" value="true" />
                </include>
            </control>
        </definition>
    </include>

    <include name="Layout_IconSwitcher">
        <param name="colordiffuse" default="dialog_fg_30" />
        <param name="selected" default="false" />
        <param name="icon" default="$INFO[ListItem.Icon]" />
        <definition>
            <control type="group">
                <include content="Object_Control" condition="$PARAM[selected]">
                    <param name="control" value="image" />
                    <include>Texture_Highlight</include>
                </include>
                <control type="image">
                    <include content="Dimension_Padding"><param name="pad" value="10" /></include>
                    <texture colordiffuse="$PARAM[colordiffuse]">$PARAM[icon]</texture>
                </control>
                <nested />
            </control>
        </definition>
    </include>
</includes>