<?xml version="1.0" encoding="UTF-8"?>
<includes>

    <include name="Settings_Main_Group">
        <control type="group">
            <nested />
            <left>view_side</left>
            <top>view_top</top>
            <bottom>view_pad</bottom>
            <right>view_pad</right>
            <include content="Animation_Settings_WindowChange">
                <param name="windowopen">$PARAM[windowopen_condition]</param>
                <param name="windowclose">$PARAM[windowclose_condition]</param>
            </include>
        </control>
    </include>

    <include name="Settings_Left_Group">
        <control type="group">
            <nested />
            <width>480</width>

            <control type="image">
                <texture colordiffuse="main_fg_12">common/white.png</texture>
                <height>1</height>
                <right>40</right>
                <top>-40</top>
            </control>
            <control type="image">
                <texture colordiffuse="main_fg_12">common/white.png</texture>
                <height>1</height>
                <right>40</right>
                <bottom>80</bottom>
            </control>

        </control>
    </include>

    <include name="Settings_Left_Content">
        <control type="group">
            <nested />
            <top>-20</top>
            <bottom>100</bottom>
            <left>-40</left>
            <right>-20</right>
        </control>
    </include>

    <include name="Settings_Left_Grouplist">
        <control type="grouplist" id="$PARAM[id]">
            <nested />
            <top>-20</top>
            <bottom>100</bottom>
            <left>-40</left>
            <right>20</right>
        </control>
    </include>

    <include name="Settings_Arrows">
        <param name="arrow_prev_visible">false</param>
        <param name="arrow_next_visible">false</param>
        <param name="colordiffuse">main_fg_70</param>
        <definition>
            <control type="group">
                <nested />
                <control type="image">
                    <texture colordiffuse="$PARAM[colordiffuse]">special://skin/extras/icons/angle-up.png</texture>
                    <height>40</height>
                    <width>40</width>
                    <top>-30</top>
                    <centerleft>50%</centerleft>
                    <visible>$PARAM[arrow_prev_visible]</visible>
                </control>
                <control type="image">
                    <texture colordiffuse="$PARAM[colordiffuse]" flipy="true">special://skin/extras/icons/angle-up.png</texture>
                    <height>40</height>
                    <width>40</width>
                    <bottom>-30</bottom>
                    <centerleft>50%</centerleft>
                    <visible>$PARAM[arrow_next_visible]</visible>
                </control>
            </control>
        </definition>
    </include>

    <include name="Settings_Right_Group">
        <param name="arrow_prev_visible">false</param>
        <param name="arrow_next_visible">false</param>
        <definition>
            <control type="group">
                <control type="image">
                    <texture border="20" colordiffuse="main_fg_12">common/dialog.png</texture>
                    <bottom>80</bottom>
                    <top>-40</top>
                    <left>-20</left>
                </control>
                <include content="Settings_Arrows">
                    <param name="arrow_prev_visible">$PARAM[arrow_prev_visible]</param>
                    <param name="arrow_next_visible">$PARAM[arrow_next_visible]</param>
                    <top>-40</top>
                    <bottom>80</bottom>
                </include>
                <nested />
                <left>settings_category_w</left>
            </control>
        </definition>
    </include>

    <include name="Settings_Right_Grouplist">
        <control type="grouplist" id="$PARAM[id]">
            <nested />
            <onright>61</onright>
            <pagecontrol>61</pagecontrol>
            <top>-20</top>
            <left>0</left>
            <right>20</right>
            <bottom>100</bottom>
        </control>
    </include>

    <include name="Settings_KodiVersion">
        <param name="dialog">false</param>
        <definition>
            <control type="label">
                <nested />
                <include content="Object_TextColor" condition="$PARAM[dialog]">
                    <param name="textcolor">dialog_fg_30</param>
                </include>
                <label>$INFO[System.FriendlyName][CR]$INFO[System.ProfileName]</label>
                <textcolor>main_fg_30</textcolor>
                <height>80</height>
                <centerbottom>20</centerbottom>
                <left>0</left>
                <font>font_mini</font>
            </control>
        </definition>
    </include>

    <include name="Settings_Dialog">
        <include>Home_Fade</include>
        <control type="group">
            <nested />
        </control>
    </include>

    <include name="Settings_Header">
        <include content="Dialog_Head">
            <param name="id">0</param>
            <param name="label">$VAR[Label_Header_Mini]</param>
            <top>view_pad</top>
            <left>view_side</left>
        </include>
    </include>

    <include name="Settings_Changer">
        <include content="Furniture_Top">
            <param name="label">$VAR[Label_Header_Mini]</param>
        </include>
        <include>Settings_Side_Switcher</include>
    </include>

    <include name="Settings_Changer_Old">
        <definition>
            <control type="group">
                <height>80</height>
                <left>160</left>
                <centertop>100</centertop>
                <width>settings_category_w</width>
                <control type="label">
                    <align>left</align>
                    <height>20</height>
                    <centertop>50%</centertop>
                    <textoffsetx>40</textoffsetx>
                    <font>font_midi_black</font>
                    <visible>![ControlGroup(30030).HasFocus() | Integer.IsEqual(Window(Home).Property(SettingsChanger.Switch),30031) | Integer.IsEqual(Window(Home).Property(SettingsChanger.Switch),30032)]</visible>
                    <textcolor>main_fg_100</textcolor>
                    <label>$VAR[Label_Header_Mini]</label>
                </control>
                <control type="group">
                    <visible>ControlGroup(30030).HasFocus() | Integer.IsEqual(Window(Home).Property(SettingsChanger.Switch),30031) | Integer.IsEqual(Window(Home).Property(SettingsChanger.Switch),30032)</visible>
                    <control type="image">
                        <include>Texture_Menu_Highlight_H</include>
                    </control>
                    <control type="label">
                        <align>left</align>
                        <height>20</height>
                        <centertop>50%</centertop>
                        <textoffsetx>40</textoffsetx>
                        <font>font_midi_black</font>
                        <include>Color_SelectedText</include>
                        <label>$VAR[Label_Header_Mini]</label>
                    </control>
                    <control type="group">
                        <width>40</width>
                        <height>40</height>
                        <centertop>50%</centertop>
                        <centerleft>-60</centerleft>
                        <control type="image">
                            <include>Texture_Circle_Highlight_V</include>
                            <aspectratio>keep</aspectratio>
                            <width>10</width>
                            <height>10</height>
                            <centertop>50%</centertop>
                            <left>-20</left>
                        </control>
                        <control type="image">
                            <bordersize>icon_home_bordersize</bordersize>
                            <aspectratio>keep</aspectratio>
                            <colordiffuse>main_fg_100</colordiffuse>
                            <texture>$VAR[Image_SettingsWindow]</texture>
                        </control>
                    </control>
                </control>
            </control>
            <control type="grouplist" id="30030">
                <ondown condition="Window.IsVisible(addonbrowser)">6000</ondown>
                <ondown condition="Window.IsVisible(eventlog)">8000</ondown>
                <ondown condition="!Window.IsVisible(addonbrowser) + !Window.IsVisible(eventlog)">3</ondown>
                <height>80</height>
                <left>170</left>
                <centertop>100</centertop>
                <width>settings_category_w</width>
                <align>right</align>
                <orientation>horizontal</orientation>
                <onleft>Action(Select)</onleft>
                <onright>Action(Select)</onright>
                <control type="button" id="30032">
                    <width>30</width>
                    <height>30</height>
                    <centertop>50%</centertop>
                    <texturenofocus colordiffuse="main_fg_30" flipx="false">buttons/triangle-left.png</texturenofocus>
                    <texturefocus colordiffuse="$VAR[ColorSelected]" flipx="false">buttons/triangle-left.png</texturefocus>
                    <onclick>SetProperty(SettingsChanger.Switch,30032,Home)</onclick>
                    <onclick condition="Window.IsVisible(systeminfo)">ReplaceWindow(eventlog)</onclick>
                    <onclick condition="Window.IsVisible(skinsettings)">ReplaceWindow(systeminfo)</onclick>
                    <onclick condition="Window.IsVisible(interfacesettings)">ReplaceWindow(skinsettings)</onclick>
                    <onclick condition="Window.IsVisible(mediasettings)">ReplaceWindow(interfacesettings)</onclick>
                    <onclick condition="Window.IsVisible(playersettings)">ReplaceWindow(mediasettings)</onclick>
                    <onclick condition="Window.IsVisible(systemsettings)">ReplaceWindow(playersettings)</onclick>
                    <onclick condition="Window.IsVisible(servicesettings)">ReplaceWindow(systemsettings)</onclick>
                    <onclick condition="Window.IsVisible(pvrsettings)">ReplaceWindow(servicesettings)</onclick>
                    <onclick condition="Window.IsVisible(profiles)">ReplaceWindow(pvrsettings)</onclick>
                    <onclick condition="Window.IsVisible(addonbrowser)">ReplaceWindow(profiles)</onclick>
                    <onclick condition="Window.IsVisible(eventlog)">ReplaceWindow(addonbrowser)</onclick>
                </control>
                <control type="button" id="30031">
                    <width>30</width>
                    <height>30</height>
                    <centertop>50%</centertop>
                    <texturenofocus colordiffuse="main_fg_30" flipx="true">buttons/triangle-left.png</texturenofocus>
                    <texturefocus colordiffuse="$VAR[ColorSelected]" flipx="true">buttons/triangle-left.png</texturefocus>
                    <onclick>SetProperty(SettingsChanger.Switch,30031,Home)</onclick>
                    <onclick condition="Window.IsVisible(systeminfo)">ReplaceWindow(skinsettings)</onclick>
                    <onclick condition="Window.IsVisible(skinsettings)">ReplaceWindow(interfacesettings)</onclick>
                    <onclick condition="Window.IsVisible(interfacesettings)">ReplaceWindow(mediasettings)</onclick>
                    <onclick condition="Window.IsVisible(mediasettings)">ReplaceWindow(playersettings)</onclick>
                    <onclick condition="Window.IsVisible(playersettings)">ReplaceWindow(systemsettings)</onclick>
                    <onclick condition="Window.IsVisible(systemsettings)">ReplaceWindow(servicesettings)</onclick>
                    <onclick condition="Window.IsVisible(servicesettings)">ReplaceWindow(pvrsettings)</onclick>
                    <onclick condition="Window.IsVisible(pvrsettings)">ReplaceWindow(profiles)</onclick>
                    <onclick condition="Window.IsVisible(profiles)">ReplaceWindow(addonbrowser)</onclick>
                    <onclick condition="Window.IsVisible(addonbrowser)">ReplaceWindow(eventlog)</onclick>
                    <onclick condition="Window.IsVisible(eventlog)">ReplaceWindow(systeminfo)</onclick>
                </control>
                <control type="group" id="30033">
                    <width>40</width>
                </control>
            </control>
            <include>Settings_Side_Switcher</include>
        </definition>
    </include>

    <include name="Settings_Side_Switcher">
        <include content="Dialog_Overlay_Side">
            <param name="dialog_size">Dimension_DialogSideMenu</param>
            <visible>ControlGroup(30040).HasFocus() | ControlGroup(30700).HasFocus()</visible>
            <include>Animation_Right_Delay</include>
            <include content="Dialog_Head">
                <param name="label">$LOCALIZE[5]</param>
            </include>
            <include content="Dialog_Body">
                <include content="Dialog_Body_Grouplist">
                    <param name="id">30040</param>
                    <onleft condition="Window.IsVisible(settings)">50</onleft>
                    <onleft condition="Window.IsVisible(addonbrowser)">6000</onleft>
                    <onleft condition="Window.IsVisible(eventlog)">8000</onleft>
                    <onleft condition="Window.IsVisible(filemanager)">20</onleft>
                    <onleft condition="!Window.IsVisible(addonbrowser) + !Window.IsVisible(eventlog)">3</onleft>
                    <onright>30700</onright>
                    <include>Items_Settings_SideChanger</include>
                </include>
                <include content="Dialog_Side_Grouplist">
                    <param name="id">30700</param>
                    <onright condition="Window.IsVisible(settings)">50</onright>
                    <onright condition="Window.IsVisible(addonbrowser)">6000</onright>
                    <onright condition="Window.IsVisible(eventlog)">8000</onright>
                    <onright condition="Window.IsVisible(filemanager)">20</onright>
                    <onright condition="!Window.IsVisible(addonbrowser) + !Window.IsVisible(eventlog)">3</onright>
                    <onleft>30040</onleft>
                    <include content="Dialog_Side_Button">
                        <param name="id">1</param>
                        <param name="baseid">307</param>
                        <param name="label">$LOCALIZE[15067]</param>
                        <param name="icon">special://skin/extras/icons/circle-xmark.png</param>
                        <onclick condition="Window.IsVisible(settings)">SetFocus(50)</onclick>
                        <onclick condition="Window.IsVisible(addonbrowser)">SetFocus(6000)</onclick>
                        <onclick condition="Window.IsVisible(eventlog)">SetFocus(8000)</onclick>
                        <onclick condition="Window.IsVisible(filemanager)">SetFocus(2)0</onclick>
                        <onclick condition="!Window.IsVisible(addonbrowser) + !Window.IsVisible(eventlog)">SetFocus(3)</onclick>
                    </include>
                </include>
            </include>
        </include>
    </include>

    <include name="Settings_Side_Button">
        <param name="textcolor">main_fg</param>
        <definition>
            <include content="Dialog_Side_Button">
                <param name="vertical">$PARAM[vertical]</param>
                <param name="itemgap">$PARAM[itemgap]</param>
                <param name="id">$PARAM[id]</param>
                <param name="label">$PARAM[label]</param>
                <param name="icon">$PARAM[icon]</param>
                <param name="textcolor">$PARAM[textcolor]</param>
                <param name="visible">$PARAM[visible]</param>
                <param name="baseid">$PARAM[baseid]</param>
                <param name="groupid">$PARAM[groupid]</param>
                <param name="control">$PARAM[control]</param>
                <param name="radioround">$PARAM[radioround]</param>
                <param name="radiocross">$PARAM[radiocross]</param>
                <param name="radiocheck">$PARAM[radiocheck]</param>
                <nested />
            </include>
        </definition>
    </include>

    <include name="Settings_Side_Button_BuiltIn">
        <param name="textcolor">main_fg</param>
        <definition>
            <include content="Dialog_Side_Button_BuiltIn">
                <param name="vertical">$PARAM[vertical]</param>
                <param name="itemgap">$PARAM[itemgap]</param>
                <param name="id">$PARAM[id]</param>
                <param name="label">$PARAM[label]</param>
                <param name="icon">$PARAM[icon]</param>
                <param name="textcolor">$PARAM[textcolor]</param>
                <param name="visible">$PARAM[visible]</param>
                <param name="baseid">$PARAM[baseid]</param>
                <param name="groupid">$PARAM[groupid]</param>
                <param name="control">$PARAM[control]</param>
                <param name="radioround">$PARAM[radioround]</param>
                <param name="radiocross">$PARAM[radiocross]</param>
                <param name="radiocheck">$PARAM[radiocheck]</param>
                <nested />
            </include>
        </definition>
    </include>

    <include name="Settings_Button">
        <param name="control">button</param>
        <param name="dialog">false</param>
        <definition>
            <control type="$PARAM[control]" id="$PARAM[id]">
                <nested />
                <align>left</align>
                <font>font_main</font>
                <height>80</height>
                <textoffsetx>40</textoffsetx>
                <texturenofocus />
                <alttexturenofocus />
                <include condition="$PARAM[dialog]">defs_dialog_$PARAM[control]</include>
            </control>
        </definition>
    </include>

    <include name="Settings_Stacked_Button">
        <param name="control">button</param>
        <param name="dialog">false</param>
        <param name="enable">true</param>
        <definition>
            <control type="$PARAM[control]" id="$PARAM[id]">
                <nested />
                <align>left</align>
                <font />
                <height>80</height>
                <textoffsetx>40</textoffsetx>
                <texturenofocus />
                <alttexturenofocus />
                <include condition="$PARAM[dialog]">defs_dialog_$PARAM[control]</include>
                <enable>$PARAM[enable]</enable>
                <label>$PARAM[sublabel]</label>
            </control>
            <control type="group" id="$PARAM[groupid]">
                <nested />
                <height>80</height>
                <top>-80</top>
                <animation effect="fade" start="100" end="40" condition="![$PARAM[enable]]">Conditional</animation>
                <control type="group">
                    <visible>!Control.HasFocus($PARAM[id])</visible>
                    <control type="label">
                        <font>font_main</font>
                        <label>$PARAM[toplabel]</label>
                        <textoffsetx>40</textoffsetx>
                        <textcolor>dialog_fg_70</textcolor>
                        <animation effect="slide" start="0" end="0,-16" condition="$PARAM[sublabel_visible]">Conditional</animation>
                    </control>
                    <control type="label">
                        <font>font_tiny</font>
                        <top>24</top>
                        <label>$PARAM[sublabel]</label>
                        <textoffsetx>40</textoffsetx>
                        <textcolor>dialog_fg_70</textcolor>
                        <visible>$PARAM[sublabel_visible]</visible>
                    </control>
                </control>
                <control type="group">
                    <visible>Control.HasFocus($PARAM[id])</visible>
                    <control type="label">
                        <font>font_main</font>
                        <label>$PARAM[toplabel]</label>
                        <include>Color_SelectedText</include>
                        <textoffsetx>40</textoffsetx>
                        <animation effect="slide" start="0" end="0,-16" condition="$PARAM[sublabel_visible]">Conditional</animation>
                    </control>
                    <control type="label">
                        <font>font_tiny</font>
                        <top>24</top>
                        <label>$PARAM[sublabel]</label>
                        <include>Color_SelectedText</include>
                        <textoffsetx>40</textoffsetx>
                        <visible>$PARAM[sublabel_visible]</visible>
                    </control>
                </control>
            </control>
        </definition>
    </include>

    <include name="Settings_ButtonImage">
        <param name="control">button</param>
        <param name="dialog">false</param>
        <definition>
            <include content="Settings_Button">
                <param name="id">$PARAM[id]</param>
                <param name="control">$PARAM[control]</param>
                <param name="dialog">$PARAM[dialog]</param>
                <nested />
            </include>
            <include content="Settings_Image">
                <param name="id">$PARAM[groupid]</param>
                <param name="buttonid">$PARAM[id]</param>
                <param name="icon">$PARAM[icon]</param>
            </include>
        </definition>
    </include>


    <include name="Settings_Image">
        <control type="group" id="$PARAM[id]">
            <nested />
            <top>-80</top>
            <height>80</height>
            <visible>Control.IsVisible($PARAM[buttonid])</visible>
            <control type="group">
                <centertop>50%</centertop>
                <right>30</right>
                <width>40</width>
                <height>40</height>
                <control type="image">
                    <bordersize>icon_home_bordersize</bordersize>
                    <texture colordiffuse="main_fg_70">$PARAM[icon]</texture>
                    <visible>!Control.HasFocus($PARAM[buttonid])</visible>
                </control>
                <control type="image">
                    <bordersize>icon_home_bordersize</bordersize>
                    <texture colordiffuse="$VAR[ColorSelected]">$PARAM[icon]</texture>
                    <visible>Control.HasFocus($PARAM[buttonid])</visible>
                </control>
            </control>
        </control>
    </include>

    <include name="Settings_Label">
        <param name="control">label</param>
        <param name="dialog">false</param>
        <definition>
            <control type="$PARAM[control]" id="$PARAM[id]">
                <include content="Object_TextColor" condition="$PARAM[dialog]">
                    <param name="textcolor">dialog_fg_30</param>
                </include>
                <nested />
                <align>left</align>
                <font>font_hint_black</font>
                <top>40</top>
                <height>40</height>
                <textoffsetx>40</textoffsetx>
                <textcolor>main_fg_30</textcolor>
            </control>
        </definition>
    </include>

    <include name="Settings_Level">
        <param name="id">20</param>
        <definition>
            <control type="group">
                <nested />
                <height>80</height>
                <right>60</right>
                <centerbottom>-80</centerbottom>
                <control type="button" id="$PARAM[id]">
                    <align>left</align>
                    <font>font_mini</font>
                    <textoffsetx>100</textoffsetx>
                    <texturenofocus />
                    <onup>$PARAM[onup]</onup>
                    <ondown>$PARAM[ondown]</ondown>
                    <onleft>$PARAM[onleft]</onleft>
                    <onclick>settingslevelchange</onclick>
                </control>
                <control type="group">
                    <centertop>50%</centertop>
                    <left>40</left>
                    <height>40</height>
                    <width>40</width>
                    <control type="image">
                        <bordersize>-12</bordersize>
                        <aspectratio align="left">keep</aspectratio>
                        <texture colordiffuse="main_fg_70">special://skin/extras/icons/settings.png</texture>
                        <visible>!Control.HasFocus($PARAM[id])</visible>
                    </control>
                    <control type="image">
                        <bordersize>-12</bordersize>
                        <aspectratio align="left">keep</aspectratio>
                        <texture colordiffuse="$VAR[ColorSelected]">special://skin/extras/icons/settings.png</texture>
                        <visible>Control.HasFocus($PARAM[id])</visible>
                    </control>
                </control>
            </control>
        </definition>
    </include>

    <include name="Settings_InfoText">
        <param name="visible">true</param>
        <param name="font">font_mini_plot</param>
        <param name="icon">buttons/info.png</param>
        <param name="dialog">false</param>
        <definition>
            <control type="group">
                <nested />
                <bottom>-20</bottom>
                <left>0</left>
                <right>40</right>
                <height>80</height>
                <animation effect="fade" start="0" end="100" time="400" delay="200">Visible</animation>
                <animation effect="fade" start="100" end="0" time="400">Hidden</animation>
                <visible>$PARAM[visible]</visible>

                <control type="group">
                    <width>40</width>
                    <height>40</height>
                    <centertop>50%</centertop>
                    <left>0</left>
                    <control type="image">
                        <bordersize>4</bordersize>
                        <aspectratio align="left">keep</aspectratio>
                        <colordiffuse>dialog_fg_70</colordiffuse>
                        <texture>$PARAM[icon]</texture>
                    </control>
                </control>

                <control type="textbox" id="$PARAM[id]">
                    <include content="Object_TextColor" condition="$PARAM[dialog]">
                        <param name="textcolor">dialog_fg_70</param>
                    </include>
                    <left>60</left>
                    <height>80</height>
                    <centertop>50%</centertop>
                    <textcolor>main_fg_70</textcolor>
                    <font>$PARAM[font]</font>
                    <aligny>center</aligny>
                    <label>$PARAM[label]</label>
                </control>
                <control type="textbox">
                    <include content="Object_TextColor" condition="$PARAM[dialog]">
                        <param name="textcolor">dialog_fg_70</param>
                    </include>
                    <left>60</left>
                    <height>80</height>
                    <centertop>50%</centertop>
                    <textcolor>main_fg_70</textcolor>
                    <font>$PARAM[font]</font>
                    <aligny>center</aligny>
                    <label>$LOCALIZE[19055]</label>
                    <visible>String.IsEmpty(Control.GetLabel($PARAM[id]))</visible>
                </control>

            </control>
        </definition>
    </include>

</includes>
