<?xml version="1.0" encoding="UTF-8"?>
<includes>

    <include name="Object_Left"><left>$PARAM[left]</left></include>
    <include name="Object_CenterLeft"><centerleft>$PARAM[centerleft]</centerleft></include>
    <include name="Object_Right"><right>$PARAM[right]</right></include>
    <include name="Object_CenterRight"><centerright>$PARAM[centerright]</centerright></include>
    <include name="Object_Top"><top>$PARAM[top]</top></include>
    <include name="Object_CenterTop"><centertop>$PARAM[centertop]</centertop></include>
    <include name="Object_Bottom"><bottom>$PARAM[bottom]</bottom></include>
    <include name="Object_CenterBottom"><centerbottom>$PARAM[centerbottom]</centerbottom></include>
    <include name="Object_BorderSize"><bordersize>$PARAM[bordersize]</bordersize></include>
    <include name="Object_Height"><height>$PARAM[height]</height></include>
    <include name="Object_Width"><width>$PARAM[width]</width></include>
    <include name="Object_Font"><font>$PARAM[font]</font></include>
    <include name="Object_Scroll"><scroll>$PARAM[scroll]</scroll></include>
    <include name="Object_AutoScroll"><autoscroll>$PARAM[autoscroll]</autoscroll></include>
    <include name="Object_Align"><align>$PARAM[align]</align></include>
    <include name="Object_Visible"><visible allowhiddenfocus="$PARAM[allowhiddenfocus]">$PARAM[visible]</visible></include>
    <include name="Object_ColorDiffuse"><colordiffuse>$PARAM[colordiffuse]</colordiffuse></include>
    <include name="Object_TextColor"><textcolor>$PARAM[textcolor]</textcolor></include>
    <include name="Object_SelectedColor"><selectedcolor>$PARAM[selectedcolor]</selectedcolor></include>
    <include name="Object_FocusedColor"><focusedcolor>$PARAM[focusedcolor]</focusedcolor></include>
    <include name="Object_FocusPosition"><focusposition>$PARAM[focusposition]</focusposition></include>
    <include name="Object_Movement"><movement>$PARAM[movement]</movement></include>
    <include name="Object_Label"><label fallback="$PARAM[fallback]">$PARAM[label]</label></include>
    <include name="Object_OnLeft"><onleft>$PARAM[onleft]</onleft></include>
    <include name="Object_OnRight"><onright>$PARAM[onright]</onright></include>
    <include name="Object_HitRect"><hitrect x="$PARAM[x]" y="$PARAM[y]" w="$PARAM[w]" h="$PARAM[h]" /></include>
    <include name="Object_DefaultControl"><defaultcontrol always="$PARAM[always]">$PARAM[defaultcontrol]</defaultcontrol></include>
    <include name="Object_Texture">
        <texture colordiffuse="$PARAM[colordiffuse]" flipx="$PARAM[flipx]" flipy="$PARAM[flipy]" background="$PARAM[background]" diffuse="$PARAM[diffuse]" border="$PARAM[border]">$PARAM[texture]</texture>
    </include>
    <include name="Object_TextureFocus">
        <texturefocus colordiffuse="$PARAM[colordiffuse]" flipx="$PARAM[flipx]" flipy="$PARAM[flipy]" border="$PARAM[border]">$PARAM[texture]</texturefocus>
    </include>
    <include name="Object_AltTextureFocus">
        <alttexturefocus colordiffuse="$PARAM[colordiffuse]" flipx="$PARAM[flipx]" flipy="$PARAM[flipy]" border="$PARAM[border]">$PARAM[texture]</alttexturefocus>
    </include>
    <include name="Object_TextureSliderBackground">
        <texturesliderbackground colordiffuse="$PARAM[colordiffuse]" flipx="$PARAM[flipx]" flipy="$PARAM[flipy]" border="$PARAM[border]">$PARAM[texture]</texturesliderbackground>
    </include>
    <include name="Object_ContentDynamic">
        <content target="$PARAM[target]" sortby="$PARAM[sortby]" sortorder="$PARAM[sortorder]" limit="$PARAM[limit]" browse="$PARAM[browse]">$PARAM[content]</content>
    </include>
    <include name="Object_ContentInclude">
        <content target="$PARAM[target]" sortby="$PARAM[sortby]" sortorder="$PARAM[sortorder]" limit="$PARAM[limit]"><include>$PARAM[include]</include></content>
    </include>
    <include name="Object_ContentItem">
        <content>
            <item>
                <label>$PARAM[label]</label>
                <icon>$PARAM[icon]</icon>
                <onclick>$PARAM[onclick]</onclick>
                <visible>$PARAM[visible]</visible>
            </item>
        </content>
    </include>
    <include name="Object_ContentNested">
        <content>
            <nested />
        </content>
    </include>

    <include name="Object_FocusedLayout">
        <focusedlayout width="$PARAM[width]" height="$PARAM[height]">
            <nested />
        </focusedlayout>
    </include>

    <include name="Object_Control">
        <control type="$PARAM[control]" id="$PARAM[id]">
            <nested />
        </control>
    </include>

    <include name="Object_Item">
        <item>
            <nested />
        </item>
    </include>

    <include name="Object_Hidden_Button">
        <param name="control">button</param>
        <definition>
            <control type="$PARAM[control]" id="$PARAM[id]">
                <nested />
                <top>-3840</top>
                <left>-3840</left>
                <width>1</width>
                <height>1</height>
                <texturefocus />
                <texturenofocus />
                <font />
            </control>
        </definition>
    </include>

    <include name="Object_Hidden_List">
        <param name="control">list</param>
        <definition>
            <control type="$PARAM[control]" id="$PARAM[id]">
                <nested />
                <orientation>vertical</orientation>
                <width>1</width>
                <height>1</height>
                <left>-3840</left>
                <itemlayout width="1" height="1" />
                <focusedlayout width="1" height="1" />
            </control>
        </definition>
    </include>

    <include name="Object_Shadow_40">
        <param name="colordiffuse">shadow_hard</param>
        <param name="pad">-40</param>
        <definition>
            <control type="image">
                <include content="Dimension_Padding"><param name="pad">$PARAM[pad]</param></include>
                <texture border="52" colordiffuse="$PARAM[colordiffuse]">shadows/shadow-40.png</texture>
                <nested />
            </control>
        </definition>
    </include>

    <include name="Object_Dim_Side">
        <param name="flipx">false</param>
        <definition>
            <control type="image">
                <nested />
                <include content="Object_Texture" condition="$PARAM[flipx]">
                    <param name="border">400,0,0,0</param>
                    <param name="colordiffuse">$VAR[ColorBackgroundFade]</param>
                    <param name="flipx">true</param>
                    <param name="texture">common/dim-thick-side-full.png</param>
                </include>
                <include content="Object_Texture" condition="![$PARAM[flipx]]">
                    <param name="border">0,0,400,0</param>
                    <param name="colordiffuse">$VAR[ColorBackgroundFade]</param>
                    <param name="flipx">false</param>
                    <param name="texture">common/dim-thick-side-full.png</param>
                </include>
            </control>
        </definition>
    </include>

    <include name="Object_Dim_Bottom">
        <param name="flipy">false</param>
        <definition>
            <control type="image">
                <nested />
                <include content="Object_Texture" condition="$PARAM[flipy]">
                    <param name="border">0,0,0,400</param>
                    <param name="colordiffuse">$VAR[ColorBackgroundFade]</param>
                    <param name="flipy">true</param>
                    <param name="texture">common/dim-thick-bottom-full.png</param>
                </include>
                <include content="Object_Texture" condition="![$PARAM[flipy]]">
                    <param name="border">0,400,0,0</param>
                    <param name="colordiffuse">$VAR[ColorBackgroundFade]</param>
                    <param name="flipy">false</param>
                    <param name="texture">common/dim-thick-bottom-full.png</param>
                </include>
            </control>
        </definition>
    </include>

    <include name="Object_ClearLogo_WithShadow">
        <param name="icon">$VAR[Image_Clearlogo]</param>
        <definition>
            <control type="group">
                <nested />
                <top>50%</top>
                <left>50%</left>
                <control type="group">
                    <top>-40</top>
                    <left>-40</left>
                    <right>40</right>
                    <bottom>40</bottom>
                    <control type="image">
                        <top>2</top>
                        <left>2</left>
                        <right>-2</right>
                        <bottom>-2</bottom>
                        <texture background="true" diffuse="$PARAM[diffuse]" colordiffuse="7f000000">$PARAM[icon]</texture>
                        <aspectratio scalediffuse="false" align="right" aligny="bottom">keep</aspectratio>
                    </control>
                    <control type="image">
                        <texture background="true" diffuse="$PARAM[diffuse]">$PARAM[icon]</texture>
                        <aspectratio scalediffuse="false" align="right" aligny="bottom">keep</aspectratio>
                    </control>
                </control>
            </control>
        </definition>
    </include>

    <include name="Object_ItemBack">
        <param name="selected">false</param>
        <param name="shadow_include">Texture_Shadow_40</param>
        <definition>
            <control type="image">
                <include content="$PARAM[shadow_include]" condition="!$PARAM[selected]">
                    <param name="colordiffuse">$PARAM[shadow_colordiffuse]</param>
                </include>
                <include>Texture_Poster_Back</include>
            </control>
        </definition>
    </include>

    <include name="Object_ProgressPercent">
        <param name="listitem">ListItem</param>
        <param name="affix" />
        <definition>
            <control type="group">
                <left>12</left>
                <bottom>12</bottom>
                <width>64</width>
                <height>24</height>
                <visible>$PARAM[listitem].IsResumable</visible>
                <visible>!$PARAM[listitem].IsCollection</visible>
                <control type="image">
                    <include>Texture_Shadow_20</include>
                    <texture colordiffuse="panel_fg_90" border="10">common/box.png</texture>
                </control>
                <control type="image">
                    <width>24</width>
                    <aspectratio>keep</aspectratio>
                    <texture colordiffuse="black">indicator/timer.png</texture>
                </control>
                <control type="label">
                    <font>font_hint_bold</font>
                    <align>right</align>
                    <aligny>center</aligny>
                    <textcolor>panel_bg_70</textcolor>
                    <textoffsetx>8</textoffsetx>
                    <label>$VAR[Defs_PercentPlayed$PARAM[affix],,%]</label>
                </control>
            </control>
        </definition>
    </include>

    <include name="Object_RatingCircle">
        <param name="listitem">ListItem</param>
        <definition>
            <control type="group">
                <width>40</width>
                <height>40</height>
                <top>12</top>
                <right>12</right>
                <visible>!String.IsEmpty($PARAM[listitem].Rating) | !String.IsEmpty($PARAM[listitem].UserRating)</visible>
                <control type="image">
                    <texture colordiffuse="$VAR[ColorWatchedProgress]">common/circle.png</texture>
                </control>
                <control type="image">
                    <bordersize>3</bordersize>
                    <texture colordiffuse="ff181818">common/circle.png</texture>
                </control>
                <control type="label">
                    <font>font_hint</font>
                    <textcolor>panel_fg_90</textcolor>
                    <align>center</align>
                    <aligny>center</aligny>
                    <label>$INFO[$PARAM[listitem].UserRating,,.0]</label>
                    <visible>!String.IsEmpty($PARAM[listitem].UserRating)</visible>
                </control>
                <control type="label">
                    <font>font_hint</font>
                    <textcolor>panel_fg_90</textcolor>
                    <align>center</align>
                    <aligny>center</aligny>
                    <label>$INFO[$PARAM[listitem].Rating]</label>
                    <visible>!String.IsEmpty($PARAM[listitem].Rating)</visible>
                    <visible>String.IsEmpty($PARAM[listitem].UserRating)</visible>
                </control>
            </control>
        </definition>
    </include>

    <include name="Object_StarRating">
        <param name="selected">false</param>
        <definition>
            <control type="image">
                <nested />
                <include content="Object_ColorDiffuse" condition="$PARAM[selected]">
                    <param name="colordiffuse">$VAR[ColorSelected]</param>
                </include>
                <height>48</height>
                <width>48</width>
                <centertop>50%</centertop>
                <colordiffuse>main_fg_70</colordiffuse>
                <aspectratio>keep</aspectratio>
                <texture>flags/star10.png</texture>
            </control>
        </definition>
    </include>

    <include name="Object_AlphabetLetter_Label">
        <param name="textcolor_fo">main_fg_100</param>
        <param name="textcolor_nf">main_fg_30</param>
        <definition>
            <control type="label">
                <width>alphabet_w</width>
                <height>40</height>
                <font>font_main_black</font>
                <label>$PARAM[label]</label>
                <textcolor>$PARAM[textcolor_fo]</textcolor>
                <align>center</align>
                <visible>$PARAM[visible]</visible>
            </control>
            <control type="label">
                <width>alphabet_w</width>
                <height>40</height>
                <font>font_main_black</font>
                <label>$PARAM[label]</label>
                <textcolor>$PARAM[textcolor_nf]</textcolor>
                <align>center</align>
                <visible>![$PARAM[visible]]</visible>
            </control>
        </definition>
    </include>

    <include name="Object_ViewFilterButton">
        <definition>
            <include content="Object_Info_Button">
                <param name="id">$PARAM[id]</param>
                <param name="groupid">$PARAM[groupid]</param>
                <param name="sliceid">$PARAM[sliceid]</param>
                <param name="control">$PARAM[control]</param>
                <param name="icon">$PARAM[icon]</param>
                <param name="itempad">$PARAM[itempad]</param>
                <param name="font">font_mini</param>
                <param name="visible">$PARAM[visible]</param>
                <nested />
            </include>
        </definition>
    </include>

    <include name="Object_AlphabetLetter">
        <definition>
            <include content="Object_AlphabetLetter_Label">
                <param name="label">$PARAM[letter]</param>
                <param name="visible">String.IsEqual(ListItem.SortLetter,$PARAM[letter])</param>
            </include>
        </definition>
    </include>
    <include name="Object_AlphabetNumber">
        <definition>
            <include content="Object_AlphabetLetter_Label">
                <param name="label">#</param>
                <param name="visible">[!String.IsEqual(ListItem.SortLetter,A) + !String.IsEqual(ListItem.SortLetter,B) + !String.IsEqual(ListItem.SortLetter,C) + !String.IsEqual(ListItem.SortLetter,D) + !String.IsEqual(ListItem.SortLetter,E) + !String.IsEqual(ListItem.SortLetter,F) + !String.IsEqual(ListItem.SortLetter,G) + !String.IsEqual(ListItem.SortLetter,H) + !String.IsEqual(ListItem.SortLetter,I) + !String.IsEqual(ListItem.SortLetter,J) + !String.IsEqual(ListItem.SortLetter,K) + !String.IsEqual(ListItem.SortLetter,L) + !String.IsEqual(ListItem.SortLetter,M) + !String.IsEqual(ListItem.SortLetter,N) + !String.IsEqual(ListItem.SortLetter,O) + !String.IsEqual(ListItem.SortLetter,P) + !String.IsEqual(ListItem.SortLetter,Q) + !String.IsEqual(ListItem.SortLetter,R) + !String.IsEqual(ListItem.SortLetter,S) + !String.IsEqual(ListItem.SortLetter,T) + !String.IsEqual(ListItem.SortLetter,U) + !String.IsEqual(ListItem.SortLetter,V) + !String.IsEqual(ListItem.SortLetter,W) + !String.IsEqual(ListItem.SortLetter,X) + !String.IsEqual(ListItem.SortLetter,Y) + !String.IsEqual(ListItem.SortLetter,Z)]</param>
            </include>
        </definition>
    </include>

    <include name="Object_NavButton_Horz">
        <param name="flipx">false</param>
        <param name="centertop">50%</param>
        <definition>
            <include content="Object_Control">
                <param name="control">group</param>
                <width>60</width>
                <height>60</height>
                <centertop>$PARAM[centertop]</centertop>
                <include content="Object_CenterBottom" condition="$PARAM[flipx]">
                    <param name="centerbottom">40</param>
                </include>
                <include content="Object_CenterTop" condition="!$PARAM[flipx]">
                    <param name="centertop">40</param>
                </include>
                <control type="image">
                    <texture flipx="$PARAM[flipx]" colordiffuse="main_fg_70">arrows/arrow-small-right.png</texture>
                    <width>16</width>
                    <height>16</height>
                    <centertop>50%</centertop>
                    <left>18</left>
                </control>
                <control type="image">
                    <texture flipx="$PARAM[flipx]" colordiffuse="main_fg_70">arrows/arrow-small-right.png</texture>
                    <width>16</width>
                    <height>16</height>
                    <centertop>50%</centertop>
                    <right>18</right>
                </control>
            </include>
            <control type="button">
                <texturefocus />
                <texturenofocus />
                <onclick>SetFocus($PARAM[id])</onclick>
                <onclick condition="$PARAM[flipx]">Action(Left)</onclick>
                <onclick condition="!$PARAM[flipx]">Action(Right)</onclick>
            </control>
        </definition>
    </include>

    <include name="Object_BusySpinner">
        <param name="colordiffuse">main_fg</param>
        <param name="label">$LOCALIZE[31023]</param>
        <param name="haslabel">true</param>
        <param name="hasspinner">true</param>
        <param name="hasprogress">false</param>
        <param name="texture">dialog/loading-back.png</param>
        <param name="size">100</param>
        <param name="icon">special://skin/extras/icons/kodi.png</param>
        <param name="progress">Control.GetLabel(32)</param>
        <param name="progress_id">32</param>
        <param name="spinprogress">false</param>
        <param name="spinspinner">true</param>
        <definition>
            <control type="group">
                <nested />
                <centerleft>50%</centerleft>
                <centertop>50%</centertop>
                <width>$PARAM[size]</width>
                <height>$PARAM[size]</height>
                <control type="image" description="Back">
                    <aspectratio align="center" aligny="center">keep</aspectratio>
                    <texture>$PARAM[texture]</texture>
                    <colordiffuse>$PARAM[colordiffuse]_90</colordiffuse>
                </control>
                <control type="image" description="Icon">
                    <bordersize>30</bordersize>
                    <aspectratio align="center" aligny="center">keep</aspectratio>
                    <texture>$PARAM[icon]</texture>
                    <colordiffuse>$PARAM[colordiffuse]_70</colordiffuse>
                    <animation effect="fade" start="0" end="100" time="200" delay="1200" reversible="true">Visible</animation>
                    <animation effect="fade" start="100" end="0" time="200" delay="400" reversible="true">Hidden</animation>
                </control>
                <include content="Generator_Object_BusySpinner" condition="$PARAM[hasspinner]">
                    <param name="spinspinner">$PARAM[spinspinner]</param>
                </include>
                <include content="Object_Control" condition="$PARAM[hasprogress]">
                    <param name="control">group</param>
                    <description>Busy animation</description>
                    <animation effect="rotate" condition="$PARAM[spinprogress]" start="0" end="360" loop="true" time="2000" center="auto">Conditional</animation>
                    <control type="image">
                        <texture colordiffuse="$VAR[ColorHighlight]">$INFO[$PARAM[progress],progress/circle/p,.png]</texture>
                        <aspectratio align="center" aligny="center">keep</aspectratio>
                    </control>
                    <control type="image">
                        <texture colordiffuse="$VAR[ColorGradient]">$INFO[$PARAM[progress],progress/circle/p,.png]</texture>
                        <animation effect="fade" end="66" condition="true">Conditional</animation>
                        <aspectratio align="center" aligny="center">keep</aspectratio>
                        <include content="Defs_Progress_Colorfade">
                            <param name="id">$PARAM[progress_id]</param>
                        </include>
                    </control>
                </include>

                <include content="Object_Control" condition="$PARAM[haslabel]">
                    <param name="control">label</param>
                    <bottom>-40</bottom>
                    <height>40</height>
                    <width>600</width>
                    <centerleft>50%</centerleft>
                    <align>center</align>
                    <label>$PARAM[label]</label>
                    <textcolor>$PARAM[colordiffuse]_70</textcolor>
                </include>
            </control>
        </definition>
    </include>

    <include name="Object_BigPoster">
        <param name="icon">$VAR[Image_Poster]</param>
        <param name="fadetime">300</param>
        <param name="aspectratio">scale</param>
        <param name="posterback_colordiffuse">main_fg_12</param>
        <param name="icon_visible">true</param>
        <definition>
            <control type="group">
                <include content="Object_Control">
                    <param name="control">image</param>
                    <include content="Texture_Shadow_40">
                        <param name="colordiffuse">$PARAM[shadow_colordiffuse]</param>
                    </include>
                    <texture colordiffuse="$PARAM[posterback_colordiffuse]" border="12">common/box.png</texture>
                </include>
                <nested />
                <include content="Object_Control">
                    <param name="control">image</param>
                    <aspectratio scalediffuse="false">$PARAM[aspectratio]</aspectratio>
                    <fadetime>$PARAM[fadetime]</fadetime>
                    <texture diffuse="$PARAM[diffuse]">$PARAM[icon]</texture>
                    <visible>$PARAM[icon_visible]</visible>
                </include>
            </control>
        </definition>
    </include>

    <include name="Object_Layout_Image">
        <param name="aspectratio">keep</param>
        <definition>
            <control type="image">
                <texture background="true" diffuse="$PARAM[diffuse]">$PARAM[icon]</texture>
                <aspectratio scalediffuse="false">$PARAM[aspectratio]</aspectratio>
                <visible>![String.IsEqual($PARAM[listitem].Icon,DefaultFolder.png) + String.IsEqual($PARAM[listitem].Label,$LOCALIZE[22082])]</visible>
                <nested />
            </control>
            <control type="image">
                <texture background="true" diffuse="$PARAM[diffuse]">fallback/more-items-wide.png</texture>
                <aspectratio scalediffuse="false">scale</aspectratio>
                <visible>String.IsEqual($PARAM[listitem].Icon,DefaultFolder.png) + String.IsEqual($PARAM[listitem].Label,$LOCALIZE[22082])</visible>
                <nested />
            </control>
        </definition>
    </include>

    <include name="Object_InfoCircle_Horizontal">
        <param name="bordersize">2</param>
        <param name="max">400</param>
        <param name="top_label_left">-40</param>
        <param name="bottom_label_left">-340</param>
        <param name="aspectratio">scale</param>
        <definition>
            <control type="group">
                <height>60</height>
                <width>60</width>
                <nested />
                <include content="Object_Control">
                    <param name="control">image</param>
                    <bordersize>$PARAM[bordersize]</bordersize>
                    <bordertexture colordiffuse="panel_fg_100">common/circle.png</bordertexture>
                    <texture colordiffuse="panel_bg_70">common/circle.png</texture>
                </include>
                <include content="Object_Control">
                    <param name="control">image</param>
                    <bordersize>$PARAM[bordersize]</bordersize>
                    <aspectratio scalediffuse="false">$PARAM[aspectratio]</aspectratio>
                    <texture diffuse="common/circle.png" colordiffuse="panel_fg_100">$PARAM[icon]</texture>
                </include>
            </control>
            <control type="label">
                <left>$PARAM[top_label_left]</left>
                <font>font_mini_bold</font>
                <label>$PARAM[role]</label>
                <textcolor>panel_fg_100</textcolor>
                <height>30</height>
                <width>280</width>
                <nested />
            </control>
            <control type="label">
                <left>$PARAM[bottom_label_left]</left>
                <font>font_mini</font>
                <label>$PARAM[name]</label>
                <textcolor>panel_fg_70</textcolor>
                <height>30</height>
                <top>30</top>
                <width max="$PARAM[max]">auto</width>
                <nested />
            </control>
        </definition>
    </include>

    <include name="Object_InfoCircle_Image">
        <param name="bordersize">2</param>
        <param name="aspectratio">scale</param>
        <param name="colordiffuse">main_bg_90</param>
        <param name="diffuse">diffuse/circle_50.png</param>
        <definition>
            <control type="image">
                <nested />
                <centertop>50%</centertop>
                <height>50</height>
                <width>50</width>
                <bordersize>$PARAM[bordersize]</bordersize>
                <aspectratio scalediffuse="false">$PARAM[aspectratio]</aspectratio>
                <texture diffuse="$PARAM[diffuse]" colordiffuse="$PARAM[colordiffuse]" fallback="$PARAM[fallback]">$PARAM[icon]</texture>
            </control>
        </definition>
    </include>

    <include name="Object_InfoCircle_Text_Top">
        <control type="label" id="$PARAM[id]">
            <height>10</height>
            <centertop>25</centertop>
            <nested />
            <font>font_mini_black</font>
            <textcolor>main_fg_90</textcolor>
            <selectedcolor>main_fg_90</selectedcolor>
        </control>
    </include>

    <include name="Object_InfoCircle_Text_Sub">
        <control type="label" id="$PARAM[id]">
            <height>10</height>
            <centerbottom>25</centerbottom>
            <nested />
            <font>font_tiny</font>
            <textcolor>main_fg_70</textcolor>
            <selectedcolor>main_fg_70</selectedcolor>
        </control>
    </include>

    <include name="Object_InfoCircle">
        <param name="bordersize">1</param>
        <param name="aspectratio">scale</param>
        <param name="colordiffuse">main_bg_90</param>
        <param name="textcolor_top">main_fg_90</param>
        <param name="textcolor_sub">main_fg_70</param>
        <param name="font_top">font_mini_bold</param>
        <param name="font_sub">font_mini</param>
        <definition>
            <control type="group">
                <height>80</height>
                <control type="group">
                    <centertop>50%</centertop>
                    <height>50</height>
                    <width>50</width>
                    <control type="image">
                        <include content="Dimension_Padding"><param name="pad">-40</param></include>
                        <bordersize>40</bordersize>
                        <bordertexture colordiffuse="shadow_hard">shadows/circle_50-shadow-40.png</bordertexture>
                        <texture colordiffuse="main_fg_100">diffuse/circle_50.png</texture>
                    </control>
                    <include content="Object_InfoCircle_Image">
                        <param name="bordersize">$PARAM[bordersize]</param>
                        <param name="aspectratio">$PARAM[aspectratio]</param>
                        <param name="colordiffuse">$PARAM[colordiffuse]</param>
                        <param name="icon">$PARAM[icon]</param>
                        <param name="diffuse">$PARAM[diffuse]</param>
                        <param name="fallback">$PARAM[fallback]</param>
                    </include>
                </control>
                <nested />
                <left>40</left>
                <include content="Object_InfoCircle_Text_Top">
                    <left>80</left>
                    <textcolor>$PARAM[textcolor_top]</textcolor>
                    <selectedcolor>$PARAM[textcolor_top]</selectedcolor>
                    <label>$PARAM[role]</label>
                </include>
                <include content="Object_InfoCircle_Text_Sub">
                    <left>80</left>
                    <textcolor>$PARAM[textcolor_sub]</textcolor>
                    <selectedcolor>$PARAM[textcolor_sub]</selectedcolor>
                    <label>$PARAM[name]</label>
                </include>
            </control>
        </definition>
    </include>

    <include name="Object_StartUp_Logo">
        <control type="grouplist">
            <height>128</height>
            <centertop>400</centertop>
            <orientation>vertical</orientation>
            <align>center</align>
            <control type="image">
                <width>96</width>
                <height>96</height>
                <centerleft>50%</centerleft>
                <aspectratio>keep</aspectratio>
                <texture colordiffuse="$VAR[ColorHighlight]">special://skin/extras/icons/kodi.png</texture>
            </control>
            <control type="label">
                <height>32</height>
                <textcolor>main_fg_100</textcolor>
                <label>KODI</label>
                <font>font_logo_large</font>
                <align>center</align>
            </control>
        </control>
        <control type="label">
            <height>80</height>
            <centertop>49%</centertop>
            <aligny>center</aligny>
            <align>center</align>
            <font>font_info_black</font>
            <textcolor>$VAR[ColorHighlight]</textcolor>
            <label>[COLOR=main_logo]Arctic[/COLOR] Fuse</label>
        </control>
        <control type="group">
            <bottom>80</bottom>
            <height>140</height>
            <centerleft>50%</centerleft>
            <width>600</width>
            <visible>Weather.IsFetched</visible>
            <animation effect="fade" reversible="false" start="0" end="100" time="300" delay="0">Visible</animation>
            <control type="grouplist">
                <orientation>horizontal</orientation>
                <align>center</align>
                <height>100</height>
                <top>0</top>
                <control type="image">
                    <centertop>50%</centertop>
                    <width>90</width>
                    <height>90</height>
                    <aspectratio>keep</aspectratio>
                    <texture colordiffuse="main_fg_90">$INFO[Window(Weather).Property(Current.FanartCode),resource://resource.images.weathericons.white/,.png]</texture>
                    <visible>!String.IsEmpty(Window(Weather).Property(Current.FanartCode))</visible>
                </control>
                <control type="label">
                    <left>-10</left>
                    <label>$INFO[Window(Weather).Property(Current.Temperature), [B],[/B]°]</label>
                    <width>auto</width>
                    <height>90</height>
                    <align>center</align>
                    <aligny>center</aligny>
                    <font>font_info_black</font>
                    <textcolor>main_fg_90</textcolor>
                    <visible>!String.IsEmpty(Window(Weather).Property(Current.Temperature))</visible>
                </control>
            </control>
            <control type="label">
                <label>$INFO[Window(Weather).Property(Current.Condition)]</label>
                <height>20</height>
                <centerbottom>20</centerbottom>
                <align>center</align>
                <aligny>center</aligny>
                <font>font_main</font>
                <textcolor>main_fg_90</textcolor>
                <visible>!String.IsEmpty(Window(Weather).Property(Current.Condition))</visible>
            </control>
        </control>
    </include>

    <include name="Object_ProgressLine">
        <param name="progress">ListItem.Progress</param>
        <definition>
            <control type="progress">
                <height>4</height>
                <left>0</left>
                <right>0</right>
                <bottom>-16</bottom>
                <texturebg colordiffuse="main_fg_12" border="2">progress/progress-bg.png</texturebg>
                <lefttexture colordiffuse="main_logo" border="2">progress/progress-left.png</lefttexture>
                <midtexture colordiffuse="main_logo" border="2">progress/progress-end.png</midtexture>
                <righttexture colordiffuse="main_logo" border="2">progress/progress-right.png</righttexture>
                <info>$PARAM[progress]</info>
                <visible>!Integer.IsEqual($PARAM[progress],0)</visible>
                <nested />
            </control>
        </definition>
    </include>

    <include name="Object_Indicator_Visible_Playing">
        <visible>[$PARAM[playing]]</visible>
    </include>

    <include name="Object_Indicator_Visible_Episodes">
        <visible>![$PARAM[playing]] + [$PARAM[episodes]]</visible>
    </include>

    <include name="Object_Indicator_Visible_Timers">
        <visible>![$PARAM[playing]] + ![$PARAM[episodes]] + [$PARAM[timers]]</visible>
    </include>

    <include name="Object_Indicator_Visible_Progress">
        <visible>![$PARAM[playing]] + ![$PARAM[episodes]] + ![$PARAM[timers]] + [$PARAM[progress]]</visible>
    </include>

    <include name="Object_Indicator_Visible_Watched">
        <visible>![$PARAM[playing]] + ![$PARAM[episodes]] + ![$PARAM[timers]] + ![$PARAM[progress]] + [$PARAM[watched]]</visible>
    </include>

    <include name="Object_Indicator_Visible_Library">
        <visible>![$PARAM[playing]] + ![$PARAM[episodes]] + ![$PARAM[timers]] + ![$PARAM[progress]] + ![$PARAM[watched]] + [$PARAM[library]]</visible>
    </include>

    <include name="Object_Indicator_Visible_Collection">
        <visible>![$PARAM[playing]] + ![$PARAM[episodes]] + ![$PARAM[timers]] + ![$PARAM[progress]] + ![$PARAM[watched]] + ![$PARAM[library]] + [$PARAM[collection]]</visible>
    </include>

    <include name="Object_Indicator_Visible_Percentage">
        <visible>[$PARAM[episodes]] | [$PARAM[progress]]</visible>
    </include>

    <include name="Object_Indicator_Visible_All">
        <visible>[$PARAM[playing]] | [$PARAM[episodes]] | [$PARAM[timers]] | [$PARAM[progress]] | [$PARAM[watched]] | [$PARAM[library]] | [$PARAM[collection]]</visible>
    </include>

    <include name="Object_Indicator_Visible">
        <param name="include_type">All</param>
        <definition>
            <include content="Object_Indicator_Visible_$PARAM[include_type]">
                <param name="playing">$PARAM[listitem].IsPlaying</param>
                <param name="episodes">!Skin.HasSetting(Indicator.DisableEpisodes) + !Integer.IsEqual($PARAM[listitem].Property(UnWatchedEpisodes),0) + [String.IsEqual($PARAM[listitem].DBType,tvshow) | String.IsEqual($PARAM[listitem].DBType,season) | String.IsEqual($PARAM[listitem].DBType,episode)]</param>
                <param name="timers">$PARAM[listitem].IsRecording | $PARAM[listitem].HasTimer</param>
                <param name="progress">!Skin.HasSetting(Indicator.DisableProgress) + !$PARAM[listitem].IsCollection + [$PARAM[listitem].IsResumable | [!String.IsEmpty($PARAM[listitem].Property(WatchedProgress)) + !Integer.IsEqual($PARAM[listitem].Property(WatchedProgress),0) + !Integer.IsEqual($PARAM[listitem].Property(WatchedProgress),100)]]</param>
                <param name="watched">!Skin.HasSetting(Indicator.DisableWatched) + [String.IsEqual($PARAM[listitem].Overlay,OverlayWatched.png) | [!Integer.IsEqual($PARAM[listitem].PlayCount,0) + [String.IsEqual($PARAM[listitem].DBType,movie) | String.IsEqual($PARAM[listitem].DBType,tvshow) | String.IsEqual($PARAM[listitem].DBType,season) | String.IsEqual($PARAM[listitem].DBType,set) | String.IsEqual($PARAM[listitem].DBType,video) | String.IsEqual($PARAM[listitem].DBType,episode)]]]</param>
                <param name="library">!Skin.HasSetting(Indicator.DisableLibrary) + !String.IsEmpty($PARAM[listitem].DBID) + !String.IsEmpty($PARAM[listitem].Property(Item.Info))</param>
                <param name="collection">!Skin.HasSetting(Indicator.DisableCollection) + [$PARAM[listitem].IsCollection | $PARAM[listitem].HasVideoVersions]</param>
            </include>
        </definition>
    </include>

    <include name="Object_Indicator_Selected">
        <param name="shadow">true</param>
        <definition>
            <control type="group">
                <nested />
                <include content="Dimension_Padding">
                    <param name="pad">4</param>
                </include>
                <control type="image">
                    <include content="Dimension_Padding">
                        <param name="pad">-32</param>
                    </include>
                    <texture colordiffuse="$VAR[ColorHighlight]">indicator/circle-fo.png</texture>
                    <bordertexture colordiffuse="shadow_hard">indicator/circle-fo-shadow.png]</bordertexture>
                    <bordersize>32</bordersize>
                </control>
            </control>
        </definition>
    </include>

    <include name="Object_Indicator">
        <param name="affix" />
        <param name="listitem">ListItem</param>
        <param name="selected">false</param>
        <param name="shadow">true</param>
        <param name="backing">true</param>
        <definition>
            <control type="group">
                <nested />
                <centerbottom>0</centerbottom>
                <right>25</right>
                <width>64</width>
                <height>64</height>

                <!-- Visibility of Group -->
                <include content="Object_Indicator_Visible">
                    <param name="listitem">$PARAM[listitem]</param>
                </include>

                <!-- Focused Item -->
                <include content="Object_Indicator_Selected" condition="$PARAM[selected]">
                    <param name="shadow">$PARAM[shadow]</param>
                    <param name="listitem">$PARAM[listitem]</param>
                </include>

                <!-- Black Circle Backing -->
                <include content="Object_Control" condition="$PARAM[backing]">
                    <param name="control">image</param>
                    <texture colordiffuse="ff333333">indicator/circle-colordiffuse.png</texture>
                </include>

                <!-- Percentage -->
                <include content="Object_Control">
                    <param name="control">image</param>
                    <texture colordiffuse="$VAR[ColorWatchedProgress]" diffuse="indicator/circle-diffuse.png" background="true">$VAR[Defs_PercentPlayed$PARAM[affix],progress/circle/p,.png]</texture>
                    <aspectratio align="center" aligny="center">keep</aspectratio>
                    <include content="Object_Indicator_Visible">
                        <param name="include_type">Percentage</param>
                        <param name="listitem">$PARAM[listitem]</param>
                    </include>
                </include>

                <!-- Episodes Count -->
                <include content="Object_Control" condition="!Skin.HasSetting(Indicator.DisableEpisodes)">
                    <param name="control">label</param>
                    <font>font_hint_bold</font>
                    <align>center</align>
                    <aligny>center</aligny>
                    <textcolor>panel_fg_100</textcolor>
                    <label>$INFO[$PARAM[listitem].Property(UnWatchedEpisodes)]</label>
                    <include content="Object_Indicator_Visible">
                        <param name="include_type">Episodes</param>
                        <param name="listitem">$PARAM[listitem]</param>
                    </include>
                </include>

                <!-- Timers -->
                <control type="group">
                    <include content="Object_Indicator_Visible">
                        <param name="include_type">Timers</param>
                        <param name="listitem">$PARAM[listitem]</param>
                    </include>
                    <control type="image">
                        <bordersize>20</bordersize>
                        <texture>indicator/record.png</texture>
                        <visible>$PARAM[listitem].IsRecording</visible>
                    </control>
                    <control type="image">
                        <bordersize>20</bordersize>
                        <texture>indicator/timer.png</texture>
                        <visible>!$PARAM[listitem].IsRecording</visible>
                        <visible>$PARAM[listitem].HasTimer</visible>
                    </control>
                </control>

                <!-- Progress -->
                <include content="Object_Control" condition="!Skin.HasSetting(Indicator.DisableProgress)">
                    <param name="control">image</param>
                    <bordersize>20</bordersize>
                    <texture>indicator/timer.png</texture>
                    <include content="Object_Indicator_Visible">
                        <param name="include_type">Progress</param>
                        <param name="listitem">$PARAM[listitem]</param>
                    </include>
                </include>

                <!-- Watched -->
                <include content="Object_Control" condition="!Skin.HasSetting(Indicator.DisableWatched)">
                    <param name="control">group</param>
                    <control type="image">
                        <texture colordiffuse="$VAR[ColorWatchedProgress]" diffuse="indicator/circle-diffuse.png" background="true">progress/circle/p100.png</texture>
                        <aspectratio align="center" aligny="center">keep</aspectratio>
                    </control>
                    <control type="image">
                        <bordersize>20</bordersize>
                        <texture colordiffuse="$VAR[ColorWatchedProgress]">indicator/checkmark.png</texture>
                    </control>
                    <include content="Object_Indicator_Visible">
                        <param name="include_type">Watched</param>
                        <param name="listitem">$PARAM[listitem]</param>
                    </include>
                </include>

                <!-- Library -->
                <include content="Object_Control" condition="!Skin.HasSetting(Indicator.DisableLibrary)">
                    <param name="control">image</param>
                    <bordersize>20</bordersize>
                    <texture>indicator/library.png</texture>
                    <include content="Object_Indicator_Visible">
                        <param name="include_type">Library</param>
                        <param name="listitem">$PARAM[listitem]</param>
                    </include>
                </include>

                <!-- Collection -->
                <include content="Object_Control" condition="!Skin.HasSetting(Indicator.DisableCollection)">
                    <param name="control">image</param>
                    <bordersize>20</bordersize>
                    <texture>indicator/movieset.png</texture>
                    <include content="Object_Indicator_Visible">
                        <param name="include_type">Collection</param>
                        <param name="listitem">$PARAM[listitem]</param>
                    </include>
                </include>

                <!-- Playing -->
                <include content="Object_Control" condition="True">
                    <param name="control">group</param>
                    <control type="image">
                        <texture colordiffuse="$VAR[ColorWatchedProgress]" diffuse="indicator/circle-diffuse.png" background="true">progress/circle/p100.png</texture>
                        <aspectratio align="center" aligny="center">keep</aspectratio>
                    </control>
                    <control type="image">
                        <bordersize>20</bordersize>
                        <texture>indicator/play.png</texture>
                    </control>
                    <include content="Object_Indicator_Visible">
                        <param name="include_type">Playing</param>
                        <param name="listitem">$PARAM[listitem]</param>
                    </include>
                </include>

            </control>
        </definition>
    </include>

    <include name="Object_Indicator_List">
        <param name="affix" />
        <param name="listitem">ListItem</param>
        <param name="selected">false</param>
        <definition>
            <control type="group">
                <nested />
                <width>64</width>
                <height>64</height>
                <control type="image">
                    <include content="Dimension_Padding"><param name="pad">10</param></include>
                    <include content="Object_ColorDiffuse" condition="$PARAM[selected]"><param name="colordiffuse">$VAR[ColorSelected_30]</param></include>
                    <colordiffuse>main_fg_30</colordiffuse>
                    <texture>progress/circle/p100.png</texture>
                    <aspectratio align="center" aligny="center">keep</aspectratio>
                    <visible>$EXP[Exp_HasWatchedProgress]</visible>
                </control>
                <control type="image">
                    <include content="Dimension_Padding"><param name="pad">10</param></include>
                    <include content="Object_ColorDiffuse" condition="$PARAM[selected]"><param name="colordiffuse">$VAR[ColorSelected]</param></include>
                    <colordiffuse>main_fg_90</colordiffuse>
                    <texture>$VAR[Defs_PercentPlayed,progress/circle/p,.png]</texture>
                    <aspectratio align="center" aligny="center">keep</aspectratio>
                    <visible>$EXP[Exp_HasWatchedProgress]</visible>
                </control>
                <control type="image">
                    <include content="Dimension_Padding"><param name="pad">16</param></include>
                    <include content="Object_ColorDiffuse" condition="$PARAM[selected]"><param name="colordiffuse">$VAR[ColorSelected]</param></include>
                    <colordiffuse>main_fg_100</colordiffuse>
                    <texture>$VAR[Image_Overlay_List]</texture>
                </control>
            </control>
        </definition>
    </include>

    <include name="Object_Discover_Button">
        <param name="width">100%</param>
        <definition>
            <control type="group" id="91$PARAM[id]">
                <top>0</top>
                <left>$PARAM[left]</left>
                <width>$PARAM[width]</width>
                <height>120</height>
                <visible>Control.IsVisible(90$PARAM[id])</visible>
                <control type="group">
                    <include content="Dimension_Padding">
                        <param name="pad">20</param>
                    </include>
                    <control type="group">
                        <visible>!Control.HasFocus(90$PARAM[id])</visible>
                        <include content="Object_ItemBack">
                            <param name="selected">false</param>
                        </include>
                    </control>
                    <control type="group">
                        <visible>Control.HasFocus(90$PARAM[id])</visible>
                        <include content="Object_ItemBack">
                            <param name="selected">true</param>
                        </include>
                        <include content="Object_SelectBox">
                            <param name="indicator">false</param>
                            <param name="focusbounce">true</param>
                        </include>
                    </control>
                </control>
            </control>
            <control type="button" id="90$PARAM[id]">
                <left>$PARAM[left]</left>
                <width>$PARAM[width]</width>
                <top>-120</top>
                <texturefocus />
                <texturenofocus />
                <height>120</height>
                <textoffsetx>50</textoffsetx>
                <align>left</align>
                <font>font_main</font>
                <textcolor>main_fg_70</textcolor>
                <nested />
            </control>
        </definition>
    </include>

    <include name="Object_Indicator_Preview">
        <param name="affix" />
        <param name="listitem">ListItem</param>
        <param name="selected">false</param>
        <param name="shadow">true</param>
        <param name="checkmark">true</param>
        <definition>
            <control type="group">
                <nested />
                <width>70</width>
                <height>70</height>
                <include content="Object_Control" condition="$PARAM[selected]">
                    <param name="control">group</param>
                    <control type="image">
                        <include content="Dimension_Padding"><param name="pad">-32</param></include>
                        <texture colordiffuse="shadow_hard">indicator/circle-fo-shadow.png</texture>
                        <visible>$PARAM[shadow]</visible>
                    </control>
                    <control type="image">
                        <aspectratio>center</aspectratio>
                        <texture colordiffuse="$VAR[ColorHighlight]">indicator/circle-fo.png</texture>
                        <visible>!String.IsEqual(Window(Home).Property(ColorPicker_Type),Highlight) | !Control.HasFocus(3000)</visible>
                    </control>
                    <control type="image">
                        <aspectratio>center</aspectratio>
                        <texture colordiffuse="$INFO[Container(3000).ListItem.Label]">indicator/circle-fo.png</texture>
                        <visible>String.IsEqual(Window(Home).Property(ColorPicker_Type),Highlight) + Control.HasFocus(3000)</visible>
                    </control>
                </include>
                <control type="image">
                    <texture colordiffuse="ff333333">indicator/circle-bg.png</texture>
                </control>
                <control type="image">
                    <include content="Dimension_Padding"><param name="pad">0</param></include>
                    <texture colordiffuse="$VAR[ColorWatchedProgress]">progress/circle/p$PARAM[progress].png</texture>
                    <aspectratio align="center" aligny="center">keep</aspectratio>
                    <visible>!String.IsEqual(Window(Home).Property(ColorPicker_Type),Indicator) | !Control.HasFocus(3000)</visible>
                </control>
                <control type="image">
                    <include content="Dimension_Padding"><param name="pad">0</param></include>
                    <texture colordiffuse="$INFO[Container(3000).ListItem.Label]">progress/circle/p$PARAM[progress].png</texture>
                    <aspectratio align="center" aligny="center">keep</aspectratio>
                    <visible>String.IsEqual(Window(Home).Property(ColorPicker_Type),Indicator) + Control.HasFocus(3000)</visible>
                </control>
                <control type="image">
                    <texture>indicator/circle-fg.png</texture>
                </control>
                <control type="image">
                    <include content="Dimension_Padding"><param name="pad">20</param></include>
                    <texture colordiffuse="$VAR[ColorWatchedProgress]">indicator/checkmark.png</texture>
                    <visible>$PARAM[checkmark]</visible>
                    <visible>!String.IsEqual(Window(Home).Property(ColorPicker_Type),Indicator) | !Control.HasFocus(3000)</visible>
                </control>
                <control type="image">
                    <include content="Dimension_Padding"><param name="pad">20</param></include>
                    <texture colordiffuse="$INFO[Container(3000).ListItem.Label]">indicator/checkmark.png</texture>
                    <visible>$PARAM[checkmark]</visible>
                    <visible>String.IsEqual(Window(Home).Property(ColorPicker_Type),Indicator) + Control.HasFocus(3000)</visible>
                </control>
                <control type="image">
                    <include content="Dimension_Padding"><param name="pad">20</param></include>
                    <texture>indicator/timer.png</texture>
                    <visible>!$PARAM[checkmark]</visible>
                </control>
            </control>
        </definition>
    </include>

    <include name="Object_Info_Button_Icon">
        <param name="back_colordiffuse">main_fg_100</param>
        <param name="shadow_colordiffuse">shadow_hard</param>
        <definition>
            <control type="group">
                <nested />
                <height>50</height>
                <width>50</width>
                <control type="image">
                    <include content="Dimension_Padding"><param name="pad">-30</param></include>
                    <bordersize>30</bordersize>
                    <bordertexture colordiffuse="$PARAM[shadow_colordiffuse]">shadows/circle_50-shadow-30.png</bordertexture>
                    <texture colordiffuse="$PARAM[back_colordiffuse]">diffuse/circle_50.png</texture>
                </control>
                <include content="Object_InfoCircle_Image">
                    <param name="bordersize">1</param>
                    <param name="aspectratio">keep</param>
                    <param name="colordiffuse">$PARAM[colordiffuse]</param>
                    <param name="icon">$PARAM[icon]</param>
                </include>
            </control>
        </definition>
    </include>

    <include name="Object_Info_Button_Left">
        <control type="group">
            <visible>$PARAM[visible]</visible>
            <nested />
            <include content="Object_Info_Button_Icon">
                <param name="back_colordiffuse">$PARAM[back_colordiffuse]</param>
                <param name="colordiffuse">$PARAM[icon_colordiffuse]</param>
                <param name="icon">$PARAM[icon]</param>
                <param name="shadow_colordiffuse">shadow_soft</param>
                <left>60</left>
                <centertop>50%</centertop>
            </include>
        </control>
    </include>
    <include name="Object_Info_Button">
        <param name="visible">true</param>
        <param name="control">button</param>
        <param name="width">auto</param>
        <param name="itemgap">60</param>
        <param name="itempad">0</param>
        <param name="textcolor">main_fg_70</param>
        <param name="font">font_mini_bold</param>
        <definition>
            <control type="group" id="$PARAM[groupid]">
                <left>$PARAM[itempad]</left>
                <width>130</width>
                <height>256</height>
                <visible>$PARAM[visible]</visible>
                <include content="Object_Info_Button_Left">
                    <param name="visible">Control.HasFocus($PARAM[id])</param>
                    <param name="icon">$PARAM[icon]</param>
                    <param name="back_colordiffuse">$PARAM[flip_colordiffuse]</param>
                    <param name="icon_colordiffuse">$PARAM[icon_colordiffuse]</param>
                    <control type="image">
                        <include>Texture_MainMenu_Highlight_H_X</include>
                    </control>
                </include>
                <include content="Object_Info_Button_Left">
                    <param name="visible">![Control.HasFocus($PARAM[id])]</param>
                    <param name="icon">$PARAM[icon]</param>
                    <param name="back_colordiffuse">$PARAM[back_colordiffuse]</param>
                    <param name="icon_colordiffuse">$PARAM[icon_colordiffuse]</param>
                </include>
            </control>
            <control type="$PARAM[control]" id="$PARAM[id]">
                <left>$PARAM[itemgap]</left>
                <width>$PARAM[width]</width>
                <visible>$PARAM[visible]</visible>
                <height>256</height>
                <texturenofocus />
                <alttexturenofocus />
                <include>Texture_MainMenu_Highlight_Focus_H_Y</include>
                <font>$PARAM[font]</font>
                <align>left</align>
                <textoffsetx>0</textoffsetx>
                <textcolor>$PARAM[textcolor]</textcolor>
                <focusedcolor>$VAR[ColorSelected]</focusedcolor>
                <nested />
                <label>$PARAM[label]</label>
            </control>
            <control type="group" id="$PARAM[sliceid]">
                <left>$PARAM[itemgap]</left>
                <visible>$PARAM[visible]</visible>
                <width>80</width>
                <height>256</height>
                <control type="image">
                    <visible>Control.HasFocus($PARAM[id])</visible>
                    <include>Texture_MainMenu_Highlight_H_Z</include>
                </control>
            </control>
        </definition>
    </include>

    <include name="Object_MenuBar_Item">
        <param name="selected">false</param>
        <param name="haslabel">true</param>
        <param name="visible">true</param>
        <definition>
            <include content="_Object_MenuBar_Item">
                <param name="fo_texture">Texture_MainMenu_Highlight_H</param>
                <param name="nf_texture">common/menumain.png</param>
                <param name="selected">$PARAM[selected]</param>
                <param name="haslabel">$PARAM[haslabel]</param>
                <param name="visible">$PARAM[visible]</param>
                <param name="color_bg">$PARAM[color_bg]</param>
                <param name="color_fg">$PARAM[color_fg]</param>
                <param name="font">$PARAM[font]</param>
            </include>
        </definition>
    </include>

    <include name="_Object_MenuBar_Item">
        <param name="selected">false</param>
        <param name="haslabel">true</param>
        <param name="visible">true</param>
        <definition>
            <include content="Object_Control">
                <param name="control">group</param>
                <visible>$PARAM[visible]</visible>
                <centertop>50%</centertop>
                <height>256</height>
                <left>-60</left>
                <right>-60</right>
                <control type="image">
                    <include condition="$PARAM[selected]">$PARAM[fo_texture]</include>
                    <texture border="80" colordiffuse="$PARAM[color_bg]">$PARAM[nf_texture]</texture>
                </control>
            </include>
            <include content="Object_Control" condition="$PARAM[haslabel]">
                <param name="control">group</param>
                <visible>$PARAM[visible]</visible>
                <control type="image">
                    <centertop>50%</centertop>
                    <height>60</height>
                    <width>80</width>
                    <aspectratio>keep</aspectratio>
                    <bordersize>4</bordersize>
                    <texture colordiffuse="$PARAM[color_fg]">$INFO[ListItem.Icon]</texture>
                </control>
                <control type="label">
                    <centertop>50%</centertop>
                    <height>60</height>
                    <aligny>center</aligny>
                    <left>80</left>
                    <right>80</right>
                    <align>center</align>
                    <font>$PARAM[font]</font>
                    <textcolor>$PARAM[color_fg]</textcolor>
                    <label>$INFO[ListItem.Label]</label>
                </control>
            </include>
        </definition>
    </include>

    <include name="Object_MenuHeader">
        <param name="icon">special://skin/extras/icons/kodi.png</param>
        <param name="label">$LOCALIZE[33063]</param>
        <param name="has_icon">true</param>
        <param name="colordiffuse">$VAR[ColorHighlight]</param>
        <param name="textcolor">dialog_fg</param>
        <param name="font">font_midi_black</param>
        <definition>
            <control type="group" id="$PARAM[id]">
                <nested />
                <height>120</height>
                <control type="label">
                    <label>$PARAM[label]</label>
                    <textoffsetx>40</textoffsetx>
                    <font>$PARAM[font]</font>
                    <aligny>center</aligny>
                    <textcolor>$PARAM[textcolor]_90</textcolor>
                </control>
                <include content="Object_Control" condition="$PARAM[has_icon]">
                    <param name="control">group</param>
                    <right>20</right>
                    <centertop>50%</centertop>
                    <height>80</height>
                    <width>80</width>
                    <control type="image">
                        <bordersize>$PARAM[bordersize]</bordersize>
                        <texture colordiffuse="$PARAM[colordiffuse]">$PARAM[icon]</texture>
                    </control>
                </include>
                <control type="image">
                    <bottom>0</bottom>
                    <height>1</height>
                    <left>40</left>
                    <right>40</right>
                    <texture colordiffuse="$PARAM[textcolor]_12">common/white.png</texture>
                </control>
            </control>
        </definition>
    </include>

    <include name="Object_Keyboard_Mini_Button">
        <param name="control">button</param>
        <definition>
            <control type="$PARAM[control]" id="$PARAM[id]">
                <nested />
                <height>60</height>
                <textoffsety>-5</textoffsety>
                <textoffsetx>-20</textoffsetx>
                <centertop>50%</centertop>
                <radiowidth>24</radiowidth>
                <include>Texture_Highlight_Underline_H</include>
                <align>center</align>
                <font>font_main</font>
                <textcolor>dialog_fg_70</textcolor>
                <selectedcolor>dialog_fg_70</selectedcolor>
                <width>40</width>
            </control>
        </definition>
    </include>

    <include name="Object_Keyboard_Button">
        <param name="control">button</param>
        <definition>
            <control type="$PARAM[control]" id="$PARAM[id]">
                <include>defs_dialog_$PARAM[control]</include>
                <nested />
                <texturenofocus border="40" colordiffuse="dialog_fg_12">common/menu.png</texturenofocus>
                <width>80</width>
                <font>font_main</font>
                <textoffsetx>0</textoffsetx>
                <textcolor>dialog_fg_70</textcolor>
                <selectedcolor>dialog_fg_70</selectedcolor>
            </control>
        </definition>
    </include>

    <include name="Object_SearchLetter_Click_a">
        <onclick>Number2</onclick>
    </include>
    <include name="Object_SearchLetter_Click_b">
        <onclick>Number2</onclick>
        <onclick>Number2</onclick>
    </include>
    <include name="Object_SearchLetter_Click_c">
        <onclick>Number2</onclick>
        <onclick>Number2</onclick>
        <onclick>Number2</onclick>
    </include>

    <include name="Object_SearchLetter_Click_d">
        <onclick>Number3</onclick>
    </include>
    <include name="Object_SearchLetter_Click_e">
        <onclick>Number3</onclick>
        <onclick>Number3</onclick>
    </include>
    <include name="Object_SearchLetter_Click_f">
        <onclick>Number3</onclick>
        <onclick>Number3</onclick>
        <onclick>Number3</onclick>
    </include>

    <include name="Object_SearchLetter_Click_g">
        <onclick>Number4</onclick>
    </include>
    <include name="Object_SearchLetter_Click_h">
        <onclick>Number4</onclick>
        <onclick>Number4</onclick>
    </include>
    <include name="Object_SearchLetter_Click_i">
        <onclick>Number4</onclick>
        <onclick>Number4</onclick>
        <onclick>Number4</onclick>
    </include>

    <include name="Object_SearchLetter_Click_j">
        <onclick>Number5</onclick>
    </include>
    <include name="Object_SearchLetter_Click_k">
        <onclick>Number5</onclick>
        <onclick>Number5</onclick>
    </include>
    <include name="Object_SearchLetter_Click_l">
        <onclick>Number5</onclick>
        <onclick>Number5</onclick>
        <onclick>Number5</onclick>
    </include>

    <include name="Object_SearchLetter_Click_m">
        <onclick>Number6</onclick>
    </include>
    <include name="Object_SearchLetter_Click_n">
        <onclick>Number6</onclick>
        <onclick>Number6</onclick>
    </include>
    <include name="Object_SearchLetter_Click_o">
        <onclick>Number6</onclick>
        <onclick>Number6</onclick>
        <onclick>Number6</onclick>
    </include>

    <include name="Object_SearchLetter_Click_p">
        <onclick>Number7</onclick>
    </include>
    <include name="Object_SearchLetter_Click_q">
        <onclick>Number7</onclick>
        <onclick>Number7</onclick>
    </include>
    <include name="Object_SearchLetter_Click_r">
        <onclick>Number7</onclick>
        <onclick>Number7</onclick>
        <onclick>Number7</onclick>
    </include>
    <include name="Object_SearchLetter_Click_s">
        <onclick>Number7</onclick>
        <onclick>Number7</onclick>
        <onclick>Number7</onclick>
        <onclick>Number7</onclick>
    </include>

    <include name="Object_SearchLetter_Click_t">
        <onclick>Number8</onclick>
    </include>
    <include name="Object_SearchLetter_Click_u">
        <onclick>Number8</onclick>
        <onclick>Number8</onclick>
    </include>
    <include name="Object_SearchLetter_Click_v">
        <onclick>Number8</onclick>
        <onclick>Number8</onclick>
        <onclick>Number8</onclick>
    </include>

    <include name="Object_SearchLetter_Click_w">
        <onclick>Number9</onclick>
    </include>
    <include name="Object_SearchLetter_Click_x">
        <onclick>Number9</onclick>
        <onclick>Number9</onclick>
    </include>
    <include name="Object_SearchLetter_Click_y">
        <onclick>Number9</onclick>
        <onclick>Number9</onclick>
        <onclick>Number9</onclick>
    </include>
    <include name="Object_SearchLetter_Click_z">
        <onclick>Number9</onclick>
        <onclick>Number9</onclick>
        <onclick>Number9</onclick>
        <onclick>Number9</onclick>
    </include>

    <include name="Object_SearchLetter_Click__"> <!-- Space -->
        <onclick>Number0</onclick>
    </include>
    <include name="Object_SearchLetter_Click_&lt;"> <!-- Backspace -->
        <onclick>Backspace</onclick>
    </include>

    <include name="Object_SearchLetter_Click_0">
        <onclick>Number0</onclick>
        <onclick>Number0</onclick>
        <onclick>Number0</onclick>
        <onclick>Number0</onclick>
        <onclick>Number0</onclick>
        <onclick>Number0</onclick>
        <onclick>Number0</onclick>
        <onclick>Number0</onclick>
        <onclick>Number0</onclick>
        <onclick>Number0</onclick>
        <onclick>Number0</onclick>
        <onclick>Number0</onclick>
        <onclick>Number0</onclick>
        <onclick>Number0</onclick>
        <onclick>Number0</onclick>
        <onclick>Number0</onclick>
        <onclick>Number0</onclick>
        <onclick>Number0</onclick>
        <onclick>Number0</onclick>
        <onclick>Number0</onclick>
        <onclick>Number0</onclick>
    </include>

    <include name="Object_SearchLetter_Click_1">
        <onclick>Number1</onclick>
        <onclick>Number1</onclick>
        <onclick>Number1</onclick>
        <onclick>Number1</onclick>
        <onclick>Number1</onclick>
        <onclick>Number1</onclick>
        <onclick>Number1</onclick>
        <onclick>Number1</onclick>
        <onclick>Number1</onclick>
        <onclick>Number1</onclick>
        <onclick>Number1</onclick>
        <onclick>Number1</onclick>
        <onclick>Number1</onclick>
        <onclick>Number1</onclick>
    </include>

    <include name="Object_SearchLetter_Click_2">
        <onclick>Number2</onclick>
        <onclick>Number2</onclick>
        <onclick>Number2</onclick>
        <onclick>Number2</onclick>
    </include>

    <include name="Object_SearchLetter_Click_3">
        <onclick>Number3</onclick>
        <onclick>Number3</onclick>
        <onclick>Number3</onclick>
        <onclick>Number3</onclick>
    </include>

    <include name="Object_SearchLetter_Click_4">
        <onclick>Number4</onclick>
        <onclick>Number4</onclick>
        <onclick>Number4</onclick>
        <onclick>Number4</onclick>
    </include>

    <include name="Object_SearchLetter_Click_5">
        <onclick>Number5</onclick>
        <onclick>Number5</onclick>
        <onclick>Number5</onclick>
        <onclick>Number5</onclick>
    </include>

    <include name="Object_SearchLetter_Click_6">
        <onclick>Number6</onclick>
        <onclick>Number6</onclick>
        <onclick>Number6</onclick>
        <onclick>Number6</onclick>
    </include>

    <include name="Object_SearchLetter_Click_7">
        <onclick>Number7</onclick>
        <onclick>Number7</onclick>
        <onclick>Number7</onclick>
        <onclick>Number7</onclick>
        <onclick>Number7</onclick>
    </include>

    <include name="Object_SearchLetter_Click_8">
        <onclick>Number8</onclick>
        <onclick>Number8</onclick>
        <onclick>Number8</onclick>
        <onclick>Number8</onclick>
    </include>

    <include name="Object_SearchLetter_Click_9">
        <onclick>Number9</onclick>
        <onclick>Number9</onclick>
        <onclick>Number9</onclick>
        <onclick>Number9</onclick>
        <onclick>Number9</onclick>
    </include>

    <include name="Object_SearchLetter_Button">
        <param name="base_id">300</param>
        <param name="top_row">false</param>
        <param name="bottom_row">false</param>
        <param name="edit_id">9099</param>
        <param name="autocomplete_id">9098</param>
        <definition>
            <include content="Object_Keyboard_Button" description="Letters">
                <param name="id">$PARAM[base_id]$PARAM[this_row_id]$PARAM[pos]</param>
                <include>Texture_KeyboardButton</include>
                <label>[CAPITALIZE]$PARAM[letter][/CAPITALIZE]</label>
                <onup condition="$PARAM[top_row]">$PARAM[edit_id]</onup>
                <onup condition="![$PARAM[top_row]]">$PARAM[base_id]$PARAM[prev_row_id]$PARAM[pos]</onup>
                <ondown condition="![$PARAM[bottom_row]]">$PARAM[base_id]$PARAM[next_row_id]$PARAM[pos]</ondown>
                <onclick>SetFocus($PARAM[edit_id])</onclick>
                <include>Object_SearchLetter_Click_$PARAM[letter]</include>
                <onclick>SetFocus($PARAM[base_id]$PARAM[this_row_id]$PARAM[pos])</onclick>
                <include>Action_UpdateSearchTerm</include>
                <nested />
            </include>
        </definition>
    </include>

    <include name="Object_SearchLetter_Row">
        <param name="top_row">false</param>
        <param name="bottom_row">false</param>
        <definition>
            <control type="grouplist" id="300$PARAM[this_row_id]0">
                <orientation>horizontal</orientation>
                <itemgap>8</itemgap>
                <height>80</height>
                <onleft>6000</onleft>
                <include content="Object_SearchLetter_Button">
                    <param name="letter">$PARAM[letter_1]</param>
                    <param name="pos">1</param>
                    <param name="top_row">$PARAM[top_row]</param>
                    <param name="bottom_row">$PARAM[bottom_row]</param>
                    <param name="next_row_id">$PARAM[next_row_id]</param>
                    <param name="this_row_id">$PARAM[this_row_id]</param>
                    <param name="prev_row_id">$PARAM[prev_row_id]</param>
                </include>
                <include content="Object_SearchLetter_Button">
                    <param name="letter">$PARAM[letter_2]</param>
                    <param name="pos">2</param>
                    <param name="top_row">$PARAM[top_row]</param>
                    <param name="bottom_row">$PARAM[bottom_row]</param>
                    <param name="next_row_id">$PARAM[next_row_id]</param>
                    <param name="this_row_id">$PARAM[this_row_id]</param>
                    <param name="prev_row_id">$PARAM[prev_row_id]</param>
                </include>
                <include content="Object_SearchLetter_Button">
                    <param name="letter">$PARAM[letter_3]</param>
                    <param name="pos">3</param>
                    <param name="top_row">$PARAM[top_row]</param>
                    <param name="bottom_row">$PARAM[bottom_row]</param>
                    <param name="next_row_id">$PARAM[next_row_id]</param>
                    <param name="this_row_id">$PARAM[this_row_id]</param>
                    <param name="prev_row_id">$PARAM[prev_row_id]</param>
                </include>
                <include content="Object_SearchLetter_Button">
                    <param name="letter">$PARAM[letter_4]</param>
                    <param name="pos">4</param>
                    <param name="top_row">$PARAM[top_row]</param>
                    <param name="bottom_row">$PARAM[bottom_row]</param>
                    <param name="next_row_id">$PARAM[next_row_id]</param>
                    <param name="this_row_id">$PARAM[this_row_id]</param>
                    <param name="prev_row_id">$PARAM[prev_row_id]</param>
                </include>
                <include content="Object_SearchLetter_Button">
                    <param name="letter">$PARAM[letter_5]</param>
                    <param name="pos">5</param>
                    <param name="top_row">$PARAM[top_row]</param>
                    <param name="bottom_row">$PARAM[bottom_row]</param>
                    <param name="next_row_id">$PARAM[next_row_id]</param>
                    <param name="this_row_id">$PARAM[this_row_id]</param>
                    <param name="prev_row_id">$PARAM[prev_row_id]</param>
                </include>
                <include content="Object_SearchLetter_Button">
                    <param name="letter">$PARAM[letter_6]</param>
                    <param name="pos">6</param>
                    <param name="top_row">$PARAM[top_row]</param>
                    <param name="bottom_row">$PARAM[bottom_row]</param>
                    <param name="next_row_id">$PARAM[next_row_id]</param>
                    <param name="this_row_id">$PARAM[this_row_id]</param>
                    <param name="prev_row_id">$PARAM[prev_row_id]</param>
                </include>
            </control>
        </definition>
    </include>

    <include name="Object_ColorSwatch">
        <control type="label">
            <align>center</align>
            <font>font_hint_black</font>
            <height>40</height>
            <label>$PARAM[label]</label>
            <textcolor>dialog_fg_30</textcolor>
        </control>
        <control type="group">
            <top>40</top>
            <control type="image">
                <texture colordiffuse="$PARAM[colordiffuse]" border="20">common/box.png</texture>
                <visible>!$PARAM[condition] | !Control.HasFocus(3000)</visible>
            </control>
            <control type="image">
                <texture colordiffuse="$INFO[Container(3000).ListItem.Label]" border="20">common/box.png</texture>
                <visible>$PARAM[condition]</visible>
                <visible>Control.HasFocus(3000)</visible>
            </control>
            <control type="image">
                <centerleft>50%</centerleft>
                <centertop>50%</centertop>
                <width>16</width>
                <height>16</height>
                <texture>buttons/check-on.png</texture>
                <visible>$PARAM[condition]</visible>
            </control>
        </control>
    </include>

    <include name="Object_Overlay">
        <param name="windowanimation">true</param>
        <definition>
            <control type="group">
                <include content="Animation_Overlay_FadeIn" condition="$PARAM[windowanimation]">
                    <param name="delay">$PARAM[delay]</param>
                </include>
                <control type="image">
                    <texture colordiffuse="main_bg_70">common/white.png</texture>
                </control>
                <nested />
            </control>
        </definition>
    </include>

    <include name="Object_Separator">
        <param name="colordiffuse">main_fg_12</param>
        <param name="horizontal">false</param>
        <definition>
            <include content="Object_Control" condition="!$PARAM[horizontal]">
                <param name="control">image</param>
                <nested />
                <width>1</width>
                <texture colordiffuse="$PARAM[colordiffuse]">common/white.png</texture>
            </include>
            <include content="Object_Control" condition="$PARAM[horizontal]">
                <param name="control">image</param>
                <nested />
                <height>1</height>
                <texture colordiffuse="$PARAM[colordiffuse]">common/white.png</texture>
            </include>
        </definition>
    </include>

    <include name="Object_Separator_V">
        <include content="Object_Separator">
            <param name="colordiffuse">$PARAM[colordiffuse]</param>
            <param name="horizontal">true</param>
            <nested />
        </include>
    </include>

    <include name="Object_FakeSpinner">
        <param name="colordiffuse">main_bg</param>
        <definition>
            <control type="group" id="$PARAM[groupid]">
                <nested />
                <top>-80</top>
                <height>80</height>
                <control type="group">
                    <right>40</right>
                    <height>30</height>
                    <centertop>50%</centertop>
                    <control type="image">
                        <right>0</right>
                        <width>30</width>
                        <texture flipy="true" colordiffuse="$PARAM[colordiffuse]_30">buttons/triangle-down.png</texture>
                        <visible>!Control.HasFocus($PARAM[id]) | !String.IsEmpty(Window.Property(FakeSpinner_$PARAM[id]))</visible>
                    </control>
                    <control type="image">
                        <right>30</right>
                        <width>30</width>
                        <texture flipy="false" colordiffuse="$PARAM[colordiffuse]_30">buttons/triangle-down.png</texture>
                        <visible>!Control.HasFocus($PARAM[id]) | String.IsEmpty(Window.Property(FakeSpinner_$PARAM[id]))</visible>
                    </control>
                    <control type="image">
                        <right>0</right>
                        <width>30</width>
                        <texture flipy="true" colordiffuse="$VAR[ColorSelected]">buttons/triangle-down.png</texture>
                        <visible>Control.HasFocus($PARAM[id])</visible>
                        <visible>String.IsEmpty(Window.Property(FakeSpinner_$PARAM[id]))</visible>
                    </control>
                    <control type="image">
                        <right>30</right>
                        <width>30</width>
                        <texture flipy="false" colordiffuse="$VAR[ColorSelected]">buttons/triangle-down.png</texture>
                        <visible>Control.HasFocus($PARAM[id])</visible>
                        <visible>!String.IsEmpty(Window.Property(FakeSpinner_$PARAM[id]))</visible>
                    </control>
                </control>
            </control>
        </definition>
    </include>

    <include name="Object_SelectBox">
        <param name="indicator">false</param>
        <param name="focusbounce">false</param>
        <param name="shadow">true</param>
        <param name="indicator_reposition">false</param>
        <definition>
            <control type="group">
                <nested />
                <include condition="$PARAM[focusbounce]">Animation_FocusBounce</include>
                <include content="Object_Control">
                    <param name="control">group</param>
                    <include content="Dimension_Padding"><param name="pad">-3</param></include>
                    <include condition="$PARAM[shadow]">Object_Shadow_40</include>
                    <control type="image">
                        <include>Texture_SelectBox_Thin</include>
                    </control>
                </include>
                <include content="Object_Indicator" condition="$PARAM[indicator]">
                    <param name="selected">true</param>
                    <param name="affix">$PARAM[affix]</param>
                    <param name="listitem">$PARAM[listitem]</param>
                    <include content="Object_Left" condition="$PARAM[indicator_reposition]">
                        <param name="left">$PARAM[indicator_left]</param>
                    </include>
                </include>
            </control>
        </definition>
    </include>

    <include name="Object_IsSelected_Checkmark">
        <param name="color_off">main_fg_30</param>
        <param name="color_on">main_fg_70</param>
        <param name="selected">ListItem.IsSelected</param>
        <definition>
            <control type="image">
                <centerright>20</centerright>
                <centertop>50%</centertop>
                <texture colordiffuse="$PARAM[color_off]">buttons/check-off.png</texture>
                <width>24</width>
                <height>24</height>
                <visible>!$PARAM[selected]</visible>
            </control>
            <control type="image">
                <centerright>20</centerright>
                <centertop>50%</centertop>
                <texture colordiffuse="$PARAM[color_on]">buttons/check-on.png</texture>
                <width>24</width>
                <height>24</height>
                <visible>$PARAM[selected]</visible>
            </control>
        </definition>
    </include>

    <include name="Object_IsSelected_Checkmark_Focus">
        <include content="Object_IsSelected_Checkmark">
            <param name="color_off">$VAR[ColorSelected]</param>
            <param name="color_on">$VAR[ColorSelected]</param>
            <param name="selected">$PARAM[selected]</param>
        </include>
    </include>

    <include name="Object_ListItem_Iconic">
        <param name="color">main_fg_90</param>
        <param name="item_h">160</param>
        <param name="icon">$INFO[ListItem.Icon]</param>
        <definition>
            <control type="group">
                <left>0</left>
                <width>$PARAM[item_h]</width>
                <control type="group">
                    <left>0</left>
                    <top>20</top>
                    <bottom>20</bottom>
                    <right>40</right>
                    <control type="image">
                        <aspectratio align="left">keep</aspectratio>
                        <texture background="true" fallback="$PARAM[fallback]" colordiffuse="panel_fg_90" diffuse="diffuse/square_w120_h120.png">$PARAM[icon]</texture>
                    </control>
                </control>
            </control>
            <control type="group">
                <left>$PARAM[item_h]</left>
                <control type="textbox">
                    <textcolor>$PARAM[color]</textcolor>
                    <selectedcolor>$PARAM[color]</selectedcolor>
                    <right>80</right>
                    <font>font_main</font>
                    <aligny>center</aligny>
                    <height>80</height>
                    <centertop>50%</centertop>
                    <autoscroll>false</autoscroll>
                    <label>$INFO[ListItem.Label]</label>
                    <visible>String.IsEmpty(ListItem.Label2) + String.IsEmpty(ListItem.Property(Event.Description))</visible>
                </control>
                <control type="group">
                    <height>60</height>
                    <centertop>50%</centertop>
                    <right>80</right>
                    <visible>![String.IsEmpty(ListItem.Label2) + String.IsEmpty(ListItem.Property(Event.Description))]</visible>
                    <control type="label">
                        <height>30</height>
                        <textcolor>$PARAM[color]</textcolor>
                        <selectedcolor>$PARAM[color]</selectedcolor>
                        <font>font_main_bold</font>
                        <label>$INFO[ListItem.Label]</label>
                    </control>
                    <control type="group">
                        <animation effect="fade" end="75" condition="true">Conditional</animation>
                        <control type="label">
                            <height>30</height>
                            <font>font_tiny</font>
                            <bottom>0</bottom>
                            <textcolor>$PARAM[color]</textcolor>
                            <selectedcolor>$PARAM[color]</selectedcolor>
                            <label>$INFO[ListItem.Label2]</label>
                            <visible>String.IsEmpty(ListItem.Property(Event.Description))</visible>
                        </control>
                        <control type="label">
                            <height>30</height>
                            <font>font_tiny</font>
                            <bottom>0</bottom>
                            <textcolor>$PARAM[color]</textcolor>
                            <selectedcolor>$PARAM[color]</selectedcolor>
                            <label>$INFO[ListItem.Property(Event.Description)]</label>
                            <visible>!String.IsEmpty(ListItem.Property(Event.Description))</visible>
                        </control>
                        <control type="label">
                            <height>80</height>
                            <font>font_tiny</font>
                            <bottom>0</bottom>
                            <align>right</align>
                            <textcolor>$PARAM[color]</textcolor>
                            <selectedcolor>$PARAM[color]</selectedcolor>
                            <label>$INFO[ListItem.Label2]</label>
                            <visible>!String.IsEmpty(ListItem.Property(Event.Description))</visible>
                        </control>
                    </control>
                </control>
            </control>
        </definition>
    </include>


    <include name="Object_ItemIcon">
        <param name="fadetime">0</param>
        <param name="icon">$INFO[ListItem.Icon]</param>
        <param name="is_keep">$EXP[Exp_IsPVRItem]</param>
        <param name="icon_keep">$INFO[ListItem.Icon]</param>
        <param name="icon_keep_bordersize">30</param>

        <param name="is_genre">$EXP[Exp_IsGenre]</param>
        <param name="icon_genre">$VAR[Image_GenreIcon]</param>
        <param name="icon_genre_bordersize">60</param>
        <param name="icon_genre_fallback">genres/Drama.png</param>

        <param name="is_other">[$EXP[Exp_IsStudio] | $EXP[Exp_IsCountry]]</param>
        <param name="icon_other">$VAR[Image_OtherIcon]</param>
        <param name="icon_other_bordersize">40</param>
        <param name="icon_other_fallback">DefaultFolder.png</param>

        <param name="icon_default_bordersize">0</param>
        <param name="icon_default_aspectratio">scale</param>

        <param name="selected">False</param>
        <definition>
            <control type="image">
                <texture background="true" diffuse="$PARAM[diffuse]" fallback="$PARAM[icon_other_fallback]">$PARAM[icon]</texture>
                <aspectratio scalediffuse="false">$PARAM[icon_default_aspectratio]</aspectratio>
                <bordersize>$PARAM[icon_default_bordersize]</bordersize>
                <fadetime>$PARAM[fadetime]</fadetime>
                <visible>![$PARAM[is_keep]]</visible>
                <visible>!$PARAM[is_genre]</visible>
                <visible>!$PARAM[is_other]</visible>
            </control>
            <control type="image">
                <texture background="true" fallback="$PARAM[icon_other_fallback]">$PARAM[icon_keep]</texture>
                <aspectratio scalediffuse="true">keep</aspectratio>
                <bordersize>$PARAM[icon_keep_bordersize]</bordersize>
                <fadetime>$PARAM[fadetime]</fadetime>
                <visible>$PARAM[is_keep]</visible>
                <visible>!$PARAM[is_genre]</visible>
                <visible>!$PARAM[is_other]</visible>
            </control>
            <control type="image">
                <include content="Object_ColorDiffuse" condition="$PARAM[selected]">
                    <param name="colordiffuse">$VAR[ColorSelected]</param>
                </include>
                <colordiffuse>main_fg_90</colordiffuse>
                <texture background="true" diffuse="$PARAM[diffuse]" fallback="$PARAM[icon_genre_fallback]">$PARAM[icon_genre]</texture>
                <fadetime>$PARAM[fadetime]</fadetime>
                <aspectratio scalediffuse="false">keep</aspectratio>
                <visible>$PARAM[is_genre]</visible>
                <bordersize>$PARAM[icon_genre_bordersize]</bordersize>
            </control>
            <control type="image">
                <include content="Object_ColorDiffuse" condition="$PARAM[selected]">
                    <param name="colordiffuse">$VAR[ColorSelected]</param>
                </include>
                <colordiffuse>main_fg_90</colordiffuse>
                <texture background="true" diffuse="$PARAM[diffuse]" fallback="$PARAM[icon_other_fallback]">$PARAM[icon_other]</texture>
                <fadetime>$PARAM[fadetime]</fadetime>
                <aspectratio scalediffuse="false">keep</aspectratio>
                <visible>$PARAM[is_other]</visible>
                <bordersize>$PARAM[icon_other_bordersize]</bordersize>
            </control>
        </definition>
    </include>

    <include name="Object_Circle_Counter">
        <control type="group">
            <visible>$PARAM[visible]</visible>
            <centertop>50%</centertop>
            <width>10</width>
            <height>10</height>
            <control type="image">
                <visible>![$PARAM[selected]]</visible>
                <texture colordiffuse="main_fg_30">common/circle.png</texture>
            </control>
            <control type="image">
                <visible>$PARAM[selected]</visible>
                <texture colordiffuse="main_fg_100">common/circle.png</texture>
            </control>
        </control>
    </include>

    <include name="Object_Circle_Counter_Ten">
        <param name="first">false</param>
        <definition>
            <include content="Object_Circle_Counter" condition="![$PARAM[first]]">
                <param name="visible">!Integer.IsLess(Container($PARAM[id]).NumItems,$PARAM[ten]0)</param>
                <param name="selected">Integer.IsEqual(Container($PARAM[id]).CurrentItem,$PARAM[ten]0)</param>
            </include>
            <include content="Object_Circle_Counter">
                <param name="visible">!Integer.IsLess(Container($PARAM[id]).NumItems,$PARAM[ten]1)</param>
                <param name="selected">Integer.IsEqual(Container($PARAM[id]).CurrentItem,$PARAM[ten]1)</param>
            </include>
            <include content="Object_Circle_Counter">
                <param name="visible">!Integer.IsLess(Container($PARAM[id]).NumItems,$PARAM[ten]2)</param>
                <param name="selected">Integer.IsEqual(Container($PARAM[id]).CurrentItem,$PARAM[ten]2)</param>
            </include>
            <include content="Object_Circle_Counter">
                <param name="visible">!Integer.IsLess(Container($PARAM[id]).NumItems,$PARAM[ten]3)</param>
                <param name="selected">Integer.IsEqual(Container($PARAM[id]).CurrentItem,$PARAM[ten]3)</param>
            </include>
            <include content="Object_Circle_Counter">
                <param name="visible">!Integer.IsLess(Container($PARAM[id]).NumItems,$PARAM[ten]4)</param>
                <param name="selected">Integer.IsEqual(Container($PARAM[id]).CurrentItem,$PARAM[ten]4)</param>
            </include>
            <include content="Object_Circle_Counter">
                <param name="visible">!Integer.IsLess(Container($PARAM[id]).NumItems,$PARAM[ten]5)</param>
                <param name="selected">Integer.IsEqual(Container($PARAM[id]).CurrentItem,$PARAM[ten]5)</param>
            </include>
            <include content="Object_Circle_Counter">
                <param name="visible">!Integer.IsLess(Container($PARAM[id]).NumItems,$PARAM[ten]6)</param>
                <param name="selected">Integer.IsEqual(Container($PARAM[id]).CurrentItem,$PARAM[ten]6)</param>
            </include>
            <include content="Object_Circle_Counter">
                <param name="visible">!Integer.IsLess(Container($PARAM[id]).NumItems,$PARAM[ten]7)</param>
                <param name="selected">Integer.IsEqual(Container($PARAM[id]).CurrentItem,$PARAM[ten]7)</param>
            </include>
            <include content="Object_Circle_Counter">
                <param name="visible">!Integer.IsLess(Container($PARAM[id]).NumItems,$PARAM[ten]8)</param>
                <param name="selected">Integer.IsEqual(Container($PARAM[id]).CurrentItem,$PARAM[ten]8)</param>
            </include>
            <include content="Object_Circle_Counter">
                <param name="visible">!Integer.IsLess(Container($PARAM[id]).NumItems,$PARAM[ten]9)</param>
                <param name="selected">Integer.IsEqual(Container($PARAM[id]).CurrentItem,$PARAM[ten]9)</param>
            </include>
        </definition>
    </include>

    <include name="Object_Hidden_Looper">
        <param name="action">Left</param>
        <definition>
            <control type="button" id="$PARAM[id]">
                <nested />
                <width>0</width>
                <texturefocus />
                <texturenofocus />
                <onfocus>Action($PARAM[action])</onfocus>
                <visible>$EXP[Exp_HomeMenu_HasFocus] | Control.HasFocus($PARAM[id])</visible>
            </control>
        </definition>
    </include>

    <include name="Object_Side_InfoIcon">
        <control type="group">
            <nested />
            <left>view_pad</left>
            <width>40</width>
            <height>40</height>
            <control type="image">
                <aspectratio>keep</aspectratio>
                <bordersize>icon_menu_bordersize</bordersize>
                <texture colordiffuse="main_fg_70">$PARAM[icon]</texture>
            </control>
            <control type="label">
                <include content="DialogInfo_Button_HintLabel">
                    <param name="label">$PARAM[label]</param>
                    <param name="textcolor">main_fg</param>
                </include>
                <width>160</width>
                <height>160</height>
                <centertop>30</centertop>
                <centerleft>50%</centerleft>
            </control>
        </control>
    </include>
</includes>
