<?xml version="1.0" encoding="UTF-8"?>
<includes>

    <include name="Spotlight_Fallback_Slideshow">
        <include content="Object_Hidden_List">
            <param name="id">99971</param>
            <include content="Defs_AutoScroll">
                <param name="condition">[Integer.IsEqual(Window.Property(TMDBHelper.WidgetContainer),301) + !$EXP[Exp_Hubs_Spotlight_HasItems] + !$EXP[Exp_InfoDialogs]]</param>
            </include>
            <content sortby="random">$VAR[Path_Hub_FallbackSlideShow_Content]</content>
            <visible>[Integer.IsEqual(Window.Property(TMDBHelper.WidgetContainer),301) + !$EXP[Exp_Hubs_Spotlight_HasItems]]</visible>
        </include>
        <include content="Object_Hidden_List" condition="Skin.HasSetting(TMDbHelper.EnableBlur)">
            <content>plugin://script.skinvariables/?info=run_executebuiltin&amp;blur_image=$ESCINFO[Container(99971).ListItem.PicturePath]&amp;&amp;special://skin/shortcuts/builtins/skinvariables-blurimage.json</content>
            <visible>[Integer.IsEqual(Window.Property(TMDBHelper.WidgetContainer),301) + !$EXP[Exp_Hubs_Spotlight_HasItems]]</visible>
        </include>
    </include>

    <include name="Spotlight_Info_Animation">
        <include content="Animation_Fade_In">
            <param name="condition">$EXP[Exp_Hubs_Spotlight_HasItems] + $EXP[Exp_Hubs_Spotlight_IsVisible]</param>
            <param name="delay">200</param>
        </include>
        <include content="Animation_ConditionalFade">
            <param name="condition">![$EXP[Exp_Hubs_Spotlight_HasItems] + $EXP[Exp_Hubs_Spotlight_IsVisible]]</param>
        </include>
    </include>

    <include name="Spotlight_Info">
        <include content="Home_Widgets_Infopanel">
            <include content="Info_Panel">
                <param name="titlelabel">$VAR[Label_Title_C301]</param>
                <param name="plotlabel">$VAR[Label_Plot_C301]</param>
                <param name="container">Container(301).</param>
                <param name="details_include">Spotlight_Info_Animation</param>
                <visible>Integer.IsEqual(Window.Property(TMDBHelper.WidgetContainer),301)</visible>
            </include>
            <!-- <include content="Info_Viewline">
                <param name="label">$VAR[Label_Hub_Spotlight]</param>
                <param name="secondary_label">$LOCALIZE[31371] $LOCALIZE[13278]</param>
                <param name="sort_condition">True</param>
                <param name="sort_descending">False</param>
                <param name="item_condition">true</param>
                <param name="item_count">$INFO[Container(301).NumItems]</param>
                <param name="item_updating">Container(301).IsUpdating</param>
                <left>0</left>
                <top>320</top>
                <visible>Integer.IsEqual(Window.Property(TMDBHelper.WidgetContainer),301)</visible>
                <include>Spotlight_Info_Animation</include>
            </include> -->
        </include>
    </include>

    <include name="Spotlight_List">
        <param name="window_id">Home</param>
        <definition>
            <control type="wraplist" id="301">
                <preloaditems>2</preloaditems>
                <onfocus>SetProperty(TMDbHelper.WidgetContainer,301,$PARAM[window_id])</onfocus>
                <onup>SetFocus(300)</onup>
                <ondown>SetFocus(300)</ondown>
                <onback>300</onback>
                <orientation>horizontal</orientation>
                <scrolltime tween="quadratic">400</scrolltime>
                <hitrect x="0" y="0" w="0" h="0" />

                <width>1</width>
                <height>1</height>
                <left>-1920</left>

                <include content="Defs_AutoScroll">
                    <param name="condition">[!ControlGroup(310).HasFocus() + !System.HasAlarm(playtrailer) + !Player.HasMedia + !Window.IsVisible(DialogVideoInfo.xml) + !Window.IsVisible(DialogMusicInfo.xml)]</param>
                </include>

                <itemlayout />
                <focusedlayout />

                <include content="Object_ContentDynamic">
                    <param name="sortby">$PARAM[sortby]</param>
                    <param name="sortorder">$PARAM[sortorder]</param>
                    <param name="target">$PARAM[target]</param>
                    <param name="limit">$PARAM[limit]</param>
                    <param name="browse">never</param>
                    <param name="content">$PARAM[content]</param>
                </include>

                <nested />

            </control>
        </definition>
    </include>

    <variable name="Spotlight_FO_Color_BG">
        <value condition="Skin.HasSetting(InvertSelectedText)">ff333333</value>
        <value>main_fg_100</value>
    </variable>
    <variable name="Spotlight_NF_Color_BG">
        <value condition="Skin.HasSetting(InvertSelectedText)">main_fg_12</value>
        <value>main_fg_100</value>
    </variable>
    <variable name="Spotlight_NF_Color_FG">
        <value condition="Skin.HasSetting(InvertSelectedText)">main_fg_100</value>
        <value>main_bg_100</value>
    </variable>

    <include name="Spotlight_Main">
        <param name="window_id">Home</param>
        <param name="visible">True</param>
        <definition>
            <control type="group" id="304">
                <top>hub_spotlight_t</top>
                <height>hub_spotlight_h</height>

                <include content="Animation_Fade_In">
                    <param name="condition">[$EXP[Exp_Hubs_Spotlight_IsVisible] + $PARAM[visible]]</param>
                    <param name="delay">200</param>
                </include>
                <include content="Animation_ConditionalFade">
                    <param name="condition">![$EXP[Exp_Hubs_Spotlight_IsVisible] + $PARAM[visible]]</param>
                </include>

                <include>Hub_Slide_Spotlight_NoFocus</include>

                <control type="grouplist" id="310">
                    <orientation>horizontal</orientation>

                    <include content="Action_Widget_Top">
                        <param name="id">311</param>
                    </include>

                    <include content="Action_View_Movement_OnLeft">
                        <param name="id">311</param>
                        <param name="string">Movement.Spotlight.OnLeft</param>
                    </include>
                    <onleft condition="Skin.String(Movement.Spotlight.OnLeft,Move)">Control.Move(301,-1)</onleft>

                    <include content="Action_View_Movement_OnRight">
                        <param name="id">311</param>
                        <param name="string">Movement.Spotlight.OnRight</param>
                        <param name="refocus">False</param>
                    </include>
                    <onright condition="Skin.String(Movement.Spotlight.OnRight,Move)">Control.Move(301,1)</onright>

                    <include content="Action_Menu_Movement_OnBack">
                        <param name="id">311</param>
                    </include>

                    <include content="Action_AutoTrailer_OnRight" condition="Skin.HasSetting(Trailers.EnableAutoPlayback)">
                        <param name="id">301</param>
                    </include>

                    <ondown>300</ondown>
                    <centertop>180</centertop>
                    <left>140</left>
                    <height>256</height>
                    <itemgap>-60</itemgap>
                    <onfocus>ClearProperty(Slide.WidgetContainer,$PARAM[window_id])</onfocus>

                    <control type="group" id="321">
                        <left>60</left>
                        <height>100</height>
                        <width>100</width>
                        <centertop>50%</centertop>
                        <control type="group">
                            <visible>!Control.HasFocus(311)</visible>
                            <control type="image">
                                <texture colordiffuse="$VAR[Spotlight_NF_Color_BG]">common/circle.png</texture>
                            </control>
                            <control type="image">
                                <bordersize>20</bordersize>
                                <texture colordiffuse="$VAR[Spotlight_NF_Color_FG]">$VAR[Image_FullscreenWidget_PlayButton]</texture>
                            </control>
                        </control>
                        <control type="group">
                            <visible>Control.HasFocus(311)</visible>
                            <control type="image">
                                <include>Texture_Circle_Highlight_H</include>
                            </control>
                            <control type="image">
                                <bordersize>20</bordersize>
                                <texture colordiffuse="$VAR[ColorSelected]">$VAR[Image_FullscreenWidget_PlayButton]</texture>
                            </control>
                        </control>
                    </control>

                    <control type="button" id="311">
                        <font>font_mini_black</font>
                        <textcolor>main_fg_70</textcolor>
                        <focusedcolor>main_fg_100</focusedcolor>
                        <label>$VAR[Label_FullscreenWidget_PlayButton]</label>
                        <width>auto</width>
                        <textoffsetx>80</textoffsetx>
                        <texturenofocus />
                        <texturefocus />
                        <onclick>SetFocus(301)</onclick>
                        <onclick condition="Container(301).ListItem.IsFolder">SetProperty(RefocusHub,311,$PARAM[window_id])</onclick>
                        <onclick condition="!String.IsEqual(Window(Home).Property(TMDbHelper.KodiSetting.DefaultSelectAction),$NUMBER[3])">Action(Select)</onclick>
                        <onclick condition="!Container(301).ListItem.IsFolder">SetFocus(311)</onclick>
                        <onclick condition="String.IsEqual(Window(Home).Property(TMDbHelper.KodiSetting.DefaultSelectAction),$NUMBER[3]) + Container(301).ListItem.IsFolder">ActivateWindow($PARAM[target],$INFO[Container(301).ListItem.FolderPath],return)</onclick>
                        <onclick condition="String.IsEqual(Window(Home).Property(TMDbHelper.KodiSetting.DefaultSelectAction),$NUMBER[3]) + !Container(301).ListItem.IsFolder + !String.IsEmpty(Container(301).ListItem.FileNameAndPath)">PlayMedia($ESCINFO[Container(301).ListItem.FileNameAndPath])</onclick>
                        <onclick condition="String.IsEqual(Window(Home).Property(TMDbHelper.KodiSetting.DefaultSelectAction),$NUMBER[3]) + !Container(301).ListItem.IsFolder + String.IsEmpty(Container(301).ListItem.FileNameAndPath) + !String.IsEmpty(Container(301).ListItem.FolderPath)">PlayMedia($ESCINFO[Container(301).ListItem.FolderPath])</onclick>
                        <onfocus>SetProperty(TMDbHelper.WidgetContainer,301,$PARAM[window_id])</onfocus>
                        <onfocus>ClearProperty(Slide.WidgetContainer,$PARAM[window_id])</onfocus>

                        <oninfo>SetFocus(301)</oninfo>
                        <oninfo>Action(ContextMenu)</oninfo>
                        <oninfo>SetFocus(311)</oninfo>

                        <include content="Action_AutoTrailer_OnFocus" condition="Skin.HasSetting(Trailers.EnableAutoPlayback)">
                            <param name="id">301</param>
                        </include>
                    </control>

                    <include content="Object_Info_Button">
                        <param name="id">312</param>
                        <param name="groupid">322</param>
                        <param name="sliceid">323</param>
                        <param name="itempad">-20</param>
                        <param name="label">$VAR[Label_FullscreenWidget_InfoButton]</param>
                        <param name="icon">$VAR[Image_FullscreenWidget_InfoButton]</param>
                        <param name="back_colordiffuse">$VAR[Spotlight_NF_Color_BG]</param>
                        <param name="icon_colordiffuse">$VAR[Spotlight_NF_Color_FG]</param>
                        <param name="flip_colordiffuse">$VAR[Spotlight_FO_Color_BG]</param>
                        <onclick>SetFocus(301)</onclick>
                        <onclick>Action(Info)</onclick>
                        <onclick>SetFocus(312)</onclick>
                        <onfocus>SetProperty(TMDbHelper.WidgetContainer,301,$PARAM[window_id])</onfocus>
                        <onfocus>ClearProperty(Slide.WidgetContainer,$PARAM[window_id])</onfocus>

                        <oninfo>SetFocus(301)</oninfo>
                        <oninfo>Action(ContextMenu)</oninfo>
                        <oninfo>SetFocus(312)</oninfo>

                        <include content="Action_AutoTrailer_OnFocus" condition="Skin.HasSetting(Trailers.EnableAutoPlayback)">
                            <param name="id">301</param>
                        </include>
                    </include>
                </control>
            </control>
        </definition>
    </include>

</includes>