<?xml version="1.0" encoding="UTF-8"?>
<window>
    <controls>

        <control type="group">

            <include content="Furniture_Busy_Main">
                <param name="minilabel">$INFO[Control.GetLabel(402)]</param>
                <param name="mainlabel">$INFO[Control.GetLabel(401)]</param>
                <param name="visible_condition">!$EXP[Exp_FurnitureBusy_AnimationCond_DialogNotification]</param>
                <param name="windowopen_condition">!$EXP[Exp_FurnitureBusy_AnimationCond_DialogNotification]</param>
            </include>

            <include content="Furniture_Busy_Base">
                <param name="hasicon">false</param>
            </include>

            <!-- Left -->
            <include content="Furniture_ItemIcon">
                <param name="icon">special://skin/extras/icons/comment-dots.png</param>
                <param name="flipped">true</param>
                <param name="right">15</param>
                <param name="visible">String.StartsWith(Control.GetLabel(400),Default)</param>
                <param name="size">50</param>
            </include>
            <include content="Furniture_ItemIcon">
                <param name="icon">$INFO[Control.GetLabel(400)]</param>
                <param name="icon_colordiffuse">white</param>
                <param name="bordersize">2</param>
                <param name="flipped">true</param>
                <param name="right">15</param>
                <param name="visible">!String.StartsWith(Control.GetLabel(400),Default)</param>
                <param name="size">50</param>
            </include>
        </control>

        <control type="image" id="400">
            <include>Object_Hidden_Item_Definition</include>
        </control>
        <control type="label" id="401">
            <include>Object_Hidden_Item_Definition</include>
        </control>
        <control type="label" id="402">
            <include>Object_Hidden_Item_Definition</include>
        </control>
    </controls>
</window>
