<?xml version="1.0" encoding="UTF-8" standalone="yes"?>
<addon id="resource.images.arctic.waves" name="Arctic Waves" version="0.0.1" provider-name="drinfernoo">
    <requires>
        <import addon="kodi.resource" version="1.0.0"/>
    </requires>
    
    <extension point="kodi.resource.images" compile="false" type="skinbackgrounds"/>
    
    <extension point="xbmc.addon.metadata">
        <summary lang="en_GB">Background loading animation for Arctic Horizon.</summary>
        <description lang="en_GB"></description>
        <language></language>
        <platform>all</platform>
        <license>Apache-2.0</license>
        <forum></forum>
        <website>https://www.github.com/drinfernoo</website>
        <email></email>
        <source></source>
        <news></news>
        <disclaimer></disclaimer>
        <assets>
            <icon>resources/icon.png</icon>
            <fanart>resources/fanart.jpg</fanart>
        </assets>
    </extension>
</addon>
