<?xml version="1.0" encoding="UTF-8"?>
<addon id="plugin.video.themoviedb.helper"
version="2.3.6"
name="TheMovieDb Helper"
provider-name="jurialmunkey">
<requires>
  <import addon="xbmc.python" version="2.26.0"/>
  <import addon="script.module.simplecache" version="1.0.11" />
  <import addon="script.module.requests" version="2.9.1"/>
</requires>
<extension point="xbmc.python.pluginsource" library="plugin.py">
  <provides>video</provides>
</extension>
<extension point="xbmc.service" library="service.py" />
<extension point="xbmc.python.script" library="script.py" />
<extension point="kodi.context.item">
  <menu id="kodi.core.main">
    <item library="context-play.py">
      <label>Play Using</label>
      <visible>[String.IsEqual(ListItem.dbtype,episode) + !String.IsEmpty(ListItem.Property(tvshow.tmdb_id)) + !String.IsEmpty(ListItem.Season) + !String.IsEmpty(ListItem.Episode)] | [String.IsEqual(ListItem.dbtype,movie) + !String.IsEmpty(ListItem.Property(tmdb_id))] </visible>
    </item>
    <item library="context-open.py">
      <label>Browse Seasons</label>
      <visible>String.IsEqual(ListItem.dbtype,episode) + !String.IsEmpty(ListItem.Property(tvshow.tmdb_id))</visible>
    </item>
    <item library="context-watchlist.py">
      <label>Add/Remove from Trakt Watchlist</label>
      <visible>String.StartsWith(ListItem.path,plugin://plugin.video.themoviedb.helper/) + !String.IsEmpty(Window(Home).Property(TMDbHelper.TraktIsAuth)) + !String.IsEmpty(ListItem.Property(tmdb_id)) + [String.IsEqual(ListItem.dbtype,episode) | String.IsEqual(ListItem.dbtype,movie) | String.IsEqual(ListItem.dbtype,tvshow)]</visible>
    </item>
    <item library="context-history.py">
      <label>Add/Remove from Trakt History</label>
      <visible>String.StartsWith(ListItem.path,plugin://plugin.video.themoviedb.helper/) + !String.IsEmpty(Window(Home).Property(TMDbHelper.TraktIsAuth)) + !String.IsEmpty(ListItem.Property(tmdb_id)) + [String.IsEqual(ListItem.dbtype,episode) | String.IsEqual(ListItem.dbtype,movie) | String.IsEqual(ListItem.dbtype,tvshow)]</visible>
    </item>
    <item library="context-collection.py">
      <label>Add/Remove from Trakt Collection</label>
      <visible>String.StartsWith(ListItem.path,plugin://plugin.video.themoviedb.helper/) + !String.IsEmpty(Window(Home).Property(TMDbHelper.TraktIsAuth)) + !String.IsEmpty(ListItem.Property(tmdb_id)) + [String.IsEqual(ListItem.dbtype,episode) | String.IsEqual(ListItem.dbtype,movie) | String.IsEqual(ListItem.dbtype,tvshow)]</visible>
    </item>
    <item library="context-library.py">
      <label>Add to Kodi Library</label>
      <visible>String.StartsWith(ListItem.path,plugin://plugin.video.themoviedb.helper/) + !String.IsEmpty(ListItem.Property(tmdb_id)) + [String.IsEqual(ListItem.dbtype,episode) | String.IsEqual(ListItem.dbtype,movie) | String.IsEqual(ListItem.dbtype,tvshow) | String.IsEqual(ListItem.dbtype,season)]</visible>
    </item>
  </menu>
</extension>
<extension point="xbmc.addon.metadata">
  <summary lang="en_GB">TheMovieDb Helper - Now With Trakt Support!</summary>
  <description lang="en_GB">TheMovieDb Helper provides details about movies, tvshows and actors from TMDb. Users can access a variety of lists from TMDb and Trakt.</description>
  <disclaimer lang="en_GB">Provided by TheMovieDb and Trakt.</disclaimer>
  <license>GPL-3.0</license>
  <assets>
    <icon>icon.png</icon>
    <fanart>fanart.jpg</fanart>
    <screenshot>resources/screenshot-01.jpg</screenshot>
    <screenshot>resources/screenshot-02.jpg</screenshot>
  </assets>
  <news>2.3.6 - Better ID matching for calendar and lists[CR]2.3.5 - Remove TMDb Rate Limiter since API has now removed rate limits[CR]2.3.4 - Fix encoding error[CR]2.3.3 - Add params to Container.Property(Param.{})[CR]2.3.2 - Add ListItem.Property(item.info) and ListItem.Property(item.type) [CR] 2.3.1 - Add ListItem.Property(container.info) and ListItem.Property(container.type)[CR]2.3.0 - New Awards properties</news>
</extension>
</addon>
