<?xml version="1.0" encoding="UTF-8"?>
<window type="window" id="1185">
    <include content="Object_DefaultControl" condition="![String.IsEmpty(Window(Home).Property(SideMenu.HasFocus)) | !Skin.HasSetting(SideMenu.EnableSearchAndOptions)]">
        <param name="defaultcontrol">9097</param>
    </include>
    <include content="Object_DefaultControl" condition="[String.IsEmpty(Window(Home).Property(SideMenu.HasFocus)) | !Skin.HasSetting(SideMenu.EnableSearchAndOptions)]">
        <param name="defaultcontrol">9098</param>
    </include>

    <onload>ClearProperty(TMDbHelper.Image.Override,Home)</onload>
    <onload>SetFocus(5001)</onload>
    <onload condition="![String.IsEmpty(Window(Home).Property(SideMenu.HasFocus)) | !Skin.HasSetting(SideMenu.EnableSearchAndOptions)]">SetFocus(9097)</onload>
    <onload condition="![String.IsEmpty(Window(Home).Property(SideMenu.HasFocus)) | !Skin.HasSetting(SideMenu.EnableSearchAndOptions)]">AlarmClock(refocus,SetFocus(9097),00:00,silent)</onload>
    <onload condition="[String.IsEmpty(Window(Home).Property(SideMenu.HasFocus)) | !Skin.HasSetting(SideMenu.EnableSearchAndOptions)]">SetFocus(9098)</onload>
    <onload condition="[String.IsEmpty(Window(Home).Property(SideMenu.HasFocus)) | !Skin.HasSetting(SideMenu.EnableSearchAndOptions)]">AlarmClock(refocus,SetFocus(9098),00:00,silent)</onload>
    <include>Action_PreserveTransitionProp_Onload</include>
    <controls>
        <include>DialogInfo_Recommendations_BackgroundLoader</include>
        <include>Background_Main</include>
        <include>Background_Transition</include>
        <include content="DialogInfo_Recommendations_Group">
            <control type="group">
                <include content="DialogInfo_Recommendations_InfoPanel">
                    <visible>!$EXP[Exp_InfoDialogs]</visible>
                    <include>Animation_Transition_InfoPanel_Hide</include>
                </include>
                <include content="DialogInfo_Recommendations_Widgets_Grouplist">
                    <param name="onup">9098</param>
                    <include>skinvariables-searchmenu-widgets</include>
                    <control type="group" id="5099">
                        <height>0</height>
                        <control type="group">
                            <visible>!Integer.IsEqual(Container(5000).NumItems,0)</visible>
                            <visible>!Integer.IsEqual(Container(5000).NumItems,1) | !Control.HasFocus(5098) | ControlGroup(5000).HasFocus()</visible>
                            <visible>!$EXP[Exp_InfoDialogs]</visible>
                            <include content="Furniture_Bottom_WidgetGroups">
                                <param name="label">$VAR[Label_NextBump]</param>
                                <param name="icon">special://skin/extras/icons/kodi.png</param>
                                <param name="dim">[False]</param>
                            </include>
                        </control>
                    </control>
                </include>
                <include>Widget_Transitions</include>
                <visible>!String.IsEmpty(Control.GetLabel(9099).index(1))</visible>
                <include content="Animation_ConditionalFade">
                    <param name="condition">[String.IsEmpty(Control.GetLabel(9099).index(1)) | Integer.IsEqual(Container(5000).NumItems,0)]</param>
                </include>
            </control>
            <control type="group">
                <include content="Animation_Half_WindowChange">
                    <param name="windowopen_up">!$EXP[Exp_SettingsDialogs_Prev] + !String.IsEmpty(Window(Home).Property(ReverseTransition))</param>
                    <param name="windowopen_down">!$EXP[Exp_SettingsDialogs_Prev] + String.IsEmpty(Window(Home).Property(ReverseTransition))</param>
                    <param name="windowclose_up">!$EXP[Exp_SettingsDialogs_Next] + !String.IsEmpty(Window(Home).Property(ReverseTransition))</param>
                    <param name="windowclose_down">!$EXP[Exp_SettingsDialogs_Next] + String.IsEmpty(Window(Home).Property(ReverseTransition))</param>
                </include>
                <visible>String.IsEmpty(Control.GetLabel(9099).index(1)) | Integer.IsEqual(Container(5000).NumItems,0)</visible>
                <control type="grouplist">
                    <left>view_side</left>
                    <right>view_side</right>
                    <top>view_top</top>
                    <bottom>view_pad</bottom>
                    <orientation>vertical</orientation>
                    <control type="group">
                        <height>120</height>
                        <include content="Info_Title_LogoLabel">
                            <param name="label">$LOCALIZE[31046]</param>
                            <param name="wrapmultiline">false</param>
                            <param name="visible">true</param>
                            <param name="width">info_plot_w</param>
                            <param name="height">132</param>
                            <param name="colordiffuse">main_fg</param>
                        </include>
                    </control>
                    <control type="textbox">
                        <top>17</top>
                        <font>font_main_plot</font>
                        <label>$LOCALIZE[31500] "[CAPITALIZE]$INFO[Control.GetLabel(9099).index(1), , ][/CAPITALIZE]".[CR]$LOCALIZE[31501].</label>
                        <align>left</align>
                        <height>90</height>
                        <textcolor>main_fg_30</textcolor>
                    </control>
                </control>
                <include content="Furniture_Bottom_WidgetGroups">
                    <param name="label">$VAR[Label_NextBump]</param>
                    <param name="icon">special://skin/extras/icons/kodi.png</param>
                    <param name="dim">[False]</param>
                </include>
            </control>
        </include>
        <control type="group">
            <visible>!$EXP[Exp_InfoDialogs]</visible>
            <include content="DialogInfo_Recommendations_Furniture">
                <param name="header">$LOCALIZE[137]$INFO[Control.GetLabel(9099).index(1), [COLOR=main_fg_30]›[/COLOR] [CAPITALIZE],[/CAPITALIZE]]</param>
            </include>
            <control type="group">
                <centertop>100</centertop>
                <height>120</height>
                <itemgap>80</itemgap>
                <visible allowhiddenfocus="true">Control.HasFocus(9097)</visible>
                <include>Animation_Home_SlideOver</include>
                <include>Animation_Group_Bumper</include>
                <include content="Home_Menu_Button_Icon">
                    <param name="id">9097</param>
                    <param name="icon">special://skin/extras/icons/search.png</param>
                    <param name="color_nf">main_fg_70</param>
                    <centertop>50%</centertop>
                    <left>view_menu</left>
                    <include content="Home_Menu_Button_Back">
                        <param name="id">9097</param>
                        <onup>noop</onup>
                        <ondown>Action(PreviousMenu)</ondown>
                        <onleft>SetFocus(9098)</onleft>
                        <onright>SetFocus(9098)</onright>
                        <onclick>SetFocus(9098)</onclick>
                        <include>Home_Menu_List_SlideOver_OnFocus</include>
                    </include>
                </include>
            </control>
            <control type="group">
                <include>Animation_View_SlideOver</include>
                <control type="group">
                    <include>Animation_Group_Bumper</include>
                    <centertop>100</centertop>
                    <width>560</width>
                    <left>view_side</left>
                    <height>80</height>

                    <control type="image">
                        <left>-30</left>
                        <right>-30</right>
                        <texture colordiffuse="main_fg_12" border="40,0,40,0">common/menu.png</texture>
                        <visible>Window.IsVisible(1171) | Control.HasFocus(9097)</visible>
                    </control>

                    <control type="button" id="9098">
                        <include>Object_Hidden_Button_Definition</include>
                        <include>Action_View_SlideOver_OnFocus</include>
                        <onfocus>SetFocus(9099)</onfocus>
                    </control>
                    <control type="edit" id="9099">
                        <height>256</height>
                        <centertop>50%</centertop>
                        <include>Texture_MainMenu_Highlight_ToggleButton_FakeFocus</include>
                        <description>Search</description>
                        <font>font_main_black</font>
                        <textcolor>dialog_fg_90</textcolor>
                        <focusedcolor>$VAR[ColorSelected]</focusedcolor>
                        <left>-70</left>
                        <right>-70</right>
                        <textoffsetx>70</textoffsetx>
                        <align>left</align>
                        <onup condition="Window.Previous(1105)">SetProperty(CustomSearchTerm,$ESCINFO[Control.GetLabel(9099).index(1)],Home)</onup>
                        <onleft condition="Skin.HasSetting(SideMenu.EnableSearchAndOptions)">SetFocus(9097)</onleft>
                        <onright condition="Skin.HasSetting(SideMenu.EnableSearchAndOptions)">SetFocus(9097)</onright>
                        <onup>Action(PreviousMenu)</onup>
                        <ondown>5000</ondown>
                        <!-- <ondown condition="String.IsEmpty(Control.GetLabel(9099).index(1)) | Integer.IsEqual(Container(5000).NumItems,0)">Action(PreviousMenu)</ondown>
                        <ondown condition="![String.IsEmpty(Control.GetLabel(9099).index(1)) | Integer.IsEqual(Container(5000).NumItems,0)]">5000</ondown> -->
                        <visible allowhiddenfocus="true">Control.HasFocus(9099) + !Window.IsVisible(1171) + !Window.IsVisible(1170)</visible>
                    </control>
                </control>
            </control>
        </control>

    </controls>
</window>