[
    {
        "label": "Movies",
        "path": "plugin://plugin.video.themoviedb.helper/?info=dir_movie",
        "icon": "special://skin/extras/icons/plug.png",
        "target": "videos",
        "guid": "guid-74dfcc24",
        "submenulist_label": "TMDbHelper Movies",
        "submenulist_path": "plugin://plugin.video.themoviedb.helper/?info=dir_movie",
        "submenulist_icon": "special://skin/extras/icons/plug.png",
        "submenulist_target": "videos",
        "widgets": [
            {
                "label": "Trending",
                "icon": "special://skin/extras/shapes.png",
                "path": "plugin://plugin.video.themoviedb.helper/?info=trakt_trending&tmdb_type=movie&widget=true&reload=$INFO[Window(Home).Property(TMDbHelper.Widgets.Reload)]&reload=$INFO[Window(Home).Property(TMDbHelper.Widgets.Reload)]",
                "target": "videos",
                "submenu": [],
                "widgets": [],
                "guid": "guid-5245ed21"
            },
            {
                "label": "Best Movies Last Decade",
                "path": "plugin://plugin.video.themoviedb.helper/?list_name=Best+Movies+Last+Decade&list_slug=best-movies-last-decade&user_slug=jurialmunkey&plugin_category=Best+Movies+Last+Decade&owner=true&tmdb_id=None&info=trakt_userlist&sort_by=added&sort_how=desc&widget=true&reload=$INFO[Window(Home).Property(TMDbHelper.Widgets.Reload)]&reload=$INFO[Window(Home).Property(TMDbHelper.Widgets.Reload)]",
                "icon": "special://skin/extras/shapes.png",
                "target": "videos",
                "guid": "guid-49ccddea"
            },
            {
                "label": "Random Movies Genre",
                "path": "plugin://plugin.video.themoviedb.helper/?info=random_genres&tmdb_type=movie&widget=true&reload=$INFO[Window(Home).Property(TMDbHelper.Widgets.Reload)]&reload=$INFO[Window(Home).Property(TMDbHelper.Widgets.Reload)]",
                "icon": "special://skin/extras/shapes.png",
                "target": "videos",
                "guid": "guid-9c42ab78"
            }
        ]
    },
    {
        "label": "TV Shows",
        "path": "plugin://plugin.video.themoviedb.helper/?info=dir_tv",
        "icon": "special://skin/extras/icons/plug.png",
        "target": "videos",
        "guid": "guid-b12bc002",
        "submenulist_label": "TMDbHelper TV Shows",
        "submenulist_path": "plugin://plugin.video.themoviedb.helper/?info=dir_tv",
        "submenulist_icon": "special://skin/extras/icons/plug.png",
        "submenulist_target": "videos",
        "widgets": [
            {
                "label": "Trending",
                "icon": "special://skin/extras/shapes.png",
                "path": "plugin://plugin.video.themoviedb.helper/?info=trakt_trending&tmdb_type=tv&widget=true&reload=$INFO[Window(Home).Property(TMDbHelper.Widgets.Reload)]&reload=$INFO[Window(Home).Property(TMDbHelper.Widgets.Reload)]",
                "target": "videos",
                "submenu": [],
                "widgets": [],
                "guid": "guid-fdae1f0c"
            },
            {
                "label": "Highly Rated TV Shows",
                "path": "plugin://plugin.video.themoviedb.helper/?list_name=Highly+Rated+TV+Shows&list_slug=highly-rated-tv-shows&user_slug=jurialmunkey&plugin_category=Highly+Rated+TV+Shows&owner=true&tmdb_id=None&info=trakt_userlist&sort_by=added&sort_how=desc&widget=true&reload=$INFO[Window(Home).Property(TMDbHelper.Widgets.Reload)]&reload=$INFO[Window(Home).Property(TMDbHelper.Widgets.Reload)]",
                "icon": "special://skin/extras/shapes.png",
                "target": "videos",
                "guid": "guid-da935200"
            },
            {
                "label": "Shut Up, And Watch",
                "path": "plugin://plugin.video.themoviedb.helper/?list_name=Shut+Up%2C+And+Watch&list_slug=shut-up-and-watch&user_slug=canconfirm&plugin_category=Shut+Up%2C+And+Watch&tmdb_id=None&info=trakt_userlist&sort_by=random&widget=true&reload=$INFO[Window(Home).Property(TMDbHelper.Widgets.Reload)]&reload=$INFO[Window(Home).Property(TMDbHelper.Widgets.Reload)]",
                "icon": "special://skin/extras/shapes.png",
                "target": "videos",
                "guid": "guid-0e65beb8"
            }
        ]
    },
    {
        "label": "$LOCALIZE[31085]",
        "icon": "special://skin/extras/icons/recentlyadded.png",
        "path": "PlayPvrTV",
        "condition": "PVR.HasTVChannels",
        "target": "",
        "submenu": [
            {
                "label": "$LOCALIZE[19019]",
                "icon": "DefaultTVShows.png",
                "path": "ActivateWindow(TVChannels)",
                "target": "",
                "guid": "guid-fc3d62a4"
            },
            {
                "label": "$LOCALIZE[22020]",
                "icon": "DefaultTVShows.png",
                "path": "ActivateWindow(TVGuide)",
                "target": "",
                "guid": "guid-975b918e"
            },
            {
                "label": "$LOCALIZE[19017]",
                "icon": "DefaultTVShows.png",
                "path": "ActivateWindow(TVRecordings)",
                "target": "",
                "guid": "guid-e299b506"
            },
            {
                "label": "$LOCALIZE[19040]",
                "icon": "DefaultTVShows.png",
                "path": "ActivateWindow(TVTimers)",
                "target": "",
                "guid": "guid-0718db72"
            },
            {
                "label": "$LOCALIZE[137]",
                "icon": "DefaultTVShows.png",
                "path": "ActivateWindow(TVSearch)",
                "target": "",
                "guid": "guid-bcc853af"
            }
        ],
        "widgets": [
            {
                "label": "$LOCALIZE[568]",
                "path": "pvr://channels/tv/*",
                "widget_style": "Landscape",
                "target": "tvguide",
                "guid": "guid-9223a41e"
            },
            {
                "label": "$LOCALIZE[19017]",
                "path": "pvr://recordings/tv/active?view=flat",
                "widget_style": "Landscape",
                "target": "tvguide",
                "guid": "guid-7be69169"
            }
        ],
        "guid": "guid-8f52f35d"
    },
    {
        "label": "$LOCALIZE[24001]",
        "icon": "DefaultProgram.png",
        "path": "ActivateWindow(1132)",
        "target": "",
        "submenu": [
            {
                "label": "$LOCALIZE[1037]",
                "icon": "DefaultProgram.png",
                "path": "ActivateWindow(Videos,Addons,return)",
                "target": "",
                "guid": "guid-4dfe06fa"
            },
            {
                "label": "$LOCALIZE[1038]",
                "icon": "DefaultProgram.png",
                "path": "ActivateWindow(Music,Addons,return)",
                "target": "",
                "guid": "guid-99e2f484"
            },
            {
                "label": "$LOCALIZE[1039]",
                "icon": "DefaultProgram.png",
                "path": "ActivateWindow(Pictures,Addons,return)",
                "target": "",
                "guid": "guid-86483581"
            },
            {
                "label": "$LOCALIZE[0]",
                "icon": "DefaultProgram.png",
                "path": "ActivateWindow(Programs,Addons,return)",
                "target": "",
                "guid": "guid-dcc5d4dd"
            },
            {
                "label": "$LOCALIZE[20244]",
                "icon": "DefaultProgram.png",
                "path": "ActivateWindow(Programs,androidapp://sources/apps/,return)",
                "target": "",
                "guid": "guid-b665f373"
            }
        ],
        "widgets": [
            {
                "label": "$LOCALIZE[1037]",
                "path": "addons://sources/video/",
                "widget_style": "Square",
                "target": "videos",
                "guid": "guid-fbce0b04"
            },
            {
                "label": "$LOCALIZE[1038]",
                "path": "addons://sources/audio/",
                "widget_style": "Square",
                "target": "music",
                "guid": "guid-1c4d6653"
            }
        ],
        "guid": "guid-f36bd4b4"
    }
]