<?xml version="1.0" encoding="UTF-8"?>
<window type="dialog" id="1152">
    <visible>$EXP[Exp_OSD_QuickInfo]</visible>
    <visible>Window.IsActive(VideoFullScreen.xml)</visible>
    <visible>!Window.IsActive(videoosd)</visible>
    <animation effect="fade" start="0" end="100" time="300" delay="200" condition="Window.IsVisible(videoosd)">WindowOpen</animation>
    <animation effect="fade" start="0" end="100" time="300" condition="!Window.IsVisible(videoosd)">WindowOpen</animation>
    <animation effect="fade" end="0" start="100" time="300">WindowClose</animation>
    <controls>


        <control type="group">
            <include>OSD_Progress_Details_Extended</include>
        </control>

    </controls>
</window>
