<?xml version="1.0" encoding="UTF-8"?>
<window>
    <defaultcontrol>3</defaultcontrol>
    <onunload>ClearProperty(DialogSelectType,Home)</onunload>
    <controls>

        <control type="group">
            <include>Animation_Right_Delay</include>

            <control type="group">
                <include>Dimension_DialogWideMenu</include>
                <control type="image">
                    <top>-200</top>
                    <bottom>-200</bottom>
                    <left>-320</left>
                    <right>-320</right>
                    <texture border="400,0,0,0" colordiffuse="$VAR[ColorBackgroundFade]" flipx="true">common/dim-thick-side-full.png</texture>
                </control>
            </control>

            <include content="Dialog_Preview">
                <param name="icon">$INFO[Container(6).ListItem.Icon]</param>
                <visible>Control.IsVisible(6)</visible>
                <visible>Control.HasFocus(6)</visible>
                <visible>!Window.IsVisible(script-skinshortcuts.xml)</visible>
                <visible>String.IsEqual(Control.GetLabel(1),$LOCALIZE[13511]) | String.IsEqual(Control.GetLabel(1),$LOCALIZE[20437])</visible>
                <animation effect="slide" end="0,200" condition="Container(6).Position(4) | Container(6).Position(5) | Container(6).Position(6) | Container(6).Position(7)">Conditional</animation>
                <control type="image">
                    <centertop>70</centertop>
                    <right>-16</right>
                    <height>16</height>
                    <width>16</width>
                    <texture colordiffuse="dialog_nib" flipx="true">arrows/arrow-menu.png</texture>
                    <animation effect="slide" end="0,100" condition="Container(6).Position(1)">Conditional</animation>
                    <animation effect="slide" end="0,200" condition="Container(6).Position(2) | Container(6).Position(4)">Conditional</animation>
                    <animation effect="slide" end="0,300" condition="Container(6).Position(3) | Container(6).Position(5)">Conditional</animation>
                    <animation effect="slide" end="0,400" condition="Container(6).Position(6)">Conditional</animation>
                    <animation effect="slide" end="0,500" condition="Container(6).Position(7)">Conditional</animation>
                </control>
            </include>

            <include content="Dialog_Overlay_Side">
                <param name="dim_visible">false</param>
                <include>Dimension_DialogWideMenu</include>
                <include content="Dialog_Head">
                    <param name="label">$INFO[System.ProfileName]</param>
                    <visible>!Control.IsVisible(6) | Window.IsVisible(script-skinshortcuts.xml)</visible>
                </include>
                <include content="Dialog_Head">
                    <param name="id">0</param>
                    <param name="label">$INFO[Control.GetLabel(1)]</param>
                    <visible>![!Control.IsVisible(6) | Window.IsVisible(script-skinshortcuts.xml)]</visible>
                </include>
                <include content="Dialog_Body">
                    <include content="Dialog_Body_Group">
                        <include content="List_DialogSelect">
                            <param name="id">3</param>
                            <param name="textcolor">dialog_fg</param>
                            <pagecontrol>61</pagecontrol>
                            <onright>61</onright>
                            <onleft>Close</onleft>
                        </include>
                        <include content="List_DialogSelect" condition="!Window.IsVisible(script-skinshortcuts.xml)">
                            <param name="id">6</param>
                            <param name="detailed">True</param>
                            <param name="item_height">100</param>
                            <param name="textcolor">dialog_fg</param>
                            <pagecontrol>62</pagecontrol>
                            <onright>62</onright>
                            <onleft>Close</onleft>
                        </include>
                        <include content="List_DialogSelect" condition="Window.IsVisible(script-skinshortcuts.xml)">
                            <param name="id">6</param>
                            <param name="itemlayout_include">Layout_SkinShortcuts</param>
                            <param name="textcolor">dialog_fg</param>
                            <pagecontrol>62</pagecontrol>
                            <onright>62</onright>
                            <onleft>Close</onleft>
                        </include>
                    </include>

                    <include content="Dialog_Scrollbar">
                        <param name="id">61</param>
                        <visible>Control.IsVisible(3)</visible>
                        <onleft>3</onleft>
                        <onright>9000</onright>
                    </include>

                    <include content="Dialog_Scrollbar">
                        <param name="id">62</param>
                        <visible>Control.IsVisible(6)</visible>
                        <onleft>6</onleft>
                        <onright>9000</onright>
                    </include>

                    <include content="Dialog_Side_Grouplist">
                        <param name="id">9000</param>
                        <onleft condition="Control.IsVisible(3)">61</onleft>
                        <onleft condition="Control.IsVisible(6)">62</onleft>
                        <include content="Dialog_Side_Button">
                            <param name="id">01</param>
                            <param name="label">$INFO[Control.GetLabel(5)]</param>
                            <param name="icon">special://skin/extras/icons/circle-check.png</param>
                            <param name="visible">Control.IsEnabled(5) + Control.IsVisible(5)</param>
                            <onclick>SendClick(5)</onclick>
                        </include>
                        <include content="Dialog_Side_Button">
                            <param name="id">02</param>
                            <param name="label">$INFO[Control.GetLabel(7)]</param>
                            <param name="icon">special://skin/extras/icons/circle-xmark.png</param>
                            <param name="visible">Control.IsEnabled(7) + Control.IsVisible(7)</param>
                            <onclick>SendClick(7)</onclick>
                        </include>
                        <include content="Dialog_Side_Button">
                            <param name="id">03</param>
                            <param name="label">$INFO[Control.GetLabel(8)]</param>
                            <param name="icon">special://skin/extras/icons/circle-plus.png</param>
                            <param name="visible">Control.IsEnabled(8) + Control.IsVisible(8)</param>
                            <onclick>SendClick(8)</onclick>
                        </include>
                        <include content="Dialog_Side_Button" condition="Window.IsVisible(DialogVideoInfo.xml)">
                            <param name="id">04</param>
                            <param name="label">$LOCALIZE[184]</param>
                            <param name="icon">special://skin/extras/icons/update.png</param>
                            <param name="visible">[String.IsEqual(Control.GetLabel(1),$LOCALIZE[13511]) | String.IsEqual(Control.GetLabel(1),$LOCALIZE[20437])]</param>
                            <onclick>Close</onclick>
                            <onclick>SendClick(12003,6)</onclick>
                        </include>
                        <include content="Dialog_Side_Button" condition="Window.IsVisible(DialogVideoInfo.xml)">
                            <param name="id">05</param>
                            <param name="label">$LOCALIZE[563]</param>
                            <param name="icon">special://skin/extras/icons/star.png</param>
                            <param name="visible">[String.IsEqual(Control.GetLabel(1),$LOCALIZE[13511]) | String.IsEqual(Control.GetLabel(1),$LOCALIZE[20437])]</param>
                            <onclick>Close</onclick>
                            <onclick>SendClick(12003,7)</onclick>
                        </include>
                    </include>
                </include>
            </include>
        </control>

        <!-- Hidden Buttons -->
        <include content="Object_Hidden_Button">
            <param name="id">5</param>
            <onfocus>SetFocus(9001)</onfocus>
        </include>
        <include content="Object_Hidden_Button">
            <param name="id">7</param>
            <onfocus>SetFocus(9002)</onfocus>
        </include>
        <include content="Object_Hidden_Button">
            <param name="id">8</param>
            <onfocus>SetFocus(9003)</onfocus>
        </include>
    </controls>
</window>
