[
    {
        "label": "Movies",
        "path": "videodb://movies/titles/",
        "icon": "special://skin/extras/icons/film.png",
        "target": "videos",
        "guid": "guid-68dfb3cd",
        "submenulist_label": "Movies",
        "submenulist_path": "library://video/movies/",
        "submenulist_icon": "special://skin/extras/icons/film.png",
        "submenulist_target": "videos",
        "widgets": [
            {
                "label": "New Movies",
                "path": "special://skin/extras/playlists/NewMovies.xsp",
                "icon": "special://skin/extras/icons/list-ol.png",
                "target": "videos",
                "guid": "guid-8b01be7f"
            },
            {
                "label": "Random Movies",
                "path": "special://skin/extras/playlists/RandomMovies.xsp",
                "icon": "special://skin/extras/icons/list-ol.png",
                "target": "videos",
                "guid": "guid-751aae8e"
            },
            {
                "label": "Top Rated Movies",
                "path": "special://skin/extras/playlists/TopRatedMovies.xsp",
                "icon": "special://skin/extras/icons/list-ol.png",
                "target": "videos",
                "guid": "guid-9a69490a"
            }
        ]
    },
    {
        "label": "TV shows",
        "path": "videodb://tvshow/titles/",
        "icon": "special://skin/extras/icons/tv.png",
        "target": "videos",
        "guid": "guid-8a6cb343",
        "submenulist_label": "TV shows",
        "submenulist_path": "library://video/tvshows/",
        "submenulist_icon": "special://skin/extras/icons/tv.png",
        "submenulist_target": "videos",
        "widgets": [
            {
                "label": "Recent Tv Shows",
                "path": "special://skin/extras/playlists/RecentTvShows.xsp",
                "icon": "DefaultMusicRecentlyPlayed.png",
                "target": "videos",
                "guid": "guid-a6da362c"
            },
            {
                "label": "In-Progress",
                "path": "library://video/tvshows/inprogressshows.xml",
                "icon": "special://skin/extras/icons/timer.png",
                "target": "videos",
                "guid": "guid-9f6d3681"
            },
            {
                "label": "Random Tv Shows",
                "path": "special://skin/extras/playlists/RandomTvShows.xsp",
                "icon": "DefaultTVShows.png",
                "target": "videos",
                "guid": "guid-1a2b76cf"
            },
            {
                "label": "Top Rated Tv Shows",
                "path": "special://skin/extras/playlists/TopRatedTvShows.xsp",
                "icon": "DefaultMusicTop100Albums.png",
                "target": "videos",
                "guid": "guid-f5b128fa"
            }
        ]
    },
    {
        "label": "Music",
        "path": "library://music/",
        "icon": "special://skin/extras/icons/music.png",
        "target": "music",
        "guid": "guid-c6580a0b",
        "submenulist_label": "Music",
        "submenulist_path": "library://music/",
        "submenulist_icon": "special://skin/extras/icons/music.png",
        "submenulist_target": "music",
        "widgets": [
            {
                "label": "New Albums",
                "path": "musicdb://recentlyaddedalbums/",
                "icon": "DefaultMusicRecentlyAdded.png",
                "target": "music",
                "guid": "guid-380f4c65",
                "widget_style": "Square"
            },
            {
                "label": "Recent Albums",
                "path": "musicdb://recentlyplayedalbums/",
                "icon": "DefaultMusicRecentlyPlayed.png",
                "target": "music",
                "guid": "guid-209c6b57",
                "widget_style": "Square"
            },
            {
                "label": "Top Albums",
                "path": "musicdb://top100/albums/",
                "icon": "DefaultMusicTop100Albums.png",
                "target": "music",
                "guid": "guid-c7762758",
                "widget_style": "Square"
            },
            {
                "label": "Random Artists",
                "path": "special://skin/extras/playlists/RandomArtists.xsp",
                "icon": "DefaultMusicArtists.png",
                "target": "music",
                "guid": "guid-b7dd4aaa",
                "widget_style": "Square"
            }
        ]
    },
    {
        "label": "$LOCALIZE[31085]",
        "icon": "special://skin/extras/icons/recentlyadded.png",
        "path": "ActivateWindow(TVChannels)",
        "condition": "PVR.HasTVChannels",
        "target": "",
        "submenu": [
            {
                "label": "$LOCALIZE[19019]",
                "icon": "DefaultTVShows.png",
                "path": "ActivateWindow(TVChannels)",
                "target": "",
                "guid": "guid-f24c9108"
            },
            {
                "label": "$LOCALIZE[22020]",
                "icon": "DefaultTVShows.png",
                "path": "ActivateWindow(TVGuide)",
                "target": "",
                "guid": "guid-58f33ba3"
            },
            {
                "label": "$LOCALIZE[19017]",
                "icon": "DefaultTVShows.png",
                "path": "ActivateWindow(TVRecordings)",
                "target": "",
                "guid": "guid-8dc45b58"
            },
            {
                "label": "$LOCALIZE[19040]",
                "icon": "DefaultTVShows.png",
                "path": "ActivateWindow(TVTimers)",
                "target": "",
                "guid": "guid-a9427ce3"
            },
            {
                "label": "$LOCALIZE[137]",
                "icon": "DefaultTVShows.png",
                "path": "ActivateWindow(TVSearch)",
                "target": "",
                "guid": "guid-feee2f89"
            }
        ],
        "widgets": [
            {
                "label": "$LOCALIZE[568]",
                "path": "pvr://channels/tv/*",
                "widget_style": "Landscape",
                "target": "tvguide",
                "guid": "guid-a4e5acfe"
            },
            {
                "label": "$LOCALIZE[19017]",
                "path": "pvr://recordings/tv/active?view=flat",
                "widget_style": "Landscape",
                "target": "tvguide",
                "guid": "guid-b55d6a3a"
            }
        ],
        "guid": "guid-ac4993dd"
    },
    {
        "label": "$LOCALIZE[24001]",
        "icon": "DefaultProgram.png",
        "path": "ActivateWindow(1132)",
        "target": "",
        "submenu": [
            {
                "label": "$LOCALIZE[1037]",
                "icon": "DefaultProgram.png",
                "path": "ActivateWindow(Videos,Addons,return)",
                "target": "",
                "guid": "guid-4dc59dd9"
            },
            {
                "label": "$LOCALIZE[1038]",
                "icon": "DefaultProgram.png",
                "path": "ActivateWindow(Music,Addons,return)",
                "target": "",
                "guid": "guid-206220ab"
            },
            {
                "label": "$LOCALIZE[1039]",
                "icon": "DefaultProgram.png",
                "path": "ActivateWindow(Pictures,Addons,return)",
                "target": "",
                "guid": "guid-31ac145f"
            },
            {
                "label": "$LOCALIZE[0]",
                "icon": "DefaultProgram.png",
                "path": "ActivateWindow(Programs,Addons,return)",
                "target": "",
                "guid": "guid-1451a4b7"
            },
            {
                "label": "$LOCALIZE[20244]",
                "icon": "DefaultProgram.png",
                "path": "ActivateWindow(Programs,androidapp://sources/apps/,return)",
                "target": "",
                "guid": "guid-ae5961e7"
            }
        ],
        "widgets": [
            {
                "label": "$LOCALIZE[1037]",
                "path": "addons://sources/video/",
                "widget_style": "Square",
                "target": "videos",
                "guid": "guid-84fe2ff2"
            },
            {
                "label": "$LOCALIZE[1038]",
                "path": "addons://sources/audio/",
                "widget_style": "Square",
                "target": "music",
                "guid": "guid-f631f9a6"
            }
        ],
        "guid": "guid-38cd3eaf"
    }
]