<?xml version="1.0" encoding="UTF-8"?>
<includes>
    <include name="View_53_Seasons">
        <include content="Viewtype_Buttons">
            <param name="id" value="53" />
            <param name="itemlayout-width" value="280" />
            <param name="offset" value="0" />
            <param name="control-type" value="fixedlist" />
            <param name="viewtype-label" value="$LOCALIZE[33054]" />
            <movement>3</movement>
            <preloaditems>2</preloaditems>
            <height>120</height>
            <width>1120</width>
            <onup>SetFocus(9602)</onup>
            <ondown>530</ondown>
            <ondown>SetProperty(TMDbHelper.WidgetContainer,530,Home)</ondown>
            <onfocus>ClearProperty(TMDbHelper.WidgetContainer,Home)</onfocus>
            <left>-20</left>
            <bottom>400</bottom>
            <animation effect="fade" start="0" end="100" time="400" tween="cubic" easing="inout" reversible="false" delay="200" condition="Container.Content(seasons)">Conditional</animation>
            <visible>Container.Content(seasons)</visible>
            <visible>!Skin.HasSetting(LibrarySeasonPosters)</visible>
            <visible>!String.IsEqual(Container.Property(Param.Info),details)</visible>
        </include>
        <control type="image">
            <width>24</width>
            <height>24</height>
            <bottom>457</bottom>
            <left>-56</left>
            <texture colordiffuse="main_fg_30">buttons/spin-left.png</texture>
            <visible>Container(53).HasPrevious</visible>
            <visible>Control.Isvisible(53)</visible>
        </control>
        <control type="image">
            <width>24</width>
            <height>24</height>
            <bottom>457</bottom>
            <left>1122</left>
            <texture colordiffuse="main_fg_30" flipx="true">buttons/spin-left.png</texture>
            <visible>Container(53).HasNext</visible>
            <visible>Control.Isvisible(53)</visible>
        </control>
        <include content="View_Info_Grouplist">
            <param name="title" value="$VAR[Label_Info_Title_530]" />
            <param name="container" value="Container(530)." />
            <param name="plot" value="$INFO[Container(530).ListItem.Plot]" />
            <param name="plotheight" value="auto" />
            <param name="infoline-label" value="$VAR[Label_Home_InfoLine]" />
            <param name="infoline-image" value="$VAR[Image_Home_VideoQuality]" />
            <top>-15</top>
            <height>285</height>
            <visible>Control.HasFocus(530)</visible>
            <visible>Control.IsVisible(53)</visible>
            <include>Viewtype_Info_Right</include>
        </include>
        <include>View_53_Episodes</include>
    </include>

    <include name="View_53_Episodes">
        <control type="group">
            <visible>Control.IsVisible(53)</visible>
            <include>Animation_Down</include>
            <include content="View_53_Episodes_List">
                <content target="videos" sortby="episode">$INFO[Container(53).ListItemAbsolute(0).FolderPath]</content>
                <visible>[!Container(53).ListItemAbsolute(0).IsParentFolder + Integer.IsEqual(Container(53).CurrentItem,1)]</visible>
            </include>
            <include content="View_53_Episodes_List">
                <content target="videos" sortby="episode">$INFO[Container(53).ListItemAbsolute(1).FolderPath]</content>
                <visible>[!Container(53).ListItemAbsolute(0).IsParentFolder + Integer.IsEqual(Container(53).CurrentItem,2)] | [Container(53).ListItemAbsolute(0).IsParentFolder + Integer.IsEqual(Container(53).CurrentItem,1)]</visible>
            </include>
            <include content="View_53_Episodes_List">
                <content target="videos" sortby="episode">$INFO[Container(53).ListItemAbsolute(2).FolderPath]</content>
                <visible>[!Container(53).ListItemAbsolute(0).IsParentFolder + Integer.IsEqual(Container(53).CurrentItem,3)] | [Container(53).ListItemAbsolute(0).IsParentFolder + Integer.IsEqual(Container(53).CurrentItem,2)]</visible>
            </include>
            <include content="View_53_Episodes_List">
                <content target="videos" sortby="episode">$INFO[Container(53).ListItemAbsolute(3).FolderPath]</content>
                <visible>[!Container(53).ListItemAbsolute(0).IsParentFolder + Integer.IsEqual(Container(53).CurrentItem,4)] | [Container(53).ListItemAbsolute(0).IsParentFolder + Integer.IsEqual(Container(53).CurrentItem,3)]</visible>
            </include>
            <include content="View_53_Episodes_List">
                <content target="videos" sortby="episode">$INFO[Container(53).ListItemAbsolute(4).FolderPath]</content>
                <visible>[!Container(53).ListItemAbsolute(0).IsParentFolder + Integer.IsEqual(Container(53).CurrentItem,5)] | [Container(53).ListItemAbsolute(0).IsParentFolder + Integer.IsEqual(Container(53).CurrentItem,4)]</visible>
            </include>
            <include content="View_53_Episodes_List">
                <content target="videos" sortby="episode">$INFO[Container(53).ListItemAbsolute(5).FolderPath]</content>
                <visible>[!Container(53).ListItemAbsolute(0).IsParentFolder + Integer.IsEqual(Container(53).CurrentItem,6)] | [Container(53).ListItemAbsolute(0).IsParentFolder + Integer.IsEqual(Container(53).CurrentItem,5)]</visible>
            </include>
            <include content="View_53_Episodes_List">
                <content target="videos" sortby="episode">$INFO[Container(53).ListItemAbsolute(6).FolderPath]</content>
                <visible>[!Container(53).ListItemAbsolute(0).IsParentFolder + Integer.IsEqual(Container(53).CurrentItem,7)] | [Container(53).ListItemAbsolute(0).IsParentFolder + Integer.IsEqual(Container(53).CurrentItem,6)]</visible>
            </include>
            <include content="View_53_Episodes_List">
                <content target="videos" sortby="episode">$INFO[Container(53).ListItemAbsolute(7).FolderPath]</content>
                <visible>[!Container(53).ListItemAbsolute(0).IsParentFolder + Integer.IsEqual(Container(53).CurrentItem,8)] | [Container(53).ListItemAbsolute(0).IsParentFolder + Integer.IsEqual(Container(53).CurrentItem,7)]</visible>
            </include>
            <include content="View_53_Episodes_List">
                <content target="videos" sortby="episode">$INFO[Container(53).ListItemAbsolute(8).FolderPath]</content>
                <visible>[!Container(53).ListItemAbsolute(0).IsParentFolder + Integer.IsEqual(Container(53).CurrentItem,9)] | [Container(53).ListItemAbsolute(0).IsParentFolder + Integer.IsEqual(Container(53).CurrentItem,8)]</visible>
            </include>
            <include content="View_53_Episodes_List">
                <content target="videos" sortby="episode">$INFO[Container(53).ListItemAbsolute(9).FolderPath]</content>
                <visible>[!Container(53).ListItemAbsolute(0).IsParentFolder + Integer.IsEqual(Container(53).CurrentItem,10)] | [Container(53).ListItemAbsolute(0).IsParentFolder + Integer.IsEqual(Container(53).CurrentItem,9)]</visible>
            </include>
            <include content="View_53_Episodes_List">
                <content target="videos" sortby="episode">$INFO[Container(53).ListItemAbsolute(10).FolderPath]</content>
                <visible>[!Container(53).ListItemAbsolute(0).IsParentFolder + Integer.IsEqual(Container(53).CurrentItem,11)] | [Container(53).ListItemAbsolute(0).IsParentFolder + Integer.IsEqual(Container(53).CurrentItem,10)]</visible>
            </include>
            <include content="View_53_Episodes_List">
                <content target="videos" sortby="episode">$INFO[Container(53).ListItemAbsolute(11).FolderPath]</content>
                <visible>[!Container(53).ListItemAbsolute(0).IsParentFolder + Integer.IsEqual(Container(53).CurrentItem,12)] | [Container(53).ListItemAbsolute(0).IsParentFolder + Integer.IsEqual(Container(53).CurrentItem,11)]</visible>
            </include>
            <include content="View_53_Episodes_List">
                <content target="videos" sortby="episode">$INFO[Container(53).ListItemAbsolute(12).FolderPath]</content>
                <visible>[!Container(53).ListItemAbsolute(0).IsParentFolder + Integer.IsEqual(Container(53).CurrentItem,13)] | [Container(53).ListItemAbsolute(0).IsParentFolder + Integer.IsEqual(Container(53).CurrentItem,12)]</visible>
            </include>
            <include content="View_53_Episodes_List">
                <content target="videos" sortby="episode">$INFO[Container(53).ListItemAbsolute(13).FolderPath]</content>
                <visible>[!Container(53).ListItemAbsolute(0).IsParentFolder + Integer.IsEqual(Container(53).CurrentItem,14)] | [Container(53).ListItemAbsolute(0).IsParentFolder + Integer.IsEqual(Container(53).CurrentItem,13)]</visible>
            </include>
            <include content="View_53_Episodes_List">
                <content target="videos" sortby="episode">$INFO[Container(53).ListItemAbsolute(14).FolderPath]</content>
                <visible>[!Container(53).ListItemAbsolute(0).IsParentFolder + Integer.IsEqual(Container(53).CurrentItem,15)] | [Container(53).ListItemAbsolute(0).IsParentFolder + Integer.IsEqual(Container(53).CurrentItem,14)]</visible>
            </include>
            <include content="View_53_Episodes_List">
                <content target="videos" sortby="episode">$INFO[Container(53).ListItemAbsolute(15).FolderPath]</content>
                <visible>[!Container(53).ListItemAbsolute(0).IsParentFolder + Integer.IsEqual(Container(53).CurrentItem,16)] | [Container(53).ListItemAbsolute(0).IsParentFolder + Integer.IsEqual(Container(53).CurrentItem,15)]</visible>
            </include>
            <include content="View_53_Episodes_List">
                <content target="videos" sortby="episode">$INFO[Container(53).ListItemAbsolute(16).FolderPath]</content>
                <visible>[!Container(53).ListItemAbsolute(0).IsParentFolder + Integer.IsEqual(Container(53).CurrentItem,17)] | [Container(53).ListItemAbsolute(0).IsParentFolder + Integer.IsEqual(Container(53).CurrentItem,16)]</visible>
            </include>
            <include content="View_53_Episodes_List">
                <content target="videos" sortby="episode">$INFO[Container(53).ListItemAbsolute(17).FolderPath]</content>
                <visible>[!Container(53).ListItemAbsolute(0).IsParentFolder + Integer.IsEqual(Container(53).CurrentItem,18)] | [Container(53).ListItemAbsolute(0).IsParentFolder + Integer.IsEqual(Container(53).CurrentItem,17)]</visible>
            </include>
            <include content="View_53_Episodes_List">
                <content target="videos" sortby="episode">$INFO[Container(53).ListItemAbsolute(18).FolderPath]</content>
                <visible>[!Container(53).ListItemAbsolute(0).IsParentFolder + Integer.IsEqual(Container(53).CurrentItem,19)] | [Container(53).ListItemAbsolute(0).IsParentFolder + Integer.IsEqual(Container(53).CurrentItem,18)]</visible>
            </include>
            <include content="View_53_Episodes_List">
                <content target="videos" sortby="episode">$INFO[Container(53).ListItemAbsolute(19).FolderPath]</content>
                <visible>[!Container(53).ListItemAbsolute(0).IsParentFolder + Integer.IsEqual(Container(53).CurrentItem,20)] | [Container(53).ListItemAbsolute(0).IsParentFolder + Integer.IsEqual(Container(53).CurrentItem,19)]</visible>
            </include>
            <include content="View_53_Episodes_List">
                <content target="videos" sortby="episode">$INFO[Container(53).ListItem.FolderPath]</content>
                <visible>!Container(53).ListItem.IsParentFolder + !Integer.IsEqual(Container(53).CurrentItem,1) + !Integer.IsEqual(Container(53).CurrentItem,2) + !Integer.IsEqual(Container(53).CurrentItem,3) + !Integer.IsEqual(Container(53).CurrentItem,4) + !Integer.IsEqual(Container(53).CurrentItem,5) + !Integer.IsEqual(Container(53).CurrentItem,6) + !Integer.IsEqual(Container(53).CurrentItem,7) + !Integer.IsEqual(Container(53).CurrentItem,8) + !Integer.IsEqual(Container(53).CurrentItem,9) + !Integer.IsEqual(Container(53).CurrentItem,10) + !Integer.IsEqual(Container(53).CurrentItem,11) + !Integer.IsEqual(Container(53).CurrentItem,12) + !Integer.IsEqual(Container(53).CurrentItem,13) + !Integer.IsEqual(Container(53).CurrentItem,14) + !Integer.IsEqual(Container(53).CurrentItem,15) + !Integer.IsEqual(Container(53).CurrentItem,16) + !Integer.IsEqual(Container(53).CurrentItem,17) + !Integer.IsEqual(Container(53).CurrentItem,18) + !Integer.IsEqual(Container(53).CurrentItem,19) + [!Integer.IsEqual(Container(53).CurrentItem,20) | Container(53).ListItemAbsolute(0).IsParentFolder]</visible>
            </include>
            <include content="Viewtype_Poster">
                <param name="id" value="530" />
                <bottom>-20</bottom>
                <left>-80</left>
                <right>-80</right>
                <onback>53</onback>
                <onup>53</onup>
                <ondown>60</ondown>
                <pagecontrol>60</pagecontrol>
                <onunfocus>ClearProperty(TMDbHelper.WidgetContainer,Home)</onunfocus>
                <onclick condition="!Container($PARAM[id]).ListItem.IsFolder">PlayMedia($INFO[Container($PARAM[id]).ListItem.FileNameAndPath])</onclick>
                <onclick condition="Container($PARAM[id]).ListItem.IsFolder">Container.Update($INFO[Container($PARAM[id]).ListItem.FolderPath])</onclick>
                <onclick>SetFocus(53)</onclick>
                <visible>Container(53).ListItemAbsolute(0).IsParentFolder + Integer.IsEqual(Container(53).CurrentItem,0)</visible>
                <content target="videos">$INFO[Container(53).FolderPath]</content>
            </include>
            <include content="Home_Hub_Widget_Label">
                <param name="id" value="530" />
                <param name="label" value="$INFO[Container(53).ListItem.Label]" />
                <param name="altlabel" value="$LOCALIZE[31213]: $LOCALIZE[20359] $LOCALIZE[584]" />
                <visible>![Container(53).ListItemAbsolute(0).IsParentFolder + Integer.IsEqual(Container(53).CurrentItem,0)]</visible>
            </include>
            <include content="Home_Hub_Widget_Label">
                <param name="id" value="530" />
                <param name="label" value="Seasons" />
                <param name="altlabel" value="$LOCALIZE[31213]: $LOCALIZE[20373] $LOCALIZE[584]" />
                <visible>[Container(53).ListItemAbsolute(0).IsParentFolder + Integer.IsEqual(Container(53).CurrentItem,0)]</visible>
            </include>
        </control>
    </include>

    <include name="View_53_Episodes_List">
        <param name="id" default="530" />
        <definition>
            <include content="Viewtype_Landscape">
                <param name="id" value="$PARAM[id]" />
                <nested />
                <left>-80</left>
                <right>-80</right>
                <bottom>-20</bottom>
                <onback>53</onback>
                <onup>53</onup>
                <ondown>60</ondown>
                <pagecontrol>60</pagecontrol>
                <onunfocus>ClearProperty(TMDbHelper.WidgetContainer,Home)</onunfocus>
                <onclick condition="!Container($PARAM[id]).ListItem.IsFolder">PlayMedia($INFO[Container($PARAM[id]).ListItem.FileNameAndPath])</onclick>
                <onclick condition="Container($PARAM[id]).ListItem.IsFolder">Container.Update($INFO[Container($PARAM[id]).ListItem.FolderPath])</onclick>
                <onclick>SetFocus(53)</onclick>
                <animation effect="fade" start="100" end="0" condition="Container($PARAM[id]).IsUpdating">Conditional</animation>
            </include>
        </definition>
    </include>
</includes>

