[
    {
        "label": "$LOCALIZE[20434]",
        "path": "videodb://movies/sets/",
        "submenulist_path": "videodb://movies/sets/",
        "submenulist_target": "videos",
        "submenulist_sortby": "label",
        "target": "videos",
        "use_as_widget": "True"
    },
    {
        "label": "$LOCALIZE[135]",
        "path": "videodb://movies/genres/",
        "submenulist_path": "videodb://movies/genres/",
        "submenulist_target": "videos",
        "submenulist_sortby": "label",
        "target": "videos",
        "use_as_widget": "True"
    },
    {
        "label": "$LOCALIZE[20388]",
        "path": "videodb://movies/studios/",
        "submenulist_path": "videodb://movies/studios/",
        "submenulist_target": "videos",
        "submenulist_sortby": "label",
        "target": "videos",
        "use_as_widget": "True"
    },
    {
        "label": "$LOCALIZE[369]",
        "path": "videodb://movies/titles/",
        "submenulist_path": "special://skin/extras/hub/movies/titles/",
        "submenulist_target": "videos",
        "submenulist_sortby": "label",
        "target": "videos",
        "use_as_widget": "True"
    },
    {
        "label": "$LOCALIZE[562]",
        "path": "videodb://movies/years/",
        "submenulist_path": "videodb://movies/years/",
        "submenulist_target": "videos",
        "submenulist_sortby": "label",
        "target": "videos",
        "use_as_widget": "True"
    },
    {
        "label": "$LOCALIZE[20459]",
        "path": "videodb://movies/tags/",
        "submenulist_path": "videodb://movies/tags/",
        "submenulist_target": "videos",
        "submenulist_sortby": "label",
        "target": "videos",
        "use_as_widget": "True"
    },
    {
        "label": "$LOCALIZE[39031]",
        "path": "ActivateWindow(Videos,Files,return)",
        "submenulist_path": "library://video/",
        "submenulist_target": "videos",
        "target": "",
        "widgets": [
            {
                "label": "Movies",
                "path": "videodb://movies/",
                "widget_style": "Square",
                "target": "videos"
            },
            {
                "label": "$LOCALIZE[1037]",
                "path": "addons://sources/video/",
                "widget_style": "Square",
                "target": "videos"
            }
        ]
    }
]