<window>
    <defaultcontrol always="true">300</defaultcontrol>
    <include>Defs_Settings_OnLoad</include>
    <onunload>RunScript(script.skinshortcuts,type=buildxml&amp;mainmenuID=301&amp;levels=1&amp;group=mainmenu|powermenu|searchmenu)</onunload>
    <onload condition="String.IsEmpty(Window.Property(CurrentFocus))">SetProperty(CurrentFocus,$NUMBER[9001])</onload>
    <controls>

        <include>Global_Background</include>
        <include>Defs_Settings_Background</include>
        <control type="group">
            <include>Dialog_Settings_Group</include>

            <include content="Defs_Settings_Changer">
                <onright>9000</onright>
            </include>

            <control type="group">
                <left>item_list_height</left>
                <!-- Left Gradient Fade -->
                <include content="Defs_Settings_Gradient">
                    <param name="id" value="9000" />
                    <top>item_list_height_half</top>
                    <height>item_list_height</height>
                    <width>dialog_side_grouplist</width>
                    <visible>!Control.HasFocus(300) + !Control.HasFocus(20)</visible>
                </include>
                <!-- Right Gradient -->
                <include content="Defs_Settings_Gradient">
                    <param name="id" value="9999" />
                    <top>item_list_height_half</top>
                    <height>item_list_height</height>
                    <left>dialog_side_grouplist</left>
                    <right>0</right>
                    <visible>ControlGroup(9999).HasFocus()</visible>
                </include>
                <control type="grouplist" id="9000">
                    <description>Left Categories</description>
                    <left>0</left>
                    <top>item_list_height_half</top>
                    <width>dialog_side_grouplist</width>
                    <height>dialog_skinsettings_grouplist_height</height>
                    <itemgap>0</itemgap>
                    <onright>9999</onright>
                    <ondown>9000</ondown>
                    <onup>9000</onup>
                    <include>Defs_Settings_OnLeft</include>
                    <control type="togglebutton" id="9001" description="Home">
                        <onfocus>SetProperty(CurrentFocus,$NUMBER[9001])</onfocus>
                        <usealttexture>!Control.HasFocus(300) + Integer.IsEqual(Window.Property(CurrentFocus),9001)</usealttexture>
                        <width>550</width>
                        <include>Defs_Settings_Button</include>
                        <label>$LOCALIZE[10000]</label>
                        <altlabel>[COLOR=Selected]$LOCALIZE[10000][/COLOR]</altlabel>
                    </control>
                    <control type="togglebutton" id="9002" description="Appearance">
                        <onfocus>SetProperty(CurrentFocus,$NUMBER[9002])</onfocus>
                        <usealttexture>!Control.HasFocus(300) + Integer.IsEqual(Window.Property(CurrentFocus),9002)</usealttexture>
                        <width>550</width>
                        <include>Defs_Settings_Button</include>
                        <label>$LOCALIZE[480]</label>
                        <altlabel>[COLOR=Selected]$LOCALIZE[480][/COLOR]</altlabel>
                    </control>
                    <control type="togglebutton" id="9003" description="Interface">
                        <onfocus>SetProperty(CurrentFocus,$NUMBER[9003])</onfocus>
                        <usealttexture>!Control.HasFocus(300) + Integer.IsEqual(Window.Property(CurrentFocus),9003)</usealttexture>
                        <width>550</width>
                        <include>Defs_Settings_Button</include>
                        <label>$LOCALIZE[14206]</label>
                        <altlabel>[COLOR=Selected]$LOCALIZE[14206][/COLOR]</altlabel>
                    </control>
                    <control type="togglebutton" id="9004" description="Items and Views">
                        <onfocus>SetProperty(CurrentFocus,$NUMBER[9004])</onfocus>
                        <usealttexture>!Control.HasFocus(300) + Integer.IsEqual(Window.Property(CurrentFocus),9004)</usealttexture>
                        <width>550</width>
                        <include>Defs_Settings_Button</include>
                        <label>$LOCALIZE[31147]</label>
                        <altlabel>[COLOR=Selected]$LOCALIZE[31147][/COLOR]</altlabel>
                    </control>
                    <control type="togglebutton" id="9005" description="Fullscreen Video">
                        <onfocus>SetProperty(CurrentFocus,$NUMBER[9005])</onfocus>
                        <usealttexture>!Control.HasFocus(300) + Integer.IsEqual(Window.Property(CurrentFocus),9005)</usealttexture>
                        <width>550</width>
                        <include>Defs_Settings_Button</include>
                        <label>$LOCALIZE[31137]</label>
                        <altlabel>[COLOR=Selected]$LOCALIZE[31137][/COLOR]</altlabel>
                    </control>
                    <control type="togglebutton" id="9006" description="Music Visualisation">
                        <onfocus>SetProperty(CurrentFocus,$NUMBER[9006])</onfocus>
                        <usealttexture>!Control.HasFocus(300) + Integer.IsEqual(Window.Property(CurrentFocus),9006)</usealttexture>
                        <width>550</width>
                        <include>Defs_Settings_Button</include>
                        <label>$LOCALIZE[31136]</label>
                        <altlabel>[COLOR=Selected]$LOCALIZE[31136][/COLOR]</altlabel>
                    </control>
                    <control type="togglebutton" id="9007" description="Live TV / PVR">
                        <onfocus>SetProperty(CurrentFocus,$NUMBER[9007])</onfocus>
                        <usealttexture>!Control.HasFocus(300) + Integer.IsEqual(Window.Property(CurrentFocus),9007)</usealttexture>
                        <width>550</width>
                        <include>Defs_Settings_Button</include>
                        <label>$LOCALIZE[31422]</label>
                        <altlabel>[COLOR=Selected]$LOCALIZE[31422][/COLOR]</altlabel>
                    </control>
                    <control type="togglebutton" id="9008" description="Miscellaneous">
                        <onfocus>SetProperty(CurrentFocus,$NUMBER[9008])</onfocus>
                        <usealttexture>!Control.HasFocus(300) + Integer.IsEqual(Window.Property(CurrentFocus),9008)</usealttexture>
                        <width>550</width>
                        <include>Defs_Settings_Button</include>
                        <label>$LOCALIZE[31148]</label>
                        <altlabel>[COLOR=Selected]$LOCALIZE[31148][/COLOR]</altlabel>
                    </control>
                    <control type="togglebutton" id="9009" description="Supported Addons">
                        <onfocus>SetProperty(CurrentFocus,$NUMBER[9009])</onfocus>
                        <usealttexture>!Control.HasFocus(300) + Integer.IsEqual(Window.Property(CurrentFocus),9009)</usealttexture>
                        <width>550</width>
                        <include>Defs_Settings_Button</include>
                        <label>$LOCALIZE[31134]</label>
                        <altlabel>[COLOR=Selected]$LOCALIZE[31134][/COLOR]</altlabel>
                    </control>
                </control>
                <control type="grouplist" id="9999">
                    <description>Right Settings</description>
                    <left>dialog_side_grouplist</left>
                    <top>item_list_height_half</top>
                    <right>0</right>
                    <height>dialog_skinsettings_grouplist_height</height>
                    <itemgap>0</itemgap>
                    <onleft>9000</onleft>
                    <onup>9999</onup>
                    <ondown>9999</ondown>
                    <pagecontrol>61</pagecontrol>
                    <usecontrolcoords>true</usecontrolcoords>
                    <!-- ==== -->
                    <!-- Home -->
                    <!-- ==== -->
                    <control type="label" id="19101" description="LABEL">
                        <visible>Integer.IsEqual(Window.Property(CurrentFocus),9001)</visible>
                        <include>Dialog_Standard_HintLabel</include>
                        <label>$LOCALIZE[31139]</label>
                    </control>
                    <control type="button" id="19102" description="Customise Home">
                        <visible>Integer.IsEqual(Window.Property(CurrentFocus),9001)</visible>
                        <include>Defs_Settings_Button</include>
                        <label>$LOCALIZE[31109]</label>
                        <onclick>RunScript(script.skinshortcuts,type=manage&amp;group=mainmenu)</onclick>
                    </control>
                    <control type="button" id="19120" description="Orientation">
                        <visible>Integer.IsEqual(Window.Property(CurrentFocus),9001)</visible>
                        <include>Defs_Settings_Button</include>
                        <label>Menu orientation</label>
                        <label2>$VAR[Label_SkinSettings_HomeStyle]</label2>
                        <onclick>Skin.ToggleSetting(EnableHorizontalHome)</onclick>
                    </control>
                    <control type="radiobutton" id="19121" description="Iconic Horizontal Menu">
                        <visible>Integer.IsEqual(Window.Property(CurrentFocus),9001)</visible>
                        <include>Defs_Settings_Button</include>
                        <label>- Icon only</label>
                        <selected>Skin.HasSetting(HomeIconicMenu)</selected>
                        <onclick>Skin.ToggleSetting(HomeIconicMenu)</onclick>
                        <onclick>ReloadSkin()</onclick>
                        <onclick>SetFocus(19121)</onclick>
                        <visible>Skin.HasSetting(EnableHorizontalHome)</visible>
                    </control>
                    <control type="radiobutton" id="19109" description="Invert Main Menu Colors">
                        <visible>Integer.IsEqual(Window.Property(CurrentFocus),9001)</visible>
                        <include>Defs_Settings_Button</include>
                        <label>- $LOCALIZE[31042]</label>
                        <selected>Skin.HasSetting(InvertHomeMenuColors)</selected>
                        <onclick>Skin.ToggleSetting(InvertHomeMenuColors)</onclick>
                        <visible>!Skin.HasSetting(EnableHorizontalHome)</visible>
                    </control>
                    <control type="radiobutton" id="19107" description="Lock main menu">
                        <visible>Integer.IsEqual(Window.Property(CurrentFocus),9001)</visible>
                        <include>Defs_Settings_Button</include>
                        <label>- $LOCALIZE[31035]</label>
                        <selected>Skin.HasSetting(LockMainMenu)</selected>
                        <onclick>Skin.ToggleSetting(LockMainMenu)</onclick>
                    </control>
                    <control type="radiobutton" id="19108" description="Profile Pic">
                        <visible>Integer.IsEqual(Window.Property(CurrentFocus),9001)</visible>
                        <include>Defs_Settings_Button</include>
                        <label>- $LOCALIZE[31029]</label>
                        <selected>Skin.HasSetting(ProfilePicture)</selected>
                        <onclick>Skin.ToggleSetting(ProfilePicture)</onclick>
                    </control>

                    <control type="button" id="19103" description="Global Widget">
                        <visible>Integer.IsEqual(Window.Property(CurrentFocus),9001)</visible>
                        <include>Defs_Settings_Button</include>
                        <label>$LOCALIZE[31113]</label>
                        <label2>$INFO[Skin.String(screensaver.arctic.mirage.path)]</label2>
                        <onclick>RunScript(script.skinshortcuts,type=widgets&amp;showNone=True&amp;skinWidgetName=screensaver.arctic.mirage.name&amp;skinWidgetTarget=screensaver.arctic.mirage.target&amp;skinWidgetPath=screensaver.arctic.mirage.path)</onclick>
                    </control>
                    <control type="button" id="19104" description="Fullscreen Widget Option">
                        <visible>Integer.IsEqual(Window.Property(CurrentFocus),9001)</visible>
                        <include>Defs_Settings_Button</include>
                        <label>$LOCALIZE[31024]</label>
                        <label2>$VAR[Label_SkinSettings_FullScreenWidgetStyle]</label2>
                        <onclick>Skin.ToggleSetting(FullscreenWidgetShowcase)</onclick>
                    </control>
                    <control type="radiobutton" id="19105" description="Autoscroll Widgets">
                        <visible>Integer.IsEqual(Window.Property(CurrentFocus),9001)</visible>
                        <include>Defs_Settings_Button</include>
                        <label>$LOCALIZE[31022]</label>
                        <selected>!Skin.HasSetting(DisableAutoScrollWidgets)</selected>
                        <onclick>Skin.ToggleSetting(DisableAutoScrollWidgets)</onclick>
                    </control>
                    <control type="radiobutton" id="19106" description="Show more widget items">
                        <visible>Integer.IsEqual(Window.Property(CurrentFocus),9001)</visible>
                        <include>Defs_Settings_Button</include>
                        <label>$LOCALIZE[31245]</label>
                        <selected>Skin.HasSetting(EnableShowMore)</selected>
                        <onclick>Skin.ToggleSetting(EnableShowMore)</onclick>
                    </control>

                    <control type="radiobutton" id="19110" description="Auto width hub buttons">
                        <visible>Integer.IsEqual(Window.Property(CurrentFocus),9001)</visible>
                        <include>Defs_Settings_Button</include>
                        <label>$LOCALIZE[31241]</label>
                        <selected>!Skin.HasSetting(DisableAutoWidthHub)</selected>
                        <onclick>Skin.ToggleSetting(DisableAutoWidthHub)</onclick>
                    </control>

                    <!-- ========== -->
                    <!-- Appearance -->
                    <!-- ========== -->
                    <control type="label" id="19201" description="LABEL">
                        <visible>Integer.IsEqual(Window.Property(CurrentFocus),9002)</visible>
                        <include>Dialog_Standard_HintLabel</include>
                        <label>$LOCALIZE[33068]</label>
                    </control>
                    <control type="radiobutton" id="19202" description="No fanart">
                        <visible>Integer.IsEqual(Window.Property(CurrentFocus),9002)</visible>
                        <include>Defs_Settings_Button</include>
                        <label>$LOCALIZE[31121]</label>
                        <selected>!Skin.HasSetting(NoFanart)</selected>
                        <onclick>Skin.ToggleSetting(NoFanart)</onclick>
                    </control>
                    <control type="button" id="19203" description="Set Fallback Image">
                        <visible>Integer.IsEqual(Window.Property(CurrentFocus),9002)</visible>
                        <include>Defs_Settings_Button</include>
                        <label>31150</label>
                        <label2>$INFO[Skin.String(fanart.fallback)]</label2>
                        <onclick condition="!System.HasAddon(script.toolbox)">InstallAddon(script.toolbox)</onclick>
                        <onclick>SetProperty(Dialog.1.Label,$LOCALIZE[16018])</onclick>
                        <onclick>SetProperty(Dialog.1.BuiltIn,Skin.Reset(fanart.fallback))</onclick>
                        <onclick>SetProperty(Dialog.2.Label,$LOCALIZE[31271])</onclick>
                        <onclick>SetProperty(Dialog.2.BuiltIn,Skin.SetImage(fanart.fallback))</onclick>
                        <onclick>RunScript(script.toolbox,info=selectdialog,header=$LOCALIZE[31150])</onclick>
                    </control>
                    <control type="radiobutton" id="19204" description="Blur background fanart">
                        <visible>Integer.IsEqual(Window.Property(CurrentFocus),9002)</visible>
                        <include>Defs_Settings_Button</include>
                        <label>Background style</label>
                        <label2>$VAR[Label_Setting_BackgroundStyle]</label2>
                        <include>Defs_RadioButton_NoTexture</include>
                        <onclick condition="!Skin.HasSetting(DisableBlur)">Skin.SetBool(DisableBlur)</onclick>
                        <onclick condition="Skin.HasSetting(DisableBlur)">Skin.ToggleSetting(DisableOverlay)</onclick>
                        <onclick condition="Skin.HasSetting(DisableOverlay)">Skin.Reset(DisableBlur)</onclick>
                    </control>
                    <control type="button" id="19205" description="Color Highlight3">
                        <visible>Integer.IsEqual(Window.Property(CurrentFocus),9002)</visible>
                        <include>Defs_Settings_Button</include>
                        <label>$LOCALIZE[31130]</label>
                        <label2>$INFO[Skin.String(overlaycolor.name)]</label2>
                        <visible>Skin.HasSetting(DisableBlur) + !Skin.HasSetting(DisableOverlay)</visible>
                        <!-- <onclick condition="!System.HasAddon(script.skin.helper.colorpicker)">InstallAddon(script.skin.helper.colorpicker)</onclick>
                        <onclick>RunScript(script.skin.helper.colorpicker,skinstring=overlaycolor.name)</onclick> -->
                        <onclick>SetProperty(colorpick,Overlay,Home)</onclick>
                        <onclick>ActivateWindow(1117)</onclick>
                    </control>
                    <control type="button" id="19206" description="Busy Loader">
                        <visible>Integer.IsEqual(Window.Property(CurrentFocus),9002)</visible>
                        <include>Defs_Settings_Button</include>
                        <label>$LOCALIZE[31239]</label>
                        <label2>$VAR[Label_BusyWaves]</label2>
                        <onclick>Skin.ToggleSetting(DisableBusyBackground)</onclick>
                    </control>


                    <control type="label" id="19207" description="LABEL">
                        <visible>Integer.IsEqual(Window.Property(CurrentFocus),9002)</visible>
                        <include>Dialog_Standard_HintLabel</include>
                        <label>$LOCALIZE[31132]</label>
                    </control>
                    <control type="button" id="19208" description="Shadowlines">
                        <visible>Integer.IsEqual(Window.Property(CurrentFocus),9002)</visible>
                        <include>Defs_Settings_Button</include>
                        <label>Divider style</label>
                        <label2>$VAR[Label_Setting_DividerStyle]</label2>
                        <onclick condition="Skin.HasSetting(DisablePanelDivider)">Skin.Reset(DisablePanelDivider)</onclick>
                        <onclick condition="!Skin.HasSetting(DisablePanelDivider)">Skin.ToggleSetting(ShadowLines)</onclick>
                        <onclick condition="Skin.HasSetting(ShadowLines)">Skin.SetBool(DisablePanelDivider)</onclick>
                        <onclick condition="Skin.HasSetting(ShadowLines)">Skin.Reset(ShadowLines)</onclick>
                    </control>
                    <control type="radiobutton" id="19209">
                        <visible>Integer.IsEqual(Window.Property(CurrentFocus),9002)</visible>
                        <label>$LOCALIZE[31249]</label>
                        <include>Defs_Settings_Button</include>
                        <selected>!Skin.HasSetting(DisableClearArt)</selected>
                        <onclick>Skin.ToggleSetting(DisableClearArt)</onclick>
                    </control>


                    <!-- ========= -->
                    <!-- Interface -->
                    <!-- ========= -->
                    <control type="label" id="19301" description="LABEL">
                        <visible>Integer.IsEqual(Window.Property(CurrentFocus),9003)</visible>
                        <include>Dialog_Standard_HintLabel</include>
                        <label>Colours</label>
                    </control>
                    <control type="button" id="19302" description="Color Highlight">
                        <visible>Integer.IsEqual(Window.Property(CurrentFocus),9003)</visible>
                        <include>Defs_Settings_Button</include>
                        <label>31286</label>
                        <label2>$INFO[Skin.String(focuscolor.name)]</label2>
                        <!-- <onclick condition="!System.HasAddon(script.skin.helper.colorpicker)">InstallAddon(script.skin.helper.colorpicker)</onclick> -->
                        <!-- <onclick>RunScript(script.skin.helper.colorpicker,skinstring=focuscolor.name)</onclick> -->
                        <onclick>SetProperty(colorpick,Highlight,Home)</onclick>
                        <onclick>ActivateWindow(1117)</onclick>
                    </control>

                    <control type="button" id="19303" description="Color Highlight2">
                        <visible>Integer.IsEqual(Window.Property(CurrentFocus),9003)</visible>
                        <include>Defs_Settings_Button</include>
                        <label>$LOCALIZE[31129]</label>
                        <label2>$INFO[Skin.String(gradientcolor.name)]</label2>
                        <onclick>SetProperty(colorpick,Gradient,Home)</onclick>
                        <onclick>ActivateWindow(1117)</onclick>
                        <!-- <onclick condition="!System.HasAddon(script.skin.helper.colorpicker)">InstallAddon(script.skin.helper.colorpicker)</onclick>
                        <onclick>RunScript(script.skin.helper.colorpicker,skinstring=gradientcolor.name)</onclick> -->
                    </control>
                    <control type="label" id="19304" description="LABEL">
                        <visible>Integer.IsEqual(Window.Property(CurrentFocus),9003)</visible>
                        <include>Dialog_Standard_HintLabel</include>
                        <label>Furniture</label>
                    </control>
                    <control type="radiobutton" id="19305" description="Color Mode">
                        <visible>Integer.IsEqual(Window.Property(CurrentFocus),9003)</visible>
                        <include>Defs_Settings_Button</include>
                        <label>$LOCALIZE[31041]</label>
                        <label2>$VAR[Label_Settings_ColorMode]</label2>
                        <include>Defs_RadioButton_NoTexture</include>
                        <selected>!Skin.HasSetting(EnableMonochromeFlags)</selected>
                        <onclick>Skin.ToggleSetting(EnableMonochromeFlags)</onclick>
                    </control>
                    <control type="button" id="19306" description="Ratings">
                        <visible>Integer.IsEqual(Window.Property(CurrentFocus),9003)</visible>
                        <include>Defs_Settings_Button</include>
                        <label>$LOCALIZE[31116]</label>
                        <onclick>ActivateWindow(1118)</onclick>
                    </control>
                    <control type="radiobutton" id="19307" description="Clock Weather">
                        <visible>Integer.IsEqual(Window.Property(CurrentFocus),9003)</visible>
                        <include>Defs_Settings_Button</include>
                        <label>$LOCALIZE[31044]</label>
                        <selected>!Skin.HasSetting(DisableClock)</selected>
                        <onclick>Skin.ToggleSetting(DisableClock)</onclick>
                        <onclick>ReloadSkin()</onclick>
                        <onclick>AlarmClock(ReFocus1,SetFocus(9007),00:00,silent)</onclick>
                        <onclick>AlarmClock(ReFocus2,SetFocus(19711),00:00,silent)</onclick>
                    </control>
                    <control type="button" id="19308" description="Skin Logo">
                        <visible>Integer.IsEqual(Window.Property(CurrentFocus),9003)</visible>
                        <include>Defs_Settings_Button</include>
                        <label>$LOCALIZE[31026]</label>
                        <label2>$INFO[Skin.String(SkinLogo)]</label2>
                        <onclick>Skin.SetImage(SkinLogo,special://skin/extras/icons/)</onclick>
                    </control>
                    <control type="radiobutton" id="19309" description="Trailer">
                        <visible>Integer.IsEqual(Window.Property(CurrentFocus),9003)</visible>
                        <include>Defs_Settings_Button</include>
                        <label>$LOCALIZE[31091]</label>
                        <selected>!Skin.HasSetting(DisableTrailerWindow)</selected>
                        <onclick>Skin.ToggleSetting(DisableTrailerWindow)</onclick>
                    </control>

                    <!-- ========== -->
                    <!-- List Items -->
                    <!-- ========== -->
                    <control type="label" id="19401" description="LABEL">
                        <visible>Integer.IsEqual(Window.Property(CurrentFocus),9004)</visible>
                        <include>Dialog_Standard_HintLabel</include>
                        <label>List Items</label>
                    </control>
                    <control type="button" id="19402" description="Disable watched indicators">
                        <visible>Integer.IsEqual(Window.Property(CurrentFocus),9004)</visible>
                        <include>Defs_Settings_Button</include>
                        <label>$LOCALIZE[31082]</label>
                        <onclick>ActivateWindow(1121)</onclick>
                    </control>
                    <control type="radiobutton" id="19403">
                        <visible>Integer.IsEqual(Window.Property(CurrentFocus),9004)</visible>
                        <label>$LOCALIZE[31229]</label>
                        <include>Defs_Settings_Button</include>
                        <selected>!Skin.HasSetting(DisableTextPanel)</selected>
                        <onclick>Skin.ToggleSetting(DisableTextPanel)</onclick>
                    </control>

                    <control type="radiobutton" id="19404">
                        <visible>Integer.IsEqual(Window.Property(CurrentFocus),9004)</visible>
                        <label>$LOCALIZE[31174]</label>
                        <include>Defs_Settings_Button</include>
                        <selected>!Skin.HasSetting(DisableLandscapeArt)</selected>
                        <onclick>Skin.ToggleSetting(DisableLandscapeArt)</onclick>
                    </control>
                    <control type="radiobutton" id="19405" description="Tracknaming template">
                        <visible>Integer.IsEqual(Window.Property(CurrentFocus),9004)</visible>
                        <include>Defs_Settings_Button</include>
                        <label>$LOCALIZE[31096]</label>
                        <selected>Skin.HasSetting(UseTrackNamingTemplate)</selected>
                        <onclick>Skin.ToggleSetting(UseTrackNamingTemplate)</onclick>
                    </control>

                    <control type="label" id="19406" description="LABEL">
                        <visible>Integer.IsEqual(Window.Property(CurrentFocus),9004)</visible>
                        <include>Dialog_Standard_HintLabel</include>
                        <label>Viewtypes</label>
                    </control>
                    <control type="button" id="19407">
                        <visible>Integer.IsEqual(Window.Property(CurrentFocus),9004)</visible>
                        <label>$LOCALIZE[31093]</label>
                        <include>Defs_Settings_Button</include>
                        <onclick>runscript(script.skinvariables,action=buildviews,configure)</onclick>
                    </control>
                    <control type="radiobutton" id="19408">
                        <visible>Integer.IsEqual(Window.Property(CurrentFocus),9004)</visible>
                        <label>$LOCALIZE[31089]</label>
                        <include>Defs_Settings_Button</include>
                        <onclick>Skin.ToggleSetting(DisableWallScroll)</onclick>
                        <selected>!Skin.HasSetting(DisableWallScroll)</selected>
                    </control>

                    <!-- <control type="radiobutton" id="19409">
                        <visible>Integer.IsEqual(Window.Property(CurrentFocus),9004)</visible>
                        <label>$LOCALIZE[31063]</label>
                        <include>Defs_Settings_Button</include>
                        <enable>!Skin.HasSetting(DisableWallScroll)</enable>
                        <onclick>Skin.ToggleSetting(WallShowInfo)</onclick>
                        <selected>Skin.HasSetting(WallShowInfo)</selected>
                    </control> -->

                    <!-- ================ -->
                    <!-- Fullscreen Video -->
                    <!-- ================ -->
                    <control type="label" id="19501" description="LABEL VIDEO OSD">
                        <visible>Integer.IsEqual(Window.Property(CurrentFocus),9005)</visible>
                        <include>Dialog_Standard_HintLabel</include>
                        <label>$LOCALIZE[31346]</label>
                    </control>
                    <control type="radiobutton" id="19502" description="Show detailed info on pause">
                        <visible>Integer.IsEqual(Window.Property(CurrentFocus),9005)</visible>
                        <include>Defs_Settings_Button</include>
                        <label>$LOCALIZE[31145]</label>
                        <selected>Skin.HasSetting(ShowInfoPaused)</selected>
                        <onclick>Skin.ToggleSetting(ShowInfoPaused)</onclick>
                    </control>
                    <control type="radiobutton" id="19503" description="Only show seekbar on pressing info">
                        <visible>Integer.IsEqual(Window.Property(CurrentFocus),9005)</visible>
                        <include>Defs_Settings_Button</include>
                        <label>$LOCALIZE[31201]</label>
                        <selected>Skin.HasSetting(DisableOSDInfo)</selected>
                        <onclick>Skin.ToggleSetting(DisableOSDInfo)</onclick>
                    </control>

                    <control type="radiobutton" id="19504" description="Dont pause on information">
                        <visible>Integer.IsEqual(Window.Property(CurrentFocus),9005)</visible>
                        <include>Defs_Settings_Button</include>
                        <label>$LOCALIZE[31079]</label>
                        <selected>!Skin.HasSetting(DontPauseOSD)</selected>
                        <onclick>Skin.ToggleSetting(DontPauseOSD)</onclick>
                    </control>

                    <control type="radiobutton" id="19505" description="Subs button opens subtitle settings">
                        <visible>Integer.IsEqual(Window.Property(CurrentFocus),9005)</visible>
                        <include>Defs_Settings_Button</include>
                        <label>$LOCALIZE[31409]</label>
                        <selected>Skin.HasSetting(OSDSubtitleSettings)</selected>
                        <onclick>Skin.ToggleSetting(OSDSubtitleSettings)</onclick>
                    </control>

                    <control type="radiobutton" id="19506" description="Show clearart">
                        <visible>Integer.IsEqual(Window.Property(CurrentFocus),9005)</visible>
                        <include>Defs_Settings_Button</include>
                        <label>Autoclose OSD</label>
                        <label2>$INFO[Skin.String(OSD_Timeout),,       ]</label2>
                        <onclick condition="!System.HasAddon(script.toolbox)">InstallAddon(script.toolbox)</onclick>
                        <onclick>SetProperty(Dialog.1.Label,$LOCALIZE[13170])</onclick>
                        <onclick>SetProperty(Dialog.1.BuiltIn,Skin.Reset(OSD_Timeout))</onclick>
                        <onclick>SetProperty(Dialog.2.Label,$LOCALIZE[31221])</onclick>
                        <onclick>SetProperty(Dialog.2.BuiltIn,Skin.SetString(OSD_Timeout,$LOCALIZE[31221]))</onclick>
                        <onclick>SetProperty(Dialog.3.Label,$LOCALIZE[31223])</onclick>
                        <onclick>SetProperty(Dialog.3.BuiltIn,Skin.SetString(OSD_Timeout,$LOCALIZE[31223]))</onclick>
                        <onclick>SetProperty(Dialog.4.Label,$LOCALIZE[31117])</onclick>
                        <onclick>SetProperty(Dialog.4.BuiltIn,Skin.SetString(OSD_Timeout,$LOCALIZE[31117]))</onclick>
                        <onclick>SetProperty(Dialog.5.Label,$LOCALIZE[31123])</onclick>
                        <onclick>SetProperty(Dialog.5.BuiltIn,Skin.SetString(OSD_Timeout,$LOCALIZE[31123]))</onclick>
                        <onclick>SetProperty(Dialog.6.Label,$LOCALIZE[31124])</onclick>
                        <onclick>SetProperty(Dialog.6.BuiltIn,Skin.SetString(OSD_Timeout,$LOCALIZE[31124]))</onclick>
                        <onclick>SetProperty(Dialog.7.Label,$LOCALIZE[31125])</onclick>
                        <onclick>SetProperty(Dialog.7.BuiltIn,Skin.SetString(OSD_Timeout,$LOCALIZE[31125]))</onclick>
                        <onclick>SetProperty(Dialog.8.Label,$LOCALIZE[31126])</onclick>
                        <onclick>SetProperty(Dialog.8.BuiltIn,Skin.SetString(OSD_Timeout,$LOCALIZE[31126]))</onclick>
                        <onclick>RunScript(script.toolbox,info=selectdialog,header=Autoclose OSD)</onclick>>
                        <selected>!String.IsEmpty(Skin.String(OSD_Timeout))</selected>
                    </control>
                    <control type="radiobutton" id="19507" description="Show video in background">
                        <visible>Integer.IsEqual(Window.Property(CurrentFocus),9005)</visible>
                        <include>Defs_Settings_Button</include>
                        <label>31111</label>
                        <selected>Skin.HasSetting(global.showvideo)</selected>
                        <onclick>Skin.ToggleSetting(global.showvideo)</onclick>
                    </control>

                    <!-- =================== -->
                    <!-- Music Visualisation -->
                    <!-- =================== -->
                    <control type="label" id="19601" description="LABEL MUSIC OSD">
                        <visible>Integer.IsEqual(Window.Property(CurrentFocus),9006)</visible>
                        <include>Dialog_Standard_HintLabel</include>
                        <label>$LOCALIZE[31347]</label>
                    </control>
                    <control type="radiobutton" id="19602" description="Show Fanart">
                        <visible>Integer.IsEqual(Window.Property(CurrentFocus),9006)</visible>
                        <include>Defs_Settings_Button</include>
                        <label>31121</label>
                        <selected>Skin.HasSetting(musicvis.fanartfallback)</selected>
                        <enable>Skin.HasSetting(ArtistSlideShow.Disabled)</enable>
                        <onclick>Skin.ToggleSetting(musicvis.fanartfallback)</onclick>
                    </control>
                    <control type="radiobutton" id="19603" description="Artist Slideshow">
                        <visible>Integer.IsEqual(Window.Property(CurrentFocus),9006)</visible>
                        <include>Defs_Settings_Button</include>
                        <label>31118</label>
                        <selected>!Skin.HasSetting(ArtistSlideShow.Disabled)</selected>
                        <onclick>Skin.ToggleSetting(ArtistSlideShow.Disabled)</onclick>
                    </control>
                    <control type="radiobutton" id="19604" description="Animate Artist slideshow">
                        <visible>Integer.IsEqual(Window.Property(CurrentFocus),9006)</visible>
                        <include>Defs_Settings_Button</include>
                        <label>31120</label>
                        <selected>Skin.HasSetting(ArtistSlideshow.Animate)</selected>
                        <onclick>Skin.ToggleSetting(ArtistSlideshow.Animate)</onclick>
                        <enable>Skin.HasSetting(musicvis.fanartfallback) | !Skin.HasSetting(ArtistSlideShow.Disabled)</enable>
                    </control>
                    <control type="radiobutton" id="19605" description="Show slideshow in background">
                        <visible>Integer.IsEqual(Window.Property(CurrentFocus),9006)</visible>
                        <include>Defs_Settings_Button</include>
                        <label>31119</label>
                        <selected>Skin.HasSetting(OSDVisualisation.ShowFanart)</selected>
                        <onclick>Skin.ToggleSetting(OSDVisualisation.ShowFanart)</onclick>
                        <enable>Skin.HasSetting(musicvis.fanartfallback) | !Skin.HasSetting(ArtistSlideShow.Disabled)</enable>
                    </control>
                    <control type="radiobutton" id="19606" description="Colour overlay">
                        <visible>Integer.IsEqual(Window.Property(CurrentFocus),9006)</visible>
                        <include>Defs_Settings_Button</include>
                        <label>$LOCALIZE[31087]</label>
                        <selected>!Skin.HasSetting(HideOSDDiffuseColors)</selected>
                        <onclick>Skin.ToggleSetting(HideOSDDiffuseColors)</onclick>
                    </control>
                    <control type="radiobutton" id="19607" description="Scrolling Text">
                        <visible>Integer.IsEqual(Window.Property(CurrentFocus),9006)</visible>
                        <include>Defs_Settings_Button</include>
                        <label>$LOCALIZE[31088]</label>
                        <selected>!Skin.HasSetting(HideOSDScrollingText)</selected>
                        <onclick>Skin.ToggleSetting(HideOSDScrollingText)</onclick>
                    </control>
                    <control type="radiobutton" id="19608" description="Video Lyrics">
                        <visible>Integer.IsEqual(Window.Property(CurrentFocus),9006)</visible>
                        <include>Defs_Settings_Button</include>
                        <label>$LOCALIZE[31377]</label>
                        <selected>!Skin.HasSetting(NormalLyrics)</selected>
                        <onclick>Skin.ToggleSetting(NormalLyrics)</onclick>
                    </control>

                    <control type="radiobutton" id="19611" description="Standard style">
                        <visible>Integer.IsEqual(Window.Property(CurrentFocus),9006)</visible>
                        <include>Defs_Settings_Button</include>
                        <label>Large artwork replaces seekbar</label>
                        <selected>!Skin.HasSetting(StandardMusicOSD)</selected>
                        <onclick>Skin.ToggleSetting(StandardMusicOSD)</onclick>
                    </control>


                    <control type="radiobutton" id="19609" description="Musicvideo auto info">
                        <visible>Integer.IsEqual(Window.Property(CurrentFocus),9006)</visible>
                        <include>Defs_Settings_Button</include>
                        <label>$LOCALIZE[31314]</label>
                        <selected>!Skin.HasSetting(DisableMusicVideoAutoInfo)</selected>
                        <onclick>Skin.ToggleSetting(DisableMusicVideoAutoInfo)</onclick>
                        <visible>!Skin.HasSetting(BigMusicVis)</visible>
                    </control>
                    <control type="radiobutton" id="19610" description="AutoMusicVis">
                        <visible>Integer.IsEqual(Window.Property(CurrentFocus),9006)</visible>
                        <include>Defs_Settings_Button</include>
                        <label>$LOCALIZE[31158]</label>
                        <selected>Skin.HasSetting(AutoMusicVis)</selected>
                        <onclick>Skin.ToggleSetting(AutoMusicVis)</onclick>
                    </control>

                    <!-- ============= -->
                    <!-- Live TV / PVR -->
                    <!-- ============= -->

                    <control type="label" id="19701" description="LABEL">
                        <visible>Integer.IsEqual(Window.Property(CurrentFocus),9007)</visible>
                        <include>Dialog_Standard_HintLabel</include>
                        <label>$LOCALIZE[31146]</label>
                    </control>

                    <control type="radiobutton" id="19702" description="Channel Numbers">
                        <visible>Integer.IsEqual(Window.Property(CurrentFocus),9007)</visible>
                        <include>Defs_Settings_Button</include>
                        <label>$LOCALIZE[31206]</label>
                        <selected>Skin.HasSetting(PVRGuide.ChannelNumber)</selected>
                        <onclick>Skin.ToggleSetting(PVRGuide.ChannelNumber)</onclick>
                    </control>

                    <control type="radiobutton" id="19703" description="Channel Names">
                        <visible>Integer.IsEqual(Window.Property(CurrentFocus),9007)</visible>
                        <include>Defs_Settings_Button</include>
                        <label>$LOCALIZE[31054]</label>
                        <selected>Skin.HasSetting(PVRGuide.HideChannelName)</selected>
                        <onclick>Skin.ToggleSetting(PVRGuide.HideChannelName)</onclick>
                    </control>

                    <control type="radiobutton" id="19704" description="Colordiffuse to icons">
                        <visible>Integer.IsEqual(Window.Property(CurrentFocus),9007)</visible>
                        <include>Defs_Settings_Button</include>
                        <label>$LOCALIZE[31094]</label>
                        <selected>Skin.HasSetting(PVRGuide.ColorDiffuse)</selected>
                        <onclick>Skin.ToggleSetting(PVRGuide.ColorDiffuse)</onclick>
                    </control>

                    <control type="label" id="19705" description="LABEL">
                        <visible>Integer.IsEqual(Window.Property(CurrentFocus),9007)</visible>
                        <include>Dialog_Standard_HintLabel</include>
                        <label>$LOCALIZE[31156]</label>
                    </control>

                    <control type="radiobutton" id="19706" description="Info">
                        <visible>Integer.IsEqual(Window.Property(CurrentFocus),9007)</visible>
                        <include>Defs_Settings_Button</include>
                        <label>$LOCALIZE[22081]</label>
                        <selected>Skin.HasSetting(PVRGuide.Info)</selected>
                        <onclick>Skin.ToggleSetting(PVRGuide.Info)</onclick>
                    </control>

                    <control type="radiobutton" id="19707" description="Back goes to groups">
                        <visible>Integer.IsEqual(Window.Property(CurrentFocus),9007)</visible>
                        <include>Defs_Settings_Button</include>
                        <label>$LOCALIZE[31080]</label>
                        <selected>Skin.HasSetting(PVRGuide.BackGroups)</selected>
                        <onclick>Skin.ToggleSetting(PVRGuide.BackGroups)</onclick>
                    </control>


                    <control type="label" id="19708" description="LABEL">
                        <visible>Integer.IsEqual(Window.Property(CurrentFocus),9007)</visible>
                        <include>Dialog_Standard_HintLabel</include>
                        <label>$LOCALIZE[31244]</label>
                    </control>

                    <control type="radiobutton" id="19709" description="Info">
                        <visible>Integer.IsEqual(Window.Property(CurrentFocus),9007)</visible>
                        <include>Defs_Settings_Button</include>
                        <label>$LOCALIZE[22081]</label>
                        <selected>Skin.HasSetting(PVRChannels.Info)</selected>
                        <onclick>Skin.ToggleSetting(PVRChannels.Info)</onclick>
                    </control>

                    <!-- ============== -->
                    <!-- Customisations -->
                    <!-- ============== -->
                    <control type="label" id="19801" description="LABEL">
                        <visible>Integer.IsEqual(Window.Property(CurrentFocus),9008)</visible>
                        <include>Dialog_Standard_HintLabel</include>
                        <label>Lists and Menus</label>
                    </control>

                    <control type="button" id="19802" description="Customise Shutdown Menu">
                        <visible>Integer.IsEqual(Window.Property(CurrentFocus),9008)</visible>
                        <include>Defs_Settings_Button</include>
                        <label>$LOCALIZE[31027]</label>
                        <onclick>RunScript(script.skinshortcuts,type=manage&amp;group=powermenu)</onclick>
                    </control>

                    <control type="button" id="19803" description="Info lists">
                        <visible>Integer.IsEqual(Window.Property(CurrentFocus),9008)</visible>
                        <include>Defs_Settings_Button</include>
                        <label>$LOCALIZE[31015]</label>
                        <onclick>ActivateWindow(1119)</onclick>
                    </control>

                    <control type="button" id="19804" description="Search lists">
                        <visible>Integer.IsEqual(Window.Property(CurrentFocus),9008)</visible>
                        <include>Defs_Settings_Button</include>
                        <label>$LOCALIZE[31166]</label>
                        <onclick>RunScript(script.skinshortcuts,type=manage&amp;group=searchmenu)</onclick>
                    </control>

                    <control type="label" id="19805" description="LABEL">
                        <visible>Integer.IsEqual(Window.Property(CurrentFocus),9008)</visible>
                        <include>Dialog_Standard_HintLabel</include>
                        <label>Miscellaneous</label>
                    </control>

                    <control type="button" id="198067" description="Set Timer Per Image">
                        <visible>Integer.IsEqual(Window.Property(CurrentFocus),9008)</visible>
                        <include>Defs_Settings_Button</include>
                        <label>$LOCALIZE[31128]</label>
                        <label2>$INFO[Skin.String(AutoScrollTime)]</label2>
                        <onclick condition="!System.HasAddon(script.toolbox)">InstallAddon(script.toolbox)</onclick>
                        <onclick>SetProperty(Dialog.1.Label,$LOCALIZE[31117])</onclick>
                        <onclick>SetProperty(Dialog.1.BuiltIn,Skin.SetString(AutoScrollTime,10s))</onclick>
                        <onclick>SetProperty(Dialog.2.Label,$LOCALIZE[31122])</onclick>
                        <onclick>SetProperty(Dialog.2.BuiltIn,Skin.SetString(AutoScrollTime,12s))</onclick>
                        <onclick>SetProperty(Dialog.3.Label,$LOCALIZE[31123])</onclick>
                        <onclick>SetProperty(Dialog.3.BuiltIn,Skin.SetString(AutoScrollTime,15s))</onclick>
                        <onclick>SetProperty(Dialog.4.Label,$LOCALIZE[31124])</onclick>
                        <onclick>SetProperty(Dialog.4.BuiltIn,Skin.SetString(AutoScrollTime,20s))</onclick>
                        <onclick>SetProperty(Dialog.5.Label,$LOCALIZE[31125])</onclick>
                        <onclick>SetProperty(Dialog.5.BuiltIn,Skin.SetString(AutoScrollTime,30s))</onclick>
                        <onclick>SetProperty(Dialog.6.Label,$LOCALIZE[31126])</onclick>
                        <onclick>SetProperty(Dialog.6.BuiltIn,Skin.SetString(AutoScrollTime,60s))</onclick>
                        <onclick>SetProperty(Dialog.7.Label,$LOCALIZE[31127])</onclick>
                        <onclick>SetProperty(Dialog.7.BuiltIn,Skin.SetString(AutoScrollTime,10m))</onclick>
                        <onclick>RunScript(script.toolbox,info=selectdialog,header=$LOCALIZE[31128])</onclick>
                    </control>

                    <control type="radiobutton" id="19807" description="Kiosk Mode">
                        <visible>Integer.IsEqual(Window.Property(CurrentFocus),9008)</visible>
                        <include>Defs_Settings_Button</include>
                        <label>$LOCALIZE[31199]</label>
                        <selected>Skin.HasSetting(KioskMode)</selected>
                        <onclick>Skin.ToggleSetting(KioskMode)</onclick>
                    </control>

                    <!-- <control type="radiobutton" id="19808" description="Mirage">
                        <visible>Integer.IsEqual(Window.Property(CurrentFocus),9008)</visible>
                        <include>Defs_Settings_Button</include>
                        <label>$LOCALIZE[31043]</label>
                        <selected>!Skin.HasSetting(MirageShowcase)</selected>
                        <onclick>Skin.ToggleSetting(MirageShowcase)</onclick>
                    </control> -->

                    <control type="button" id="19809" description="Startup Video">
                        <visible>Integer.IsEqual(Window.Property(CurrentFocus),9008)</visible>
                        <include>Defs_Settings_Button</include>
                        <label>31168</label>
                        <label2>$INFO[Skin.String(StartupPlaylist)]</label2>
                        <onclick condition="String.IsEmpty(Skin.String(StartupPlaylist))">Skin.SetFile(StartupPlaylist,.mp4|.avi|.mkv|.xvid|.wmv|.mov|.xsp|.mp3|.wma|.flac|.m3u)</onclick>
                        <onclick condition="!String.IsEmpty(Skin.String(StartupPlaylist))">Skin.Reset(StartupPlaylist)</onclick>
                    </control>

                    <control type="button" id="19810" description="Reset">
                        <visible>Integer.IsEqual(Window.Property(CurrentFocus),9008)</visible>
                        <include>Defs_Settings_Button</include>
                        <label>$LOCALIZE[31028]</label>
                        <onclick>Skin.ResetSettings</onclick>
                        <onclick>ClearProperty(SkinInitStarted,Home)</onclick>
                        <onclick>RunScript(script.skinshortcuts,type=resetall)</onclick>
                    </control>

                    <!-- ================ -->
                    <!-- Supported Addons -->
                    <!-- ================ -->
                    <control type="label" id="19901" description="LABEL">
                        <visible>Integer.IsEqual(Window.Property(CurrentFocus),9009)</visible>
                        <include>Dialog_Standard_HintLabel</include>
                        <label>$LOCALIZE[31161]</label>
                    </control>
                    <control type="radiobutton" id="19902">
                        <visible>Integer.IsEqual(Window.Property(CurrentFocus),9009)</visible>
                        <label>plugin.video.themoviedb.helper</label>
                        <label2>$INFO[System.AddonVersion(plugin.video.themoviedb.helper)]        </label2>
                        <onclick>Addon.OpenSettings(plugin.video.themoviedb.helper)</onclick>
                        <onclick condition="!System.HasAddon(plugin.video.themoviedb.helper)">InstallAddon(plugin.video.themoviedb.helper)</onclick>
                        <selected>System.HasAddon(plugin.video.themoviedb.helper)</selected>
                        <include>Defs_Settings_Button</include>
                    </control>
                    <control type="radiobutton" id="19903">
                        <visible>Integer.IsEqual(Window.Property(CurrentFocus),9009)</visible>
                        <label>script.toolbox</label>
                        <label2>$INFO[System.AddonVersion(script.toolbox)]        </label2>
                        <onclick>Addon.OpenSettings(script.toolbox)</onclick>
                        <onclick condition="!System.HasAddon(script.toolbox)">InstallAddon(script.toolbox)</onclick>
                        <selected>System.HasAddon(script.toolbox)</selected>
                        <include>Defs_Settings_Button</include>
                    </control>
                    <control type="radiobutton" id="19904">
                        <visible>Integer.IsEqual(Window.Property(CurrentFocus),9009)</visible>
                        <label>script.skinshortcuts</label>
                        <label2>$INFO[System.AddonVersion(script.skinshortcuts)]        </label2>
                        <onclick>Addon.OpenSettings(script.skinshortcuts)</onclick>
                        <onclick condition="!System.HasAddon(script.skinshortcuts)">InstallAddon(script.skinshortcuts)</onclick>
                        <selected>System.HasAddon(script.skinshortcuts)</selected>
                        <include>Defs_Settings_Button</include>
                    </control>
                    <control type="radiobutton" id="19905">
                        <visible>Integer.IsEqual(Window.Property(CurrentFocus),9009)</visible>
                        <label>script.cu.lrclyrics</label>
                        <label2>$INFO[System.AddonVersion(script.cu.lrclyrics)]        </label2>
                        <onclick>Addon.OpenSettings(script.cu.lrclyrics)</onclick>
                        <onclick condition="!System.HasAddon(script.cu.lrclyrics)">InstallAddon(script.cu.lrclyrics)</onclick>
                        <selected>System.HasAddon(script.cu.lrclyrics)</selected>
                        <include>Defs_Settings_Button</include>
                    </control>
                    <control type="radiobutton" id="19906">
                        <visible>Integer.IsEqual(Window.Property(CurrentFocus),9009)</visible>
                        <label>script.artistslideshow</label>
                        <label2>$INFO[System.AddonVersion(script.artistslideshow)]        </label2>
                        <onclick>Addon.OpenSettings(script.artistslideshow)</onclick>
                        <onclick condition="!System.HasAddon(script.artistslideshow)">InstallAddon(script.artistslideshow)</onclick>
                        <selected>System.HasAddon(script.artistslideshow)</selected>
                        <include>Defs_Settings_Button</include>
                    </control>
                    <control type="radiobutton" id="19907">
                        <visible>Integer.IsEqual(Window.Property(CurrentFocus),9009)</visible>
                        <label>plugin.program.autocompletion</label>
                        <label2>$INFO[System.AddonVersion(plugin.program.autocompletion)]        </label2>
                        <onclick>Addon.OpenSettings(plugin.program.autocompletion)</onclick>
                        <onclick condition="!System.HasAddon(plugin.program.autocompletion)">InstallAddon(plugin.program.autocompletion)</onclick>
                        <selected>System.HasAddon(plugin.program.autocompletion)</selected>
                        <include>Defs_Settings_Button</include>
                    </control>
                    <control type="radiobutton" id="19908">
                        <visible>Integer.IsEqual(Window.Property(CurrentFocus),9009)</visible>
                        <label>resource.images.studios.white</label>
                        <label2>$INFO[System.AddonVersion(resource.images.studios.white)]        </label2>
                        <onclick>Addon.OpenSettings(resource.images.studios.white)</onclick>
                        <onclick condition="!System.HasAddon(resource.images.studios.white)">InstallAddon(resource.images.studios.white)</onclick>
                        <selected>System.HasAddon(resource.images.studios.white)</selected>
                        <include>Defs_Settings_Button</include>
                    </control>
                    <control type="radiobutton" id="19909">
                        <visible>Integer.IsEqual(Window.Property(CurrentFocus),9009)</visible>
                        <label>resource.images.moviecountryicons.maps</label>
                        <label2>$INFO[System.AddonVersion(resource.images.moviecountryicons.maps)]        </label2>
                        <onclick>Addon.OpenSettings(resource.images.moviecountryicons.maps)</onclick>
                        <onclick condition="!System.HasAddon(resource.images.moviecountryicons.maps)">InstallAddon(resource.images.moviecountryicons.maps)</onclick>
                        <selected>System.HasAddon(resource.images.moviecountryicons.maps)</selected>
                        <include>Defs_Settings_Button</include>
                    </control>
                    <control type="radiobutton" id="19910">
                        <visible>Integer.IsEqual(Window.Property(CurrentFocus),9009)</visible>
                        <label>resource.images.moviegenreicons.transparent</label>
                        <label2>$INFO[System.AddonVersion(resource.images.moviegenreicons.transparent)]        </label2>
                        <onclick>Addon.OpenSettings(resource.images.moviegenreicons.transparent)</onclick>
                        <onclick condition="!System.HasAddon(resource.images.moviegenreicons.transparent)">InstallAddon(resource.images.moviegenreicons.transparent)</onclick>
                        <selected>System.HasAddon(resource.images.moviegenreicons.transparent)</selected>
                        <include>Defs_Settings_Button</include>
                    </control>
                    <control type="radiobutton" id="19911">
                        <visible>Integer.IsEqual(Window.Property(CurrentFocus),9009)</visible>
                        <label>resource.images.weatherfanart.multi</label>
                        <label2>$INFO[System.AddonVersion(resource.images.weatherfanart.multi)]        </label2>
                        <onclick>Addon.OpenSettings(resource.images.weatherfanart.multi)</onclick>
                        <onclick condition="!System.HasAddon(resource.images.weatherfanart.multi)">InstallAddon(resource.images.weatherfanart.multi)</onclick>
                        <selected>System.HasAddon(resource.images.weatherfanart.multi)</selected>
                        <include>Defs_Settings_Button</include>
                    </control>
                    <control type="radiobutton" id="19912">
                        <visible>Integer.IsEqual(Window.Property(CurrentFocus),9009)</visible>
                        <label>resource.images.weathericons.outline-hd</label>
                        <label2>$INFO[System.AddonVersion(resource.images.weathericons.outline-hd)]        </label2>
                        <onclick>Addon.OpenSettings(resource.images.weathericons.outline-hd)</onclick>
                        <onclick condition="!System.HasAddon(resource.images.weathericons.outline-hd)">InstallAddon(resource.images.weathericons.outline-hd)</onclick>
                        <selected>System.HasAddon(resource.images.weathericons.outline-hd)</selected>
                        <include>Defs_Settings_Button</include>
                    </control>
                    <control type="radiobutton" id="19913">
                        <visible>Integer.IsEqual(Window.Property(CurrentFocus),9009)</visible>
                        <label>resource.images.weathericons.white</label>
                        <label2>$INFO[System.AddonVersion(resource.images.weathericons.white)]        </label2>
                        <onclick>Addon.OpenSettings(resource.images.weathericons.white)</onclick>
                        <onclick condition="!System.HasAddon(resource.images.weathericons.white)">InstallAddon(resource.images.weathericons.white)</onclick>
                        <selected>System.HasAddon(resource.images.weathericons.white)</selected>
                        <include>Defs_Settings_Button</include>
                    </control>
                    <control type="radiobutton" id="19914">
                        <visible>Integer.IsEqual(Window.Property(CurrentFocus),9009)</visible>
                        <label>script.artwork.beef</label>
                        <label2>$INFO[System.AddonVersion(script.artwork.beef)]        </label2>
                        <onclick>Addon.OpenSettings(script.artwork.beef)</onclick>
                        <onclick condition="!System.HasAddon(script.artwork.beef)">InstallAddon(script.artwork.beef)</onclick>
                        <selected>System.HasAddon(script.artwork.beef)</selected>
                        <include>Defs_Settings_Button</include>
                    </control>
                    <control type="radiobutton" id="19915">
                        <visible>Integer.IsEqual(Window.Property(CurrentFocus),9009)</visible>
                        <label>script.artwork.helper</label>
                        <label2>$INFO[System.AddonVersion(script.artwork.helper)]        </label2>
                        <onclick>Addon.OpenSettings(script.artwork.helper)</onclick>
                        <onclick condition="!System.HasAddon(script.artwork.helper)">InstallAddon(script.artwork.helper)</onclick>
                        <selected>System.HasAddon(script.artwork.helper)</selected>
                        <include>Defs_Settings_Button</include>
                    </control>
                    <control type="radiobutton" id="19916">
                        <visible>Integer.IsEqual(Window.Property(CurrentFocus),9009)</visible>
                        <label>script.image.resource.select</label>
                        <label2>$INFO[System.AddonVersion(script.image.resource.select)]        </label2>
                        <onclick>Addon.OpenSettings(script.image.resource.select)</onclick>
                        <onclick condition="!System.HasAddon(script.image.resource.select)">InstallAddon(script.image.resource.select)</onclick>
                        <selected>System.HasAddon(script.image.resource.select)</selected>
                        <include>Defs_Settings_Button</include>
                    </control>
                    <control type="radiobutton" id="19917">
                        <visible>Integer.IsEqual(Window.Property(CurrentFocus),9009)</visible>
                        <label>script.skin.helper.colorpicker</label>
                        <label2>$INFO[System.AddonVersion(script.skin.helper.colorpicker)]        </label2>
                        <onclick>Addon.OpenSettings(script.skin.helper.colorpicker)</onclick>
                        <onclick condition="!System.HasAddon(script.skin.helper.colorpicker)">InstallAddon(script.skin.helper.colorpicker)</onclick>
                        <selected>System.HasAddon(script.skin.helper.colorpicker)</selected>
                        <include>Defs_Settings_Button</include>
                    </control>

                </control>



                <include content="Dialog_Separator">
                    <param name="top" value="item_list_height_half" />
                    <param name="bottom" value="item_list_height_half" />
                </include>
                <include content="Dialog_Separator">
                    <param name="top" value="item_list_height_half" />
                    <param name="bottom" value="item_list_height_half" />
                    <param name="left" value="0" />
                </include>
            </control>



        </control>

    </controls>
</window>
