<?xml version="1.0" encoding="UTF-8"?>
<window>
    <defaultcontrol always="true">9100</defaultcontrol>

    <include content="Action_BuildSkinShortcuts_OnUnload">
        <param name="condition">[!String.IsEmpty(Window(Home).Property(SkinShortcutsDialogBuild))]</param>
    </include>
    <onunload>ClearProperty(SkinShortcutsDialogBuild,Home)</onunload>

    <controls>

        <include content="Dialog_Overlay_Side">
            <param name="topline">false</param>
            <param name="subline">false</param>
            <param name="dialog_size">Dimension_DialogFullMenu</param>
            <include>Animation_Right_Delay</include>

            <include content="Dialog_Head">
                <param name="label">$VAR[Label_Header_SkinShortcuts]</param>
            </include>

            <include content="Dialog_Body">
                <include content="Dialog_Body_Group">
                    <control type="group">
                        <width>600</width>
                        <control type="image">
                            <top>-20</top>
                            <left>20</left>
                            <right>20</right>
                            <height>1</height>
                            <texture colordiffuse="dialog_fg_12">common/white.png</texture>
                        </control>
                        <control type="image">
                            <bottom>-20</bottom>
                            <left>20</left>
                            <right>20</right>
                            <height>1</height>
                            <texture colordiffuse="dialog_fg_12">common/white.png</texture>
                        </control>
                        <control type="list" id="211">
                            <orientation>vertical</orientation>
                            <itemlayout width="600" height="80">
                                <include content="Layout_SkinShortcuts">
                                    <param name="selected">false</param>
                                    <param name="detailed">true</param>
                                </include>
                            </itemlayout>
                            <focusedlayout width="600" height="80">
                                <include content="Layout_SkinShortcuts">
                                    <param name="selected">true</param>
                                    <param name="detailed">true</param>
                                </include>
                            </focusedlayout>
                        </control>
                        <control type="group">
                            <right>40</right>
                            <height>80</height>
                            <animation effect="slide" end="0,80" condition="Integer.IsGreater(Container(211).Position,0)">Conditional</animation>
                            <animation effect="slide" end="0,80" condition="Integer.IsGreater(Container(211).Position,1)">Conditional</animation>
                            <animation effect="slide" end="0,80" condition="Integer.IsGreater(Container(211).Position,2)">Conditional</animation>
                            <animation effect="slide" end="0,80" condition="Integer.IsGreater(Container(211).Position,3)">Conditional</animation>
                            <animation effect="slide" end="0,80" condition="Integer.IsGreater(Container(211).Position,4)">Conditional</animation>
                            <animation effect="slide" end="0,80" condition="Integer.IsGreater(Container(211).Position,5)">Conditional</animation>
                            <animation effect="slide" end="0,80" condition="Integer.IsGreater(Container(211).Position,6)">Conditional</animation>
                            <animation effect="slide" end="0,80" condition="Integer.IsGreater(Container(211).Position,7)">Conditional</animation>
                            <animation effect="slide" end="0,80" condition="Integer.IsGreater(Container(211).Position,8)">Conditional</animation>
                            <animation effect="slide" end="0,80" condition="Integer.IsGreater(Container(211).Position,9)">Conditional</animation>
                            <control type="grouplist" id="9200">
                                <centertop>50%</centertop>
                                <height>32</height>
                                <align>right</align>
                                <orientation>horizontal</orientation>
                                <itemgap>10</itemgap>
                                <onup>Control.Move(211,-1)</onup>
                                <ondown>Control.Move(211,1)</ondown>
                                <onright>9100</onright>
                                <control type="button" id="302" description="Delete">
                                    <width>32</width>
                                    <height>32</height>
                                    <font/>
                                    <texturenofocus colordiffuse="dialog_bg_30">buttons/cross.png</texturenofocus>
                                    <texturefocus colordiffuse="$VAR[ColorSelected]">buttons/cross.png</texturefocus>
                                </control>
                                <control type="button" id="301" description="Add">
                                    <width>32</width>
                                    <height>32</height>
                                    <font/>
                                    <texturenofocus colordiffuse="dialog_bg_30">buttons/plus.png</texturenofocus>
                                    <texturefocus colordiffuse="$VAR[ColorSelected]">buttons/plus.png</texturefocus>
                                </control>
                                <control type="button" id="303" description="Up">
                                    <width>32</width>
                                    <height>32</height>
                                    <font/>
                                    <texturenofocus colordiffuse="dialog_bg_30" flipy="true">buttons/down.png</texturenofocus>
                                    <texturefocus colordiffuse="$VAR[ColorSelected]" flipy="true">buttons/down.png</texturefocus>
                                </control>
                                <control type="button" id="304" description="Down">
                                    <width>32</width>
                                    <height>32</height>
                                    <font/>
                                    <texturenofocus colordiffuse="dialog_bg_30">buttons/down.png</texturenofocus>
                                    <texturefocus colordiffuse="$VAR[ColorSelected]">buttons/down.png</texturefocus>
                                </control>
                            </control>
                        </control>
                    </control>
                    <control type="group">
                        <left>600</left>
                        <control type="group">
                            <left>20</left>
                            <right>20</right>
                            <top>-20</top>
                            <bottom>-20</bottom>
                            <control type="image">
                                <texture colordiffuse="dialog_fg_12" border="20">common/dialog.png</texture>
                            </control>
                            <control type="grouplist" id="9100">
                                <include content="Dimension_Padding">
                                    <param name="pad">20</param>
                                </include>
                                <onleft>304</onleft>
                                <onright>9000</onright>
                                <orientation>vertical</orientation>

                                <!-- Enable / Disable -->
                                <include content="Settings_Button">
                                    <param name="dialog">true</param>
                                    <param name="id">313</param>
                                    <param name="control">togglebutton</param>
                                    <description>EnableDisable</description>
                                    <label>$LOCALIZE[24022]</label>
                                    <altlabel>$LOCALIZE[24021]</altlabel>
                                    <usealttexture>!String.IsEqual(Container(211).ListItem.Property(skinshortcuts-disabled),True)</usealttexture>
                                </include>

                                <!-- CHOOSE SHORTCUT -->
                                <!-- Choose Shortcut : Shortcuts -->
                                <include content="Settings_Button">
                                    <param name="dialog">true</param>
                                    <param name="id">401</param>
                                    <param name="control">button</param>
                                    <description>Choose Shortcut</description>
                                    <visible>!$EXP[Exp_SkinShortcuts_IsHomeWidgets]</visible>
                                    <visible>!$EXP[Exp_SkinShortcuts_IsHubWidgets]</visible>
                                    <visible>!$EXP[Exp_SkinShortcuts_IsExploreMenu]</visible>
                                    <visible>!$EXP[Exp_SkinShortcuts_IsSearchWidgets]</visible>
                                </include>
                                <!-- Choose Shortcut : Widgets -->
                                <include content="Settings_Button">
                                    <param name="dialog">true</param>
                                    <param name="id">4001</param>
                                    <param name="control">button</param>
                                    <description>Choose Widget Shortcut</description>
                                    <label>$LOCALIZE[31104]</label>
                                    <onclick>SetProperty(custom-grouping,widget)</onclick>
                                    <onclick>SendClick(401)</onclick>
                                    <visible>$EXP[Exp_SkinShortcuts_IsHomeWidgets] | $EXP[Exp_SkinShortcuts_IsExploreMenu] | $EXP[Exp_SkinShortcuts_IsHubWidgets]</visible>
                                    <include>Action_SkinShortcuts_ContentType_AutoSetOnUnFocus</include>
                                </include>
                                <!-- Choose Shortcut : Search Widgets -->
                                <include content="Settings_Button">
                                    <param name="dialog">true</param>
                                    <param name="id">4101</param>
                                    <param name="control">button</param>
                                    <description>Choose Search Shortcut</description>
                                    <label>$LOCALIZE[31104]</label>
                                    <onclick>SetProperty(custom-grouping,customsearchdefaultitems)</onclick>
                                    <onclick>SendClick(401)</onclick>
                                    <visible>$EXP[Exp_SkinShortcuts_IsSearchWidgets]</visible>
                                    <include>Action_SkinShortcuts_ContentType_AutoSetOnUnFocus</include>
                                </include>

                                <!-- ACTION -->
                                <!-- Action : Shortcuts -->
                                <include content="Settings_Button">
                                    <param name="dialog">true</param>
                                    <param name="id">307</param>
                                    <param name="control">button</param>
                                    <description>Action</description>
                                    <label>-- $LOCALIZE[31081]</label>
                                    <label2>$INFO[Container(211).ListItem.Property(Path)]</label2>
                                    <visible>!String.IsEqual(Container(211).ListItem.Property(skinshortcuts-disabled),True)</visible>
                                    <visible>!$EXP[Exp_SkinShortcuts_IsHomeWidgets]</visible>
                                    <visible>!$EXP[Exp_SkinShortcuts_IsHubWidgets]</visible>
                                    <visible>!$EXP[Exp_SkinShortcuts_IsExploreMenu]</visible>
                                    <visible>!$EXP[Exp_SkinShortcuts_IsSearchWidgets]</visible>
                                </include>
                                <!-- Action : Widgets -->
                                <include content="Settings_Button">
                                    <param name="dialog">true</param>
                                    <param name="id">3007</param>
                                    <param name="control">button</param>
                                    <description>Action</description>
                                    <label>-- $LOCALIZE[31081]</label>
                                    <onclick>SetProperty(custom-grouping,widget)</onclick>
                                    <onclick>SendClick(307)</onclick>
                                    <label2>$INFO[Container(211).ListItem.Property(Path)]</label2>
                                    <visible>!String.IsEqual(Container(211).ListItem.Property(skinshortcuts-disabled),True)</visible>
                                    <visible>$EXP[Exp_SkinShortcuts_IsHomeWidgets] | $EXP[Exp_SkinShortcuts_IsSearchWidgets] | $EXP[Exp_SkinShortcuts_IsExploreMenu] | $EXP[Exp_SkinShortcuts_IsHubWidgets]</visible>
                                </include>

                                <!-- LABEL -->
                                <!-- Label : All -->
                                <include content="Settings_Button">
                                    <param name="dialog">true</param>
                                    <param name="id">305</param>
                                    <param name="control">button</param>
                                    <description>Label</description>
                                    <label>-- $LOCALIZE[31183]</label>
                                    <label2>$INFO[Container(211).ListItem.Label]</label2>
                                    <visible>!String.IsEqual(Container(211).ListItem.Property(skinshortcuts-disabled),True)</visible>
                                </include>

                                <!-- ICON -->
                                <!-- Icon : Power | Search | Explore -->
                                <include content="Settings_Button">
                                    <param name="dialog">true</param>
                                    <param name="id">306</param>
                                    <param name="control">button</param>
                                    <description>Icon</description>
                                    <label>-- $LOCALIZE[31082]</label>
                                    <visible>!String.IsEqual(Container(211).ListItem.Property(skinshortcuts-disabled),True)</visible>
                                    <visible>$EXP[Exp_SkinShortcuts_IsPowerMenu] | $EXP[Exp_SkinShortcuts_IsSearchWidgets] | $EXP[Exp_SkinShortcuts_IsExploreMenu]</visible>
                                </include>
                                <!-- Icon : Preview -->
                                <include content="Settings_Image">
                                    <param name="id">3006</param>
                                    <param name="buttonid">306</param>
                                    <param name="icon">$INFO[Container(211).ListItem.Icon]</param>
                                </include>


                                <!-- SPOTLIGHT -->
                                <!-- Spotlight : Choose Widget -->
                                <include content="Settings_Button">
                                    <param name="dialog">true</param>
                                    <param name="id">3012</param>
                                    <param name="control">button</param>
                                    <description>Spotlight: Choose widget</description>
                                    <label>$LOCALIZE[31437]</label>
                                    <label2>$INFO[Container(211).ListItem.Property(widgetPath.Spotlight)]</label2>
                                    <onclick>SetProperty(widgetID,Spotlight)</onclick>
                                    <onclick>SendClick(312)</onclick>
                                    <visible>!String.IsEqual(Container(211).ListItem.Property(skinshortcuts-disabled),True)</visible>
                                    <visible>$EXP[Exp_SkinShortcuts_IsHomeMenu] | $EXP[Exp_SkinShortcuts_IsHubMenu]</visible>
                                </include>
                                <!-- Spotlight : Label -->
                                <include content="Settings_Button">
                                    <param name="dialog">true</param>
                                    <param name="id">6001</param>
                                    <param name="control">button</param>
                                    <description>Spotlight: Label</description>
                                    <label>-- $LOCALIZE[21899]</label>
                                    <label2>$INFO[Container(211).ListItem.Property(widgetName.Spotlight)]</label2>
                                    <onclick>RunScript(script.skinvariables,run_dialog=input,defaultt=$INFO[Container(211).ListItem.Property(widgetName.Spotlight)],"executebuiltin=SetProperty(customProperty,widgetName.Spotlight)||SetProperty(customValue,{v})||SendClick(404)")</onclick>
                                    <visible>!String.IsEqual(Container(211).ListItem.Property(skinshortcuts-disabled),True)</visible>
                                    <visible>$EXP[Exp_SkinShortcuts_IsHomeMenu] | $EXP[Exp_SkinShortcuts_IsHubMenu]</visible>
                                    <visible>!String.IsEmpty(Container(211).ListItem.Property(widgetPath.Spotlight))</visible>
                                </include>

                                <!-- CHOOSE WIDGETS -->
                                <!-- Choose Widgets : Home -->
                                <include content="Settings_Button">
                                    <param name="dialog">true</param>
                                    <param name="id">406</param>
                                    <param name="control">button</param>
                                    <description>Widgets: Home</description>
                                    <label>$LOCALIZE[31397]</label>
                                    <visible>!String.IsEqual(Container(211).ListItem.Property(skinshortcuts-disabled),True)</visible>
                                    <visible>$EXP[Exp_SkinShortcuts_IsHomeMenu]</visible>
                                </include>
                                <!-- Choose Widgets : Hubs -->
                                <include content="Settings_Button">
                                    <param name="dialog">true</param>
                                    <param name="id">6002</param>
                                    <param name="control">button</param>
                                    <description>Widgets: Hubs</description>
                                    <label>$LOCALIZE[31397]</label>
                                    <label2>$INFO[Container(211).ListItem.Property(widgetmenuID)]</label2>
                                    <visible>!String.IsEqual(Container(211).ListItem.Property(skinshortcuts-disabled),True)</visible>
                                    <visible>$EXP[Exp_SkinShortcuts_IsHubMenu]</visible>
                                    <include>Action_SkinShortcuts_ContentType_AutoSetOnFocus</include>
                                    <onclick>Runscript(script.skinvariables,"run_executebuiltin=special://skin/shortcuts/builtins/skinvariables-hubwidgetmenu.json",use_rules)</onclick>
                                </include>

                                <!-- CHOOSE SUBMENU LIST -->
                                <!-- Choose Submenu List : Home -->
                                <include content="Settings_Button">
                                    <param name="dialog">true</param>
                                    <param name="id">3112</param>
                                    <param name="control">button</param>
                                    <description>Submenu List</description>
                                    <label>$LOCALIZE[31442]</label>
                                    <label2>$INFO[Container(211).ListItem.Property(widgetPath)]</label2>
                                    <onclick>RunScript(script.skinvariables,run_dialog=select,heading=$LOCALIZE[31442],separator=||,list=Dynamic list||Static items,"executebuiltin_0=SendClick(312)","executebuiltin_1=SetProperty(customProperty,widgetPath)||ClearProperty(customValue)||SendClick(404)||SendClick(405)")</onclick>
                                    <visible>$EXP[Exp_SkinShortcuts_IsHomeMenu]</visible>
                                    <visible>!Skin.HasSetting(Hubs.HideSubmenus)</visible>
                                    <include>Action_SkinShortcuts_ContentType_AutoSetOnUnFocus</include>
                                </include>
                                <!-- Choose Submenu List : Hubs -->
                                <include content="Settings_Button">
                                    <param name="dialog">true</param>
                                    <param name="id">3212</param>
                                    <param name="control">button</param>
                                    <description>Submenu List</description>
                                    <label>$LOCALIZE[31442]</label>
                                    <label2>$INFO[Container(211).ListItem.Property(widgetPath)]</label2>
                                    <onclick>RunScript(script.skinvariables,run_dialog=select,heading=$LOCALIZE[31442],separator=||,list=Dynamic list||Static items,"executebuiltin_0=SendClick(312)","executebuiltin_1=SetProperty(customProperty,widgetPath)||ClearProperty(customValue)||SendClick(404)||Runscript(script.skinvariables,run_executebuiltin=special://skin/shortcuts/builtins/skinvariables-hubsubmenu.json,use_rules)")</onclick>
                                    <visible>$EXP[Exp_SkinShortcuts_IsHubMenu]</visible>
                                    <visible>!Skin.HasSetting(Hubs.HideSubmenus)</visible>
                                    <include>Action_SkinShortcuts_ContentType_AutoSetOnUnFocus</include>
                                </include>

                                <!-- WIDGET PROPERTIES -->
                                <!-- Widget Property : Aspect (Style) -->
                                <include content="Settings_Button">
                                    <param name="dialog">true</param>
                                    <param name="id">9901</param>
                                    <param name="control">button</param>
                                    <description>Widget Property: Aspect (Style)</description>
                                    <label>-- $LOCALIZE[736]</label>
                                    <label2>$INFO[Container(211).ListItem.Property(widgetAspect)]</label2>
                                    <visible>!String.IsEqual(Container(211).ListItem.Property(skinshortcuts-disabled),True)</visible>
                                    <visible>$EXP[Exp_SkinShortcuts_IsHomeWidgets] | $EXP[Exp_SkinShortcuts_IsSearchWidgets] | $EXP[Exp_SkinShortcuts_IsHubWidgets]</visible>
                                </include>
                                <!-- Widget Property : Sort By -->
                                <include content="Settings_Button">
                                    <param name="dialog">true</param>
                                    <param name="id">9903</param>
                                    <param name="control">button</param>
                                    <description>Widget Property: Sort by</description>
                                    <label>-- $LOCALIZE[31016]</label>
                                    <label2>$INFO[Container(211).ListItem.Property(widgetSortby)]</label2>
                                    <visible>!String.IsEqual(Container(211).ListItem.Property(skinshortcuts-disabled),True)</visible>
                                    <visible>$EXP[Exp_SkinShortcuts_IsHomeWidgets] | $EXP[Exp_SkinShortcuts_IsSearchWidgets] | $EXP[Exp_SkinShortcuts_IsHubWidgets] | $EXP[Exp_SkinShortcuts_IsSubmenuList]</visible>
                                </include>
                                <!-- Widget Property : Sort Order -->
                                <include content="Settings_Button">
                                    <param name="dialog">true</param>
                                    <param name="id">9904</param>
                                    <param name="control">button</param>
                                    <description>Widget Property: Sort Order</description>
                                    <label>-- $LOCALIZE[580]</label>
                                    <label2>$INFO[Container(211).ListItem.Property(widgetSortorder)]</label2>
                                    <visible>!String.IsEqual(Container(211).ListItem.Property(skinshortcuts-disabled),True)</visible>
                                    <visible>$EXP[Exp_SkinShortcuts_IsHomeWidgets] | $EXP[Exp_SkinShortcuts_IsSearchWidgets] | $EXP[Exp_SkinShortcuts_IsHubWidgets] | $EXP[Exp_SkinShortcuts_IsSubmenuList]</visible>
                                </include>
                                <!-- Widget Property : Content Type (Target) -->
                                <include content="Settings_Button">
                                    <param name="dialog">true</param>
                                    <param name="id">9902</param>
                                    <param name="control">button</param>
                                    <description>Widget Property: Content Type (Target)</description>
                                    <label>-- $LOCALIZE[31106]</label>
                                    <label2>$INFO[Container(211).ListItem.Property(widgetTarget)]</label2>
                                    <visible>!String.IsEqual(Container(211).ListItem.Property(skinshortcuts-disabled),True)</visible>
                                    <visible>$EXP[Exp_SkinShortcuts_IsHomeWidgets] | $EXP[Exp_SkinShortcuts_IsSearchWidgets] | $EXP[Exp_SkinShortcuts_IsHubWidgets] | $EXP[Exp_SkinShortcuts_IsSubmenuList]</visible>
                                    <include>Action_SkinShortcuts_ContentType_AutoSetOnFocus</include>
                                </include>
                                <!-- Widget Property : Autoscroll -->
                                <include content="Settings_Button">
                                    <param name="dialog">true</param>
                                    <param name="id">9908</param>
                                    <param name="control">radiobutton</param>
                                    <description>Autoscroll</description>
                                    <label>-- $LOCALIZE[31185]</label>
                                    <selected>!String.IsEmpty(Container(211).ListItem.Property(widgetAutoScroll))</selected>
                                    <onclick>SetProperty(customProperty,widgetAutoScroll)</onclick>
                                    <onclick condition="String.IsEmpty(Container(211).ListItem.Property(widgetAutoScroll))">SetProperty(customValue,True)</onclick>
                                    <onclick condition="!String.IsEmpty(Container(211).ListItem.Property(widgetAutoScroll))">ClearProperty(customValue)</onclick>
                                    <onclick>SendClick(404)</onclick>
                                    <visible>!String.IsEqual(Container(211).ListItem.Property(skinshortcuts-disabled),True)</visible>
                                    <visible>$EXP[Exp_SkinShortcuts_IsHomeWidgets] | $EXP[Exp_SkinShortcuts_IsSearchWidgets] | $EXP[Exp_SkinShortcuts_IsHubWidgets]</visible>
                                </include>
                                <!-- Widget Property : Limit -->
                                <include content="Settings_Button">
                                    <param name="dialog">true</param>
                                    <param name="id">9907</param>
                                    <param name="control">button</param>
                                    <description>Item limit</description>
                                    <label>-- $LOCALIZE[31188]</label>
                                    <label2>$INFO[Container(211).ListItem.Property(widgetLimit)]</label2>
                                    <visible>!String.IsEqual(Container(211).ListItem.Property(skinshortcuts-disabled),True)</visible>
                                    <visible>$EXP[Exp_SkinShortcuts_IsHomeWidgets] | $EXP[Exp_SkinShortcuts_IsSearchWidgets] | $EXP[Exp_SkinShortcuts_IsHubWidgets] | $EXP[Exp_SkinShortcuts_IsSubmenuList]</visible>
                                </include>


                                <!-- ADAPTIVE WIDGET PROPERTIES -->
                                <!-- Adaptive Widget : Use submenu item as widget -->
                                <include content="Settings_Button">
                                    <param name="dialog">true</param>
                                    <param name="id">6004</param>
                                    <param name="control">radiobutton</param>
                                    <description>useWidgetList</description>
                                    <label>-- $LOCALIZE[31040]</label>
                                    <selected>$EXP[Exp_SkinShortcuts_IsAdaptiveWidget]</selected>
                                    <onclick>SetProperty(customProperty,useWidgetList)</onclick>
                                    <onclick condition="String.IsEmpty(Container(211).ListItem.Property(useWidgetList))">SetProperty(customValue,True)</onclick>
                                    <onclick condition="!String.IsEmpty(Container(211).ListItem.Property(useWidgetList))">ClearProperty(customValue)</onclick>
                                    <onclick>SendClick(404)</onclick>
                                    <visible>!String.IsEqual(Container(211).ListItem.Property(skinshortcuts-disabled),True)</visible>
                                    <visible>$EXP[Exp_SkinShortcuts_IsSubmenuList] | $EXP[Exp_SkinShortcuts_IsSubmenuItem]</visible>
                                </include>
                                <!-- Adaptive Widget : Choose widget for submenu item -->
                                <include content="Settings_Button">
                                    <param name="dialog">true</param>
                                    <param name="id">3312</param>
                                    <param name="control">button</param>
                                    <description>Choose Widget Shortcut</description>
                                    <label>   -- $LOCALIZE[31104]</label>
                                    <label2>$INFO[Container(211).ListItem.Property(widgetPath)]</label2>
                                    <onclick>SendClick(312)</onclick>
                                    <visible>$EXP[Exp_SkinShortcuts_IsAdaptiveWidget]</visible>
                                    <visible>$EXP[Exp_SkinShortcuts_IsSubmenuItem]</visible>
                                    <include>Action_SkinShortcuts_ContentType_AutoSetOnUnFocus</include>
                                </include>
                                <!-- Adaptive Widget : Aspect (Style) -->
                                <include content="Settings_Button">
                                    <param name="dialog">true</param>
                                    <param name="id">9911</param>
                                    <param name="control">button</param>
                                    <description>Aspect</description>
                                    <label>   -- $LOCALIZE[736]</label>
                                    <label2>$VAR[Label_SkinShortcuts_AdaptiveWidgetStyle]</label2>
                                    <visible>$EXP[Exp_SkinShortcuts_IsAdaptiveWidget]</visible>
                                    <visible>!String.IsEqual(Container(211).ListItem.Property(skinshortcuts-disabled),True)</visible>
                                    <visible>$EXP[Exp_SkinShortcuts_IsSubmenuList] | $EXP[Exp_SkinShortcuts_IsSubmenuItem]</visible>
                                </include>
                                <!-- Adaptive Widget : Sort by -->
                                <include content="Settings_Button">
                                    <param name="dialog">true</param>
                                    <param name="id">9913</param>
                                    <param name="control">button</param>
                                    <description>Sort by</description>
                                    <label>   -- $LOCALIZE[31016]</label>
                                    <label2>$INFO[Container(211).ListItem.Property(useWidgetListSortby)]</label2>
                                    <visible>$EXP[Exp_SkinShortcuts_IsAdaptiveWidget]</visible>
                                    <visible>!String.IsEqual(Container(211).ListItem.Property(skinshortcuts-disabled),True)</visible>
                                    <visible>$EXP[Exp_SkinShortcuts_IsSubmenuList] | $EXP[Exp_SkinShortcuts_IsSubmenuItem]</visible>
                                    <include>Action_SkinShortcuts_ContentType_AutoSetOnFocus</include>
                                </include>
                                <!-- Adaptive Widget : Sort direction -->
                                <include content="Settings_Button">
                                    <param name="dialog">true</param>
                                    <param name="id">9914</param>
                                    <param name="control">button</param>
                                    <description>Sort direction</description>
                                    <label>   -- $LOCALIZE[580]</label>
                                    <label2>$INFO[Container(211).ListItem.Property(useWidgetListSortorder)]</label2>
                                    <visible>$EXP[Exp_SkinShortcuts_IsAdaptiveWidget]</visible>
                                    <visible>!String.IsEqual(Container(211).ListItem.Property(skinshortcuts-disabled),True)</visible>
                                    <visible>$EXP[Exp_SkinShortcuts_IsSubmenuList] | $EXP[Exp_SkinShortcuts_IsSubmenuItem]</visible>
                                    <include>Action_SkinShortcuts_ContentType_AutoSetOnFocus</include>
                                </include>
                                <!-- Adaptive Widget : Content type -->
                                <include content="Settings_Button">
                                    <param name="dialog">true</param>
                                    <param name="id">9912</param>
                                    <param name="control">button</param>
                                    <description>Content Type</description>
                                    <label>   -- $LOCALIZE[31106]</label>
                                    <label2>$INFO[Container(211).ListItem.Property(useWidgetListTarget)]</label2>
                                    <visible>$EXP[Exp_SkinShortcuts_IsAdaptiveWidget]</visible>
                                    <visible>!String.IsEqual(Container(211).ListItem.Property(skinshortcuts-disabled),True)</visible>
                                    <visible>$EXP[Exp_SkinShortcuts_IsSubmenuList] | $EXP[Exp_SkinShortcuts_IsSubmenuItem]</visible>
                                    <include>Action_SkinShortcuts_ContentType_AutoSetOnFocus</include>
                                </include>
                                <!-- Adaptive Widget : Limit -->
                                <include content="Settings_Button">
                                    <param name="dialog">true</param>
                                    <param name="id">9917</param>
                                    <param name="control">button</param>
                                    <description>Content Type</description>
                                    <label>   -- $LOCALIZE[31188]</label>
                                    <label2>$INFO[Container(211).ListItem.Property(useWidgetListLimit)]</label2>
                                    <visible>$EXP[Exp_SkinShortcuts_IsAdaptiveWidget]</visible>
                                    <visible>!String.IsEqual(Container(211).ListItem.Property(skinshortcuts-disabled),True)</visible>
                                    <visible>$EXP[Exp_SkinShortcuts_IsSubmenuList] | $EXP[Exp_SkinShortcuts_IsSubmenuItem]</visible>
                                    <include>Action_SkinShortcuts_ContentType_AutoSetOnFocus</include>
                                </include>

                            </control>
                        </control>
                    </control>
                </include>
                <include content="Dialog_Side_Grouplist">
                    <param name="id">9000</param>
                    <onright>Close</onright>
                    <onleft>9100</onleft>
                    <include content="Dialog_Side_Button">
                        <param name="id">01</param>
                        <param name="label">$LOCALIZE[15067]</param>
                        <param name="icon">special://skin/extras/icons/circle-xmark.png</param>
                        <onclick>Close</onclick>
                    </include>
                    <include content="Dialog_Side_Button">
                        <param name="id">02</param>
                        <param name="label">$LOCALIZE[409]</param>
                        <param name="icon">special://skin/extras/icons/triangle-exclamation.png</param>
                        <onclick>SendClick(308)</onclick>
                    </include>
                </include>
            </include>
        </include>

        <!-- Hidden Buttons -->
        <control type="label" id="500"><visible>false</visible><width>1</width><height>1</height></control>
        <control type="button" id="308"><visible allowhiddenfocus="true">false</visible><width>1</width><height>1</height></control>
        <control type="button" id="312"><visible allowhiddenfocus="true">false</visible><width>1</width><height>1</height></control>
        <control type="button" id="404"><visible allowhiddenfocus="true">false</visible><width>1</width><height>1</height></control>
        <control type="button" id="405"><visible allowhiddenfocus="true">false</visible><width>1</width><height>1</height></control>
        <control type="button" id="408"><visible allowhiddenfocus="true">false</visible><width>1</width><height>1</height></control>
        <control type="button" id="409"><visible allowhiddenfocus="true">false</visible><width>1</width><height>1</height></control>
        <control type="button" id="410"><visible allowhiddenfocus="true">false</visible><width>1</width><height>1</height></control>
    </controls>
</window>
