<?xml version="1.0" encoding="UTF-8"?>
<includes>

    <include name="Keyboard_Row_Grouplist">
        <control type="grouplist" id="$PARAM[id]">
            <orientation>horizontal</orientation>
            <itemgap>keyboard_pad</itemgap>
            <height>80</height>
            <onright>9898</onright>
            <nested />
        </control>
    </include>

    <include name="Keyboard_Row_Group">
        <control type="group">
            <height>80</height>
            <nested />
        </control>
    </include>

    <include name="Keyboard_Row">
        <include content="Keyboard_Row_Group">
            <include content="Keyboard_Row_Grouplist">
                <param name="id">$PARAM[id]</param>
                <include>Keyboard_Row_Buttons_$PARAM[keys]</include>
            </include>
        </include>
    </include>

    <include name="Keyboard_Row_Buttons_123456">
        <include content="Object_Keyboard_Button" description="Digits">
            <param name="id">100</param>
            <include>Texture_KeyboardButton</include>
            <onup>3</onup>
            <ondown>120</ondown>
        </include>
        <include content="Object_Keyboard_Button" description="Digits">
            <param name="id">101</param>
            <include>Texture_KeyboardButton</include>
            <onup>3</onup>
            <ondown>121</ondown>
        </include>
        <include content="Object_Keyboard_Button" description="Digits">
            <param name="id">102</param>
            <include>Texture_KeyboardButton</include>
            <onup>3</onup>
            <ondown>122</ondown>
        </include>
        <include content="Object_Keyboard_Button" description="Digits">
            <param name="id">103</param>
            <include>Texture_KeyboardButton</include>
            <onup>3</onup>
            <ondown>123</ondown>
        </include>
        <include content="Object_Keyboard_Button" description="Digits">
            <param name="id">104</param>
            <include>Texture_KeyboardButton</include>
            <onup>3</onup>
            <ondown>124</ondown>
        </include>
        <include content="Object_Keyboard_Button" description="Digits">
            <param name="id">105</param>
            <include>Texture_KeyboardButton</include>
            <onup>3</onup>
            <ondown>125</ondown>
        </include>
        <include content="Object_Keyboard_Button" description="Digits">
            <param name="id">106</param>
            <include>Texture_KeyboardButton</include>
            <onup>3</onup>
            <ondown>126</ondown>
        </include>
        <include content="Object_Keyboard_Button" description="Digits">
            <param name="id">107</param>
            <include>Texture_KeyboardButton</include>
            <onup>3</onup>
            <ondown>127</ondown>
        </include>
        <include content="Object_Keyboard_Button" description="Digits">
            <param name="id">108</param>
            <include>Texture_KeyboardButton</include>
            <onup>3</onup>
            <ondown>128</ondown>
        </include>
        <include content="Object_Keyboard_Button" description="Digits">
            <param name="id">109</param>
            <include>Texture_KeyboardButton</include>
            <onup>3</onup>
            <ondown>129</ondown>
        </include>
        <include content="Object_Keyboard_Button" description="Digits">
            <param name="id">110</param>
            <include>Texture_KeyboardButton</include>
            <onup>3</onup>
            <ondown>130</ondown>
        </include>
        <include content="Object_Keyboard_Button" description="Digits">
            <param name="id">111</param>
            <include>Texture_KeyboardButton</include>
            <onup>3</onup>
            <ondown>131</ondown>
        </include>
    </include>

    <include name="Keyboard_Row_Buttons_QWERTY">
        <include content="Object_Keyboard_Button" description="Letters">
            <param name="id">120</param>
            <include>Texture_KeyboardButton</include>
            <onup>100</onup>
            <ondown>140</ondown>
        </include>
        <include content="Object_Keyboard_Button" description="Letters">
            <param name="id">121</param>
            <include>Texture_KeyboardButton</include>
            <onup>101</onup>
            <ondown>141</ondown>
        </include>
        <include content="Object_Keyboard_Button" description="Letters">
            <param name="id">122</param>
            <include>Texture_KeyboardButton</include>
            <onup>102</onup>
            <ondown>142</ondown>
        </include>
        <include content="Object_Keyboard_Button" description="Letters">
            <param name="id">123</param>
            <include>Texture_KeyboardButton</include>
            <onup>103</onup>
            <ondown>143</ondown>
        </include>
        <include content="Object_Keyboard_Button" description="Letters">
            <param name="id">124</param>
            <include>Texture_KeyboardButton</include>
            <onup>104</onup>
            <ondown>144</ondown>
        </include>
        <include content="Object_Keyboard_Button" description="Letters">
            <param name="id">125</param>
            <include>Texture_KeyboardButton</include>
            <onup>105</onup>
            <ondown>145</ondown>
        </include>
        <include content="Object_Keyboard_Button" description="Letters">
            <param name="id">126</param>
            <include>Texture_KeyboardButton</include>
            <onup>106</onup>
            <ondown>146</ondown>
        </include>
        <include content="Object_Keyboard_Button" description="Letters">
            <param name="id">127</param>
            <include>Texture_KeyboardButton</include>
            <onup>107</onup>
            <ondown>147</ondown>
        </include>
        <include content="Object_Keyboard_Button" description="Letters">
            <param name="id">128</param>
            <include>Texture_KeyboardButton</include>
            <onup>108</onup>
            <ondown>148</ondown>
        </include>
        <include content="Object_Keyboard_Button" description="Letters">
            <param name="id">129</param>
            <include>Texture_KeyboardButton</include>
            <onup>109</onup>
            <ondown>149</ondown>
        </include>
        <include content="Object_Keyboard_Button" description="Letters">
            <param name="id">130</param>
            <include>Texture_KeyboardButton</include>
            <onup>110</onup>
            <ondown>150</ondown>
        </include>
        <include content="Object_Keyboard_Button" description="Letters">
            <param name="id">131</param>
            <include>Texture_KeyboardButton</include>
            <onup>111</onup>
            <ondown>151</ondown>
        </include>
    </include>

    <include name="Keyboard_Row_Buttons_ASDFGH">
        <include content="Object_Keyboard_Button" description="Letters">
            <param name="id">140</param>
            <include>Texture_KeyboardButton</include>
            <onup>120</onup>
            <ondown>160</ondown>
        </include>
        <include content="Object_Keyboard_Button" description="Letters">
            <param name="id">141</param>
            <include>Texture_KeyboardButton</include>
            <onup>121</onup>
            <ondown>161</ondown>
        </include>
        <include content="Object_Keyboard_Button" description="Letters">
            <param name="id">142</param>
            <include>Texture_KeyboardButton</include>
            <onup>122</onup>
            <ondown>162</ondown>
        </include>
        <include content="Object_Keyboard_Button" description="Letters">
            <param name="id">143</param>
            <include>Texture_KeyboardButton</include>
            <onup>123</onup>
            <ondown>163</ondown>
        </include>
        <include content="Object_Keyboard_Button" description="Letters">
            <param name="id">144</param>
            <include>Texture_KeyboardButton</include>
            <onup>124</onup>
            <ondown>164</ondown>
        </include>
        <include content="Object_Keyboard_Button" description="Letters">
            <param name="id">145</param>
            <include>Texture_KeyboardButton</include>
            <onup>125</onup>
            <ondown>165</ondown>
        </include>
        <include content="Object_Keyboard_Button" description="Letters">
            <param name="id">146</param>
            <include>Texture_KeyboardButton</include>
            <onup>126</onup>
            <ondown>166</ondown>
        </include>
        <include content="Object_Keyboard_Button" description="Letters">
            <param name="id">147</param>
            <include>Texture_KeyboardButton</include>
            <onup>127</onup>
            <ondown>167</ondown>
        </include>
        <include content="Object_Keyboard_Button" description="Letters">
            <param name="id">148</param>
            <include>Texture_KeyboardButton</include>
            <onup>128</onup>
            <ondown>168</ondown>
        </include>
        <include content="Object_Keyboard_Button" description="Letters">
            <param name="id">149</param>
            <include>Texture_KeyboardButton</include>
            <onup>129</onup>
            <ondown>169</ondown>
        </include>
        <include content="Object_Keyboard_Button" description="Letters">
            <param name="id">150</param>
            <include>Texture_KeyboardButton</include>
            <onup>130</onup>
            <ondown>170</ondown>
        </include>
        <include content="Object_Keyboard_Button" description="Letters">
            <param name="id">151</param>
            <include>Texture_KeyboardButton</include>
            <onup>131</onup>
            <ondown>171</ondown>
        </include>
    </include>

    <include name="Keyboard_Row_Buttons_ZXCVBN">
        <include content="Object_Keyboard_Button" description="Letters">
            <param name="id">160</param>
            <include>Texture_KeyboardButton</include>
            <onup>140</onup>
            <ondown>300</ondown>
        </include>
        <include content="Object_Keyboard_Button" description="Letters">
            <param name="id">161</param>
            <include>Texture_KeyboardButton</include>
            <onup>141</onup>
            <ondown>301</ondown>
        </include>
        <include content="Object_Keyboard_Button" description="Letters">
            <param name="id">162</param>
            <include>Texture_KeyboardButton</include>
            <onup>142</onup>
            <ondown>302</ondown>
        </include>
        <include content="Object_Keyboard_Button" description="Letters">
            <param name="id">163</param>
            <include>Texture_KeyboardButton</include>
            <onup>143</onup>
            <ondown>303</ondown>
        </include>
        <include content="Object_Keyboard_Button" description="Letters">
            <param name="id">164</param>
            <include>Texture_KeyboardButton</include>
            <onup>144</onup>
            <ondown>304</ondown>
        </include>
        <include content="Object_Keyboard_Button" description="Letters">
            <param name="id">165</param>
            <include>Texture_KeyboardButton</include>
            <onup>145</onup>
            <ondown>307</ondown>
        </include>
        <include content="Object_Keyboard_Button" description="Letters">
            <param name="id">166</param>
            <include>Texture_KeyboardButton</include>
            <onup>146</onup>
            <ondown>32</ondown>
        </include>
        <include content="Object_Keyboard_Button" description="Letters">
            <param name="id">167</param>
            <include>Texture_KeyboardButton</include>
            <onup>147</onup>
            <ondown>32</ondown>
        </include>
        <include content="Object_Keyboard_Button" description="Letters">
            <param name="id">168</param>
            <include>Texture_KeyboardButton</include>
            <onup>148</onup>
            <ondown>32</ondown>
        </include>
        <include content="Object_Keyboard_Button" description="Letters">
            <param name="id">169</param>
            <include>Texture_KeyboardButton</include>
            <onup>149</onup>
            <ondown>8</ondown>
        </include>
        <include content="Object_Keyboard_Button" description="Letters">
            <param name="id">170</param>
            <include>Texture_KeyboardButton</include>
            <onup>150</onup>
            <ondown>305</ondown>
        </include>
        <include content="Object_Keyboard_Button" description="Letters">
            <param name="id">171</param>
            <include>Texture_KeyboardButton</include>
            <onup>151</onup>
            <ondown>306</ondown>
        </include>
    </include>

    <include name="Keyboard_Row_Buttons_SYMBOL">
        <include content="Object_Keyboard_Button" description="Done">
            <param name="id">300</param>
            <include>Texture_KeyboardButton</include>
            <font>font_midi_iconic</font>
            <label>&#xF058;</label>
            <onup>160</onup>
        </include>
        <include content="Object_Keyboard_Button" description="Cancel">
            <param name="id">301</param>
            <include>Texture_KeyboardButton</include>
            <font>font_midi_iconic</font>
            <label>&#xf05c;</label>
            <onup>161</onup>
        </include>
        <include content="Object_Keyboard_Button" description="Shift">
            <param name="id">302</param>
            <param name="control">radiobutton</param>
            <include>Texture_KeyboardButton</include>
            <font>font_main_iconic</font>
            <label>&#xf01b;</label>
            <radiowidth>16</radiowidth>
            <radioheight>16</radioheight>
            <radioposx>32</radioposx>
            <radioposy>52</radioposy>
            <aligny>top</aligny>
            <textoffsety>16</textoffsety>
            <onup>162</onup>
        </include>
        <include content="Object_Keyboard_Button" description="Caps">
            <param name="id">303</param>
            <param name="control">radiobutton</param>
            <include>Texture_KeyboardButton</include>
            <font>font_main_iconic</font>
            <label>&#xf13e;</label>
            <radiowidth>16</radiowidth>
            <radioheight>16</radioheight>
            <radioposx>32</radioposx>
            <radioposy>52</radioposy>
            <aligny>top</aligny>
            <textoffsety>16</textoffsety>
            <onup>163</onup>
        </include>
        <include content="Object_Keyboard_Button" description="Symbols">
            <param name="id">304</param>
            <param name="control">radiobutton</param>
            <include>Texture_KeyboardButton</include>
            <font>font_main_iconic</font>
            <label>&#xf1ab;</label>
            <radiowidth>16</radiowidth>
            <radioheight>16</radioheight>
            <radioposx>32</radioposx>
            <radioposy>52</radioposy>
            <aligny>top</aligny>
            <textoffsety>20</textoffsety>
            <onup>164</onup>
        </include>

        <include content="Object_Keyboard_Button" description="IP Address">
            <param name="id">307</param>
            <include>Texture_KeyboardButton</include>
            <font>font_midi_iconic</font>
            <label>&#xf6ff;</label>
            <onup>165</onup>
        </include>

        <include content="Object_Keyboard_Button" description="Space">
            <param name="id">32</param>
            <label>20182</label>
            <width>keyboard_spacebar_w</width>
            <onup>167</onup>
        </include>
        <include content="Object_Keyboard_Button" description="Backspace">
            <param name="id">8</param>
            <include>Texture_KeyboardButton</include>
            <font>font_midi_iconic</font>
            <label>&#xF55A;</label>
            <onup>169</onup>
        </include>
        <include content="Object_Keyboard_Button" description="Left">
            <param name="id">305</param>
            <include>Texture_KeyboardButton</include>
            <font>font_midi_iconic</font>
            <label>&#xf0a8;</label>
            <onup>170</onup>
        </include>
        <include content="Object_Keyboard_Button" description="Right">
            <param name="id">306</param>
            <include>Texture_KeyboardButton</include>
            <font>font_midi_iconic</font>
            <label>&#xf0a9;</label>
            <onup>171</onup>
        </include>
    </include>

    <include name="Keyboard_Standard">
        <include>Dialog_Dim_Overlay</include>
        <control type="group">
            <include>Dimension_DialogKeysMenu</include>
            <include>Animation_Right_Delay</include>

            <include content="Dialog_Foreground_Side">
                <param name="dialog_size">Dimension_DialogKeysMenu</param>
                <param name="lines_right">0</param>
                <param name="topline">true</param>
                <param name="subline">true</param>
            </include>

            <control type="group">
                <!-- Header -->
                <include content="Dialog_Head">
                    <param name="id">311</param>
                </include>
                <include>Dialog_Manage_Head_Button</include>

                <!-- Content -->
                <control type="group">
                    <include>Dimension_Dialog_Body</include>

                    <control type="group">
                        <left>20</left>
                        <right>20</right>
                        <bottom>20</bottom>
                        <top>20</top>

                        <!-- Text Entry -->
                        <control type="group" id="8312">
                            <height>80</height>
                            <width>keyboard_edit_w</width>
                            <control type="image">
                                <texture colordiffuse="$VAR[Color_DialogBorder]" border="40">common/menu.png</texture>
                                <visible>!Control.HasFocus(312)</visible>
                            </control>
                            <control type="image">
                                <include>Texture_Menu_Highlight_H</include>
                                <visible>Control.HasFocus(312)</visible>
                            </control>
                            <control type="edit" id="312">
                                <texturenofocus />
                                <texturefocus />
                                <!-- <top>30</top>
                                <height>40</height> -->
                                <align>center</align>
                                <textoffsetx>40</textoffsetx>
                                <width>keyboard_edit_w</width>
                                <ondown>3</ondown>
                                <onright>9898</onright>
                                <font>font_midi</font>
                            </control>
                        </control>

                        <!-- <control type="image">
                            <top>100</top>
                            <height>1</height>
                            <texture colordiffuse="$VAR[Color_DialogBorder]">common/white.png</texture>
                        </control> -->

                        <!-- Autocomplete -->
                        <control type="group">
                            <height>240</height>
                            <top>100</top>
                            <include content="List_DialogSelect">
                                <param name="id">3</param>
                                <param name="textcolor">dialog_fg</param>
                                <param name="control">panel</param>
                                <param name="item_w">356.66</param>
                                <param name="itemlayout_w">356.66</param>
                                <param name="itemlayout_include">Layout_DialogSimple</param>
                                <param name="orientation">horizontal</param>
                                <content>plugin://plugin.program.autocompletion?info=autocomplete&amp;&amp;id=$INFO[Control.GetLabel(312).index(1)]</content>
                                <visible>!Control.IsViible(313)</visible>
                                <visible>!Control.IsViible(314)</visible>
                                <onup>312</onup>
                                <ondown>8001</ondown>
                            </include>

                            <control type="group">
                                <height>120</height>
                                <centertop>50%</centertop>
                                <include content="Object_Control" description="Text Entry (Chinese)">
                                    <param name="id">313</param>
                                    <param name="control">label</param>
                                    <width>100%</width>
                                    <align>center</align>
                                    <height>40</height>
                                    <font>font_head_bold</font>
                                    <textcolor>dialog_fg_90</textcolor>
                                </include>
                                <include content="Object_Control" description="Text Choices (Chinese)">
                                    <param name="id">314</param>
                                    <param name="control">label</param>
                                    <width>100%</width>
                                    <align>center</align>
                                    <height>80</height>
                                    <font>font_midi</font>
                                    <textcolor>dialog_fg_90</textcolor>
                                    <bottom>0</bottom>
                                </include>
                            </control>
                        </control>

                        <!-- <control type="image">
                            <bottom>460</bottom>
                            <height>1</height>
                            <texture colordiffuse="$VAR[Color_DialogBorder]">common/white.png</texture>
                        </control> -->


                        <!-- Keys -->
                        <control type="grouplist" id="8000">
                            <align>bottom</align>
                            <orientation>vertical</orientation>
                            <itemgap>keyboard_pad</itemgap>
                            <include content="Keyboard_Row">
                                <param name="id">8001</param>
                                <param name="keys">123456</param>
                            </include>
                            <include content="Keyboard_Row">
                                <param name="id">8002</param>
                                <param name="keys">QWERTY</param>
                            </include>
                            <include content="Keyboard_Row">
                                <param name="id">8003</param>
                                <param name="keys">ASDFGH</param>
                            </include>
                            <include content="Keyboard_Row">
                                <param name="id">8004</param>
                                <param name="keys">ZXCVBN</param>
                            </include>
                            <include content="Keyboard_Row">
                                <param name="id">8005</param>
                                <param name="keys">SYMBOL</param>
                            </include>
                        </control>
                    </control>
                </control>
            </control>
        </control>
        <include content="Dialog_Manage">
            <param name="onback">8000</param>
            <param name="include">Items_DialogKeyboard</param>
        </include>
    </include>

    <include name="Keyboard_Numeric_Row_Grouplist">
        <control type="grouplist">
            <orientation>horizontal</orientation>
            <itemgap>keyboard_pad</itemgap>
            <height>keyboard_numeric</height>
            <nested />
        </control>
    </include>

    <include name="Keyboard_Numeric_Row_123">
        <include content="Object_Numeric_Button" description="Number">
            <param name="id">11</param>
            <label>$NUMBER[1]</label>
            <ondown>14</ondown>
        </include>
        <include content="Object_Numeric_Button" description="Number">
            <param name="id">12</param>
            <label>$NUMBER[2]</label>
            <ondown>15</ondown>
        </include>
        <include content="Object_Numeric_Button" description="Number">
            <param name="id">13</param>
            <label>$NUMBER[3]</label>
            <ondown>16</ondown>
        </include>
        <include content="Object_Numeric_Button" description="Back">
            <param name="id">23</param>
            <label>&#xf55a;</label>
            <font>font_midi_iconic</font>
            <ondown>99</ondown>
        </include>
    </include>

    <include name="Keyboard_Numeric_Row_456">
        <include content="Object_Numeric_Button" description="Number">
            <param name="id">14</param>
            <label>$NUMBER[4]</label>
            <onup>11</onup>
            <ondown>17</ondown>
        </include>
        <include content="Object_Numeric_Button" description="Number">
            <param name="id">15</param>
            <label>$NUMBER[5]</label>
            <onup>12</onup>
            <ondown>18</ondown>
        </include>
        <include content="Object_Numeric_Button" description="Number">
            <param name="id">16</param>
            <label>$NUMBER[6]</label>
            <onup>13</onup>
            <ondown>19</ondown>
        </include>
        <include content="Object_Numeric_Button" description="Back">
            <param name="id">99</param>
            <label>&#xf05c;</label>
            <font>font_midi_iconic</font>
            <onup>23</onup>
            <ondown>21</ondown>
            <onclick>PreviousMenu</onclick>
        </include>

    </include>

    <include name="Keyboard_Numeric_Row_789">
        <include content="Object_Numeric_Button" description="Number">
            <param name="id">17</param>
            <label>$NUMBER[7]</label>
            <onup>14</onup>
            <ondown>20</ondown>
        </include>
        <include content="Object_Numeric_Button" description="Number">
            <param name="id">18</param>
            <label>$NUMBER[8]</label>
            <onup>15</onup>
            <ondown>10</ondown>
        </include>
        <include content="Object_Numeric_Button" description="Number">
            <param name="id">19</param>
            <label>$NUMBER[9]</label>
            <onup>16</onup>
            <ondown>22</ondown>
        </include>
        <include content="Object_Numeric_Button" description="Confirm">
            <param name="id">21</param>
            <label>&#xf058;</label>
            <font>font_midi_iconic</font>
            <onup>99</onup>
            <ondown>22</ondown>
        </include>
    </include>

    <include name="Keyboard_Numeric_Row_000">
        <include content="Object_Numeric_Button" description="Left">
            <param name="id">20</param>
            <font>font_midi_iconic</font>
            <label>&#xf0a8;</label>
            <onup>17</onup>
        </include>
        <include content="Object_Numeric_Button" description="Number">
            <param name="id">10</param>
            <label>$NUMBER[0]</label>
            <onup>18</onup>
        </include>
        <include content="Object_Numeric_Button" description="Right">
            <param name="id">22</param>
            <font>font_midi_iconic</font>
            <label>&#xf0a9;</label>
            <onup>19</onup>
        </include>
    </include>

    <include name="Keyboard_Numeric">
        <control type="image">
            <include>Animation_FadeIn</include>
            <include>Animation_FadeOut</include>
            <texture colordiffuse="panel_bg_70">common/white.png</texture>
        </control>
        <control type="group">
            <include>Animation_SlideIn_Dialog</include>
            <control type="group">
                <include>Dimension_DialogNumeric</include>
                <include content="Dialog_Foreground_Side">
                    <param name="dialog_size">Dimension_DialogNumeric</param>
                    <param name="topline">true</param>
                    <param name="subline">true</param>
                </include>
                <!-- <include>Dialog_Overlay_Tray</include> -->
                <control type="group">
                    <!-- Header -->
                    <include>Dialog_Head</include>
                    <!-- <include>Dialog_Head_CloseButton</include> -->

                    <!-- Content -->
                    <control type="group">
                        <include>Dimension_Dialog_Body</include>
                        <control type="group" id="8000">
                            <left>20</left>
                            <right>20</right>
                            <bottom>20</bottom>
                            <top>20</top>
                            <control type="group">
                                <height>160</height> <!-- 280 -->
                                <control type="image">
                                    <texture colordiffuse="$VAR[Color_DialogBorder]" border="40">common/menu.png</texture>
                                    <bottom>40</bottom>
                                </control>
                                <control type="label" id="4">
                                    <align>center</align>
                                    <textoffset>40</textoffset>
                                    <width>100%</width>
                                    <disabledcolor>dialog_bg_30</disabledcolor>
                                    <bottom>40</bottom>
                                    <font>font_head</font>
                                </control>
                                <control type="image">
                                    <height>1</height>
                                    <centerbottom>20</centerbottom>
                                    <left>20</left>
                                    <right>20</right>
                                    <texture colordiffuse="$VAR[Color_DialogBorder]">common/white.png</texture>
                                </control>
                            </control>
                            <control type="grouplist">
                                <top>160</top> <!-- 280 -->
                                <orientation>vertical</orientation>
                                <itemgap>keyboard_pad</itemgap>
                                <include content="Keyboard_Numeric_Row_Grouplist">
                                    <include>Keyboard_Numeric_Row_123</include>
                                </include>
                                <include content="Keyboard_Numeric_Row_Grouplist">
                                    <include>Keyboard_Numeric_Row_456</include>
                                </include>
                                <include content="Keyboard_Numeric_Row_Grouplist">
                                    <include>Keyboard_Numeric_Row_789</include>
                                </include>
                                <include content="Keyboard_Numeric_Row_Grouplist">
                                    <include>Keyboard_Numeric_Row_000</include>
                                </include>
                            </control>
                        </control>
                    </control>
                </control>
            </control>
        </control>
    </include>


</includes>