<?xml version="1.0" encoding="UTF-8"?>
<includes>

    <include name="Dialog_Background_Toast">
        <param name="overlay_visible">true</param>
        <param name="overlay_height">120</param>
        <param name="diffuse">diffuse/landscape_w480_h270.png</param>
        <definition>
            <control type="group">
                <include content="Dialog_Background_Blur">
                    <param name="flipy">true</param>
                    <param name="aspectratio">scale</param>
                    <param name="diffuse">$PARAM[diffuse]</param>
                    <param name="border">0</param>
                </include>
                <control type="image">
                    <texture colordiffuse="dialog_fg_12" border="20">common/dialog.png</texture>
                </control>
                <control type="image">
                    <height>$PARAM[overlay_height]</height>
                    <texture colordiffuse="dialog_fg_12" border="20" flipy="true">common/dialog_overlay_v.png</texture>
                    <visible>$PARAM[overlay_visible]</visible>
                </control>
                <nested />
            </control>
        </definition>
    </include>

    <include name="Dialog_Background_Toast_Nib">
        <control type="image">
            <top>-15</top>
            <height>16</height>
            <width>16</width>
            <texture colordiffuse="ff55555f" flipy="false">arrows/arrow-menu-up.png</texture>
            <nested />
        </control>
    </include>

    <include name="Dialog_Background_Toast_Nib_Left">
        <control type="image">
            <left>-15</left>
            <height>16</height>
            <width>16</width>
            <texture colordiffuse="ff55555f" flipx="false">arrows/arrow-menu.png</texture>
            <nested />
        </control>
    </include>

    <include name="Dialog_Background_Blur_Standard">
        <param name="flipy">false</param>
        <param name="shadow">true</param>
        <param name="border">20</param>
        <definition>
            <control type="group">
                <control type="image">
                    <aspectratio scalediffuse="false">$PARAM[aspectratio]</aspectratio>
                    <include condition="$PARAM[shadow]">Texture_Shadow_80</include>
                    <texture border="$PARAM[border]" flipy="$PARAM[flipy]" diffuse="$PARAM[diffuse]">$VAR[Image_SimpleDialogBackground]</texture>
                </control>
                <control type="image">
                    <texture colordiffuse="dialog_overlay" border="20">common/dialog.png</texture>
                </control>
                <nested />
            </control>
        </definition>
    </include>

    <include name="Dialog_Background_Blur_Adaptive">
        <param name="flipy">false</param>
        <param name="shadow">true</param>
        <param name="outline">true</param>
        <param name="diffuse">diffuse/dialog_w1000_h1000.png</param>
        <definition>
            <control type="group">
                <control type="image">
                    <texture colordiffuse="dialog_bg_100" border="20">common/dialog.png</texture>
                </control>
                <control type="image">
                    <fadetime>background_fadetime</fadetime>
                    <aspectratio scalediffuse="false" align="left">scale</aspectratio>
                    <include condition="$PARAM[shadow]">Texture_Shadow_80</include>
                    <texture flipy="$PARAM[flipy]" diffuse="$PARAM[diffuse]" colordiffuse="dialog_fg_30">$VAR[Image_Background_Blur]</texture>
                </control>
                <include content="Object_Control" condition="$PARAM[outline]">
                    <param name="control">image</param>
                    <bordersize>0</bordersize>
                    <texture colordiffuse="dialog_fg_12" border="20">common/box-outline.png</texture>
                </include>
                <nested />
            </control>
        </definition>
    </include>

    <include name="Dialog_Background_Blur">
        <include content="Dialog_Background_Blur_Standard" condition="!$EXP[Exp_DialogTheme_IsAdaptive]">
            <param name="shadow">$PARAM[shadow]</param>
            <param name="flipy">$PARAM[flipy]</param>
            <param name="flipx">$PARAM[flipx]</param>
            <param name="diffuse">$PARAM[diffuse]</param>
            <param name="outline">$PARAM[outline]</param>
            <param name="border">$PARAM[border]</param>
            <nested />
        </include>
        <include content="Dialog_Background_Blur_Adaptive" condition="$EXP[Exp_DialogTheme_IsAdaptive]">
            <param name="shadow">$PARAM[shadow]</param>
            <param name="flipy">$PARAM[flipy]</param>
            <param name="flipx">$PARAM[flipx]</param>
            <param name="diffuse">$PARAM[diffuse]</param>
            <param name="outline">$PARAM[outline]</param>
            <param name="border">$PARAM[border]</param>
            <nested />
        </include>
    </include>

    <include name="Dialog_Background_BlurDimension_DialogSideMenu">
        <include content="Dialog_Background_Blur">
            <param name="diffuse">diffuse/dialog_w680_h1000.png</param>
        </include>
    </include>

    <include name="Dialog_Background_BlurDimension_DialogHomeMenu">
        <include content="Dialog_Background_Blur">
            <param name="diffuse">diffuse/dialog_w760_h1000.png</param>
        </include>
    </include>

    <include name="Dialog_Background_BlurDimension_DialogWideMenu">
        <include content="Dialog_Background_Blur">
            <param name="diffuse">diffuse/dialog_w920_h1000.png</param>
        </include>
    </include>

    <include name="Dialog_Background_BlurDimension_DialogHugeMenu">
        <include content="Dialog_Background_Blur">
            <param name="diffuse">diffuse/dialog_w1480_h1000.png</param>
        </include>
    </include>

    <include name="Dialog_Background_BlurDimension_DialogFullMenu">
        <include content="Dialog_Background_Blur">
            <param name="diffuse">diffuse/dialog_w1480_h1000.png</param>
        </include>
    </include>

    <include name="Dialog_Overlay_Side_Panel_Adaptive">
        <definition>
            <control type="image">
                <include content="Object_Right" condition="$PARAM[flipped]">
                    <param name="right">120</param>
                </include>
                <include content="Object_Left" condition="![$PARAM[flipped]]">
                    <param name="left">120</param>
                </include>
                <texture colordiffuse="dialog_fg_12" border="20" flipx="$PARAM[flipped]">common/dialog.png</texture>
            </control>
            <control type="image">
                <width>12</width>
                <include content="Object_Right" condition="$PARAM[flipped]">
                    <param name="right">120</param>
                </include>
                <include content="Object_Left" condition="![$PARAM[flipped]]">
                    <param name="left">120</param>
                </include>
                <texture colordiffuse="dialog_fg_12" border="6,20,6,20" flipx="$PARAM[flipped]">common/dialog-edge-outline.png</texture>
            </control>
        </definition>
    </include>

    <include name="Dialog_Overlay_Side_Panel_Standard">
        <definition>
            <control type="image">
                <include content="Object_Right" condition="$PARAM[flipped]">
                    <param name="right">120</param>
                </include>
                <include content="Object_Left" condition="![$PARAM[flipped]]">
                    <param name="left">120</param>
                </include>
                <texture colordiffuse="dialog_fg_12" border="20" flipx="$PARAM[flipped]">common/dialog_overlay.png</texture>
            </control>
        </definition>
    </include>

    <include name="Dialog_Overlay_Side_Panel">
        <definition>
            <include content="Dialog_Overlay_Side_Panel_Standard" condition="![$EXP[Exp_DialogTheme_IsAdaptive]]">
                <param name="flipped">$PARAM[flipped]</param>
            </include>
            <include content="Dialog_Overlay_Side_Panel_Adaptive" condition="$EXP[Exp_DialogTheme_IsAdaptive]">
                <param name="flipped">$PARAM[flipped]</param>
            </include>
        </definition>
    </include>

    <include name="Dialog_Overlay_Mode_Panel_Adaptive">
        <definition>
            <control type="image">
                <include content="Object_Top" condition="$PARAM[flipped]">
                    <param name="top">120</param>
                </include>
                <include content="Object_Bottom" condition="![$PARAM[flipped]]">
                    <param name="bottom">120</param>
                </include>
                <texture colordiffuse="dialog_fg_12" border="20" flipy="$PARAM[flipped]">common/dialog.png</texture>
            </control>
            <control type="image">
                <height>12</height>
                <include content="Object_Top" condition="$PARAM[flipped]">
                    <param name="top">120</param>
                </include>
                <include content="Object_Bottom" condition="![$PARAM[flipped]]">
                    <param name="bottom">120</param>
                </include>
                <texture colordiffuse="dialog_fg_12" border="20,6,20,6" flipy="$PARAM[flipped]">common/dialog-edge-outline-v.png</texture>
            </control>
        </definition>
    </include>

    <include name="Dialog_Overlay_Mode_Panel_Standard">
        <definition>
            <control type="image">
                <include content="Object_Top" condition="$PARAM[flipped]">
                    <param name="top">120</param>
                </include>
                <include content="Object_Bottom" condition="![$PARAM[flipped]]">
                    <param name="bottom">120</param>
                </include>
                <texture colordiffuse="dialog_fg_12" border="20" flipy="$PARAM[flipped]">common/dialog_overlay_v.png</texture>
            </control>
        </definition>
    </include>

    <include name="Dialog_Overlay_Mode_Panel">
        <definition>
            <include content="Dialog_Overlay_Mode_Panel_Standard" condition="![$EXP[Exp_DialogTheme_IsAdaptive]]">
                <param name="flipped">$PARAM[flipped]</param>
            </include>
            <include content="Dialog_Overlay_Mode_Panel_Adaptive" condition="$EXP[Exp_DialogTheme_IsAdaptive]">
                <param name="flipped">$PARAM[flipped]</param>
            </include>
        </definition>
    </include>

    <include name="Dialog_Overlay_Side">
        <param name="flipx">true</param>
        <param name="flipped">true</param>
        <param name="topline">true</param>
        <param name="subline">true</param>
        <param name="dim_top">-200</param>
        <param name="dim_bottom">-200</param>
        <param name="dim_visible">true</param>
        <param name="lines_right">0</param>
        <definition>
            <control type="group">
                <include content="Object_Dim_Side">
                    <param name="flipx">$PARAM[flipx]</param>
                    <top>$PARAM[dim_top]</top>
                    <bottom>$PARAM[dim_bottom]</bottom>
                    <left>-320</left>
                    <right>-320</right>
                    <visible>$PARAM[dim_visible]</visible>
                </include>
                <control type="group">
                    <include content="Dimension_Padding">
                        <param name="pad">40</param>
                    </include>
                    <include condition="$EXP[Exp_DialogTheme_IsAdaptive]">Dialog_Background_Blur$PARAM[dialog_size]</include>
                    <include condition="!$EXP[Exp_DialogTheme_IsAdaptive]">Dialog_Background_Blur_Standard</include>
                    <control type="group">
                        <include content="Object_Right" condition="$PARAM[flipped]">
                            <param name="right">160</param>
                        </include>
                        <include content="Object_Left" condition="![$PARAM[flipped]]">
                            <param name="left">160</param>
                        </include>
                        <right>40</right>
                        <left>40</left>
                        <include content="Object_Control" condition="$PARAM[topline]">
                            <param name="control">image</param>
                            <top>120</top>
                            <height>1</height>
                            <texture colordiffuse="dialog_fg_12">common/white.png</texture>
                            <right>$PARAM[lines_right]</right>
                        </include>
                        <include content="Object_Control" condition="$PARAM[subline]">
                            <param name="control">image</param>
                            <bottom>40</bottom>
                            <height>1</height>
                            <texture colordiffuse="dialog_fg_12">common/white.png</texture>
                            <right>$PARAM[lines_right]</right>
                        </include>
                    </control>
                    <include content="Dialog_Overlay_Side_Panel">
                        <param name="flipped">$PARAM[flipped]</param>
                    </include>
                </control>
                <nested />
                <include>$PARAM[dialog_size]</include>
            </control>
        </definition>
    </include>

    <include name="Dialog_Nib">
        <param name="nib_pos">70</param>
        <param name="use_side_nib">false</param>
        <definition>
            <!-- <include content="Dialog_Nib_T" condition="![$PARAM[use_side_nib]]">
                <param name="nib_pos">$PARAM[nib_pos]</param>
            </include>
            <include content="Dialog_Nib_L" condition="$PARAM[use_side_nib]">
                <param name="nib_pos">$PARAM[nib_pos]</param>
            </include> -->
        </definition>
    </include>

    <include name="Dialog_Nib_T">
        <param name="nib_pos">70</param>
        <definition>
            <!-- <control type="image">
                <top>-16</top>
                <centerright>$PARAM[nib_pos]</centerright>
                <height>16</height>
                <width>16</width>
                <texture colordiffuse="main_fg_100">arrows/arrow-menu-up.png</texture>
            </control> -->
        </definition>
    </include>

    <include name="Dialog_Nib_L">
        <param name="nib_pos">70</param>
        <definition>
            <!-- <control type="image">
                <left>-16</left>
                <centertop>$PARAM[nib_pos]</centertop>
                <height>16</height>
                <width>16</width>
                <texture colordiffuse="main_fg_100">arrows/arrow-menu.png</texture>
            </control> -->
        </definition>
    </include>

    <include name="Dialog_Group">
        <param name="left">40</param>
        <param name="right">40</param>
        <param name="bottom">40</param>
        <param name="top">40</param>
        <definition>
            <left>$PARAM[left]</left>
            <right>$PARAM[right]</right>
            <bottom>$PARAM[bottom]</bottom>
            <top>$PARAM[top]</top>
        </definition>
    </include>

    <include name="Dialog_Head">
        <param name="id">1</param>
        <param name="textcolor">dialog_fg_90</param>
        <param name="sublabel_visible">true</param>
        <param name="sublabel_include">false</param>
        <definition>
            <control type="group">
                <nested />
                <right>view_side</right>
                <height>view_bar</height>
                <top>view_pad</top>
                <left>view_pad</left>
                <include content="Furniture_Gutters">
                    <animation effect="slide" start="0" end="0,-15" condition="$PARAM[sublabel_visible] + $PARAM[sublabel_include]">Conditional</animation>
                    <include content="Furniture_MainLabel">
                        <param name="id">$PARAM[id]</param>
                        <param name="textcolor">$PARAM[textcolor]</param>
                        <aligny>center</aligny>
                        <label>$PARAM[label]</label>
                    </include>
                    <include content="Furniture_DateLabel" condition="$PARAM[sublabel_include]">
                        <param name="textcolor">$PARAM[textcolor]</param>
                        <param name="label">$PARAM[sublabel]</param>
                        <param name="visible">$PARAM[sublabel_visible]</param>
                    </include>
                </include>
            </control>
        </definition>
    </include>

    <include name="Dialog_Body">
        <definition>
            <control type="group">
                <nested />
                <top>160</top>
                <bottom>80</bottom>
                <left>40</left>
                <right>40</right>
            </control>
        </definition>
    </include>

    <include name="Dialog_Body_Grouplist">
        <definition>
            <include content="Dialog_Body_Group">
                <param name="control">grouplist</param>
                <param name="id">$PARAM[id]</param>
                <nested />
            </include>
        </definition>
    </include>

    <include name="Dialog_Body_Group">
        <param name="control">group</param>
        <definition>
            <control type="$PARAM[control]" id="$PARAM[id]">
                <nested />
                <include>Dimension_Dialog_Body_Group</include>
            </control>
        </definition>
    </include>

    <include name="Dialog_Side_Grouplist">
        <param name="id">9000</param>
        <definition>
            <control type="grouplist" id="$PARAM[id]">
                <nested />
                <top>-30</top>
                <itemgap>0</itemgap>
                <orientation>vertical</orientation>
                <width>160</width>
                <right>-20</right>
            </control>
        </definition>
    </include>

    <include name="Dialog_Side_Button">
        <param name="vertical">true</param>
        <param name="textcolor">dialog_fg</param>
        <param name="id_prefix">0</param>
        <param name="groupid_prefix">1</param>
        <param name="baseid">9</param>
        <definition>
            <include content="DialogInfo_Button">
                <param name="vertical">$PARAM[vertical]</param>
                <param name="itemgap">$PARAM[itemgap]</param>
                <param name="id">$PARAM[baseid]$PARAM[id_prefix]$PARAM[id]</param>
                <param name="groupid">$PARAM[baseid]$PARAM[groupid_prefix]$PARAM[id]</param>
                <param name="label">$PARAM[label]</param>
                <param name="icon">$PARAM[icon]</param>
                <param name="textcolor">$PARAM[textcolor]</param>
                <param name="nf_opacity">$PARAM[nf_opacity]</param>
                <param name="db_opacity">$PARAM[db_opacity]</param>
                <param name="visible">$PARAM[visible]</param>
                <param name="control">$PARAM[control]</param>
                <param name="radioround">$PARAM[radioround]</param>
                <param name="radiocross">$PARAM[radiocross]</param>
                <param name="radiocheck">$PARAM[radiocheck]</param>
                <include content="DialogInfo_Button_HintLabel">
                    <param name="textcolor">$PARAM[textcolor]</param>
                    <param name="label">$PARAM[label]</param>
                </include>
                <nested />
            </include>
        </definition>
    </include>

    <include name="Dialog_Side_Button_BuiltIn">
        <param name="vertical">true</param>
        <param name="textcolor">dialog_fg</param>
        <definition>
            <include content="DialogInfo_Button">
                <param name="vertical">$PARAM[vertical]</param>
                <param name="itemgap">$PARAM[itemgap]</param>
                <param name="id">$PARAM[id]</param>
                <param name="groupid">$PARAM[groupid]</param>
                <param name="label">$PARAM[label]</param>
                <param name="icon">$PARAM[icon]</param>
                <param name="textcolor">$PARAM[textcolor]</param>
                <param name="nf_opacity">$PARAM[nf_opacity]</param>
                <param name="db_opacity">$PARAM[db_opacity]</param>
                <param name="visible">$PARAM[visible]</param>
                <param name="control">$PARAM[control]</param>
                <param name="builtin">true</param>
                <param name="radioround">$PARAM[radioround]</param>
                <param name="radiocross">$PARAM[radiocross]</param>
                <param name="radiocheck">$PARAM[radiocheck]</param>
                <include content="DialogInfo_Button_HintLabel">
                    <param name="textcolor">$PARAM[textcolor]</param>
                    <param name="label">$PARAM[label]</param>
                </include>
                <nested />
            </include>
        </definition>
    </include>

    <include name="_Dialog_Special_Button">
        <definition>
            <control type="group">
                <visible>$PARAM[visible]</visible>
                <control type="group">
                    <centertop>50%</centertop>
                    <height>80</height>
                    <control type="label">
                        <font>font_main_bold</font>
                        <height>40</height>
                        <include content="Object_Left" condition="$PARAM[icon_withtext]">
                            <param name="left">100</param>
                        </include>
                        <include content="Object_Right" condition="![$PARAM[icon_withtext]]">
                            <param name="right">100</param>
                        </include>
                        <left>40</left>
                        <right>40</right>
                        <top>0</top>
                        <textcolor>$PARAM[textcolor]</textcolor>
                        <label>$PARAM[toplabel]</label>
                    </control>
                    <control type="label">
                        <font>font_main</font>
                        <height>40</height>
                        <include content="Object_Right" condition="![$PARAM[icon_withtext]]">
                            <param name="right">100</param>
                        </include>
                        <left>40</left>
                        <right>40</right>
                        <bottom>0</bottom>
                        <textcolor>$PARAM[textcolor]</textcolor>
                        <label>$PARAM[sublabel]</label>
                    </control>
                    <include content="Object_Control" condition="!$PARAM[icon_withtext]">
                        <param name="control">image</param>
                        <bordersize>$PARAM[icon_bordersize]</bordersize>
                        <texture colordiffuse="$PARAM[icon_colordiffuse]" diffuse="diffuse/circle_120.png">$PARAM[icon]</texture>
                        <width>80</width>
                        <height>80</height>
                        <right>20</right>
                        <centertop>50%</centertop>
                    </include>
                    <include content="Object_Control" condition="$PARAM[icon_withtext]">
                        <param name="control">image</param>
                        <bordersize>$PARAM[icon_bordersize]</bordersize>
                        <texture colordiffuse="$PARAM[icon_colordiffuse]" diffuse="diffuse/circle_120.png">$PARAM[icon]</texture>
                        <width>80</width>
                        <height>80</height>
                        <centertop>20</centertop>
                        <centerleft>60</centerleft>
                    </include>
                </control>
                <include content="Object_Control" condition="$EXP[Exp_DialogTheme_IsAdaptive]">
                    <param name="control">image</param>
                    <texture colordiffuse="dialog_fg_12" border="40">common/menu-outline.png</texture>
                </include>
            </control>
        </definition>
    </include>

    <include name="Dialog_Special_Button">
        <param name="icon_withtext">false</param>
        <param name="textcolor">dialog_fg_70</param>
        <param name="icon_colordiffuse">dialog_fg_70</param>
        <definition>
            <control type="group">

                <nested />
                <height>130</height>

                <include content="_Dialog_Special_Button">
                    <param name="toplabel">$PARAM[toplabel]</param>
                    <param name="sublabel">$PARAM[sublabel]</param>
                    <param name="textcolor">$PARAM[textcolor]</param>
                    <param name="icon">$PARAM[icon]</param>
                    <param name="icon_colordiffuse">$PARAM[icon_colordiffuse]</param>
                    <param name="icon_bordersize">$PARAM[icon_bordersize]</param>
                    <param name="icon_withtext">$PARAM[icon_withtext]</param>
                    <param name="visible">!Control.HasFocus($PARAM[id])</param>
                </include>

                <include content="_Dialog_Special_Button">
                    <param name="toplabel">$PARAM[toplabel]</param>
                    <param name="sublabel">$PARAM[sublabel]</param>
                    <param name="textcolor">$VAR[ColorSelected]</param>
                    <param name="icon">$PARAM[icon]</param>
                    <param name="icon_colordiffuse">$VAR[ColorSelected]</param>
                    <param name="icon_bordersize">$PARAM[icon_bordersize]</param>
                    <param name="icon_withtext">$PARAM[icon_withtext]</param>
                    <param name="visible">Control.HasFocus($PARAM[id])</param>
                </include>

            </control>
        </definition>
    </include>

    <include name="Dialog_Textbox">
        <param name="id">9</param>
        <definition>
            <control type="textbox" id="$PARAM[id]">
                <nested />
                <font>font_main_plot</font>
                <textcolor>dialog_fg_70</textcolor>
            </control>
        </definition>
    </include>

    <include name="Dialog_Menu_Button">
        <param name="bordersize">16</param>
        <definition>
            <include content="Settings_Button">
                <param name="id">$PARAM[id]</param>
                <param name="control">$PARAM[control]</param>
                <visible>Control.IsEnabled($PARAM[id])</visible>
                <textoffsetx>40</textoffsetx>
                <textwidth>356</textwidth>
                <radioposx>340</radioposx>
                <textcolor>dialog_fg_70</textcolor>
                <selectedcolor>dialog_fg_70</selectedcolor>
                <nested />
            </include>
            <control type="group" id="$PARAM[groupid]">
                <width>80</width>
                <height>80</height>
                <top>-80</top>
                <right>20</right>
                <visible>Control.IsEnabled($PARAM[id]) + Control.IsVisible($PARAM[id])</visible>

                <control type="group">
                    <height>40</height>
                    <width>40</width>
                    <centerleft>50%</centerleft>
                    <centertop>50%</centertop>
                    <control type="image">
                        <bordersize>icon_home_bordersize</bordersize>
                        <bordersize>$PARAM[bordersize]</bordersize>
                        <aspectratio align="right">keep</aspectratio>
                        <texture colordiffuse="dialog_fg_70">$PARAM[icon]</texture>
                        <visible>!Control.HasFocus($PARAM[id])</visible>
                    </control>
                    <control type="image">
                        <bordersize>icon_home_bordersize</bordersize>
                        <bordersize>$PARAM[bordersize]</bordersize>
                        <aspectratio align="right">keep</aspectratio>
                        <texture colordiffuse="$VAR[ColorSelected]">$PARAM[icon]</texture>
                        <visible>Control.HasFocus($PARAM[id])</visible>
                    </control>
                </control>
            </control>
        </definition>
    </include>

    <include name="Dialog_Preview">
        <control type="group">
            <width>dialog_preview_w</width>
            <right>1000</right>
            <top>160</top>
            <height>680</height>
            <!-- <top>40</top>
            <bottom>40</bottom> -->

            <include content="Animation_Slide_In">
                <param name="type">Visible</param>
                <param name="delay">800</param>
                <param name="posx">320</param>
            </include>
            <include content="Animation_Slide_In">
                <param name="type">WindowOpen</param>
                <param name="delay">800</param>
                <param name="posx">320</param>
            </include>
            <include content="Animation_Fade_Out">
                <param name="type">Hidden</param>
            </include>
            <include content="Animation_Fade_Out">
                <param name="type">WindowClose</param>
            </include>
            <include content="Dialog_Background_Blur">
                <control type="image">
                    <texture colordiffuse="main_fg_12" border="20">common/dialog.png</texture>
                </control>
                <control type="group">
                    <include>Dialog_Group</include>
                    <include content="Dialog_Outline_Box">
                        <param name="colordiffuse">dialog_bg_12</param>
                        <control type="image">
                            <aspectratio scalediffuse="false">keep</aspectratio>
                            <texture diffuse="diffuse/square_w600_h600.png">$PARAM[icon]</texture>
                        </control>
                    </include>
                </control>
            </include>
            <nested />
        </control>
    </include>

    <include name="Dialog_Outline">
        <control type="image">
            <texture colordiffuse="dialog_fg_12" border="12">common/box-outline.png</texture>
        </control>
    </include>

    <include name="Dialog_Box">
        <param name="colordiffuse">dialog_fg_12</param>
        <definition>
            <include content="Object_Shadow_40">
                <param name="colordiffuse">shadow_soft</param>
            </include>
            <control type="image">
                <texture colordiffuse="$PARAM[colordiffuse]" border="12">common/box.png</texture>
            </control>
        </definition>
    </include>

    <include name="Dialog_Outline_Box">
        <param name="outline">true</param>
        <definition>
            <control type="group">
                <include content="Dialog_Box">
                    <param name="colordiffuse">$PARAM[colordiffuse]</param>
                </include>
                <nested />
                <include condition="$PARAM[outline]">Dialog_Outline</include>
            </control>
        </definition>
    </include>

    <include name="Dialog_Scrollbar">
        <param name="id">61</param>
        <definition>
            <control type="scrollbar" id="$PARAM[id]">
                <nested />
                <top>20</top>
                <bottom>20</bottom>
                <centerright>120</centerright>
                <width>scrollbar_w</width>
                <animation effect="fade" condition="!Control.HasFocus($PARAM[id])" start="100" end="0">Conditional</animation>
            </control>
        </definition>
    </include>
</includes>
