{
    "widget_path": "{item_submenulist_path}",
    "widget_target": "{item_submenulist_target}",
    "widget_limit": "{item_submenulist_limit}",
    "widget_sortby": "{item_submenulist_sortby}",
    "widget_sortorder": [
        {
            "condition":"{item_submenulist_sortorder}==True",
            "value" : "descending"
        },
        "ascending"
    ],
    "widget_sort_descending": [
        {
            "condition":"{item_submenulist_sortorder}==True",
            "value" : "True"
        },
        "False"
    ]
}