<?xml version="1.0" encoding="UTF-8"?>
<includes>

    <include name="Shortcuts_Pallette_Open_OnClick">
        <definition>
            <onfocus>SetProperty(list_id,$PARAM[list_id])</onfocus>
            <onfocus>SetProperty(guid,$PARAM[guid])</onfocus>
            <onclick>SetProperty(disabled,$INFO[Container($PARAM[list_id]).ListItem.Property(disabled)])</onclick>
            <onclick>SetProperty(mode,$PARAM[mode])</onclick>
            <onclick>SetProperty(menu,$PARAM[menu])</onclick>
            <onclick>SetProperty(list_id,$PARAM[list_id])</onclick>
            <onclick>SetProperty(forced,$PARAM[forced])</onclick>
            <onclick>SetProperty(url,$PARAM[url])</onclick>
            <onclick>SetFocus(3999)</onclick>
        </definition>
    </include>

    <include name="Shortcuts_Pallette">
        <include content="Object_Hidden_Button">
            <param name="id">3999</param>
            <animation effect="fade" start="0" end="0" time="400" reversible="false">Focus</animation>
            <onfocus>SetFocus(3000)</onfocus>
        </include>
        <control type="group">
            <left>160</left>
            <centertop>50%</centertop>
            <height>240</height>
            <visible>ControlGroup(3000).HasFocus() | Control.HasFocus(3999)</visible>
            <include>Animation_SlideIn_Dialog</include>
            <include>Shortcuts_Pallette_Position_Slide</include>
            <include>Shortcuts_Pallette_Background</include>
            <include>Shortcuts_Pallette_Grouplist</include>
            <include>Shortcuts_Pallette_Header</include>
        </control>
    </include>

    <include name="Shortcuts_Pallette_Grouplist">
        <control type="group">
            <height>120</height>
            <bottom>0</bottom>
            <control type="grouplist" id="3000">
                <align>left</align>
                <left>-20</left>
                <centertop>50%</centertop>
                <height>160</height>
                <orientation>horizontal</orientation>
                <itemgap>0</itemgap>
                <onup>SetFocus($INFO[Window.Property(list_id)])</onup>
                <ondown>SetFocus($INFO[Window.Property(list_id)])</ondown>
                <include>Shortcuts_Pallette_OnBack</include>
                <include>Shortcuts_Pallette_Items</include>
            </control>
        </control>
    </include>

    <include name="Shortcuts_Pallette_Button">
        <include content="Dialog_Side_Button">
            <param name="baseid">3</param>
            <param name="itemgap">0</param>
            <param name="vertical">false</param>
            <param name="id">$PARAM[id]</param>
            <param name="label">$PARAM[label]</param>
            <param name="icon">$PARAM[icon]</param>
            <param name="visible">$PARAM[visible]</param>
            <nested />
            <include>Shortcuts_Pallette_OnBack</include>
        </include>
    </include>

    <expression name="Shortcuts_Pallette_Exp_IsSubmenuList">[Integer.IsEqual(Window.Property(list_id),302) + !String.IsEmpty(Container(300).ListItem.Property(submenulist_path))]</expression>

    <expression name="Shortcuts_Pallette_Exp_HasMoreThanOne">[[[Integer.IsEqual(Window.Property(list_id),300) + Integer.IsGreater(Container(300).NumItems,1)] | [Integer.IsEqual(Window.Property(list_id),302) + Integer.IsGreater(Container(302).NumItems,1)] | [Integer.IsEqual(Window.Property(list_id),303) + Integer.IsGreater(Container(303).NumItems,1)] | [Integer.IsEqual(Window.Property(list_id),304) + Integer.IsGreater(Container(304).NumItems,1)]] + !$EXP[Shortcuts_Pallette_Exp_IsSubmenuList]]</expression>

    <expression name="Shortcuts_Pallette_Exp_IsAddItem">[[Integer.IsEqual(Window.Property(list_id),300) + Integer.IsEqual(Container(300).NumItems,1) + String.IsEmpty(Container(300).ListItem.Property(path))] | [Integer.IsEqual(Window.Property(list_id),302) + Integer.IsEqual(Container(302).NumItems,1) + String.IsEmpty(Container(302).ListItem.Property(path))] | [Integer.IsEqual(Window.Property(list_id),303) + Integer.IsEqual(Container(303).NumItems,1) + String.IsEmpty(Container(303).ListItem.Property(path))] | [Integer.IsEqual(Window.Property(list_id),304) + Integer.IsEqual(Container(304).NumItems,1) + String.IsEmpty(Container(304).ListItem.Property(path))] | $EXP[Shortcuts_Pallette_Exp_IsSubmenuList]]</expression>

    <expression name="Shortcuts_Pallette_Exp_IsIconList">[Integer.IsEqual(Window.Property(list_id),303)]</expression>

    <expression name="Shortcuts_Pallette_Exp_IsVertList">[Integer.IsEqual(Window.Property(list_id),303) | Integer.IsEqual(Window.Property(list_id),304)]</expression>

    <variable name="Shortcuts_Pallette_Up_Icon">
        <value condition="$EXP[Shortcuts_Pallette_Exp_IsVertList]">special://skin/extras/icons/circle-arrow-up.png</value>
        <value>special://skin/extras/icons/circle-arrow-left.png</value>
    </variable>

    <variable name="Shortcuts_Pallette_Down_Icon">
        <value condition="$EXP[Shortcuts_Pallette_Exp_IsVertList]">special://skin/extras/icons/circle-arrow-down.png</value>
        <value>special://skin/extras/icons/circle-arrow-right.png</value>
    </variable>

    <variable name="Shortcuts_Pallette_Up_Label">
        <value condition="$EXP[Shortcuts_Pallette_Exp_IsVertList]">$LOCALIZE[31007]</value>
        <value>$LOCALIZE[39162]</value>
    </variable>
    <variable name="Shortcuts_Pallette_Down_Label">
        <value condition="$EXP[Shortcuts_Pallette_Exp_IsVertList]">$LOCALIZE[31008]</value>
        <value>$LOCALIZE[39164]</value>
    </variable>

    <include name="Shortcuts_Pallette_Items">
        <!-- Move Up -->
        <include content="Shortcuts_Pallette_Button">
            <param name="id">01</param>
            <param name="label">$VAR[Shortcuts_Pallette_Up_Label]</param>
            <param name="icon">$VAR[Shortcuts_Pallette_Up_Icon]</param>
            <param name="visible">$EXP[Shortcuts_Pallette_Exp_HasMoreThanOne]</param>
            <onclick>RunPlugin($INFO[Window.Property(url),,&amp;func=do_move&amp;&amp;move::-1&amp;&amp;window_prop::url])</onclick>
        </include>

        <!-- Move Down -->
        <include content="Shortcuts_Pallette_Button">
            <param name="id">02</param>
            <param name="label">$VAR[Shortcuts_Pallette_Down_Label]</param>
            <param name="icon">$VAR[Shortcuts_Pallette_Down_Icon]</param>
            <param name="visible">$EXP[Shortcuts_Pallette_Exp_HasMoreThanOne]</param>
            <onclick>RunPlugin($INFO[Window.Property(url),,&amp;func=do_move&amp;&amp;move::1&amp;&amp;window_prop::url])</onclick>
        </include>

        <!-- Add New -->
        <include content="Shortcuts_Pallette_Button">
            <param name="id">03</param>
            <param name="label">$LOCALIZE[15019]</param>
            <param name="icon">special://skin/extras/icons/circle-plus.png</param>
            <param name="visible">!$EXP[Shortcuts_Pallette_Exp_IsAddItem]</param>
            <onclick>SetFocus($INFO[Window.Property(list_id)])</onclick>
            <onclick condition="!Integer.IsEqual(Window.Property(list_id),304)">SetProperty(Shortcuts.Groupings.Links,Links,Home)</onclick>
            <onclick condition="!Integer.IsEqual(Window.Property(list_id),304)">RunPlugin($INFO[Window.Property(url),,&amp;func=do_new])</onclick>
            <onclick condition="Integer.IsEqual(Window.Property(list_id),304)">ClearProperty(Shortcuts.Groupings.Links,Home)</onclick>
            <onclick condition="Integer.IsEqual(Window.Property(list_id),304)">RunPlugin($INFO[Window.Property(url),,&amp;func=do_new&amp;&amp;use_rawpath::True])</onclick>

        </include>

        <!-- Cancel -->
        <include content="Shortcuts_Pallette_Button">
            <param name="id">04</param>
            <param name="label">$LOCALIZE[24021]</param>
            <param name="icon">special://skin/extras/icons/circle-cancel.png</param>
            <param name="visible">!$EXP[Shortcuts_Pallette_Exp_IsAddItem] + String.IsEmpty(Window.Property(disabled))</param>
            <onclick>RunPlugin($INFO[Window.Property(url),,&amp;func=do_toggle])</onclick>
            <onclick>SetProperty(disabled,True)</onclick>
            <onclick>SetFocus(3999)</onclick>
        </include>
        <include content="Shortcuts_Pallette_Button">
            <param name="id">05</param>
            <param name="label">$LOCALIZE[24022]</param>
            <param name="icon">special://skin/extras/icons/circle-check-regular.png</param>
            <param name="visible">!$EXP[Shortcuts_Pallette_Exp_IsAddItem] + !String.IsEmpty(Window.Property(disabled))</param>
            <onclick>RunPlugin($INFO[Window.Property(url),,&amp;func=do_toggle])</onclick>
            <onclick>ClearProperty(disabled)</onclick>
            <onclick>SetFocus(3999)</onclick>
        </include>

        <!-- Delete -->
        <include content="Shortcuts_Pallette_Button">
            <param name="id">06</param>
            <param name="label">$LOCALIZE[117]</param>
            <param name="icon">special://skin/extras/icons/trash-can.png</param>
            <param name="visible">String.IsEmpty(Window.Property(forced)) + !$EXP[Shortcuts_Pallette_Exp_IsAddItem]</param>
            <onclick>SetProperty(Shortcuts.Groupings.Links,Links,Home)</onclick>
            <onclick>RunPlugin($INFO[Window.Property(url),,&amp;func=do_delete&amp;&amp;False])</onclick>
            <onclick>SetFocus($INFO[Window.Property(list_id)])</onclick>
        </include>

        <!-- Delete: Submenu List -->
        <include content="Shortcuts_Pallette_Button">
            <param name="id">07</param>
            <param name="label">$LOCALIZE[117]</param>
            <param name="icon">special://skin/extras/icons/trash-can.png</param>
            <param name="visible">Integer.IsEqual(Window.Property(list_id),302) + !String.IsEmpty(Container(300).ListItem.Property(submenulist_path))</param>
            <onclick>RunPlugin($INFO[Container(300).ListItem.Property(url),,&amp;func=do_toggle&amp;&amp;submenulist_path])</onclick>
            <onclick>SetFocus($INFO[Window.Property(list_id)])</onclick>
        </include>

        <!-- Shortcuts -->
        <include content="Shortcuts_Pallette_Button">
            <param name="id">08</param>
            <param name="label">$LOCALIZE[31511]</param>
            <param name="icon">special://skin/extras/icons/share.png</param>
            <param name="visible">String.IsEmpty(Window.Property(forced))</param>
            <onclick condition="!Integer.IsEqual(Window.Property(list_id),304)">SetProperty(Shortcuts.Groupings.Links,Links,Home)</onclick>
            <onclick condition="!Integer.IsEqual(Window.Property(list_id),304)">RunPlugin($INFO[Window.Property(url),,&amp;func=do_choose])</onclick>
            <onclick condition="Integer.IsEqual(Window.Property(list_id),304)">ClearProperty(Shortcuts.Groupings.Links,Home)</onclick>
            <onclick condition="Integer.IsEqual(Window.Property(list_id),304)">RunPlugin($INFO[Window.Property(url),,&amp;func=do_choose&amp;&amp;use_rawpath::True])</onclick>
        </include>

        <!-- Shortcuts: Submenu List -->
        <include content="Shortcuts_Pallette_Button">
            <param name="id">09</param>
            <param name="label">$LOCALIZE[31511]</param>
            <param name="icon">special://skin/extras/icons/share.png</param>
            <param name="visible">Integer.IsEqual(Window.Property(list_id),302) + !String.IsEmpty(Container(300).ListItem.Property(submenulist_path))</param>
            <onclick>ClearProperty(Shortcuts.Groupings.Links,Home)</onclick>
            <onclick>RunPlugin($INFO[Container(300).ListItem.Property(url),,&amp;func=do_choose&amp;&amp;submenulist&amp;&amp;use_rawpath::True])</onclick>
        </include>

        <!-- Action -->
        <include content="Shortcuts_Pallette_Button">
            <param name="id">10</param>
            <param name="label">Action</param>
            <param name="icon">special://skin/extras/icons/terminal.png</param>
            <param name="visible">String.IsEmpty(Window.Property(forced))</param>
            <onclick condition="!Integer.IsEqual(Window.Property(list_id),304)">SetProperty(Shortcuts.Groupings.Links,Links,Home)</onclick>
            <onclick condition="!Integer.IsEqual(Window.Property(list_id),304)">RunPlugin($INFO[Window.Property(url),,&amp;func=do_action])</onclick>
            <onclick condition="Integer.IsEqual(Window.Property(list_id),304)">ClearProperty(Shortcuts.Groupings.Links,Home)</onclick>
            <onclick condition="Integer.IsEqual(Window.Property(list_id),304)">RunPlugin($INFO[Window.Property(url),,&amp;func=do_action&amp;&amp;use_rawpath::True])</onclick>
        </include>

        <!-- Rename -->
        <include content="Shortcuts_Pallette_Button">
            <param name="id">11</param>
            <param name="label">$LOCALIZE[118]</param>
            <param name="icon">special://skin/extras/icons/pen-to-square.png</param>
            <param name="visible">![Integer.IsEqual(Window.Property(list_id),302) + !String.IsEmpty(Container(300).ListItem.Property(submenulist_path))]</param>
            <onclick>RunPlugin($INFO[Window.Property(url),,&amp;func=do_edit])</onclick>
        </include>

        <!-- Icon -->
        <include content="Shortcuts_Pallette_Button">
            <param name="id">12</param>
            <param name="label">$LOCALIZE[31274]</param>
            <param name="icon">special://skin/extras/icons/images.png</param>
            <param name="visible">$EXP[Shortcuts_Pallette_Exp_IsIconList]</param>
            <onclick>RunPlugin($INFO[Window.Property(url),,&amp;func=do_icon])</onclick>
        </include>

        <!-- Highlight Type -->
        <include content="Shortcuts_Pallette_Button">
            <param name="id">13</param>
            <param name="label">$LOCALIZE[467]</param>
            <param name="icon">special://skin/extras/icons/lightbulb.png</param>
            <param name="visible">Integer.IsEqual(Window.Property(list_id),303)</param>
            <onclick>RunPlugin($INFO[Window.Property(url),,&amp;func=do_edit&amp;&amp;expression&amp;&amp;home&amp;movies&amp;tvshows&amp;music&amp;livetv&amp;addons&amp;pictures&amp;weather&amp;videos&amp;search&amp;none&amp;&amp;Highlight type&amp;&amp;True])</onclick>
        </include>

        <!-- Configure Hub -->
        <include content="Shortcuts_Pallette_Button">
            <param name="id">14</param>
            <param name="label">Hub</param>
            <param name="icon">special://skin/extras/icons/screwdriver-wrench.png</param>
            <param name="visible">[Integer.IsEqual(Window.Property(list_id),300) + [String.IsEqual(Container(300).ListItem.Property(path),ActivateWindow(Home)) | String.IsEqual(Container(300).ListItem.Property(path),ActivateWindow(1101)) | String.IsEqual(Container(300).ListItem.Property(path),ActivateWindow(1102)) | String.IsEqual(Container(300).ListItem.Property(path),ActivateWindow(1103)) | String.IsEqual(Container(300).ListItem.Property(path),ActivateWindow(1104)) | String.IsEqual(Container(300).ListItem.Property(path),ActivateWindow(1105)) | String.IsEqual(Container(300).ListItem.Property(path),ActivateWindow(1106)) | String.IsEqual(Container(300).ListItem.Property(path),ActivateWindow(1107)) | String.IsEqual(Container(300).ListItem.Property(path),ActivateWindow(1108)) | String.IsEqual(Container(300).ListItem.Property(path),ActivateWindow(1109))]] | [Integer.IsEqual(Window.Property(list_id),302) + [String.IsEqual(Container(302).ListItem.Property(path),ActivateWindow(Home)) | String.IsEqual(Container(302).ListItem.Property(path),ActivateWindow(1101)) | String.IsEqual(Container(302).ListItem.Property(path),ActivateWindow(1102)) | String.IsEqual(Container(302).ListItem.Property(path),ActivateWindow(1103)) | String.IsEqual(Container(302).ListItem.Property(path),ActivateWindow(1104)) | String.IsEqual(Container(302).ListItem.Property(path),ActivateWindow(1105)) | String.IsEqual(Container(302).ListItem.Property(path),ActivateWindow(1106)) | String.IsEqual(Container(302).ListItem.Property(path),ActivateWindow(1107)) | String.IsEqual(Container(302).ListItem.Property(path),ActivateWindow(1108)) | String.IsEqual(Container(302).ListItem.Property(path),ActivateWindow(1109))]] | [Integer.IsEqual(Window.Property(list_id),304) + [String.IsEqual(Container(304).ListItem.Property(path),ActivateWindow(Home)) | String.IsEqual(Container(304).ListItem.Property(path),ActivateWindow(1101)) | String.IsEqual(Container(304).ListItem.Property(path),ActivateWindow(1102)) | String.IsEqual(Container(304).ListItem.Property(path),ActivateWindow(1103)) | String.IsEqual(Container(304).ListItem.Property(path),ActivateWindow(1104)) | String.IsEqual(Container(304).ListItem.Property(path),ActivateWindow(1105)) | String.IsEqual(Container(304).ListItem.Property(path),ActivateWindow(1106)) | String.IsEqual(Container(304).ListItem.Property(path),ActivateWindow(1107)) | String.IsEqual(Container(304).ListItem.Property(path),ActivateWindow(1108)) | String.IsEqual(Container(304).ListItem.Property(path),ActivateWindow(1109))]] | [Integer.IsEqual(Window.Property(list_id),303) + [String.IsEqual(Container(303).ListItem.Property(path),ActivateWindow(Home)) | String.IsEqual(Container(303).ListItem.Property(path),ActivateWindow(1101)) | String.IsEqual(Container(303).ListItem.Property(path),ActivateWindow(1102)) | String.IsEqual(Container(303).ListItem.Property(path),ActivateWindow(1103)) | String.IsEqual(Container(303).ListItem.Property(path),ActivateWindow(1104)) | String.IsEqual(Container(303).ListItem.Property(path),ActivateWindow(1105)) | String.IsEqual(Container(303).ListItem.Property(path),ActivateWindow(1106)) | String.IsEqual(Container(303).ListItem.Property(path),ActivateWindow(1107)) | String.IsEqual(Container(303).ListItem.Property(path),ActivateWindow(1108)) | String.IsEqual(Container(303).ListItem.Property(path),ActivateWindow(1109))]]</param>

            <include content="Shortcuts_Pallette_Hub_Configure_Onclick">
                <param name="id">300</param>
            </include>
            <include content="Shortcuts_Pallette_Hub_Configure_Onclick">
                <param name="id">302</param>
            </include>
            <include content="Shortcuts_Pallette_Hub_Configure_Onclick">
                <param name="id">303</param>
            </include>
            <include content="Shortcuts_Pallette_Hub_Configure_Onclick">
                <param name="id">304</param>
            </include>

            <onclick>SetFocus(340)</onclick>
        </include>

        <!-- Options Dialog -->
        <include content="Shortcuts_Pallette_Button">
            <param name="id">15</param>
            <param name="label">$LOCALIZE[33063]</param>
            <param name="icon">special://skin/extras/icons/settings.png</param>
            <param name="visible">Integer.IsEqual(Window.Property(list_id),302) | Integer.IsEqual(Window.Property(list_id),304)</param>

            <!-- Submenu Options -->
            <onclick condition="Integer.IsEqual(Window.Property(list_id),302)">SetProperty(Options.Mode.Heading,Submenu)</onclick>
            <onclick condition="Integer.IsEqual(Window.Property(list_id),302)">SetProperty(Options.Mode.Heading.Sublabel,$INFO[Window.Property(hub_prefix)] >$INFO[Container(300).ListItem.Label])</onclick>
            <onclick condition="Integer.IsEqual(Window.Property(list_id),302)">SetProperty(Options.Mode,Categories.Submenu)</onclick>
            <onclick condition="Integer.IsEqual(Window.Property(list_id),302)">SetFocus(33999)</onclick>

            <!-- Widgets Options -->
            <onclick condition="Integer.IsEqual(Window.Property(list_id),304)">SetProperty(Options.Mode.Heading,Widgets)</onclick>
            <onclick condition="Integer.IsEqual(Window.Property(list_id),304)">SetProperty(Options.Mode.Heading.Sublabel,$INFO[Window.Property(hub_prefix)] > $INFO[Container(300).ListItem.Label] > $LOCALIZE[31103] > $INFO[Container(304).ListItem.Label])</onclick>
            <onclick condition="Integer.IsEqual(Window.Property(list_id),304)">SetProperty(Options.Mode,Categories.Widgets)</onclick>
            <onclick condition="Integer.IsEqual(Window.Property(list_id),304)">SetFocus(33999)</onclick>
        </include>

    </include>

    <include name="Shortcuts_Pallette_Hub_Onclick">
        <onclick condition="Integer.IsEqual(Window.Property(list_id),$PARAM[id]) + String.IsEqual(Container($PARAM[id]).ListItem.Property(path),ActivateWindow($PARAM[window]))">SetProperty(categories_menu,menu=$PARAM[window]menu)</onclick>
        <onclick condition="Integer.IsEqual(Window.Property(list_id),$PARAM[id]) + String.IsEqual(Container($PARAM[id]).ListItem.Property(path),ActivateWindow($PARAM[window]))">SetProperty(hub_prefix,[CAPITALIZE]$PARAM[window][/CAPITALIZE])</onclick>
    </include>

    <include name="Shortcuts_Pallette_Hub_Configure_Onclick">
        <include content="Shortcuts_Pallette_Hub_Onclick">
            <param name="window">home</param>
            <param name="id">$PARAM[id]</param>
        </include>
        <include content="Shortcuts_Pallette_Hub_Onclick">
            <param name="window">1101</param>
            <param name="id">$PARAM[id]</param>
        </include>
        <include content="Shortcuts_Pallette_Hub_Onclick">
            <param name="window">1102</param>
            <param name="id">$PARAM[id]</param>
        </include>
        <include content="Shortcuts_Pallette_Hub_Onclick">
            <param name="window">1103</param>
            <param name="id">$PARAM[id]</param>
        </include>
        <include content="Shortcuts_Pallette_Hub_Onclick">
            <param name="window">1104</param>
            <param name="id">$PARAM[id]</param>
        </include>
        <include content="Shortcuts_Pallette_Hub_Onclick">
            <param name="window">1106</param>
            <param name="id">$PARAM[id]</param>
        </include>
        <include content="Shortcuts_Pallette_Hub_Onclick">
            <param name="window">1107</param>
            <param name="id">$PARAM[id]</param>
        </include>
        <include content="Shortcuts_Pallette_Hub_Onclick">
            <param name="window">1108</param>
            <param name="id">$PARAM[id]</param>
        </include>
        <include content="Shortcuts_Pallette_Hub_Onclick">
            <param name="window">1109</param>
            <param name="id">$PARAM[id]</param>
        </include>
    </include>

    <include name="Shortcuts_Pallette_OnBack">
        <onback condition="Integer.IsEqual(Window.Property(list_id),300)">300</onback>
        <onback condition="Integer.IsEqual(Window.Property(list_id),302)">302</onback>
        <onback condition="Integer.IsEqual(Window.Property(list_id),303)">303</onback>
        <onback condition="Integer.IsEqual(Window.Property(list_id),304)">304</onback>
    </include>

    <include name="Shortcuts_Pallette_Background">
        <include content="Dialog_Background_Toast">
            <width>120</width>
            <visible>Integer.IsEqual(Container(3000).NumItems,1)</visible>
            <include>Shortcuts_Pallette_Background_Nib</include>
        </include>
        <include content="Dialog_Background_Toast">
            <width>220</width>
            <visible>Integer.IsEqual(Container(3000).NumItems,2)</visible>
            <include>Shortcuts_Pallette_Background_Nib</include>
        </include>
        <include content="Dialog_Background_Toast">
            <width>320</width>
            <visible>Integer.IsEqual(Container(3000).NumItems,3)</visible>
            <include>Shortcuts_Pallette_Background_Nib</include>
        </include>
        <include content="Dialog_Background_Toast">
            <width>420</width>
            <visible>Integer.IsEqual(Container(3000).NumItems,4)</visible>
            <include>Shortcuts_Pallette_Background_Nib</include>
        </include>
        <include content="Dialog_Background_Toast">
            <width>520</width>
            <visible>Integer.IsEqual(Container(3000).NumItems,5)</visible>
            <include>Shortcuts_Pallette_Background_Nib</include>
        </include>
        <include content="Dialog_Background_Toast">
            <width>620</width>
            <visible>Integer.IsEqual(Container(3000).NumItems,6)</visible>
            <include>Shortcuts_Pallette_Background_Nib</include>
        </include>
        <include content="Dialog_Background_Toast">
            <width>720</width>
            <visible>Integer.IsEqual(Container(3000).NumItems,7)</visible>
            <include>Shortcuts_Pallette_Background_Nib</include>
        </include>
        <include content="Dialog_Background_Toast">
            <width>820</width>
            <visible>Integer.IsEqual(Container(3000).NumItems,8)</visible>
            <include>Shortcuts_Pallette_Background_Nib</include>
        </include>
        <include content="Dialog_Background_Toast">
            <width>920</width>
            <visible>Integer.IsEqual(Container(3000).NumItems,9)</visible>
            <include>Shortcuts_Pallette_Background_Nib</include>
        </include>
        <include content="Dialog_Background_Toast">
            <width>1020</width>
            <visible>Integer.IsEqual(Container(3000).NumItems,10)</visible>
            <include>Shortcuts_Pallette_Background_Nib</include>
        </include>
        <include content="Dialog_Background_Toast">
            <width>1120</width>
            <visible>Integer.IsEqual(Container(3000).NumItems,11)</visible>
            <include>Shortcuts_Pallette_Background_Nib</include>
        </include>
        <include content="Dialog_Background_Toast">
            <width>1220</width>
            <visible>Integer.IsEqual(Container(3000).NumItems,12)</visible>
            <include>Shortcuts_Pallette_Background_Nib</include>
        </include>
    </include>

    <include name="Shortcuts_Pallette_Background_Nib">
        <include content="Dialog_Background_Toast_Nib">
            <visible>![Integer.IsEqual(Window.Property(list_id),303) | Integer.IsEqual(Window.Property(list_id),304)]</visible>
            <visible>Integer.IsGreater(Container(3000).NumItems,5)</visible>
            <centerleft>260</centerleft>
        </include>
        <include content="Dialog_Background_Toast_Nib">
            <visible>![Integer.IsEqual(Window.Property(list_id),303) | Integer.IsEqual(Window.Property(list_id),304)]</visible>
            <visible>!Integer.IsGreater(Container(3000).NumItems,5)</visible>
            <centerleft>160</centerleft>
        </include>
        <include content="Dialog_Background_Toast_Nib_Left">
            <visible>Integer.IsEqual(Window.Property(list_id),303) | Integer.IsEqual(Window.Property(list_id),304)</visible>
            <centertop>25%</centertop>
        </include>
    </include>

    <include name="Shortcuts_Pallette_Header">
        <control type="group">
            <bottom>120</bottom>
            <width>600</width>
            <include content="Dialog_Head_Toast">
                <param name="toplabel">$INFO[Container(300).ListItem.Label]</param>
                <param name="sublabel">$INFO[Container(300).ListItem.Property(path)]</param>
                <visible>Integer.IsEqual(Window.Property(list_id),300)</visible>
            </include>
            <include content="Dialog_Head_Toast">
                <param name="toplabel">$INFO[Container(302).ListItem.Label]</param>
                <param name="sublabel">$INFO[Container(302).ListItem.Property(path)]</param>
                <visible>Integer.IsEqual(Window.Property(list_id),302)</visible>
                <visible>String.IsEmpty(Container(300).ListItem.Property(submenulist_path))</visible>
            </include>
            <include content="Dialog_Head_Toast">
                <param name="toplabel">$LOCALIZE[31003]</param>
                <param name="sublabel">$INFO[Container(300).ListItem.Property(submenulist_path)]</param>
                <visible>Integer.IsEqual(Window.Property(list_id),302)</visible>
                <visible>!String.IsEmpty(Container(300).ListItem.Property(submenulist_path))</visible>
                <right>330</right>
            </include>
            <include content="Dialog_Head_Toast">
                <param name="toplabel">$INFO[Container(303).ListItem.Label]</param>
                <param name="sublabel">$INFO[Container(303).ListItem.Property(path)]</param>
                <visible>Integer.IsEqual(Window.Property(list_id),303)</visible>
            </include>
            <include content="Dialog_Head_Toast">
                <param name="toplabel">$INFO[Container(304).ListItem.Label]</param>
                <param name="sublabel">$INFO[Container(304).ListItem.Property(path)]</param>
                <visible>Integer.IsEqual(Window.Property(list_id),304)</visible>
            </include>
        </control>
    </include>

    <include name="Shortcuts_Pallette_Position_Slide">
        <animation effect="slide" start="0" end="140,-10" condition="$EXP[Shortcuts_Window_Exp_WidgetsOnly] + Integer.IsEqual(Window.Property(list_id),304)">Conditional</animation>
        <animation effect="slide" end="0,-200" condition="$EXP[Shortcuts_Window_Exp_WidgetsOnly] + Integer.IsEqual(Window.Property(list_id),304) + Container(304).Position(0)">Conditional</animation>
        <animation effect="slide" end="0,-100" condition="$EXP[Shortcuts_Window_Exp_WidgetsOnly] + Integer.IsEqual(Window.Property(list_id),304) + Container(304).Position(1)">Conditional</animation>
        <animation effect="slide" end="0,100" condition="$EXP[Shortcuts_Window_Exp_WidgetsOnly] + Integer.IsEqual(Window.Property(list_id),304) + Container(304).Position(3)">Conditional</animation>
        <animation effect="slide" end="0,200" condition="$EXP[Shortcuts_Window_Exp_WidgetsOnly] + Integer.IsEqual(Window.Property(list_id),304) + Container(304).Position(4)">Conditional</animation>
        <animation effect="slide" end="0,300" condition="$EXP[Shortcuts_Window_Exp_WidgetsOnly] + Integer.IsEqual(Window.Property(list_id),304) + Container(304).Position(5)">Conditional</animation>
        <animation effect="slide" end="0,400" condition="$EXP[Shortcuts_Window_Exp_WidgetsOnly] + Integer.IsEqual(Window.Property(list_id),304) + Container(304).Position(6)">Conditional</animation>

        <animation effect="slide" end="0,-100" condition="!$EXP[Shortcuts_Window_Exp_WidgetsOnly] + [Integer.IsEqual(Window.Property(list_id),304) + Integer.IsLess(Container(304).NumItems,3)]">Conditional</animation>
        <animation effect="slide" start="0" end="140,190" condition="!$EXP[Shortcuts_Window_Exp_WidgetsOnly] + Integer.IsEqual(Window.Property(list_id),304)">Conditional</animation>
        <animation effect="slide" end="0,100" condition="!$EXP[Shortcuts_Window_Exp_WidgetsOnly] + Integer.IsEqual(Window.Property(list_id),304) + Container(304).Position(1)">Conditional</animation>
        <animation effect="slide" end="0,200" condition="!$EXP[Shortcuts_Window_Exp_WidgetsOnly] + Integer.IsEqual(Window.Property(list_id),304) + Container(304).Position(2)">Conditional</animation>

        <animation effect="slide" end="100" condition="[Integer.IsEqual(Window.Property(list_id),300) | Integer.IsEqual(Window.Property(list_id),302)] + !Integer.IsGreater(Container(3000).NumItems,5)">Conditional</animation>
        <animation effect="slide" end="-240" condition="[Integer.IsEqual(Window.Property(list_id),300) + Integer.IsLess(Container(300).NumItems,3)] | [Integer.IsEqual(Window.Property(list_id),302) + Integer.IsLess(Container(302).NumItems,3) + String.IsEmpty(Container(300).ListItem.Property(submenulist_path))]">Conditional</animation>

        <animation effect="slide" start="0" end="-120,60" condition="Integer.IsEqual(Window.Property(list_id),300)">Conditional</animation>
        <animation effect="slide" end="240" condition="Integer.IsEqual(Window.Property(list_id),300) + Container(300).Position(1)">Conditional</animation>
        <animation effect="slide" end="480" condition="Integer.IsEqual(Window.Property(list_id),300) + Container(300).Position(2)">Conditional</animation>

        <animation effect="slide" start="0" end="-120,120" condition="Integer.IsEqual(Window.Property(list_id),302)">Conditional</animation>
        <animation effect="slide" end="240" condition="Integer.IsEqual(Window.Property(list_id),302) + Container(302).Position(1)">Conditional</animation>
        <animation effect="slide" end="480" condition="Integer.IsEqual(Window.Property(list_id),302) + Container(302).Position(2)">Conditional</animation>

        <animation effect="slide" start="0" end="0,60" condition="Integer.IsEqual(Window.Property(list_id),303)">Conditional</animation>
        <animation effect="slide" end="0,-200" condition="Integer.IsEqual(Window.Property(list_id),303) + Container(303).Position(0)">Conditional</animation>
        <animation effect="slide" end="0,-100" condition="Integer.IsEqual(Window.Property(list_id),303) + Container(303).Position(1)">Conditional</animation>
        <animation effect="slide" end="0,100" condition="Integer.IsEqual(Window.Property(list_id),303) + Container(303).Position(3)">Conditional</animation>
        <animation effect="slide" end="0,200" condition="Integer.IsEqual(Window.Property(list_id),303) + Container(303).Position(4)">Conditional</animation>
    </include>

</includes>
