<contents>
    <rules name="parts_onclick">
        <rule>
            <condition>{item_target}!=</condition>
            <condition>{item_path_opendialog}!=</condition>
            <condition>{item_path_opendialog_expanded}!=</condition>
            <condition>{item_path}!=</condition>
            <value>
                <![CDATA[
                <onclick>SetProperty(CustomDialog1162.Expanded,True,Home)</onclick>
                <onclick>SetProperty(Target,{item_target},1162)</onclick>
                <onclick>SetProperty(Path,{item_path},1162)</onclick>
                <onclick>SetProperty(Header,{item_label},1162)</onclick>
                <onclick>ActivateWindow(1162)</onclick>
                ]]>
            </value>
        </rule>
        <rule>
            <condition>{item_target}!=</condition>
            <condition>{item_path_opendialog}!=</condition>
            <condition>{item_path}!=</condition>
            <value>
                <![CDATA[
                <onclick>ClearProperty(CustomDialog1162.Expanded,Home)</onclick>
                <onclick>SetProperty(Target,{item_target},1162)</onclick>
                <onclick>SetProperty(Path,{item_path},1162)</onclick>
                <onclick>SetProperty(Header,{item_label},1162)</onclick>
                <onclick>ActivateWindow(1162)</onclick>
                ]]>
            </value>
        </rule>
        <rule>
            <condition>{item_target}!=</condition>
            <value>
                <![CDATA[
                <onclick>ActivateWindow({item_target},{item_path},return)</onclick>
                ]]>
            </value>
        </rule>
        <rule>
            <condition>{item_path}==RebootToAndroid</condition>
            <value>
                <![CDATA[
                <onclick>System.ExecWait("/usr/sbin/rebootfromnand")</onclick>
                <onclick>Reboot()</onclick>
                ]]>
            </value>
        </rule>
        <rule>
            <condition>{item_path}==ActivateWindow(1101)</condition>
            <value>
                <![CDATA[
                <onclick>SetProperty(Hub.Header,{item_label},1101)</onclick>
                <onclick>{item_path}</onclick>
                ]]>
            </value>
        </rule>
        <rule>
            <condition>{item_path}==ActivateWindow(1102)</condition>
            <value>
                <![CDATA[
                <onclick>SetProperty(Hub.Header,{item_label},1102)</onclick>
                <onclick>{item_path}</onclick>
                ]]>
            </value>
        </rule>
        <rule>
            <condition>{item_path}==ActivateWindow(1103)</condition>
            <value>
                <![CDATA[
                <onclick>SetProperty(Hub.Header,{item_label},1103)</onclick>
                <onclick>{item_path}</onclick>
                ]]>
            </value>
        </rule>
        <rule>
            <condition>{item_path}==ActivateWindow(1104)</condition>
            <value>
                <![CDATA[
                <onclick>SetProperty(Hub.Header,{item_label},1104)</onclick>
                <onclick>{item_path}</onclick>
                ]]>
            </value>
        </rule>
        <rule>
            <condition>{item_path}==ActivateWindow(1106)</condition>
            <value>
                <![CDATA[
                <onclick>SetProperty(Hub.Header,{item_label},1106)</onclick>
                <onclick>{item_path}</onclick>
                ]]>
            </value>
        </rule>
        <rule>
            <condition>{item_path}==ActivateWindow(1107)</condition>
            <value>
                <![CDATA[
                <onclick>SetProperty(Hub.Header,{item_label},1107)</onclick>
                <onclick>{item_path}</onclick>
                ]]>
            </value>
        </rule>
        <rule>
            <condition>{item_path}==ActivateWindow(1108)</condition>
            <value>
                <![CDATA[
                <onclick>SetProperty(Hub.Header,{item_label},1108)</onclick>
                <onclick>{item_path}</onclick>
                ]]>
            </value>
        </rule>
        <rule>
            <condition>{item_path}==ActivateWindow(1109)</condition>
            <value>
                <![CDATA[
                <onclick>SetProperty(Hub.Header,{item_label},1109)</onclick>
                <onclick>{item_path}</onclick>
                ]]>
            </value>
        </rule>
        <rule>
            <condition>{item_path}==ActivateWindow(Home)</condition>
            <value>
                <![CDATA[
                <onclick>{item_path}</onclick>
                ]]>
            </value>
        </rule>
        <rule>
            <condition>True</condition>
            <value>
                <![CDATA[
                <onclick>{item_path}</onclick>
                ]]>
            </value>
        </rule>
    </rules>
</contents>