<?xml version="1.0" encoding="UTF-8"?>
<includes>

    <include name="Search_View_Slide">
        <control type="group" id="$PARAM[id]">
            <animation effect="slide" start="0" end="0,-320" time="400" tween="quadratic" easing="out" reversible="false" condition="![ControlGroup(6000).HasFocus() | $EXP[Exp_Group_Bumper_HasFocus] | $EXP[Exp_HomeMenu_HasFocus]] + Skin.HasSetting(Search.EnableDiscover)">Conditional</animation>
            <animation effect="slide" end="0" start="0,-320" time="400" tween="quadratic" easing="out" reversible="false" condition="[ControlGroup(6000).HasFocus() | $EXP[Exp_Group_Bumper_HasFocus] | $EXP[Exp_HomeMenu_HasFocus]] + Skin.HasSetting(Search.EnableDiscover)">Conditional</animation>

            <animation effect="slide" start="0" end="0,-440" time="400" tween="quadratic" easing="out" reversible="false" condition="![ControlGroup(6000).HasFocus() | $EXP[Exp_Group_Bumper_HasFocus] | $EXP[Exp_HomeMenu_HasFocus]] + !Skin.HasSetting(Search.EnableDiscover)">Conditional</animation>
            <animation effect="slide" end="0" start="0,-440" time="400" tween="quadratic" easing="out" reversible="false" condition="[ControlGroup(6000).HasFocus() | $EXP[Exp_Group_Bumper_HasFocus] | $EXP[Exp_HomeMenu_HasFocus]] + !Skin.HasSetting(Search.EnableDiscover)">Conditional</animation>

            <include>Animation_View_WindowChange</include>
            <nested />
            <include>Widget_Transitions</include>
        </control>
    </include>

    <include name="Search_View_Widgets">
        <control type="grouplist" id="6000">

            <top>500</top>
            <bottom>-440</bottom>

            <onup condition="Skin.String(Movement.Content.OnUp,Menu)">SetFocus(5081,0,absolute)</onup>
            <onup condition="Skin.String(Movement.Content.OnUp,Menu)">SetFocus(5001,0,absolute)</onup>
            <onup condition="Skin.String(Movement.Content.OnUp,Menu)">90001</onup>
            <onup condition="Skin.String(Movement.Content.OnUp,Bump)">333</onup>

            <ondown condition="Skin.String(Movement.Content.OnDown,Menu)">SetFocus(5081,0,absolute)</ondown>
            <ondown condition="Skin.String(Movement.Content.OnDown,Menu)">SetFocus(5001,0,absolute)</ondown>
            <ondown condition="Skin.String(Movement.Content.OnDown,Menu)">90001</ondown>
            <ondown condition="Skin.String(Movement.Content.OnDown,Bump)">333</ondown>
            <ondown condition="Skin.String(Movement.Content.OnDown,Loop)">6000</ondown>

            <include content="Action_View_Movement_OnLeft">
                <param name="id">$INFO[System.CurrentControlID]</param>
                <param name="onmenu">SetFocus(90001)</param>
            </include>

            <include content="Action_View_Movement_OnRight">
                <param name="id">$INFO[System.CurrentControlID]</param>
                <param name="onmenu">SetFocus(90001)</param>
            </include>

            <orientation>vertical</orientation>
            <control type="group" id="6100">
                <height>widgetsearch_tbump_h</height>
            </control>
            <nested />
        </control>
    </include>

    <include name="Search_View_Footer">
        <control type="grouplist">
            <hitrect x="0" y="0" w="0" h="0" />
            <centerbottom>305</centerbottom>
            <animation effect="slide" start="0" end="0,185" condition="Skin.HasSetting(Search.EnableDiscover)">Conditional</animation>
            <right>120</right>
            <align>center</align>
            <orientation>horizontal</orientation>
            <itemgap>10</itemgap>
            <height>80</height>
            <usecontrolcoords>true</usecontrolcoords>
            <nested />
        </control>
    </include>

    <include name="_Search_View_Footer_Item">
        <control type="group">
            <nested />
            <control type="image">
                <top>-10</top>
                <height>40</height>
                <aspectratio>keep</aspectratio>
                <bordersize>-4</bordersize>
                <texture colordiffuse="$PARAM[colordiffuse]">$PARAM[icon]</texture>
            </control>
            <control type="label">
                <height>10</height>
                <bottom>4</bottom>
                <align>center</align>
                <font>font_hint_button</font>
                <textcolor>$PARAM[colordiffuse]</textcolor>
                <label>$PARAM[label]</label>
            </control>
        </control>
    </include>

    <include name="Search_View_Footer_Item">
        <param name="altnofocus">String.IsEmpty(Control.GetLabel(9099).index(1))</param>
        <definition>
            <control type="group">
                <nested />
                <centertop>50%</centertop>
                <width>40</width>
                <height>40</height>
                <include content="_Search_View_Footer_Item">
                    <param name="icon">$PARAM[icon]</param>
                    <param name="colordiffuse">dialog_fg_70</param>
                    <param name="label">$INFO[Container($PARAM[id]).NumItems]</param>
                    <visible>![Integer.IsEqual(Container($PARAM[id]).NumItems,0) | $PARAM[altnofocus]]</visible>
                </include>
                <include content="_Search_View_Footer_Item">
                    <param name="icon">$PARAM[icon]</param>
                    <param name="colordiffuse">dialog_fg_12</param>
                    <param name="label">$NUMBER[0]</param>
                    <visible>[Integer.IsEqual(Container($PARAM[id]).NumItems,0) | $PARAM[altnofocus]]</visible>
                </include>
            </control>
        </definition>
    </include>

    <include name="Search_View_Side">
        <control type="group">

            <visible>!$EXP[Exp_InfoDialogs]</visible>
            <control type="group">

                <include content="DialogInfo_ButtonGroup_Basic">
                    <param name="id">90000</param>
                    <param name="dim_visible">true</param>
                    <visible>!$EXP[Exp_InfoDialogs]</visible>

                    <include content="_Action_HomeMenu_OnRightLeft">
                        <param name="onlist">6000</param>
                        <param name="onmenu">9001</param>
                    </include>

                    <include content="Settings_Side_Button">
                        <param name="baseid">90</param>
                        <param name="id">01</param>
                        <param name="icon">$VAR[Image_Home]</param>
                        <param name="label">$VAR[Label_Home]</param>
                        <onclick>ActivateWindow(Home)</onclick>
                    </include>
                    <include content="Settings_Side_Button">
                        <param name="baseid">90</param>
                        <param name="id">02</param>
                        <param name="icon">special://skin/extras/icons/keyboard.png</param>
                        <param name="label">$LOCALIZE[137]</param>
                        <onclick>SetFocus(9099)</onclick>
                    </include>

                    <include content="Settings_Side_Button">
                        <param name="baseid">90</param>
                        <param name="id">03</param>
                        <param name="icon">special://skin/extras/icons/square-poll-horizontal.png</param>
                        <param name="label">$VAR[Label_Search_ItemCount]</param>
                        <onclick>Action(Right)</onclick>
                    </include>
                </include>

            </control>

            <include content="Furniture_Top">
                <param name="label">$VAR[Label_Setting_SearchStyle][CAPITALIZE]$VAR[Label_Search_HeadingFilter,: ,][/CAPITALIZE]</param>
                <visible>Skin.HasSetting(Search.EnableDiscover) | [ControlGroup(6000).HasFocus() | $EXP[Exp_Group_Bumper_HasFocus] | $EXP[Exp_HomeMenu_HasFocus]]</visible>
            </include>

        </control>
    </include>

    <include name="Search_View_DiscoverButton_Numeric">
        <control type="button" id="$PARAM[id]">
            <label>$PARAM[label]</label>
            <label2>$INFO[Skin.String($PARAM[string])]</label2>
            <align>left</align>
            <textoffsetx>30</textoffsetx>
            <width>255</width>
            <onup>$PARAM[onup]</onup>
            <ondown>$PARAM[ondown]</ondown>
            <onclick>Skin.Reset($PARAM[string])</onclick>
            <onclick>Skin.SetNumeric($PARAM[string])</onclick>
        </control>
    </include>

    <include name="Search_DecadeItem">
        <item>
            <label>$NUMBER[$PARAM[prefix]0]</label>
            <property name="prefix">$NUMBER[$PARAM[prefix]]</property>
            <visible>[!String.IsEmpty(Window(1105).Property(SearchDiscover.YearLow.Dialog)) + [String.IsEmpty(Window(1105).Property(SearchDiscover.YearHigh)) | Integer.IsGreater(Window(1105).Property(SearchDiscover.YearHigh),$PARAM[prefix]0)]] | [String.IsEmpty(Window(1105).Property(SearchDiscover.YearLow.Dialog)) + [String.IsEmpty(Window(1105).Property(SearchDiscover.YearLow)) | !Integer.IsGreater(Window(1105).Property(SearchDiscover.YearLow),$PARAM[prefix]0)]]</visible>
        </item>
    </include>

    <include name="_Search_YearItem">
        <item>
            <label>$NUMBER[$PARAM[prefix]$PARAM[suffix]]</label>
            <visible>[!String.IsEmpty(Window(1105).Property(SearchDiscover.YearLow.Dialog)) + [String.IsEmpty(Window(1105).Property(SearchDiscover.YearHigh)) | Integer.IsGreater(Window(1105).Property(SearchDiscover.YearHigh),$NUMBER[$PARAM[prefix]$PARAM[suffix]])]] | [String.IsEmpty(Window(1105).Property(SearchDiscover.YearLow.Dialog)) + [String.IsEmpty(Window(1105).Property(SearchDiscover.YearLow)) | !Integer.IsGreater(Window(1105).Property(SearchDiscover.YearLow),$NUMBER[$PARAM[prefix]$PARAM[suffix]])]]</visible>
            <visible>Integer.IsEqual(Container(8000).ListItem.Property(prefix),$PARAM[prefix])</visible>
        </item>
    </include>

    <include name="Search_YearItem">
        <include content="_Search_YearItem">
            <param name="prefix">$PARAM[prefix]</param>
            <param name="suffix">9</param>
        </include>
        <include content="_Search_YearItem">
            <param name="prefix">$PARAM[prefix]</param>
            <param name="suffix">8</param>
        </include>
        <include content="_Search_YearItem">
            <param name="prefix">$PARAM[prefix]</param>
            <param name="suffix">7</param>
        </include>
        <include content="_Search_YearItem">
            <param name="prefix">$PARAM[prefix]</param>
            <param name="suffix">6</param>
        </include>
        <include content="_Search_YearItem">
            <param name="prefix">$PARAM[prefix]</param>
            <param name="suffix">5</param>
        </include>
        <include content="_Search_YearItem">
            <param name="prefix">$PARAM[prefix]</param>
            <param name="suffix">4</param>
        </include>
        <include content="_Search_YearItem">
            <param name="prefix">$PARAM[prefix]</param>
            <param name="suffix">3</param>
        </include>
        <include content="_Search_YearItem">
            <param name="prefix">$PARAM[prefix]</param>
            <param name="suffix">2</param>
        </include>
        <include content="_Search_YearItem">
            <param name="prefix">$PARAM[prefix]</param>
            <param name="suffix">1</param>
        </include>
        <include content="_Search_YearItem">
            <param name="prefix">$PARAM[prefix]</param>
            <param name="suffix">0</param>
        </include>
    </include>

    <include name="Search_YearItems">
        <include content="$PARAM[include]">
            <param name="prefix">203</param>
        </include>
        <include content="$PARAM[include]">
            <param name="prefix">202</param>
        </include>
        <include content="$PARAM[include]">
            <param name="prefix">201</param>
        </include>
        <include content="$PARAM[include]">
            <param name="prefix">200</param>
        </include>
        <include content="$PARAM[include]">
            <param name="prefix">199</param>
        </include>
        <include content="$PARAM[include]">
            <param name="prefix">198</param>
        </include>
        <include content="$PARAM[include]">
            <param name="prefix">197</param>
        </include>
        <include content="$PARAM[include]">
            <param name="prefix">196</param>
        </include>
        <include content="$PARAM[include]">
            <param name="prefix">195</param>
        </include>
        <include content="$PARAM[include]">
            <param name="prefix">194</param>
        </include>
        <include content="$PARAM[include]">
            <param name="prefix">193</param>
        </include>
        <include content="$PARAM[include]">
            <param name="prefix">192</param>
        </include>
        <include content="$PARAM[include]">
            <param name="prefix">191</param>
        </include>
        <include content="$PARAM[include]">
            <param name="prefix">190</param>
        </include>
        <include content="$PARAM[include]">
            <param name="prefix">189</param>
        </include>
    </include>

    <include name="Search_Discover_LibraryItems">
        <control type="button" id="30019">
            <label>$LOCALIZE[515]</label>
            <label2>$INFO[Window.Property(SearchDiscover.GenreLabel)]</label2>
            <align>left</align>
            <textoffsetx>30</textoffsetx>
            <width>520</width>
            <onclick>SetProperty(SearchDiscover.FilterLabel,Genre)</onclick>
            <onclick>SetFocus(8000)</onclick>
        </control>
        <control type="button" id="30029">
            <label>$LOCALIZE[572]</label>
            <label2>$INFO[Window.Property(SearchDiscover.StudioLabel)]</label2>
            <align>left</align>
            <textoffsetx>30</textoffsetx>
            <width>520</width>
            <onclick>SetProperty(SearchDiscover.FilterLabel,Studio)</onclick>
            <onclick>SetFocus(8000)</onclick>
        </control>
        <control type="button" id="30039">
            <label>$LOCALIZE[20339]</label>
            <label2>$INFO[Window.Property(SearchDiscover.DirectorLabel)]</label2>
            <align>left</align>
            <textoffsetx>30</textoffsetx>
            <width>520</width>
            <onclick>SetProperty(SearchDiscover.FilterLabel,Director)</onclick>
            <onclick>SetFocus(8000)</onclick>
        </control>
        <control type="button" id="30049">
            <label>Country</label>
            <label2>$INFO[Window.Property(SearchDiscover.CountryLabel)]</label2>
            <align>left</align>
            <textoffsetx>30</textoffsetx>
            <width>520</width>
            <onclick>SetProperty(SearchDiscover.FilterLabel,Country)</onclick>
            <onclick>SetFocus(8000)</onclick>
        </control>
        <control type="button" id="30059">
            <label>$LOCALIZE[581]</label>
            <label2>$INFO[Window.Property(SearchDiscover.SortBy),[CAPITALIZE],[/CAPITALIZE]]</label2>
            <align>left</align>
            <textoffsetx>30</textoffsetx>
            <width>520</width>
            <onclick>ActivateWindow(1164)</onclick>
        </control>
        <!-- <control type="button" id="30059">
            <label>$LOCALIZE[580]</label>
            <label2>$INFO[Window.Property(SearchDiscover.SortOrder),[CAPITALIZE],[/CAPITALIZE]]</label2>
            <align>left</align>
            <textoffsetx>30</textoffsetx>
            <width>520</width>
            <onclick condition="!String.IsEqual(Window.Property(SearchDiscover.SortOrder),descending)">SetProperty(SearchDiscover.SortOrder,descending)</onclick>
            <onclick condition="String.IsEqual(Window.Property(SearchDiscover.SortOrder),descending)">SetProperty(SearchDiscover.SortOrder,ascending)</onclick>
        </control> -->

        <control type="grouplist" id="30069">
            <height>80</height>
            <width>520</width>
            <orientation>horizontal</orientation>
            <itemgap>10</itemgap>

            <control type="button" id="30067">
                <label>$LOCALIZE[345] &gt;=</label>
                <label2>$INFO[Window.Property(SearchDiscover.YearLow)]</label2>
                <align>left</align>
                <textoffsetx>30</textoffsetx>
                <width>255</width>
                <ondown>30077</ondown>
                <onclick>SetProperty(SearchDiscover.YearLow.Dialog,1,1105)</onclick>
                <onclick>ClearProperty(SearchDiscover.YearLow,1105)</onclick>
                <onclick>ActivateWindow(1155)</onclick>
            </control>

            <control type="button" id="30068">
                <label>$LOCALIZE[345] &lt;=</label>
                <label2>$INFO[Window.Property(SearchDiscover.YearHigh)]</label2>
                <align>left</align>
                <textoffsetx>30</textoffsetx>
                <width>255</width>
                <ondown>30078</ondown>
                <onclick>ClearProperty(SearchDiscover.YearHigh,1105)</onclick>
                <onclick>ClearProperty(SearchDiscover.YearLow.Dialog,1105)</onclick>
                <onclick>ActivateWindow(1155)</onclick>
            </control>
        </control>

        <control type="grouplist" id="30079">
            <height>80</height>
            <width>520</width>
            <orientation>horizontal</orientation>
            <itemgap>10</itemgap>

            <control type="button" id="30077">
                <label>$LOCALIZE[31188]</label>
                <label2>$INFO[Skin.String(SearchDiscover.ItemLimit)]</label2>
                <align>left</align>
                <textoffsetx>30</textoffsetx>
                <width>255</width>
                <onup>30067 </onup>
                <ondown>-</ondown>
                <onclick>Skin.Reset(SearchDiscover.ItemLimit)</onclick>
                <onclick>Skin.SetNumeric(SearchDiscover.ItemLimit)</onclick>
            </control>

            <control type="button" id="30078">
                <label>$LOCALIZE[563] &gt;=</label>
                <label2>$INFO[Window.Property(SearchDiscover.RatingLow)]</label2>
                <align>left</align>
                <textoffsetx>30</textoffsetx>
                <width>255</width>
                <onup>30068</onup>
                <ondown>-</ondown>
                <onclick>ClearProperty(SearchDiscover.RatingLow,1105)</onclick>
                <onclick>ActivateWindow(1156)</onclick>
            </control>
        </control>
    </include>

    <include name="Search_Discover_TMDbItems">
        <control type="button" id="30019">
            <label>$LOCALIZE[515]</label>
            <label2>$INFO[Window.Property(SearchDiscover.GenreLabel)]</label2>
            <align>left</align>
            <textoffsetx>30</textoffsetx>
            <width>520</width>
            <onclick>ActivateWindow(1151)</onclick>
        </control>

        <control type="button" id="30029">
            <label>$LOCALIZE[15225]</label>
            <label2>$INFO[Window.Property(SearchDiscover.ProviderLabel)]</label2>
            <align>left</align>
            <textoffsetx>30</textoffsetx>
            <width>520</width>
            <onclick>ActivateWindow(1152)</onclick>
        </control>

        <control type="button" id="30039">
            <label>$LOCALIZE[31051]</label>
            <label2>$INFO[Window.Property(SearchDiscover.PeopleLabel)]</label2>
            <align>left</align>
            <textoffsetx>30</textoffsetx>
            <width>520</width>
            <onclick>SetProperty(SearchDiscover.PersonSearch,People,1105)</onclick>
            <onclick>ActivateWindow(1153)</onclick>
        </control>

        <control type="button" id="30049">
            <label>$LOCALIZE[31179]</label>
            <label2>$INFO[Window.Property(SearchDiscover.KeywordLabel)]</label2>
            <align>left</align>
            <textoffsetx>30</textoffsetx>
            <width>520</width>
            <onclick>ActivateWindow(1157)</onclick>
        </control>

        <control type="button" id="30059">
            <label>$LOCALIZE[31048]</label>
            <label2>$VAR[Label_DiscoverWidgets_Sort]</label2>
            <align>left</align>
            <textoffsetx>30</textoffsetx>
            <width>520</width>
            <onclick>ActivateWindow(1154)</onclick>
        </control>

        <control type="grouplist" id="30069">
            <height>80</height>
            <width>520</width>
            <orientation>horizontal</orientation>
            <itemgap>10</itemgap>

            <control type="button" id="30067">
                <label>$LOCALIZE[345] &gt;=</label>
                <label2>$INFO[Window.Property(SearchDiscover.YearLow)]</label2>
                <align>left</align>
                <textoffsetx>30</textoffsetx>
                <width>255</width>
                <ondown>30077</ondown>
                <onclick>SetProperty(SearchDiscover.YearLow.Dialog,1,1105)</onclick>
                <onclick>ClearProperty(SearchDiscover.YearLow,1105)</onclick>
                <onclick>ActivateWindow(1155)</onclick>
            </control>

            <control type="button" id="30068">
                <label>$LOCALIZE[345] &lt;=</label>
                <label2>$INFO[Window.Property(SearchDiscover.YearHigh)]</label2>
                <align>left</align>
                <textoffsetx>30</textoffsetx>
                <width>255</width>
                <ondown>30078</ondown>
                <onclick>ClearProperty(SearchDiscover.YearHigh,1105)</onclick>
                <onclick>ClearProperty(SearchDiscover.YearLow.Dialog,1105)</onclick>
                <onclick>ActivateWindow(1155)</onclick>
            </control>
        </control>

        <control type="grouplist" id="30079">
            <height>80</height>
            <width>520</width>
            <orientation>horizontal</orientation>
            <itemgap>10</itemgap>

            <include content="Search_View_DiscoverButton_Numeric">
                <param name="id">30077</param>
                <param name="onup">30067</param>
                <param name="ondown">-</param>
                <param name="label">$LOCALIZE[205] &gt;=</param>
                <param name="string">SearchDiscover.VoteLow</param>
            </include>

            <control type="button" id="30078">
                <label>$LOCALIZE[563] &gt;=</label>
                <label2>$INFO[Window.Property(SearchDiscover.RatingLow)]</label2>
                <align>left</align>
                <textoffsetx>30</textoffsetx>
                <width>255</width>
                <onup>30068</onup>
                <ondown>-</ondown>
                <onclick>ClearProperty(SearchDiscover.RatingLow,1105)</onclick>
                <onclick>ActivateWindow(1156)</onclick>
            </control>
        </control>
    </include>

    <include name="Search_View_Panel">
        <include content="Dialog_Overlay_Side">
            <param name="dialog_size">Dimension_DialogSideMenu</param>
            <visible>!$EXP[Exp_InfoDialogs]</visible>

            <include>Animation_Right_Delay</include>
            <visible allowhiddenfocus="true">![ControlGroup(6000).HasFocus() | $EXP[Exp_Group_Bumper_HasFocus] | $EXP[Exp_HomeMenu_HasFocus]]</visible>

            <include content="Dialog_Head">
                <param name="label">$VAR[Label_Setting_SearchStyle]</param>
                <param name="id">0</param>
            </include>

            <include content="Dialog_Body">
                <include content="Dialog_Body_Group">
                    <param name="id">9096</param>
                    <control type="edit" id="9099">
                        <description>Search</description>
                        <font>font_main_bold</font>
                        <height>view_pad</height>
                        <textoffsetx>40</textoffsetx>
                        <align>center</align>
                        <onup condition="!Integer.IsEqual(Container(6000).NumItems,0)">SetProperty(SearchTerm,$INFO[Control.GetLabel(9099).index(1)])</onup>
                        <onup condition="!Integer.IsEqual(Container(6000).NumItems,0)">6000</onup>

                        <onleft condition="!Integer.IsEqual(Container(6000).NumItems,0)">SetProperty(SearchTerm,$INFO[Control.GetLabel(9099).index(1)])</onleft>
                        <onleft condition="!Integer.IsEqual(Container(6000).NumItems,0)">6000</onleft>
                        <onleft condition="Integer.IsEqual(Container(6000).NumItems,0)">PreviousMenu</onleft>

                        <onright>SetProperty(SearchTerm,$INFO[Control.GetLabel(9099).index(1)])</onright>
                        <onright>9001</onright>

                        <ondown>SetProperty(SearchTerm,$INFO[Control.GetLabel(9099).index(1)])</ondown>
                        <ondown>9097</ondown>
                    </control>

                    <control type="image">
                        <top>100</top>
                        <height>1</height>
                        <left>20</left>
                        <right>20</right>
                        <texture colordiffuse="dialog_fg_12">common/white.png</texture>
                    </control>


                    <control type="group" id="9097">
                        <!-- Mini Keyboard -->
                        <control type="grouplist">
                            <visible>!Skin.HasSetting(Search.EnableDiscover)</visible>
                            <top>120</top>
                            <orientation>vertical</orientation>
                            <itemgap>8</itemgap>
                            <onleft condition="!Integer.IsEqual(Container(6000).NumItems,0)">SetProperty(SearchTerm,$INFO[Control.GetLabel(9099).index(1)])</onleft>
                            <onleft condition="!Integer.IsEqual(Container(6000).NumItems,0)">6000</onleft>
                            <onleft condition="Integer.IsEqual(Container(6000).NumItems,0)">PreviousMenu</onleft>
                            <onright>9001</onright>
                            <include content="Object_SearchLetter_Row">
                                <param name="letter_1">a</param>
                                <param name="letter_2">b</param>
                                <param name="letter_3">c</param>
                                <param name="letter_4">d</param>
                                <param name="letter_5">e</param>
                                <param name="letter_6">f</param>
                                <param name="top_row">true</param>
                                <param name="prev_row_id">0</param>
                                <param name="this_row_id">0</param>
                                <param name="next_row_id">1</param>
                            </include>

                            <include content="Object_SearchLetter_Row">
                                <param name="letter_1">g</param>
                                <param name="letter_2">h</param>
                                <param name="letter_3">i</param>
                                <param name="letter_4">j</param>
                                <param name="letter_5">k</param>
                                <param name="letter_6">l</param>
                                <param name="top_row">false</param>
                                <param name="prev_row_id">0</param>
                                <param name="this_row_id">1</param>
                                <param name="next_row_id">2</param>
                            </include>

                            <include content="Object_SearchLetter_Row">
                                <param name="letter_1">m</param>
                                <param name="letter_2">n</param>
                                <param name="letter_3">o</param>
                                <param name="letter_4">p</param>
                                <param name="letter_5">q</param>
                                <param name="letter_6">r</param>
                                <param name="top_row">false</param>
                                <param name="prev_row_id">1</param>
                                <param name="this_row_id">2</param>
                                <param name="next_row_id">3</param>
                            </include>

                            <include content="Object_SearchLetter_Row">
                                <param name="letter_1">s</param>
                                <param name="letter_2">t</param>
                                <param name="letter_3">u</param>
                                <param name="letter_4">v</param>
                                <param name="letter_5">w</param>
                                <param name="letter_6">x</param>
                                <param name="top_row">false</param>
                                <param name="prev_row_id">2</param>
                                <param name="this_row_id">3</param>
                                <param name="next_row_id">4</param>
                            </include>

                            <control type="grouplist" id="30040">
                                <orientation>horizontal</orientation>
                                <itemgap>8</itemgap>
                                <height>80</height>
                                <onleft>6000</onleft>
                                <ondown>SetFocus(9098,0,absolute)</ondown>

                                <include content="Object_SearchLetter_Button">
                                    <param name="letter">y</param>
                                    <param name="pos">1</param>
                                    <param name="prev_row_id">3</param>
                                    <param name="this_row_id">4</param>
                                    <param name="next_row_id">4</param>
                                    <param name="bottom_row">true</param>
                                    <ondown>SetFocus(9098,0,absolute)</ondown>
                                </include>
                                <include content="Object_SearchLetter_Button">
                                    <param name="letter">z</param>
                                    <param name="pos">2</param>
                                    <param name="prev_row_id">3</param>
                                    <param name="this_row_id">4</param>
                                    <param name="next_row_id">4</param>
                                    <param name="bottom_row">true</param>
                                    <ondown>SetFocus(9098,0,absolute)</ondown>
                                </include>

                                <control type="group" id="30043">
                                    <width>168</width>
                                    <include content="Object_Keyboard_Button" description="Space">
                                        <param name="id">30044</param>
                                        <width>168</width>
                                        <include>Texture_KeyboardButton</include>
                                        <label>Space</label>
                                        <onup>30030</onup>
                                        <onclick>SetFocus(9099)</onclick>
                                        <onclick>Number0</onclick>
                                        <onclick>SetFocus(30044)</onclick>
                                        <onleft>30042</onleft>
                                        <onright>30045</onright>
                                        <ondown>SetFocus(9098,0,absolute)</ondown>
                                    </include>
                                </control>

                                <include content="Object_Keyboard_Button" description="Backspace">
                                    <param name="id">30045</param>
                                    <include>Texture_KeyboardButton</include>
                                    <font>font_main_iconic</font>
                                    <label>&#xe006;</label>
                                    <onup>30035</onup>
                                    <onclick>SetFocus(9099)</onclick>
                                    <onclick>Backspace</onclick>
                                    <onclick>SetFocus(30045)</onclick>
                                    <ondown>SetFocus(9098,0,absolute)</ondown>
                                </include>

                                <include content="Object_Keyboard_Button" description="Clear">
                                    <param name="id">30046</param>
                                    <include>Texture_KeyboardButton</include>
                                    <font>font_main_iconic</font>
                                    <label>&#xe08d;</label>
                                    <onup>30036</onup>
                                    <onclick>SetFocus(9099)</onclick>
                                    <onclick>Backspace</onclick>
                                    <onclick>Backspace</onclick>
                                    <onclick>Backspace</onclick>
                                    <onclick>Backspace</onclick>
                                    <onclick>Backspace</onclick>
                                    <onclick>Backspace</onclick>
                                    <onclick>Backspace</onclick>
                                    <onclick>Backspace</onclick>
                                    <onclick>Backspace</onclick>
                                    <onclick>Backspace</onclick>
                                    <onclick>Backspace</onclick>
                                    <onclick>Backspace</onclick>
                                    <onclick>Backspace</onclick>
                                    <onclick>Backspace</onclick>
                                    <onclick>Backspace</onclick>
                                    <onclick>Backspace</onclick>
                                    <onclick>Backspace</onclick>
                                    <onclick>Backspace</onclick>
                                    <onclick>Backspace</onclick>
                                    <onclick>Backspace</onclick>
                                    <onclick>Backspace</onclick>
                                    <onclick>Backspace</onclick>
                                    <onclick>Backspace</onclick>
                                    <onclick>Backspace</onclick>
                                    <onclick>Backspace</onclick>
                                    <onclick>Backspace</onclick>
                                    <onclick>Backspace</onclick>
                                    <onclick>Backspace</onclick>
                                    <onclick>Backspace</onclick>
                                    <onclick>Backspace</onclick>
                                    <onclick>Backspace</onclick>
                                    <onclick>Backspace</onclick>
                                    <onclick>Backspace</onclick>
                                    <onclick>Backspace</onclick>
                                    <onclick>Backspace</onclick>
                                    <onclick>Backspace</onclick>
                                    <onclick>Backspace</onclick>
                                    <onclick>Backspace</onclick>
                                    <onclick>Backspace</onclick>
                                    <onclick>Backspace</onclick>
                                    <onclick>SetFocus(30046)</onclick>
                                    <ondown>SetFocus(9098,0,absolute)</ondown>
                                </include>
                            </control>
                        </control>

                        <!-- Discover Options -->
                        <control type="grouplist" id="8100">

                            <visible>Skin.HasSetting(Search.EnableDiscover)</visible>

                            <top>120</top>
                            <left>0</left>
                            <orientation>vertical</orientation>
                            <itemgap>10</itemgap>

                            <onright>9000</onright>
                            <onup>9099</onup>

                            <onleft condition="!String.IsEqual(Container(5081).ListItemAbsolute(0).Label,$LOCALIZE[31046])">5081</onleft>
                            <onleft condition="String.IsEqual(Container(5081).ListItemAbsolute(0).Label,$LOCALIZE[31046]) + !String.IsEqual(Container(5082).ListItemAbsolute(0).Label,$LOCALIZE[31046])">5082</onleft>

                            <include condition="!Skin.HasSetting(Search.LibraryDiscover)">Search_Discover_TMDbItems</include>
                            <include condition="Skin.HasSetting(Search.LibraryDiscover)">Search_Discover_LibraryItems</include>

                        </control>
                    </control>


                    <control type="panel" id="9098">
                        <bottom>-8</bottom>
                        <height>176</height>
                        <right>-8</right>

                        <visible>!Skin.HasSetting(Search.EnableDiscover)</visible>
                        <onup>9097</onup>
                        <onback>9099</onback>

                        <onleft>6000</onleft>
                        <ondown>noop</ondown>

                        <focusposition>3</focusposition>
                        <movement>3</movement>

                        <onclick>SetFocus(9099)</onclick>
                        <onclick>SetProperty(SearchTerm,$INFO[Container(9098).ListItem.Label])</onclick>
                        <onclick>RunScript(script.skinvariables,set_editcontrol=9099,window_id=1105,setfocus=9099,text=$INFO[Container(9098).ListItem.Label])</onclick>

                        <include>Action_UpdateSearchTerm</include>

                        <animation effect="fade" start="100" end="0" time="400" tween="sine" easing="in" reversible="false" condition="Integer.IsEqual(Container(9098).NumItems,0)">Conditional</animation>

                        <animation effect="fade" start="0" end="100" time="400" tween="sine" easing="in" reversible="false" condition="!Integer.IsEqual(Container(9098).NumItems,0)">Conditional</animation>

                        <orientation>vertical</orientation>
                        <itemlayout height="88" width="176">
                            <control type="group">
                                <right>8</right>
                                <bottom>8</bottom>
                                <control type="image">
                                    <texture colordiffuse="main_fg_12" border="40,0,40,0">common/menu.png</texture>
                                </control>
                                <control type="textbox">
                                    <left>20</left>
                                    <right>20</right>
                                    <height>60</height>
                                    <centertop>50%</centertop>
                                    <aligny>center</aligny>
                                    <align>center</align>
                                    <font>font_tiny</font>
                                    <textcolor>main_fg_70</textcolor>
                                    <label>$INFO[ListItem.Label]</label>
                                </control>
                            </control>
                        </itemlayout>
                        <focusedlayout height="88" width="176">
                            <control type="group">
                                <visible>!Control.HasFocus(9098)</visible>
                                <right>8</right>
                                <bottom>8</bottom>
                                <control type="image">
                                    <texture colordiffuse="main_fg_12" border="40,0,40,0">common/menu.png</texture>
                                </control>
                                <control type="textbox">
                                    <left>20</left>
                                    <right>20</right>
                                    <height>60</height>
                                    <centertop>50%</centertop>
                                    <aligny>center</aligny>
                                    <align>center</align>
                                    <font>font_tiny</font>
                                    <textcolor>main_fg_70</textcolor>
                                    <label>$INFO[ListItem.Label]</label>
                                </control>
                            </control>
                            <control type="group">
                                <visible>Control.HasFocus(9098)</visible>
                                <right>8</right>
                                <bottom>8</bottom>
                                <control type="image">
                                    <include>Texture_Menu_Highlight_H</include>
                                </control>
                                <control type="textbox">
                                    <left>20</left>
                                    <right>20</right>
                                    <height>60</height>
                                    <centertop>50%</centertop>
                                    <aligny>center</aligny>
                                    <align>center</align>
                                    <font>font_tiny</font>
                                    <textcolor>$VAR[ColorSelected]</textcolor>
                                    <label>$INFO[ListItem.Label]</label>
                                </control>
                            </control>
                        </focusedlayout>
                        <content>plugin://plugin.program.autocompletion?info=autocomplete&amp;&amp;id=$VAR[Path_SearchTerm]&amp;&amp;limit=9</content>
                        <content>plugin://script.skinvariables/?info=get_split_string&amp;infolabel=Skin.String(SearchHistory)&amp;reload=$INFO[Skin.String(SearchHistory)]</content>
                    </control>

                </include>

                <include content="Dialog_Side_Grouplist">
                    <param name="id">9000</param>
                    <onleft>9096</onleft>
                    <onright>90001</onright>
                    <include content="Dialog_Side_Button">
                        <param name="id">01</param>
                        <param name="label">$LOCALIZE[186]</param>
                        <param name="icon">special://skin/extras/icons/circle-check.png</param>
                        <onclick>SetFocus(6000)</onclick>
                        <include>Action_UpdateSearchTerm</include>
                    </include>
                    <include content="Dialog_Side_Button">
                        <param name="id">02</param>
                        <param name="label">$LOCALIZE[15067]</param>
                        <param name="icon">special://skin/extras/icons/circle-xmark.png</param>
                        <onclick>PreviousMenu</onclick>
                    </include>
                    <include content="Dialog_Side_Button">
                        <param name="id">03</param>
                        <param name="label">Clear</param>
                        <param name="icon">special://skin/extras/icons/triangle-exclamation.png</param>
                        <onclick condition="!String.IsEmpty(Control.GetLabel(9099).index(1))">RunScript(script.skinvariables,set_editcontrol=9099,window_id=1105,setfocus=9003)</onclick>
                        <onclick>ClearProperty(SearchTerm)</onclick>
                        <onclick>ClearProperty(SearchDiscover.SortLabel)</onclick>
                        <onclick>ClearProperty(SearchDiscover.FilmSort)</onclick>
                        <onclick>ClearProperty(SearchDiscover.ShowSort)</onclick>
                        <onclick>ClearProperty(SearchDiscover.GenreLabel)</onclick>
                        <onclick>ClearProperty(SearchDiscover.GenreID)</onclick>
                        <onclick>ClearProperty(SearchDiscover.ProviderLabel)</onclick>
                        <onclick>ClearProperty(SearchDiscover.ProviderID)</onclick>
                        <onclick>ClearProperty(SearchDiscover.PeopleLabel)</onclick>
                        <onclick>ClearProperty(SearchDiscover.PeopleID)</onclick>
                        <onclick>ClearProperty(SearchDiscover.YearHigh)</onclick>
                        <onclick>ClearProperty(SearchDiscover.YearLow)</onclick>
                        <onclick>ClearProperty(SearchDiscover.RatingLow)</onclick>
                        <onclick>ClearProperty(SearchDiscover.StudioLabel)</onclick>
                        <onclick>ClearProperty(SearchDiscover.DirectorLabel)</onclick>
                        <onclick>ClearProperty(SearchDiscover.SortBy)</onclick>
                        <onclick>ClearProperty(SearchDiscover.SortOrder)</onclick>
                        <onclick>Skin.Reset(SearchDiscover.VoteLow)</onclick>
                        <onclick>Skin.Reset(SearchDiscover.ItemLimit)</onclick>
                        <onclick condition="!Skin.HasSetting(Search.EnableDiscover) + String.IsEmpty(Control.GetLabel(9099).index(1))">Skin.Reset(SearchHistory)</onclick>
                    </include>
                    <include content="Dialog_Side_Button">
                        <param name="id">04</param>
                        <param name="label">$LOCALIZE[31066]</param>
                        <param name="icon">special://skin/extras/icons/binoculars.png</param>
                        <param name="control">radiobutton</param>
                        <selected>Skin.HasSetting(Search.EnableDiscover)</selected>
                        <onclick>Skin.ToggleSetting(Search.EnableDiscover)</onclick>
                    </include>
                    <include content="Dialog_Side_Button">
                        <param name="id">05</param>
                        <param name="label">$LOCALIZE[137]</param>
                        <param name="icon">special://skin/extras/icons/search.png</param>
                        <param name="control">radiobutton</param>
                        <selected>!Skin.HasSetting(Search.EnableDiscover)</selected>
                        <onclick>Skin.ToggleSetting(Search.EnableDiscover)</onclick>
                    </include>
                </include>
            </include>

            <nested />
        </include>


        <include content="Dialog_Overlay_Side">
            <param name="dialog_size">Dimension_DialogSideMenu</param>
            <visible>Skin.HasSetting(Search.EnableDiscover)</visible>
            <visible>!$EXP[Exp_InfoDialogs]</visible>
            <visible allowhiddenfocus="true">[Control.HasFocus(8000) | ControlGroup(89000).HasFocus()]</visible>
            <include>Animation_Right_Delay</include>
            <include content="Dialog_Head">
                <param name="id">0</param>
                <param name="label">$INFO[Window.Property(SearchDiscover.FilterLabel)]</param>
            </include>


            <include content="Dialog_Body">
                <include content="List_DialogSelect">
                    <param name="id">8000</param>
                    <param name="misc">[[String.IsEqual(Window.Property(SearchDiscover.FilterLabel),Genre) + !String.IsEmpty(Window.Property(SearchDiscover.GenreLabel)) + String.Contains(Window.Property(SearchDiscover.GenreLabel),ListItem.Label)] | [String.IsEqual(Window.Property(SearchDiscover.FilterLabel),Studio) + !String.IsEmpty(Window.Property(SearchDiscover.StudioLabel)) + String.Contains(Window.Property(SearchDiscover.StudioLabel),ListItem.Label)] | [String.IsEqual(Window.Property(SearchDiscover.FilterLabel),Director) + !String.IsEmpty(Window.Property(SearchDiscover.DirectorLabel)) + String.Contains(Window.Property(SearchDiscover.DirectorLabel),ListItem.Label)] | [String.IsEqual(Window.Property(SearchDiscover.FilterLabel),Country) + !String.IsEmpty(Window.Property(SearchDiscover.CountryLabel)) + String.Contains(Window.Property(SearchDiscover.CountryLabel),ListItem.Label)]]</param>
                    <include>Dimension_Dialog_Body_Group</include>
                    <!-- <pagecontrol>61</pagecontrol>
                    <onright>61</onright> -->
                    <onright>89000</onright>
                    <onleft>8100</onleft>
                    <onback>8100</onback>

                    <!-- Genre -->
                    <include content="Action_SearchLibrary_Filter_Onclick">
                        <param name="type">Genre</param>
                    </include>
                    <!-- Studio -->
                    <include content="Action_SearchLibrary_Filter_Onclick">
                        <param name="type">Studio</param>
                    </include>
                    <!-- Director -->
                    <include content="Action_SearchLibrary_Filter_Onclick">
                        <param name="type">Director</param>
                    </include>
                    <!-- Country -->
                    <include content="Action_SearchLibrary_Filter_Onclick">
                        <param name="type">Country</param>
                    </include>

                    <content>
                        <item>
                            <label>$LOCALIZE[192]</label>
                            <property name="clearfilter">True</property>
                            <property name="special_icon">special://skin/extras/icons/_none.png</property>
                            <!-- <property name="special_icon">special://skin/extras/icons/circle-minus.png</property> -->
                        </item>
                    </content>

                    <content sortby="label">$VAR[Path_SearchFilter_Node]</content>
                </include>
                <include content="Dialog_Side_Grouplist">
                    <param name="id">89000</param>
                    <onright>8100</onright>
                    <onleft>8000</onleft>
                    <include content="Dialog_Side_Button">
                        <param name="id">01</param>
                        <param name="baseid">89</param>
                        <param name="label">$LOCALIZE[186]</param>
                        <param name="icon">special://skin/extras/icons/circle-check.png</param>
                        <onclick>SetFocus(8100)</onclick>
                    </include>
                    <!-- <include content="Dialog_Side_Button">
                        <param name="id">02</param>
                        <param name="baseid">89</param>
                        <param name="label">$LOCALIZE[192]</param>
                        <param name="icon">special://skin/extras/icons/triangle-exclamation.png</param>
                        <onclick>ClearProperty(SearchDiscover.GenreLabel)</onclick>
                        <onclick>SetFocus(8100)</onclick>
                    </include> -->
                </include>
            </include>
        </include>


    </include>

    <include name="Search_View_DiscoverInfoPanel">
        <include content="Info_Panel">
            <param name="line_id">0</param>
            <param name="container">Container(5081).</param>
            <visible>Integer.IsEqual(Window.Property(TMDBHelper.WidgetContainer),5081)</visible>
        </include>
        <include content="Info_Panel">
            <param name="line_id">0</param>
            <param name="container">Container(5082).</param>
            <visible>Integer.IsEqual(Window.Property(TMDBHelper.WidgetContainer),5082)</visible>
        </include>
    </include>

    <include name="Search_View_DiscoverWidgets">
        <include content="_Widget_Row">
            <param name="groupid">5181</param>
            <param name="id">5081</param>
            <param name="label">$LOCALIZE[31066] $LOCALIZE[342]</param>
            <param name="secondary_label">$LOCALIZE[31371] $VAR[Label_DiscoverWidgets_Sort]</param>
            <param name="sort_condition">True</param>
            <param name="sort_descending">True</param>
            <param name="visible">[Skin.HasSetting(Search.EnableDiscover)]</param>
            <param name="altvisible">[Skin.HasSetting(Search.EnableDiscover) + !ControlGroup(6000).HasFocus()]</param>
            <param name="include">List_Poster_Row</param>
            <param name="transition_include">true</param>
            <param name="transition_hidden">Control.HasFocus(5081)</param>

            <param name="detailed">false</param>
            <param name="widgettop">widgetsearch_items_t</param>
            <param name="widgetheight">widgetsearch_items_h</param>
            <param name="labeltop">widgetsearch_label_t</param>
            <param name="labelheight">widgetsearch_label_h</param>

            <content>
                <item>
                    <label>$LOCALIZE[31046]</label>
                    <visible>[[Integer.IsEqual(Container(5081).NumItems,1) + String.IsEqual(Container(5081).ListItem(1).Label,$LOCALIZE[31046])] | Integer.IsEqual(Container(5081).NumItems,0)]</visible>
                </item>
            </content>

            <content target="videos" limit="$VAR[Path_DiscoverWidgets_ItemLimit]" sortby="$VAR[Path_DiscoverWidgets_SortBy]" sortorder="$VAR[Path_DiscoverWidgets_SortOrder]" browse="$VAR[Defs_BrowseLimitedLists]">$VAR[Path_DiscoverWidgets_Film]</content>

            <onback condition="![![!Skin.HasSetting(Rows.EnableWrapList)] | Integer.IsEqual(Container(5081).ListItem.CurrentItem,1)]">6000</onback>
            <onback condition="![![!Skin.HasSetting(Rows.EnableWrapList)] | Integer.IsEqual(Container(5081).ListItem.CurrentItem,1)]">SetFocus(5081,0,absolute)</onback>

            <onback condition="[![!Skin.HasSetting(Rows.EnableWrapList)] | Integer.IsEqual(Container(5081).ListItem.CurrentItem,1)]">SetFocus(5081)</onback>
            <onback condition="[![!Skin.HasSetting(Rows.EnableWrapList)] | Integer.IsEqual(Container(5081).ListItem.CurrentItem,1)]">9097</onback>
            <onback condition="[![!Skin.HasSetting(Rows.EnableWrapList)] | Integer.IsEqual(Container(5081).ListItem.CurrentItem,1)]">AlarmClock(clear_twc,ClearProperty(TMDbHelper.WidgetContainer),00:00,silent)</onback>

            <onfocus>SetProperty(TMDbHelper.WidgetContainer,5081)</onfocus>

            <onfocus>SetProperty(Transition.WidgetStyle,List_Poster_Row,Home)</onfocus>
            <onunfocus>ClearProperty(Transition.WidgetStyle,Home)</onunfocus>
        </include>

        <include content="_Widget_Row">
            <param name="groupid">5182</param>
            <param name="id">5082</param>
            <param name="label">$LOCALIZE[31066] $LOCALIZE[20343]</param>
            <param name="secondary_label">$LOCALIZE[31371] $VAR[Label_DiscoverWidgets_Sort]</param>
            <param name="sort_condition">True</param>
            <param name="sort_descending">True</param>
            <param name="visible">[Skin.HasSetting(Search.EnableDiscover)]</param>
            <param name="altvisible">[Skin.HasSetting(Search.EnableDiscover) + !ControlGroup(6000).HasFocus()]</param>
            <param name="include">List_Poster_Row</param>
            <param name="transition_include">true</param>
            <param name="transition_hidden">Control.HasFocus(5082)</param>

            <param name="detailed">false</param>
            <param name="widgettop">widgetsearch_items_t</param>
            <param name="widgetheight">widgetsearch_items_h</param>
            <param name="labeltop">widgetsearch_label_t</param>
            <param name="labelheight">widgetsearch_label_h</param>

            <content>
                <item>
                    <label>$LOCALIZE[31046]</label>
                    <visible>[[Integer.IsEqual(Container(5082).NumItems,1) + String.IsEqual(Container(5082).ListItem(1).Label,$LOCALIZE[31046])] | Integer.IsEqual(Container(5082).NumItems,0)]</visible>
                </item>
            </content>

            <content target="videos" limit="$VAR[Path_DiscoverWidgets_ItemLimit]" sortby="$VAR[Path_DiscoverWidgets_SortBy]" sortorder="$VAR[Path_DiscoverWidgets_SortOrder]" browse="$VAR[Defs_BrowseLimitedLists]">$VAR[Path_DiscoverWidgets_Show]</content>

            <onback condition="![![!Skin.HasSetting(Rows.EnableWrapList)] | Integer.IsEqual(Container(5082).ListItem.CurrentItem,1)]">6000</onback>
            <onback condition="![![!Skin.HasSetting(Rows.EnableWrapList)] | Integer.IsEqual(Container(5082).ListItem.CurrentItem,1)]">SetFocus(5082,0,absolute)</onback>

            <onback condition="[![!Skin.HasSetting(Rows.EnableWrapList)] | Integer.IsEqual(Container(5082).ListItem.CurrentItem,1)]">SetFocus(5081)</onback>
            <onback condition="[![!Skin.HasSetting(Rows.EnableWrapList)] | Integer.IsEqual(Container(5081).ListItem.CurrentItem,1)]">9097</onback>
            <onback condition="[![!Skin.HasSetting(Rows.EnableWrapList)] | Integer.IsEqual(Container(5082).ListItem.CurrentItem,1)]">AlarmClock(clear_twc,ClearProperty(TMDbHelper.WidgetContainer),00:00,silent)</onback>

            <onfocus>SetProperty(TMDbHelper.WidgetContainer,5082)</onfocus>

            <onfocus>SetProperty(Transition.WidgetStyle,List_Poster_Row,Home)</onfocus>
            <onunfocus>ClearProperty(Transition.WidgetStyle,Home)</onunfocus>
        </include>
    </include>

</includes>
