<?xml version="1.0" encoding="UTF-8"?>
<window type="window" id="1101">
    <onload>SetProperty(TMDbHelper.WidgetContainer,301)</onload>
    <defaultcontrol>300</defaultcontrol>
    <menucontrol>303</menucontrol>
    <include>Action_Blur_Onload</include>
    <include>Action_Hub_Refocus_Onload</include>

    <onload condition="String.IsEmpty(Skin.String(skinshortcuts-moviemenu-widgetPath)) + Library.HasContent(Movies)">Skin.SetString(skinshortcuts-moviemenu-widgetPath,special://skin/extras/playlists/RandomMovies.xsp)</onload>
    <onload condition="String.IsEmpty(Skin.String(skinshortcuts-moviemenu-widgetPath)) + Library.HasContent(Movies)">Skin.SetString(skinshortcuts-moviemenu-widgetTarget,videos)</onload>
    <onload condition="String.IsEmpty(Skin.String(skinshortcuts-moviemenu-widgetPath)) + Library.HasContent(Movies)">Skin.SetString(skinshortcuts-moviemenu-widgetName,$LOCALIZE[31105])</onload>

    <onload condition="String.IsEmpty(Skin.String(skinshortcuts-moviemenu-widgetPath)) + !Library.HasContent(Movies)">Skin.SetString(skinshortcuts-moviemenu-widgetPath,plugin://plugin.video.themoviedb.helper/?info=random_trending&amp;tmdb_type=movie&amp;widget=true&amp;reload=$INFO[Window(Home).Property(TMDbHelper.Widgets.Reload)])</onload>
    <onload condition="String.IsEmpty(Skin.String(skinshortcuts-moviemenu-widgetPath)) + !Library.HasContent(Movies)">Skin.SetString(skinshortcuts-moviemenu-widgetTarget,videos)</onload>
    <onload condition="String.IsEmpty(Skin.String(skinshortcuts-moviemenu-widgetPath)) + !Library.HasContent(Movies)">Skin.SetString(skinshortcuts-moviemenu-widgetName,$LOCALIZE[31310])</onload>
    <controls>

        <include content="Hub_Main_Group">
            <param name="window_id">1101</param>
            <param name="widgets_only">Skin.HasSetting(Hub.Movies.DisableSubmenu)</param>
            <include>skinshortcuts-template-moviemenu</include>
            <include>skinshortcuts-template-moviewidgets</include>
        </include>
    </controls>
</window>