<?xml version="1.0" encoding="UTF-8"?>
<window type="dialog" id="1162">
    <zorder>2</zorder>
    <defaultcontrol always="true">450</defaultcontrol>
    <onunload>ClearProperty(Path,1162)</onunload>
    <onunload>ClearProperty(Target,1162)</onunload>
    <onunload>ClearProperty(Header,1162)</onunload>
    <onload>SetProperty(TMDbHelper.ContextMenu,True)</onload>
    <controls>

        <include content="DialogCustom1162_Main" condition="String.IsEmpty(Window(Home).Property(CustomDialog1162.Expanded))">
            <param name="include_artwork">false</param>
            <param name="lines_right">0</param>
            <param name="dialog_size">Dimension_DialogMiniMenu</param>
        </include>

        <include content="DialogCustom1162_Main" condition="String.IsEqual(Window(Home).Property(CustomDialog1162.Expanded),plotbox)">
            <param name="include_plotbox">true</param>
            <param name="lines_right">840</param>
            <param name="dialog_size">Dimension_DialogMainMenu</param>
        </include>

        <include condition="String.IsEqual(Window(Home).Property(CustomDialog1162.Expanded),artwork)">DialogCustom1162_Main</include>

        <include content="Furniture_Busy">
            <param name="hasspinner">true</param>
            <param name="spinspinner">true</param>
            <param name="icon">special://skin/extras/icons/kodi.png</param>
            <param name="haslabel">false</param>
            <param name="spinnervisible">[!Window.IsActive(DialogVolumeBar.xml) | Player.Muted]</param>
            <param name="visible_delay">400</param>
            <param name="windowopen_condition">False</param>
            <param name="visible">[Container(450).IsUpdating]</param>
        </include>

    </controls>
</window>
