<?xml version="1.0" encoding="UTF-8"?>
<window type="dialog">
    <zorder>2</zorder>
    <defaultcontrol always="true">9000</defaultcontrol>
    <menucontrol>9000</menucontrol>
    <include>DialogInfo_Onload</include>

    <controls>

        <include>Defs_Background_Loader</include>

        <include>Dialog_Dim_Overlay</include>

        <control type="group">
            <include>Dimension_DialogMainMenu</include>
            <include>Animation_Right_Delay</include>

            <include content="Dialog_Background_Group">
                <param name="dialog_size">Dimension_DialogMainMenu</param>
            </include>

            <control type="group">
                <include content="Dimension_Padding">
                    <param name="pad">40</param>
                </include>
                <include content="Dialog_Overlay_Mode_Glass">
                    <param name="flipped">false</param>
                </include>
            </control>

            <control type="group">
                <!-- Header -->
                <include content="Dialog_Head">
                    <param name="label">$VAR[Label_Title]</param>
                </include>
                <include>Dialog_Head_CloseButton</include>

                <!-- Content -->
                <control type="group" id="8000">
                    <bottom>240</bottom>
                    <include>Dimension_Dialog_Body</include>
                    <control type="group">
                        <include>Dimension_Dialog_Body_Group</include>
                        <include content="DialogInfo_PlotBox_Artwork">
                            <param name="square_icon">$INFO[ListItem.Icon]</param>
                            <param name="landscape_icon">$VAR[Image_PVREpgLandscapeArt]</param>
                        </include>
                        <include content="Dialog_Outline_InnerBox">
                            <left>420</left>
                            <top>-20</top>
                            <bottom>-20</bottom>
                            <right>20</right>
                            <control type="textbox">
                                <top>50</top>
                                <bottom>50</bottom>
                                <font>font_midi_plot</font>
                                <textcolor>main_fg_70</textcolor>
                                <label>[B][COLOR=main_fg_90]$LOCALIZE[31181][/COLOR][/B][CR]$INFO[ListItem.StartDate,,[CR]]$INFO[ListItem.StartTime]$INFO[ListItem.EndTime, - ,]$INFO[ListItem.Genre,[CR][CR][B][COLOR=main_fg_90]$LOCALIZE[515][/COLOR][/B][CR],]$VAR[Label_PVR_Episode,[CR][CR][B][COLOR=main_fg_90]$LOCALIZE[20359][/COLOR][/B][CR],][CR][CR]$INFO[ListItem.Plot,[B][COLOR=main_fg_90]$LOCALIZE[31028][/COLOR][/B][CR],]</label>
                                <include content="Dimension_Padding">
                                    <param name="pad">40</param>
                                </include>
                                <pagecontrol>61</pagecontrol>
                            </control>
                        </include>
                    </control>

                    <include content="Dialog_InfoText">
                        <param name="label">$INFO[PVR.BackendName]$INFO[PVR.BackendVersion, • v,]</param>
                    </include>
                    <include content="Dialog_Scrollbar">
                        <param name="id">61</param>
                        <param name="inset">true</param>
                        <onback>9000</onback>
                    </include>

                </control>


                <!-- Buttons -->
                <include content="Dialog_Tray_Grouplist_Left">
                    <include content="Dialog_Button_Expanded">
                        <param name="id">05</param>
                        <param name="builtin">true</param>
                        <param name="label">$LOCALIZE[19165]</param>
                        <param name="icon">special://skin/extras/icons/play2.png</param>
                        <!-- <param name="visible">Window.IsActive(PVRGuideInfo) + Control.IsEnabled(5) + Control.IsVisible(5)</param> -->
                    </include>
                    <include content="Dialog_Button_Expanded">
                        <param name="id">99</param>
                        <param name="label">$LOCALIZE[222]</param>
                        <param name="icon">special://skin/extras/icons/circle-xmark.png</param>
                        <onclick>Close</onclick>
                    </include>
                </include>
                <include content="Dialog_Tray_Grouplist_Right">

                    <include content="Dialog_Button_Expansion" description="Play Programme">
                        <param name="id">10</param>
                        <param name="builtin">true</param>
                        <param name="icon">special://skin/extras/icons/play3.png</param>
                        <param name="label">$LOCALIZE[208]</param>
                        <param name="visible">Window.IsActive(PVRGuideInfo) + Control.IsEnabled(10) + Control.IsVisible(10)</param>
                    </include>

                    <include content="Dialog_Button_Expansion" description="Play Recording">
                        <param name="id">08</param>
                        <param name="builtin">true</param>
                        <param name="icon">special://skin/extras/icons/play3.png</param>
                        <param name="label">$LOCALIZE[208]</param>
                        <param name="visible">[Window.IsActive(PVRGuideInfo) | Window.IsActive(PVRRecordingInfo)] + Control.IsEnabled(8) + Control.IsVisible(8)</param>
                    </include>

                    <include content="Dialog_Button_Expansion" description="Record">
                        <param name="id">06</param>
                        <param name="builtin">true</param>
                        <param name="icon">special://skin/extras/icons/record-vinyl.png</param>
                        <param name="label">$LOCALIZE[264]</param>
                        <param name="visible">Window.IsActive(PVRGuideInfo) + Control.IsEnabled(6) + Control.IsVisible(6)</param>
                    </include>

                    <include content="Dialog_Button_Expansion" description="Add Timer">
                        <param name="id">09</param>
                        <param name="builtin">true</param>
                        <param name="icon">special://skin/extras/icons/clock.png</param>
                        <param name="label">$LOCALIZE[19061]</param>
                        <param name="visible">Window.IsActive(PVRGuideInfo) + Control.IsEnabled(9) + Control.IsVisible(9)</param>
                    </include>

                    <include content="Dialog_Button_Expansion" description="Set Reminder">
                        <param name="id">11</param>
                        <param name="builtin">true</param>
                        <param name="icon">special://skin/extras/icons/clock.png</param>
                        <param name="label">$LOCALIZE[826]</param>
                        <param name="visible">Window.IsActive(PVRGuideInfo) + Control.IsEnabled(11) + Control.IsVisible(11)</param>
                    </include>

                    <include content="Dialog_Button_Expansion" description="Similar">
                        <param name="id">04</param>
                        <param name="builtin">true</param>
                        <param name="icon">special://skin/extras/icons/binoculars.png</param>
                        <param name="label">$LOCALIZE[31041]</param>
                        <param name="visible">[Window.IsActive(PVRGuideInfo) | Window.IsActive(PVRRecordingInfo)] + Control.IsEnabled(4) + Control.IsVisible(4)</param>
                    </include>

                    <include content="Dialog_Button_Expansion">
                        <param name="id">4082</param>
                        <param name="label">Wiki</param>
                        <param name="icon">special://skin/extras/icons/globe.png</param>
                        <onclick>Close</onclick>
                        <onclick>runscript(script.wikipedia,wikipedia=$VAR[Path_Wikipedia_Title],tmdb_type=$VAR[Path_Wikipedia_Type])</onclick>
                    </include>
                </include>
            </control>



        </control>
    </controls>
</window>
