<?xml version="1.0" encoding="UTF-8"?>
<window>
    <zorder>2</zorder>
    <defaultcontrol always="true">29</defaultcontrol>
    <controls>

        <control type="radiobutton" id="25">
            <visible allowhiddenfocus="true">false</visible>
            <width>1</width>
            <height>1</height>
            <label>_</label>
        </control>

        <control type="label" id="20">
            <visible>false</visible>
            <width>1</width>
            <height>1</height>
        </control>

        <include>Dialog_Dim_Overlay</include>

        <control type="group">
            <include>Dimension_DialogMainMenu</include>
            <include>Animation_Right_Delay</include>
            <include content="Dialog_Background_Group">
                <param name="dialog_size">Dimension_DialogMainMenu</param>
            </include>

            <control type="group">
                <include content="Dimension_Padding">
                    <param name="pad">40</param>
                </include>
                <include content="Dialog_Overlay_Mode_Glass">
                    <param name="flipped">false</param>
                </include>
            </control>

            <control type="group">
                <!-- Header -->
                <include content="Dialog_Head">
                    <param name="id">1</param>
                    <param name="label">$LOCALIZE[19048]</param>
                </include>
                <include>Dialog_Head_CloseButton</include>

                <!-- Content -->
                <control type="group">
                    <bottom>240</bottom>
                    <include>Dimension_Dialog_Body</include>
                    <control type="group" id="8000">
                        <include>Dimension_Dialog_Body_Group</include>

                        <!-- Left Group -->
                        <control type="group">
                            <width>400</width>
                            <control type="group">
                                <control type="image">
                                    <texture colordiffuse="$VAR[Color_DialogBorder]">common/white.png</texture>
                                    <height>1</height>
                                    <top>-20</top>
                                    <left>20</left>
                                    <right>20</right>
                                </control>

                                <control type="image">
                                    <texture colordiffuse="$VAR[Color_DialogBorder]">common/white.png</texture>
                                    <height>1</height>
                                    <bottom>-20</bottom>
                                    <left>20</left>
                                    <right>20</right>
                                </control>
                                <include content="Settings_Label">
                                    <param name="id">8020</param>
                                    <param name="control">label</param>
                                    <description>channel options Header</description>
                                    <label>$LOCALIZE[19146]: $INFO[Control.GetLabel(20)]</label>
                                    <top>-40</top>
                                    <height>10</height>
                                    <align>center</align>
                                </include>
                                <include content="List_DialogSelect">
                                    <param name="id">13</param>
                                    <param name="itemlayout_include">Layout_ChannelManager</param>
                                    <param name="item_height">80</param>
                                    <param name="detailed">false</param>
                                    <param name="misc">String.IsEqual(Container(13).CurrentItem,ListItem.CurrentItem)</param>
                                    <onright>11</onright>
                                    <onback>29</onback>
                                    <onclick>9000</onclick>
                                </include>
                            </control>
                        </control>

                        <control type="group">
                            <left>400</left>
                            <!-- Middle Group -->
                            <control type="group">
                                <width>50%</width>

                                <include content="Dialog_Outline_InnerBox">
                                    <top>-20</top>
                                    <bottom>-20</bottom>
                                    <right>20</right>
                                    <left>20</left>
                                </include>

                                <control type="group">
                                    <left>40</left>
                                    <right>40</right>
                                    <include content="Settings_Label">
                                        <param name="id">21</param>
                                        <param name="control">label</param>
                                        <description>channel options Header</description>
                                        <top>-40</top>
                                        <height>10</height>
                                        <align>center</align>
                                    </include>
                                    <include content="List_DialogSelect">
                                        <param name="id">11</param>
                                        <param name="itemlayout_include">Layout_ChannelManager</param>
                                        <param name="item_height">80</param>
                                        <param name="detailed">false</param>
                                        <pagecontrol>62</pagecontrol>
                                        <onright>62</onright>
                                        <onleft>13</onleft>
                                        <onback>29</onback>
                                    </include>

                                </control>
                                <include content="Dialog_Scrollbar">
                                    <param name="id">62</param>
                                    <onleft>11</onleft>
                                    <onright>12</onright>
                                    <onback>29</onback>
                                    <top>0</top>
                                    <bottom>0</bottom>
                                    <centerright>0</centerright>
                                    <texturesliderbackground colordiffuse="$VAR[Color_DialogBorder]" border="4">scrollbar/scrollv_line.png</texturesliderbackground>
                                </include>
                            </control>

                            <!-- Right Group -->
                            <control type="group">
                                <right>0</right>
                                <width>50%</width>

                                <include content="Dialog_Outline_InnerBox">
                                    <top>-20</top>
                                    <bottom>-20</bottom>
                                    <right>20</right>
                                    <left>20</left>
                                </include>

                                <control type="group">
                                    <left>40</left>
                                    <right>40</right>
                                    <include content="Settings_Label">
                                        <param name="id">22</param>
                                        <param name="control">label</param>
                                        <description>channel options Header</description>
                                        <top>-40</top>
                                        <height>10</height>
                                        <align>center</align>
                                    </include>
                                    <include content="List_DialogSelect">
                                        <param name="id">12</param>
                                        <param name="itemlayout_include">Layout_ChannelManager</param>
                                        <param name="item_height">80</param>
                                        <param name="detailed">false</param>
                                        <pagecontrol>63</pagecontrol>
                                        <onright>63</onright>
                                        <onleft>62</onleft>
                                        <onback>29</onback>
                                    </include>

                                </control>
                                <include content="Dialog_Scrollbar">
                                    <param name="id">63</param>
                                    <onleft>12</onleft>
                                    <onback>29</onback>
                                    <top>0</top>
                                    <bottom>0</bottom>
                                    <centerright>0</centerright>
                                    <texturesliderbackground colordiffuse="$VAR[Color_DialogBorder]" border="4">scrollbar/scrollv_line.png</texturesliderbackground>
                                </include>
                            </control>
                        </control>
                    </control>
                    <include content="Dialog_InfoText">
                        <param name="label">$VAR[Label_PVRChannelMgrHeader]$INFO[Container(13).NumItems, (,)]</param>
                    </include>
                </control>

                <include content="Dialog_Tray_Grouplist_Left">
                    <include content="Dialog_Button_Expanded">
                        <param name="builtin">true</param>
                        <param name="id">29</param>
                        <param name="label">$LOCALIZE[186]</param>
                        <param name="icon">special://skin/extras/icons/circle-check.png</param>
                    </include>
                    <include content="Dialog_Button_Expanded">
                        <param name="id">99</param>
                        <param name="label">$LOCALIZE[222]</param>
                        <param name="icon">special://skin/extras/icons/circle-xmark.png</param>
                        <onclick>Close</onclick>
                    </include>
                </include>
                <include content="Dialog_Tray_Grouplist_Right">
                    <include content="Dialog_Button_Expansion">
                        <param name="builtin">true</param>
                        <param name="id">26</param>
                        <param name="label">$LOCALIZE[15019]</param>
                        <param name="icon">special://skin/extras/icons/circle-plus.png</param>
                    </include>
                    <include content="Dialog_Button_Expansion">
                        <param name="builtin">true</param>
                        <param name="id">27</param>
                        <param name="label">$LOCALIZE[118]</param>
                        <param name="icon">special://skin/extras/icons/i-cursor.png</param>
                    </include>
                    <include content="Dialog_Button_Expansion">
                        <param name="builtin">true</param>
                        <param name="id">9004</param>
                        <param name="label">$VAR[Label_PVRGrpMgr_HideGroup]</param>
                        <param name="icon">$VAR[Image_PVRGrpMgr_HideGroup]</param>
                        <onclick>SetFocus(25)</onclick>
                        <onclick>Action(Select)</onclick>
                        <onclick>SetFocus(9004)</onclick>
                    </include>
                    <include content="Dialog_Button_Expansion">
                        <param name="builtin">true</param>
                        <param name="id">28</param>
                        <param name="label">$LOCALIZE[117]</param>
                        <param name="icon">special://skin/extras/icons/delete-left.png</param>
                    </include>
                    <include content="Dialog_Button_Expansion">
                        <param name="builtin">true</param>
                        <param name="id">35</param>
                        <param name="label">$LOCALIZE[184]</param>
                        <param name="icon">special://skin/extras/icons/image.png</param>
                    </include>
                    <include content="Dialog_Button_Expansion">
                        <param name="builtin">true</param>
                        <param name="id">34</param>
                        <param name="label">$VAR[Label_PVRChannelMgrToggle]</param>
                        <param name="icon">special://skin/extras/icons/right-left.png</param>
                    </include>
                </include>
            </control>


        </control>
    </controls>
</window>
