{
    "infolabels": {
        "skinstring_focuscolor_name": "Skin.String(focuscolor.name)",
        "skinstring_gradientcolor_name": "Skin.String(gradientcolor.name)",
        "skinstring_watchedprogresscolor_name": "Skin.String(watchedprogresscolor.name)"
    },
    "values": {
        "color_highlight": [
            {
                "rules": ["!String.IsEmpty(Skin.String(focuscolor.name))"],
                "value": "{skinstring_focuscolor_name}"
            },
            "ffe91e63"
        ],
        "color_gradient": [
            {
                "rules": ["!Skin.HasSetting(EnableMonochromeHighlight) + !String.IsEmpty(Skin.String(gradientcolor.name))"],
                "value": "{skinstring_gradientcolor_name}"
            },
            {
                "rules": ["!Skin.HasSetting(EnableMonochromeHighlight)"],
                "value": "ffb635e5"
            },
            {
                "rules": ["!String.IsEmpty(Skin.String(focuscolor.name))"],
                "value": "{skinstring_focuscolor_name}"
            },
            "ffe91e63"
        ],
        "color_progress": [
            {
                "rules": ["!String.IsEmpty(Skin.String(watchedprogresscolor.name))"],
                "value": "{skinstring_watchedprogresscolor_name}"
            },
            "ff03b585"
        ]
    },
    "actions": [
        "route=action=buildtemplate&template=textures&color_highlight={color_highlight}&color_gradient={color_gradient}&color_progress={color_progress}"
    ]
}