<?xml version="1.0" encoding="UTF-8"?>
<window>

    <defaultcontrol always="true">13</defaultcontrol>
    <onload>AlarmClock(refocus,SetFocus(13),00:00,silent)</onload>
    <controls>

        <control type="radiobutton" id="25">
            <visible allowhiddenfocus="true">false</visible>
            <width>1</width>
            <height>1</height>
            <label>_</label>
        </control>

        <control type="label" id="20">
            <visible>false</visible>
            <width>1</width>
            <height>1</height>
        </control>

        <include>Dialog_Dim_Overlay</include>

        <control type="group">
            <include>Dimension_DialogHugeMenu</include>
            <include>Animation_Right_Delay</include>
            <include content="Dialog_Background_Group">
                <param name="include_glass">true</param>
                <param name="dialog_size">Dimension_DialogHugeMenu</param>
            </include>
            <include>Dialog_Overlay_Tray</include>

            <control type="group">
                <!-- Header -->
                <include content="Dialog_Head">
                    <param name="id">1</param>
                    <param name="label">$LOCALIZE[19048]</param>
                </include>
                <include>Dialog_Manage_Head_Button</include>

                <!-- Content -->
                <control type="group">
                    <bottom>160</bottom>
                    <include>Dimension_Dialog_Body</include>
                    <control type="group" id="8000">
                        <include>Dimension_Dialog_Body_Group</include>

                        <!-- Left Group -->
                        <control type="group">
                            <width>400</width>
                            <control type="group">
                                <control type="image">
                                    <texture colordiffuse="$VAR[Color_DialogBorder]">common/white.png</texture>
                                    <height>1</height>
                                    <top>-20</top>
                                    <left>20</left>
                                    <right>20</right>
                                </control>

                                <control type="image">
                                    <texture colordiffuse="$VAR[Color_DialogBorder]">common/white.png</texture>
                                    <height>1</height>
                                    <bottom>-20</bottom>
                                    <left>20</left>
                                    <right>20</right>
                                </control>
                                <include content="Settings_Label">
                                    <param name="id">8020</param>
                                    <param name="control">label</param>
                                    <description>channel options Header</description>
                                    <label>$LOCALIZE[19146]: $INFO[Control.GetLabel(20)]</label>
                                    <top>-40</top>
                                    <height>10</height>
                                    <align>center</align>
                                </include>
                                <include content="List_DialogSelect">
                                    <param name="id">13</param>
                                    <param name="itemlayout_include">Layout_ChannelManager</param>
                                    <param name="item_height">80</param>
                                    <param name="detailed">false</param>
                                    <param name="misc">String.IsEqual(Container(13).CurrentItem,ListItem.CurrentItem)</param>
                                    <onright>11</onright>
                                    <onback>9893</onback>
                                </include>
                            </control>
                        </control>

                        <control type="group">
                            <left>400</left>
                            <!-- Middle Group -->
                            <control type="group">
                                <width>50%</width>

                                <include content="Dialog_Outline_InnerBox">
                                    <top>-20</top>
                                    <bottom>-20</bottom>
                                    <right>20</right>
                                    <left>20</left>
                                </include>

                                <control type="group">
                                    <left>40</left>
                                    <right>40</right>
                                    <include content="Settings_Label">
                                        <param name="id">21</param>
                                        <param name="control">label</param>
                                        <description>channel options Header</description>
                                        <top>-40</top>
                                        <height>10</height>
                                        <align>center</align>
                                    </include>
                                    <include content="List_DialogSelect">
                                        <param name="id">11</param>
                                        <param name="itemlayout_include">Layout_ChannelManager</param>
                                        <param name="item_height">80</param>
                                        <param name="detailed">false</param>
                                        <pagecontrol>62</pagecontrol>
                                        <onright>62</onright>
                                        <onleft>13</onleft>
                                        <onback>9893</onback>
                                    </include>

                                </control>
                                <include content="Dialog_Scrollbar">
                                    <param name="id">62</param>
                                    <onleft>11</onleft>
                                    <onright>12</onright>
                                    <onback>9893</onback>
                                    <top>0</top>
                                    <bottom>0</bottom>
                                    <centerright>0</centerright>
                                    <texturesliderbackground colordiffuse="$VAR[Color_DialogBorder]" border="4">scrollbar/scrollv_line.png</texturesliderbackground>
                                </include>
                            </control>

                            <!-- Right Group -->
                            <control type="group">
                                <right>0</right>
                                <width>50%</width>

                                <include content="Dialog_Outline_InnerBox">
                                    <top>-20</top>
                                    <bottom>-20</bottom>
                                    <right>20</right>
                                    <left>20</left>
                                </include>

                                <control type="group">
                                    <left>40</left>
                                    <right>40</right>
                                    <include content="Settings_Label">
                                        <param name="id">22</param>
                                        <param name="control">label</param>
                                        <description>channel options Header</description>
                                        <top>-40</top>
                                        <height>10</height>
                                        <align>center</align>
                                    </include>
                                    <include content="List_DialogSelect">
                                        <param name="id">12</param>
                                        <param name="itemlayout_include">Layout_ChannelManager</param>
                                        <param name="item_height">80</param>
                                        <param name="detailed">false</param>
                                        <pagecontrol>63</pagecontrol>
                                        <onright>63</onright>
                                        <onleft>62</onleft>
                                        <onback>9893</onback>
                                    </include>

                                </control>
                                <include content="Dialog_Scrollbar">
                                    <param name="id">63</param>
                                    <onleft>12</onleft>
                                    <onback>9893</onback>
                                    <onright>9898</onright>
                                    <top>0</top>
                                    <bottom>0</bottom>
                                    <centerright>0</centerright>
                                    <texturesliderbackground colordiffuse="$VAR[Color_DialogBorder]" border="4">scrollbar/scrollv_line.png</texturesliderbackground>
                                </include>
                            </control>
                        </control>
                    </control>
                    <include content="Dialog_InfoText">
                        <param name="label">$VAR[Label_PVRChannelMgrHeader]$INFO[Container(13).NumItems, (,)]</param>
                    </include>
                </control>


            </control>


        </control>

        <include content="Dialog_Manage">
            <param name="onback">8000</param>
            <param name="include">Items_DialogPVRGroupManager</param>
            <param name="focus_id">29</param>
            <param name="confirm_exit">true</param>
            <param name="confirm_buttons">Dialog_Manage_Confirm_Buttons_DialogGroupManager</param>
        </include>
    </controls>
</window>
