<?xml version="1.0" encoding="UTF-8"?>
<window>

    <defaultcontrol always="true">21</defaultcontrol>

    <controls>
        <include>Keyboard_Numeric</include>

        <!-- <control type="group">
            <include content="Animation_Fade_In">
                <param name="type">WindowOpen</param>
                <param name="delay">400</param>
            </include>
            <control type="group">
                <right>60</right>
                <centertop>100</centertop>
                <height>80</height>
                <width>80</width>
                <control type="image">
                    <include>Texture_Circle_Highlight_V</include>
                </control>
                <control type="image">
                    <bordersize>12</bordersize>
                    <texture colordiffuse="$VAR[ColorSelected]">special://skin/extras/icons/kodi.png</texture>
                </control>
            </control>
        </control> -->
    </controls>
</window>
