{
    "widget_path": [
        {
            "condition": "{item_path}==DefaultSearch-MovieActors",
            "value": "plugin://script.skinvariables/?info=get_filter_dir&amp;filter_key=title&amp;filter_value="
        },
        {
            "condition": "{item_path}==DefaultSearch-TVShowActors",
            "value": "plugin://script.skinvariables/?info=get_filter_dir&amp;filter_key=title&amp;filter_value="
        },
        {
            "condition": "{item_path}==DefaultSearch-MovieDirectors",
            "value": "plugin://script.skinvariables/?info=get_filter_dir&amp;filter_key=title&amp;filter_value="
        },
        {
            "condition": "{item_path}==DefaultSearch-Movies",
            "value": "videodb://movies/titles/?xsp=%7B%22order%22%3A%7B%22direction%22%3A%22ascending%22%2C%22ignorefolders%22%3A0%2C%22method%22%3A%22sorttitle%22%7D%2C%22rules%22%3A%7B%22and%22%3A%5B%7B%22field%22%3A%22title%22%2C%22operator%22%3A%22contains%22%2C%22value%22%3A%5B%22"
        },
        {
            "condition": "{item_path}==DefaultSearch-TvShows",
            "value": "videodb://tvshows/titles/?xsp=%7B%22order%22%3A%7B%22direction%22%3A%22ascending%22%2C%22ignorefolders%22%3A0%2C%22method%22%3A%22sorttitle%22%7D%2C%22rules%22%3A%7B%22and%22%3A%5B%7B%22field%22%3A%22title%22%2C%22operator%22%3A%22contains%22%2C%22value%22%3A%5B%22"
        },
        {
            "condition": "{item_path}==DefaultSearch-Episodes",
            "value": "videodb://tvshows/titles/-1/-1/-1/-1/?xsp=%7B%22order%22%3A%7B%22direction%22%3A%22ascending%22%2C%22ignorefolders%22%3A0%2C%22method%22%3A%22sorttitle%22%7D%2C%22rules%22%3A%7B%22and%22%3A%5B%7B%22field%22%3A%22title%22%2C%22operator%22%3A%22contains%22%2C%22value%22%3A%5B%22"
        },
        {
            "condition": "{item_path}==DefaultSearch-Tags",
            "value": "videodb://movies/titles/?xsp=%7B%22order%22%3A%7B%22direction%22%3A%22ascending%22%2C%22ignorefolders%22%3A0%2C%22method%22%3A%22sorttitle%22%7D%2C%22rules%22%3A%7B%22and%22%3A%5B%7B%22field%22%3A%22tag%22%2C%22operator%22%3A%22contains%22%2C%22value%22%3A%5B%22"
        },
        {
            "condition": "{item_path}==DefaultSearch-Genres",
            "value": "videodb://movies/titles/?xsp=%7B%22order%22%3A%7B%22direction%22%3A%22ascending%22%2C%22ignorefolders%22%3A0%2C%22method%22%3A%22sorttitle%22%7D%2C%22rules%22%3A%7B%22and%22%3A%5B%7B%22field%22%3A%22genre%22%2C%22operator%22%3A%22contains%22%2C%22value%22%3A%5B%22"
        },
        {
            "condition": "{item_path}==DefaultSearch-Year",
            "value": "videodb://movies/titles/?xsp=%7B%22order%22%3A%7B%22direction%22%3A%22ascending%22%2C%22ignorefolders%22%3A0%2C%22method%22%3A%22sorttitle%22%7D%2C%22rules%22%3A%7B%22and%22%3A%5B%7B%22field%22%3A%22year%22%2C%22operator%22%3A%22contains%22%2C%22value%22%3A%5B%22"
        },
        {
            "condition": "{item_path}==DefaultSearch-Studio",
            "value": "videodb://movies/titles/?xsp=%7B%22order%22%3A%7B%22direction%22%3A%22ascending%22%2C%22ignorefolders%22%3A0%2C%22method%22%3A%22sorttitle%22%7D%2C%22rules%22%3A%7B%22and%22%3A%5B%7B%22field%22%3A%22studio%22%2C%22operator%22%3A%22contains%22%2C%22value%22%3A%5B%22"
        },
        {
            "condition": "{item_path}==DefaultSearch-Country",
            "value": "videodb://movies/titles/?xsp=%7B%22order%22%3A%7B%22direction%22%3A%22ascending%22%2C%22ignorefolders%22%3A0%2C%22method%22%3A%22sorttitle%22%7D%2C%22rules%22%3A%7B%22and%22%3A%5B%7B%22field%22%3A%22country%22%2C%22operator%22%3A%22is%22%2C%22value%22%3A%5B%22"
        },
        {
            "condition": "{item_path}==DefaultSearch-Actor",
            "value": "videodb://movies/titles/?xsp=%7B%22order%22%3A%7B%22direction%22%3A%22ascending%22%2C%22ignorefolders%22%3A0%2C%22method%22%3A%22sorttitle%22%7D%2C%22rules%22%3A%7B%22and%22%3A%5B%7B%22field%22%3A%22actor%22%2C%22operator%22%3A%22contains%22%2C%22value%22%3A%5B%22"
        },
        {
            "condition": "{item_path}==DefaultSearch-Director",
            "value": "videodb://movies/titles/?xsp=%7B%22order%22%3A%7B%22direction%22%3A%22ascending%22%2C%22ignorefolders%22%3A0%2C%22method%22%3A%22sorttitle%22%7D%2C%22rules%22%3A%7B%22and%22%3A%5B%7B%22field%22%3A%22director%22%2C%22operator%22%3A%22contains%22%2C%22value%22%3A%5B%22"
        },
        {
            "condition": "{item_path}==DefaultSearch-Albums",
            "value": "musicdb://albums/?xsp=%7B%22order%22%3A%7B%22direction%22%3A%22ascending%22%2C%22ignorefolders%22%3A0%2C%22method%22%3A%22sorttitle%22%7D%2C%22rules%22%3A%7B%22and%22%3A%5B%7B%22field%22%3A%22album%22%2C%22operator%22%3A%22contains%22%2C%22value%22%3A%5B%22"
        },
        {
            "condition": "{item_path}==DefaultSearch-Artists",
            "value": "musicdb://artists/?xsp=%7B%22order%22%3A%7B%22direction%22%3A%22ascending%22%2C%22ignorefolders%22%3A0%2C%22method%22%3A%22sorttitle%22%7D%2C%22rules%22%3A%7B%22and%22%3A%5B%7B%22field%22%3A%22artist%22%2C%22operator%22%3A%22contains%22%2C%22value%22%3A%5B%22"
        },
        {
            "condition": "{item_path}==DefaultSearch-Songs",
            "value": "musicdb://songs/?xsp=%7B%22order%22%3A%7B%22direction%22%3A%22ascending%22%2C%22ignorefolders%22%3A0%2C%22method%22%3A%22sorttitle%22%7D%2C%22rules%22%3A%7B%22and%22%3A%5B%7B%22field%22%3A%22title%22%2C%22operator%22%3A%22contains%22%2C%22value%22%3A%5B%22"
        },
        {
            "condition": "{item_path}==DefaultSearch-MusicVideos",
            "value": "videodb://musicvideos/titles/?xsp=%7b%22order%22%3a%7b%22direction%22%3a%22ascending%22%2c%22ignorefolders%22%3a0%2c%22method%22%3a%22sorttitle%22%7d%2c%22rules%22%3a%7b%22and%22%3a%5b%7b%22field%22%3a%22title%22%2c%22operator%22%3a%22contains%22%2c%22value%22%3a%5b%22"
        },
        {
            "condition": "{item_path}==DefaultSearch-MusicVideoArtists",
            "value": "videodb://musicvideos/titles/?xsp=%7b%22order%22%3a%7b%22direction%22%3a%22ascending%22%2c%22ignorefolders%22%3a0%2c%22method%22%3a%22sorttitle%22%7d%2c%22rules%22%3a%7b%22and%22%3a%5b%7b%22field%22%3a%22artist%22%2c%22operator%22%3a%22contains%22%2c%22value%22%3a%5b%22"
        },
        {
            "condition": "{item_path}==DefaultSearch-Youtube",
            "value": "plugin://plugin.video.youtube/search/?q="
        },
        {
            "condition": "{item_path}==DefaultSearch-Netflix",
            "value": "plugin://plugin.video.netflix/directory/search/search/?query="
        },
        {
            "condition": "{item_path}==DefaultSearch-Hulu",
            "value": "plugin://slyguy.hulu/?_=search&amp;query="
        },
        {
            "condition": "{item_path}==DefaultSearch-DisneyPlus",
            "value": "plugin://slyguy.disney.plus/?_=search&amp;query="
        },
        {
            "condition": "{item_path}==DefaultSearch-Addons",
            "value": "addons://search/"
        },
        {
            "condition": "{item_path}==DefaultSearch-SpotifyArtists",
            "value": "plugin://plugin.audio.spotify/?action=search_artists&amp;artistid="
        },
        {
            "condition": "{item_path}==DefaultSearch-SpotifyAlbums",
            "value": "plugin://plugin.audio.spotify/?action=search_albums&amp;albumid="
        },
        {
            "condition": "{item_path}==DefaultSearch-SpotifySongs",
            "value": "plugin://plugin.audio.spotify/?action=search_tracks&amp;trackid="
        },
        {
            "condition": "{item_path}==DefaultSearch-SpotifyPlaylists",
            "value": "plugin://plugin.audio.spotify/?action=search_playlists&amp;playlistid="
        },
        {
            "condition": "{item_path}==DefaultSearch-TMDBMovies",
            "value": "plugin://plugin.video.themoviedb.helper?info=search&amp;type=movie&amp;query="
        },
        {
            "condition": "{item_path}==DefaultSearch-TMDBShows",
            "value": "plugin://plugin.video.themoviedb.helper?info=search&amp;type=tv&amp;query="
        },
        {
            "condition": "{item_path}==DefaultSearch-TMDBSets",
            "value": "plugin://plugin.video.themoviedb.helper?info=search&amp;type=collection&amp;query="
        },
        {
            "condition": "{item_path}==DefaultSearch-TMDBPeople",
            "value": "plugin://plugin.video.themoviedb.helper?info=search&amp;type=person&amp;query="
        },
        {
            "condition": "{item_path}==DefaultSearch-TMDBListsTrakt",
            "value": "plugin://plugin.video.themoviedb.helper?info=trakt_searchlists&amp;type=both&amp;query="
        },
        {
            "condition": "{item_path}==DefaultSearch-TMDBListsMDBList",
            "value": "plugin://plugin.video.themoviedb.helper?info=mdblist_searchlists&amp;type=both&amp;query="
        },
        {
            "condition": "{item_path}==DefaultSearch-RadioDE",
            "value": "plugin://plugin.audio.radio_de/stations/search/"
        },
        "{item_path}"
    ],
    "widget_path_end": [
        {
            "condition": "{item_path}==DefaultSearch-MovieActors",
            "value": "&amp;&amp;videodb://movies/actors"
        },
        {
            "condition": "{item_path}==DefaultSearch-TVShowActors",
            "value": "&amp;&amp;videodb://tvshows/actors"
        },
        {
            "condition": "{item_path}==DefaultSearch-MovieDirectors",
            "value": "&amp;&amp;videodb://movies/directors"
        },
        {
            "condition": "{item_path}==DefaultSearch-Movies",
            "value": "%22%5D%7D%5D%7D%2C%22type%22%3A%22movies%22%7D"
        },
        {
            "condition": "{item_path}==DefaultSearch-TvShows",
            "value": "%22%5D%7D%5D%7D%2C%22type%22%3A%22tvshows%22%7D"
        },
        {
            "condition": "{item_path}==DefaultSearch-Episodes",
            "value": "%22%5D%7D%5D%7D%2C%22type%22%3A%22episodes%22%7D"
        },
        {
            "condition": "{item_path}==DefaultSearch-Tags",
            "value": "%22%5D%7D%5D%7D%2C%22type%22%3A%22movies%22%7D"
        },
        {
            "condition": "{item_path}==DefaultSearch-Genres",
            "value": "%22%5D%7D%5D%7D%2C%22type%22%3A%22movies%22%7D"
        },
        {
            "condition": "{item_path}==DefaultSearch-Year",
            "value": "%22%5D%7D%5D%7D%2C%22type%22%3A%22movies%22%7D"
        },
        {
            "condition": "{item_path}==DefaultSearch-Studio",
            "value": "%22%5D%7D%5D%7D%2C%22type%22%3A%22movies%22%7D"
        },
        {
            "condition": "{item_path}==DefaultSearch-Country",
            "value": "%22%5D%7D%5D%7D%2C%22type%22%3A%22movies%22%7D"
        },
        {
            "condition": "{item_path}==DefaultSearch-Actor",
            "value": "%22%5D%7D%5D%7D%2C%22type%22%3A%22movies%22%7D"
        },
        {
            "condition": "{item_path}==DefaultSearch-Director",
            "value": "%22%5D%7D%5D%7D%2C%22type%22%3A%22movies%22%7D"
        },
        {
            "condition": "{item_path}==DefaultSearch-Albums",
            "value": "%22%5D%7D%5D%7D%2C%22type%22%3A%22albums%22%7D"
        },
        {
            "condition": "{item_path}==DefaultSearch-Artists",
            "value": "%22%5D%7D%5D%7D%2C%22type%22%3A%22artists%22%7D"
        },
        {
            "condition": "{item_path}==DefaultSearch-Songs",
            "value": "%22%5D%7D%5D%7D%2C%22type%22%3A%22songs%22%7D"
        },
        {
            "condition": "{item_path}==DefaultSearch-MusicVideos",
            "value": "%22%5d%7d%5d%7d%2c%22type%22%3a%22musicvideos%22%7d"
        },
        {
            "condition": "{item_path}==DefaultSearch-MusicVideoArtists",
            "value": "%22%5d%7d%5d%7d%2c%22type%22%3a%22musicvideos%22%7d"
        },
        {
            "condition": "{item_path}==DefaultSearch-Youtube",
            "value": "&amp;search_type=notvalid"
        },
        {
            "condition": "{item_path}==DefaultSearch-Netflix",
            "value": "/"
        },
        {
            "condition": "{item_path}==DefaultSearch-Hulu",
            "value": "/"
        },
        {
            "condition": "{item_path}==DefaultSearch-DisneyPlus",
            "value": "/"
        },
        {
            "condition": "{item_path}==DefaultSearch-TMDBMovies",
            "value": "&amp;nextpage=false&amp;fanarttv=false&amp;cacheonly=true"
        },
        {
            "condition": "{item_path}==DefaultSearch-TMDBShows",
            "value": "&amp;nextpage=false&amp;fanarttv=false&amp;cacheonly=true"
        },
        {
            "condition": "{item_path}==DefaultSearch-TMDBSets",
            "value": "&amp;nextpage=false&amp;fanarttv=false&amp;cacheonly=true"
        },
        {
            "condition": "{item_path}==DefaultSearch-TMDBPeople",
            "value": "&amp;nextpage=false&amp;fanarttv=false&amp;cacheonly=true"
        },
        {
            "condition": "{item_path}==DefaultSearch-TMDBListsTrakt",
            "value": "&amp;nextpage=false&amp;fanarttv=false&amp;cacheonly=true"
        },
        {
            "condition": "{item_path}==DefaultSearch-TMDBListsMDBList",
            "value": "&amp;nextpage=false&amp;fanarttv=false&amp;cacheonly=true"
        },
        {
            "condition": "{item_path}==DefaultSearch-RadioDE",
            "value": "/1/"
        },
        ""
    ]
}