<?xml version="1.0" encoding="UTF-8"?>
<window>
    <defaultcontrol always="true">3100</defaultcontrol>
    <onload>SetProperty(150_onback,SetFocus(8000))</onload>
    <onload>SetProperty(250_onback,SetFocus(8000))</onload>
    <onload>SetProperty(350_onback,SetFocus(8000))</onload>
    <onload>SetProperty(450_onback,SetFocus(8000))</onload>
    <onload>SetProperty(550_onback,SetFocus(8000))</onload>
    <onload>SetProperty(650_onback,SetFocus(8000))</onload>
    <onload>SetProperty(750_onback,SetFocus(8000))</onload>
    <onload>SetProperty(850_onback,SetFocus(8000))</onload>
    <onload>SetProperty(950_onback,SetFocus(8000))</onload>
    <onload>SetProperty(1000_onback,SetFocus(8000))</onload>
    <onload>SetProperty(1050_onback,SetFocus(8000))</onload>
    <onload>SetProperty(1150_onback,SetFocus(8000))</onload>
    <onload>SetProperty(1250_onback,SetFocus(8000))</onload>
    <onload>SetProperty(1350_onback,SetFocus(8000))</onload>
    <onload>SetProperty(1450_onback,SetFocus(8000))</onload>
    <onload>SetProperty(Header_Left_Text,TheMovieDB)</onload>
    <controls>

        <control type="button" id="8000">
            <include>Defs_Hidden_Button</include>
            <onfocus>SetFocus(1000)</onfocus>
            <onfocus>SetFocus(3100)</onfocus>
        </control>

        <include>Global_Background</include>
        
        <include content="Topbar">
            <param name="info_hide" value="false" />
        </include>

        <!-- Main Group -->
        <control type="group">
            <top>view_top</top>
            <left>view_pad</left>
            <right>view_pad</right>
            <include content="Object_Info_Arrows">
                <param name="artworkid" value="1350" />
            </include>
            <visible allowhiddenfocus="true">!$EXP[Exp_HideFurniture]</visible>
            <include>Animation_FadeInOut</include>
            <control type="grouplist" id="9000">
                <top>-15</top>
                <left>-15</left>
                <right>-15</right>
                <height>view_height</height>
                <orientation>vertical</orientation>
                <itemgap>0</itemgap>
                <control type="group" id="3000">
                    <height>view_height</height>
                    <control type="group">
                        <top>15</top>
                        <left>15</left>
                        <right>15</right>
                        <height>view_list_height</height>
                        <!-- Poster -->
                        <include content="View_50_Poster">
                            <param name="include" value="Animation_Left_Delay" />
                            <param name="defaulticonvisible" value="false" />
                            <param name="icon" value="$INFO[Window.Property(thumb)]" />
                            <param name="diffuse" value="diffuse/poster-big.png" />
                        </include>

                        <!-- Info -->
                        <control type="group" id="300">
                            <top>-15</top>
                            <left>580</left>
                            <include>Animation_Right_Delay</include>
                            <control type="grouplist">
                                <orientation>vertical</orientation>
                                <usecontrolcoords>true</usecontrolcoords>
                                <itemgap>0</itemgap>
                                <include content="Object_Info_Title">
                                    <param name="label" value="$INFO[Window.Property(Title)]" />
                                </include>
                                <include content="Object_Info_Line_Label">
                                    <param name="label" value="$INFO[Window.Property(year),[COLOR=main_fg_100],[/COLOR]]$INFO[Window.Property(mpaa),  |  [COLOR=main_fg_100],[/COLOR]]$INFO[Window.Property(duration),  |  [COLOR=main_fg_100], $LOCALIZE[31102][/COLOR]]$INFO[Window.Property(rating),  |  [COLOR=main_fg_100],[/COLOR]]" />
                                    <param name="textcolor" value="$VAR[ColorHighlight]" />
                                    <param name="divider" value="false" />
                                </include>
                                <include content="Object_Info_Plot">
                                    <param name="label" value="$INFO[Window.Property(plot)]" />
                                    <param name="maxheight" value="360" />
                                    <param name="height" value="auto" />
                                </include>
                                <include content="Object_Info_TextPairs">
                                    <param name="pad" value="32" />
                                    <param name="name" value="Genre" />
                                    <param name="label" value="Window.Property(Genre)" />
                                </include>
                                <include content="Object_Info_TextPairs">
                                    <param name="pad" value="24" />
                                    <param name="name" value="Revenue" />
                                    <param name="label" value="Window.Property(Revenue)" />
                                </include>
                                <include content="Object_Info_TextPairs">
                                    <param name="pad" value="24" />
                                    <param name="name" value="Budget" />
                                    <param name="label" value="Window.Property(Budget)" />
                                </include>
                                <include content="Object_Info_TextPairs">
                                    <param name="pad" value="24" />
                                    <param name="name" value="Director" />
                                    <param name="label" value="Window.Property(Director)" />
                                </include>
                                <include content="Object_Info_TextPairs">
                                    <param name="pad" value="24" />
                                    <param name="name" value="Writer" />
                                    <param name="label" value="Window.Property(Writer)" />
                                </include>
                            </control>
                            <control type="button" id="3100">
                                <onup>9601</onup>
                                <ondown>1000</ondown>
                                <include>Defs_Hidden_Button</include>
                            </control>
                        </control>
                    </control>
                </control>

                <control type="group" id="4000">
                    <height>view_height</height>
                    <control type="grouplist" id="4100">
                        <top>-5</top>
                        <onup>3100</onup>
                        <ondown>1350</ondown>
                        <height>view_height</height>
                        <orientation>vertical</orientation>
                        <itemgap>-52</itemgap>
                        <usecontrolcoords>true</usecontrolcoords>
                        <control type="group" id="7599"><height>0</height></control>
                        <include content="View_Cast_Toplabel">
                            <param name="groupid" value="7510" />
                            <param name="id" value="1000" />
                            <param name="label" value="$INFO[Window.Property(title),$LOCALIZE[31058] ,]" />
                            <visible>Control.IsVisible(1000)</visible>
                        </include>
                        <include content="View_51_Wall_Container">
                            <param name="controllayout" value="View_Cast" />
                            <param name="id" value="1000" />
                            <param name="height" value="item_cast_height" />
                            <param name="orientation" value="horizontal" />
                            <param name="onleft" value="1000" />
                            <param name="onright" value="1000" />
                            <param name="visible" value="Integer.IsGreater(Container(1000).NumItems,0) | Container(1000).IsUpdating" />
                            <param name="labelinclude" value="View_Cast_Character_Label" />
                        </include>

                        <include content="View_Cast_Toplabel">
                            <param name="groupid" value="7515" />
                            <param name="id" value="150" />
                            <param name="label" value="$INFO[Window.Property(title),$LOCALIZE[31051] ,]" />
                            <visible>Control.IsVisible(150)</visible>
                        </include>
                        <include content="View_51_Wall_Container">
                            <param name="controllayout" value="View_Cast" />
                            <param name="id" value="150" />
                            <param name="height" value="item_cast_height" />
                            <param name="orientation" value="horizontal" />
                            <param name="onleft" value="150" />
                            <param name="onright" value="150" />
                            <param name="visible" value="Integer.IsGreater(Container(150).NumItems,0) | Container(150).IsUpdating" />
                            <param name="labelinclude" value="Defs_Null" />
                        </include>

                        <include content="View_Cast_Toplabel">
                            <param name="groupid" value="7525" />
                            <param name="id" value="250" />
                            <param name="label" value="$INFO[Window.Property(set),$LOCALIZE[31057] ,]" />
                            <visible>Control.IsVisible(250)</visible>
                        </include>
                        <include content="View_51_Wall_Container">
                            <param name="controllayout" value="View_Cast" />
                            <param name="id" value="250" />
                            <param name="height" value="item_cast_height" />
                            <param name="orientation" value="horizontal" />
                            <param name="onleft" value="250" />
                            <param name="onright" value="250" />
                            <param name="visible" value="Integer.IsGreater(Container(250).NumItems,0) | Container(250).IsUpdating" />
                            <param name="labelinclude" value="Defs_Null" />
                        </include>

                        <include content="View_Cast_Toplabel">
                            <param name="groupid" value="7535" />
                            <param name="id" value="350" />
                            <param name="label" value="$INFO[Window.Property(title),, $LOCALIZE[31141]]" />
                            <visible>Control.IsVisible(350)</visible>
                        </include>
                        <include content="View_51_Wall_Container">
                            <param name="controllayout" value="View_Cast" />
                            <param name="id" value="350" />
                            <param name="height" value="item_cast_height" />
                            <param name="orientation" value="horizontal" />
                            <param name="onleft" value="350" />
                            <param name="onright" value="350" />
                            <param name="visible" value="Integer.IsGreater(Container(350).NumItems,0) | Container(350).IsUpdating" />
                            <param name="itemwidth" value="item_landscape_width" />
                            <param name="itemheight" value="423.75" />
                            <param name="iconheight" value="item_icon_height" />
                            <param name="diffuse" value="diffuse/landscape-wall.png" />
                            <param name="labelinclude" value="View_Cast_Video_Label" />
                        </include>

                        <include content="View_Cast_Toplabel">
                            <param name="groupid" value="7575" />
                            <param name="id" value="750" />
                            <param name="label" value="$INFO[Window.Property(title),$LOCALIZE[31066] ,]" />
                            <visible>Control.IsVisible(750)</visible>
                        </include>
                        <include content="View_51_Wall_Container">
                            <param name="controllayout" value="View_Cast" />
                            <param name="id" value="750" />
                            <param name="height" value="item_cast_height" />
                            <param name="orientation" value="horizontal" />
                            <param name="onleft" value="750" />
                            <param name="onright" value="750" />
                            <param name="visible" value="Integer.IsGreater(Container(750).NumItems,0) | Container(750).IsUpdating" />
                            <param name="labelinclude" value="View_Cast_Job_Label" />
                        </include>

                        <include content="View_Cast_Toplabel">
                            <param name="groupid" value="75115" />
                            <param name="id" value="1150" />
                            <param name="label" value="$INFO[Window.Property(title),, $LOCALIZE[31067]]" />
                            <visible>Control.IsVisible(1150)</visible>
                        </include>
                        <include content="View_51_Wall_Container">
                            <param name="controllayout" value="View_Cast" />
                            <param name="id" value="1150" />
                            <param name="height" value="item_cast_height" />
                            <param name="orientation" value="horizontal" />
                            <param name="onleft" value="1150" />
                            <param name="onright" value="1150" />
                            <param name="visible" value="Integer.IsGreater(Container(1150).NumItems,0) | Container(1150).IsUpdating" />
                            <param name="itemwidth" value="item_landscape_width" />
                            <param name="itemheight" value="423.75" />
                            <param name="iconheight" value="item_icon_height" />
                            <param name="diffuse" value="diffuse/landscape-wall.png" />
                            <param name="labelinclude" value="View_Cast_Video_Label" />
                        </include>
                    </control>
                </control>

                <include content="Info_Gallery">
                    <param name="id" value="1350" />
                    <param name="icon" value="$INFO[ListItem.Art(original)]" />
                    <onleft>noop</onleft>
                    <onright>noop</onright>
                    <visible>Integer.IsGreater(Container(1350).NumItems,0) | Container(1350).IsUpdating</visible>
                </include>
                <control type="group"></control>
            </control>
        </control>

        

        <control type="button" id ="8">
            <description>Play</description>
            <label>$LOCALIZE[208]</label>
            <include>Defs_Hidden_Button</include>
        </control>
        <control type="button" id ="9">
            <description>Resume</description>
            <label>$LOCALIZE[208]</label>
            <include>Defs_Hidden_Button</include>
        </control>

        <control type="button" id ="120">
            <description>Browse</description>
            <label>21385</label>
            <include>Defs_Hidden_Button</include>
            <visible>!String.IsEmpty(Window.Property(DBID)) + String.IsEqual(Window.Property(Type),tvshow)</visible>
            <visible>String.IsEmpty(Window(home).Property(globalsearch))</visible>
            <visible>!Window.IsVisible(VideoFullScreen.xml)</visible>
        </control>

        <control type="button" id ="9009">
            <description>Add to trakt</description>
            <include>Defs_Hidden_Button</include>
            <onclick>XBMC.RunPlugin(plugin://plugin.video.trakt_list_manager/movies/add?title=$INFO[Window.Property(label)])</onclick>
            <label>Trakt</label>
            <visible>System.HasAddon(plugin.video.trakt_list_manager)</visible>
        </control>

        <control type="button" id ="445">
            <description>Manage</description>
            <include>Defs_Hidden_Button</include>
            <label>$ADDON[script.extendedinfo 32133]</label>
        </control>

        <!-- Dummy Lists -->
        <control type="list" id="450"><visible>false</visible></control>
        <control type="list" id="550"><visible>false</visible></control>
        <control type="list" id="650"><visible>false</visible></control>
        <control type="list" id="850"><visible>false</visible></control>
        <control type="list" id="950"><visible>false</visible></control>
        <control type="list" id="1050"><visible>false</visible></control>
        <control type="list" id="1250"><visible>false</visible></control>
        <control type="list" id="1450"><visible>false</visible></control>
        <control type="list" id="2000"><visible>false</visible></control>

        <include>Object_PlotOverlay</include>

    </controls>

</window>
