<?xml version="1.0" encoding="UTF-8"?>
<window type="dialog">
    <defaultcontrol always="true">4000</defaultcontrol>
    <menucontrol>4000</menucontrol>
    <include>DialogInfo_Onload</include>

    <onload>RunPlugin("plugin://script.skinvariables/?info=get_encoded_string&amp;window_prop=Encoded.ListItem.Artist&amp;&amp;$INFO[ListItem.Artist]")</onload>
    <onload>RunPlugin("plugin://script.skinvariables/?info=get_encoded_string&amp;window_prop=Encoded.ListItem.AlbumArtist&amp;&amp;$INFO[ListItem.AlbumArtist]")</onload>
    <onload>RunPlugin("plugin://script.skinvariables/?info=get_encoded_string&amp;window_prop=Encoded.ListItem.Album&amp;&amp;$INFO[ListItem.Album]")</onload>
    <onload>RunPlugin("plugin://script.skinvariables/?info=get_encoded_string&amp;window_prop=Encoded.ListItem.Title&amp;&amp;$INFO[ListItem.Title]")</onload>
    <onload>RunPlugin("plugin://script.skinvariables/?info=get_encoded_string&amp;window_prop=Encoded.ListItem.Label&amp;&amp;$INFO[ListItem.Label]")</onload>
    <controls>

        <include>Defs_TMDbHelper_Loader</include>

        <control type="group">
            <include>DialogInfo_Main_Group</include>
            <control type="group">
                <include>DialogInfo_Body_Group</include>
                <control type="group">
                    <include>DialogInfo_InfoPanel_Group</include>
                    <control type="group">
                        <include>DialogInfo_InfoDetails_Group</include>
                        <include>DialogInfo_MusicInfo</include>
                    </control>
                </control>
                <include>DialogInfo_ArtworkGallery</include>
            </control>

            <include content="DialogInfo_ButtonGroup">
                <param name="include">Items_DialogMusicInfo_MenuBar</param>
            </include>

            <include>DialogInfo_Furniture</include>
        </control>

    </controls>
</window>