{
    "folder": "1080i",
    "output": "script-skinvariables-generator-includes-{skinuser}.xml",
    "header": "<?xml version=\"1.0\" encoding=\"UTF-8\"?>\n<includes>",
    "footer": "</includes>",
    "buildv": "0.0.1",
    "skinid": "skin.arctic.fuse",
    "getnfo": {},
    "addnfo": {},
    "global": {
        "parts_visible": {"template": "True"},
        "add_x": {"template": "0"}
    },
    "genxml": [
        {
            "list": [
                ["homemenu", {"window_id": "Home"}],
                ["1101menu", {"window_id": "1101"}],
                ["1102menu", {"window_id": "1102"}],
                ["1103menu", {"window_id": "1103"}],
                ["1104menu", {"window_id": "1104"}],
                ["1106menu", {"window_id": "1106"}],
                ["1107menu", {"window_id": "1107"}],
                ["1108menu", {"window_id": "1108"}],
                ["1109menu", {"window_id": "1109"}]
            ],
            "for_each": [
                {
                    "comments": "Static Mainmenu",
                    "template": "template_generator/parts_basic_include.xmltemplate",
                    "includes_name": "skinvariables-{item}-staticitems",
                    "includes_part": {"menu": "{item}", "for_each": [
                        {
                            "template": "template_generator/parts_menu_item.xmltemplate",
                            "jsonfile": "template_generator/setup_onclick_path.json",
                            "condition": "{item_disabled}!=True",
                            "parts_additional": {
                                "template": "template_generator/parts_additional_mainmenu.xmltemplate"
                            }
                        }
                    ]}
                },
                {
                    "comments": "Dynamic Submenus",
                    "template": "template_generator/parts_basic_include.xmltemplate",
                    "includes_name": "skinvariables-{item}-submenu",
                    "includes_part": {"menu": "{item}", "for_each": [
                        {
                            "template": "template_generator/parts_submenu_standard.xmltemplate",
                            "jsonfile": "template_generator/setup_submenu_row.json",
                            "condition": "{item_submenulist_path}==",
                            "parts_visible": {
                                "template": "String.IsEqual(Container(300).ListItem.Property(guid),{item_guid})"
                            }
                        },
                        {
                            "template": "template_generator/parts_submenu_dynamic.xmltemplate",
                            "jsonfile": "template_generator/setup_submenu_row.json",
                            "condition": "{item_submenulist_path}!=",
                            "parts_visible": {
                                "template": "String.IsEqual(Container(300).ListItem.Property(guid),{item_guid})"
                            }
                        }
                    ]}
                },
                {
                    "comments": "Category Spotlights",
                    "template": "template_generator/parts_basic_include.xmltemplate",
                    "includes_name": "skinvariables-{item}-spotlight",
                    "includes_part": {"menu": "{item}", "for_each": [
                        {
                            "template": "template_generator/parts_widgets_spotlight.xmltemplate",
                            "jsonfile": "template_generator/setup_widgets_spotlight.json",
                            "condition": ["{item_spotlight_path}!=", "!Skin.HasSetting(Hub.{window_id}.DisableSubmenu)"]
                        }
                    ]}
                },
                {
                    "comments": "Standard Widgets",
                    "template": "template_generator/parts_basic_include.xmltemplate",
                    "includes_name": "skinvariables-{item}-widgets",
                    "includes_part": {"menu": "{item}", "for_each": [
                        {
                            "comments": "Widget Group",
                            "template": "template_generator/parts_basic_content.xmltemplate",
                            "condition": "{item_global_widgets}==",
                            "includes_name": "Hub_Menu_Group",
                            "includes_part": {
                                "template": "template_generator/parts_widgets_grouplist.xmltemplate",
                                "jsonfile": "template_generator/setup_widgets_grouplist.json",
                                "all_content_adapative_widgets": {
                                    "template": "template_generator/parts_widgets_row.xmltemplate",
                                    "jsonfile": [
                                        "template_generator/setup_widgets_row.json",
                                        "template_generator/setup_widgets_content_adaptive.json"
                                    ],
                                    "condition": [
                                        "{item_use_as_widget}==True",
                                        "{item_submenulist_path}!=||{item_use_as_list}==True"
                                    ]
                                },
                                "all_adapative_widgets": {"menu": "{item_menu}", "item": "{item_x}", "mode": "submenu", "condition": ["{item_use_as_widget}==True", "{item_submenulist_path}==", "{item_use_as_list}=="], "for_each": [
                                    {
                                        "template": "template_generator/parts_widgets_row.xmltemplate",
                                        "jsonfile": [
                                            "template_generator/setup_widgets_row.json",
                                            "template_generator/setup_widgets_adaptive.json"
                                        ],
                                        "condition": "{item_path}!="
                                    }
                                ]},
                                "all_standard_widgets": {"menu": "{item_menu}", "item": "{item_x}", "mode": "widgets", "for_each": [
                                    {
                                        "template": "template_generator/parts_widgets_row.xmltemplate",
                                        "jsonfile": "template_generator/setup_widgets_row.json",
                                        "condition": "{item_path}!="
                                    }
                                ]},
                                "all_endrow_selector": {
                                    "comments": "Widget Selector",
                                    "template": "template_generator/parts_endrow_selector.xmltemplate",
                                    "condition": "Skin.HasSetting(Hubs.WidgetSelector)",
                                    "endrow_visible": "String.IsEqual(Container(300).ListItem.Property(guid),{item_guid})",
                                    "all_endrow_items": {"menu": "{item_menu}", "item": "{item_x}", "mode": "widgets", "for_each": [
                                        {
                                            "template": "template_generator/parts_endrow_item.xmltemplate",
                                            "jsonfile": [
                                                "template_generator/setup_onclick_path.json",
                                                "template_generator/setup_endrow_item.json"
                                            ],
                                            "condition": "{item_path}!="
                                        }
                                    ]}
                                }
                            }
                        }
                    ]},
                    "includes_misc": {
                        "comments": "Widget Group",
                        "template": "template_generator/parts_basic_content.xmltemplate",
                        "includes_name": "Hub_Menu_Group",
                        "includes_part": {
                            "template": "template_generator/parts_widgets_grouplist.xmltemplate",
                            "jsonfile": [
                                "template_generator/setup_widgets_grouplist.json",
                                "template_generator/setup_globalwidgets_grouplist.json"
                            ],
                            "all_standard_widgets": {"menu": "{item}-globalwidgets", "for_each": [
                                {
                                    "template": "template_generator/parts_widgets_row.xmltemplate",
                                    "jsonfile": "template_generator/setup_widgets_row.json",
                                    "condition": "{item_path}!="
                                }
                            ]},
                            "all_endrow_selector": {
                                "comments": "Widget Selector",
                                "template": "template_generator/parts_endrow_selector.xmltemplate",
                                "condition": "Skin.HasSetting(Hubs.WidgetSelector)",
                                "endrow_visible": "!String.IsEmpty(Container(300).ListItem.Property(global_widgets))",
                                "all_endrow_items": {"menu": "{item}-globalwidgets", "for_each": [
                                    {
                                        "template": "template_generator/parts_endrow_item.xmltemplate",
                                        "jsonfile": [
                                            "template_generator/setup_onclick_path.json",
                                            "template_generator/setup_endrow_widgetsonly_item.json"
                                        ],
                                        "condition": "{item_path}!="
                                    }
                                ]}
                            }
                        }
                    }
                }
            ]
        },
        {
            "comments": "Static Power Main Menu",
            "template": "template_generator/parts_basic_include.xmltemplate",
            "includes_name": "skinvariables-powermainmenu-staticitems",
            "includes_part": {"menu": "powermainmenu", "for_each": [
                {
                    "template": "template_generator/parts_dialog_item.xmltemplate",
                    "jsonfile": [
                        "template_generator/setup_onclick_path.json",
                        "template_generator/setup_powermainmenu_item.json"
                    ],
                    "condition": ["{item_disabled}!=True", "{item_label}!="]
                }
            ]}
        },
        {
            "comments": "Static Power Side Menu",
            "template": "template_generator/parts_basic_include.xmltemplate",
            "includes_name": "skinvariables-powersidemenu-staticitems",
            "includes_part": {"menu": "powersidemenu", "for_each": [
                {
                    "template": "template_generator/parts_dialog_sideitem.xmltemplate",
                    "jsonfile": "template_generator/setup_onclick_path.json",
                    "condition": ["{item_disabled}!=True", "{item_label}!=", "{item_label}!=$VAR[Label_Setting_Shortcuts_Locked]"]
                }
            ]}
        },
        {
            "comments": "Static Sidemenu",
            "template": "template_generator/parts_basic_include.xmltemplate",
            "includes_name": "skinvariables-sidemenu-staticitems",
            "includes_part": {"menu": "sidemenu", "for_each": [
                {
                    "template": "template_generator/parts_menu_item.xmltemplate",
                    "jsonfile": "template_generator/setup_onclick_path.json",
                    "condition": "{item_disabled}!=True",
                    "widget_group_id": [
                        {
                            "condition": "{item_global_widgets}==True",
                            "value": "99"
                        },
                        "{item_x}"
                    ],
                    "parts_additional": {"template": "template_generator/parts_additional_sidemenu.xmltemplate"}
                }
            ]}
        },
        {
            "comments": "Static Sidemenu Button",
            "template": "template_generator/parts_basic_include.xmltemplate",
            "includes_name": "skinvariables-sidemenu-staticbutton",
            "includes_part": {"menu": "sidemenu", "for_each": [
                {
                    "template": "template_generator/parts_menu_buttonitem.xmltemplate",
                    "condition": "{item_x}==0"
                }
            ]}
        },
        {
            "list": [
                ["1101menu", {"window_id": "1101"}],
                ["1102menu", {"window_id": "1102"}],
                ["1103menu", {"window_id": "1103"}],
                ["1104menu", {"window_id": "1104"}],
                ["1106menu", {"window_id": "1106"}],
                ["1107menu", {"window_id": "1107"}],
                ["1108menu", {"window_id": "1108"}],
                ["1109menu", {"window_id": "1109"}]
            ],
            "for_each": [
                {
                    "comments": "Hubs Widgets Only",
                    "template": "template_generator/parts_basic_include.xmltemplate",
                    "includes_name": "skinvariables-{item}-widgetsonly",
                    "includes_part": {
                        "comments": "Widget Group",
                        "template": "template_generator/parts_basic_content.xmltemplate",
                        "condition": "Skin.HasSetting(Hub.{window_id}.DisableSubmenu)",
                        "includes_name": "Hub_Menu_Group",
                        "includes_part": {
                            "template": "template_generator/parts_widgets_grouplist.xmltemplate",
                            "jsonfile": [
                                "template_generator/setup_widgets_grouplist.json",
                                "template_generator/setup_widgetsonly_grouplist.json"
                            ],
                            "all_standard_widgets": {"menu": "{item}-widgetsonly", "for_each": [
                                {
                                    "template": "template_generator/parts_widgets_row.xmltemplate",
                                    "jsonfile": "template_generator/setup_widgets_row.json",
                                    "condition": "{item_path}!="
                                }
                            ]},
                            "all_endrow_selector": {
                                "comments": "Widget Selector",
                                "template": "template_generator/parts_endrow_selector.xmltemplate",
                                "condition": "Skin.HasSetting(Hubs.WidgetSelector)",
                                "endrow_visible": "True",
                                "all_endrow_items": {"menu": "{item}-widgetsonly", "for_each": [
                                    {
                                        "template": "template_generator/parts_endrow_item.xmltemplate",
                                        "jsonfile": [
                                            "template_generator/setup_onclick_path.json",
                                            "template_generator/setup_endrow_widgetsonly_item.json"
                                        ],
                                        "condition": "{item_path}!="
                                    }
                                ]}
                            }
                        }
                    }
                }
            ]
        },
        {
            "comments": "Home Widgets Only",
            "template": "template_generator/parts_basic_include.xmltemplate",
            "includes_name": "skinvariables-homemenu-widgetsonly",
            "includes_part": {"menu": "sidemenu", "for_each": [
                {
                    "comments": "Widget Group",
                    "template": "template_generator/parts_basic_content.xmltemplate",
                    "condition": ["Skin.HasSetting(Hub.Home.DisableSubmenu)", "{item_global_widgets}=="],
                    "includes_name": "Hub_Menu_Group",
                    "includes_part": {
                        "template": "template_generator/parts_widgets_grouplist.xmltemplate",
                        "jsonfile": [
                            "template_generator/setup_widgets_grouplist.json",
                            "template_generator/setup_widgetsclassic_grouplist.json"
                        ],
                        "window_id": "Home",
                        "all_standard_widgets": {"menu": "{item_menu}", "item": "{item_x}", "mode": "widgets", "for_each": [
                            {
                                "template": "template_generator/parts_widgets_row.xmltemplate",
                                "jsonfile": "template_generator/setup_widgets_row.json",
                                "condition": "{item_path}!="
                            }
                        ]},
                        "all_endrow_selector": {
                            "comments": "Widget Selector",
                            "template": "template_generator/parts_endrow_selector.xmltemplate",
                            "condition": "Skin.HasSetting(Hubs.WidgetSelector)",
                            "endrow_visible": "String.IsEqual(Container(303).ListItem.Property(guid),{item_guid})",
                            "all_endrow_items": {"menu": "{item_menu}", "item": "{item_x}", "mode": "widgets", "for_each": [
                                {
                                    "template": "template_generator/parts_endrow_item.xmltemplate",
                                    "jsonfile": [
                                        "template_generator/setup_onclick_path.json",
                                        "template_generator/setup_endrow_item.json"
                                    ],
                                    "condition": "{item_path}!="
                                }
                            ]}
                        }
                    }
                }
            ]},
            "includes_misc": {
                "comments": "Widget Global Group",
                "template": "template_generator/parts_basic_content.xmltemplate",
                "condition": "Skin.HasSetting(Hub.Home.DisableSubmenu)",
                "includes_name": "Hub_Menu_Group",
                "includes_part": {
                    "template": "template_generator/parts_widgets_grouplist.xmltemplate",
                    "jsonfile": [
                            "template_generator/setup_widgets_grouplist.json",
                            "template_generator/setup_globalhomewidgets_grouplist.json"
                        ],
                    "window_id": "Home",
                    "all_standard_widgets": {"menu": "homemenu-globalwidgets", "for_each": [
                        {
                            "template": "template_generator/parts_widgets_row.xmltemplate",
                            "jsonfile": "template_generator/setup_widgets_row.json",
                            "condition": "{item_path}!="
                        }
                    ]},
                    "all_endrow_selector": {
                        "comments": "Widget Global Selector",
                        "template": "template_generator/parts_endrow_selector.xmltemplate",
                        "condition": "Skin.HasSetting(Hubs.WidgetSelector)",
                        "endrow_visible": "!String.IsEmpty(Container(303).ListItem.Property(global_widgets))",
                        "all_endrow_items": {"menu": "homemenu-globalwidgets", "for_each": [
                            {
                                "template": "template_generator/parts_endrow_item.xmltemplate",
                                "jsonfile": [
                                    "template_generator/setup_onclick_path.json",
                                    "template_generator/setup_endrow_widgetsonly_item.json"
                                ],
                                "condition": "{item_path}!="
                            }
                        ]}
                    }
                }
            }
        },
        {
            "comments": "Search Menu Widgets",
            "template": "template_generator/parts_basic_include.xmltemplate",
            "widget_selector_id": "5099",
            "includes_name": "skinvariables-searchmenu-widgets",
            "includes_part": {"menu": "searchmenu", "for_each": [
                {
                    "template": "template_generator/parts_search_row.xmltemplate",
                    "jsonfile": [
                        "template_generator/setup_search_row.json",
                        "template_generator/setup_search_path.json"
                    ],
                    "condition": "{item_path}!="
                }]
            }
        },
        {
            "comments": "Search Menu End Row",
            "template": "template_generator/parts_basic_include.xmltemplate",
            "includes_name": "skinvariables-searchmenu-rowitems",
            "includes_part": {"menu": "searchmenu", "for_each": [
                {
                    "template": "template_generator/parts_endrow_item.xmltemplate",
                    "jsonfile": "template_generator/setup_search_path.json",
                    "item_path": "$VAR[Path_SearchTerm,{widget_path},{widget_path_end}]",
                    "parts_onclick": {
                        "template": "<onclick>ActivateWindow({item_target},$VAR[Path_SearchTerm,{widget_path},{widget_path_end}],return)</onclick>"
                    },
                    "endrow_widget_id": "$MATH[5000 + {item_x} + 1]",
                    "parts_visible": "!Skin.HasSetting(Search.EnableDiscover) + [!Integer.IsEqual(Container($MATH[5000 + {item_x} + 1]).NumItems,0) | Container($MATH[5000 + {item_x} + 1]).IsUpdating]",
                    "condition": "{item_path}!="
                }]
            }
        }
    ]
}



