<?xml version="1.0" encoding="UTF-8"?>
<window>
    <zorder>0</zorder>
    <visible>!Player.HasGame</visible>
    <visible>!Window.IsActive(DialogPlayerProcessInfo.xml)</visible>
    <visible>VideoPlayer.IsFullscreen | Window.IsVisible(MusicVisualisation.xml)</visible>
    <visible>Window.IsActive(videoosd) | Window.IsActive(musicosd) | Player.Caching | Player.ShowInfo | Player.Seeking | Player.DisplayAfterSeek | Player.Paused | Player.Forwarding | Player.Rewinding | Window.IsActive(DialogFullScreenInfo.xml) | !String.IsEmpty(Window(Home).Property(OSDInfo)) | !String.IsEmpty(Player.SeekNumeric) | !String.IsEmpty(PVR.ChannelNumberInput)</visible>
    <visible>!Window.IsVisible(DialogSlider.xml)</visible>
    <visible>!Window.IsVisible(DialogPVRChannelsOSD.xml)</visible>
    <visible>!Window.IsVisible(DialogPVRChannelGuide.xml)</visible>
    <animation effect="fade" start="0" end="100" time="300">WindowOpen</animation>
    <animation effect="fade" end="0" start="100" time="300">WindowClose</animation>
    <animation effect="fade" start="0" end="100" time="300">VisibleChange</animation>

    <onload condition="Player.Paused + !String.IsEmpty(Window(Home).Property(OSDExtendedInfo))">PlayerControl(Play)</onload>
    <onload condition="Player.Paused + !String.IsEmpty(Window(Home).Property(OSDExtendedInfo))">ClearProperty(OSDExtendedInfo,Home)</onload>
    <controls>
        <include content="Object_Control">
            <param name="control" value="image" />
            <texture colordiffuse="panel_bg">common/floor.png</texture>
        </include>

        <!-- Video Seekbar -->
        <include content="Object_Control" condition="VideoPlayer.IsFullscreen">
            <param name="control" value="group" />
            <control type="group">
                <include>OSD_Progress_Bar</include>
                <include>OSD_Progress_Labels</include>
                <include>OSD_Progress_Details</include>
            </control>
            <control type="group">
                <height>60</height>
                <left>view_pad</left>
                <right>view_pad</right>
                <bottom>view_pad</bottom>
                <align>center</align>
                <visible>!Window.IsVisible(videoosd)</visible>
                <animation effect="fade" start="0" end="100" time="300">Visible</animation>
                <animation effect="fade" end="0" start="100" time="300">Hidden</animation>
                <animation effect="zoom" end="125" condition="true">Conditional</animation>
                <include content="OSD_Codecs">
                    <centertop>50%</centertop>
                </include>
            </control>
        </include>

        <!-- Music Seekbar -->
        <include content="Object_Control" condition="!VideoPlayer.IsFullscreen">
            <param name="control" value="group" />
            <control type="group">
                <top>view_top</top>
                <centerleft>50%</centerleft>
                <width>640</width>
                <height>640</height>
                <include content="Object_BigPoster">
                    <param name="diffuse" value="diffuse/square_w640_h640.png" />
                    <param name="icon" value="$INFO[Player.Icon]" />
                </include>
                <control type="group">
                    <height>12</height>
                    <bottom>0</bottom>
                    <include>OSD_Progress_BarControls</include>
                </control>

                <control type="grouplist">
                    <top>640</top>
                    <left>-320</left>
                    <right>-320</right>
                    <height>160</height>
                    <orientation>vertical</orientation>
                    <control type="group">
                        <height>20</height>
                    </control>
                    <control type="label">
                        <label>$INFO[Player.Title]</label>
                        <textcolor>panel_fg_100</textcolor>
                        <font>font_mainlabel</font>
                        <align>center</align>
                        <height>50</height>
                    </control>
                    <control type="label">
                        <label>$INFO[MusicPlayer.Artist,[COLOR=panel_fg_70],[/COLOR]]$INFO[MusicPlayer.Album, • [COLOR=panel_fg_70],[/COLOR]]$INFO[MusicPlayer.Year, • [COLOR=panel_fg_70],[/COLOR]]</label>
                        <textcolor>$VAR[ColorHighlight]</textcolor>
                        <font>font_small</font>
                        <align>center</align>
                        <height>50</height>
                    </control>
                    <control type="label">
                        <label>$INFO[Player.Time,[COLOR=panel_fg_90],[/COLOR]]$INFO[Player.Duration, | [COLOR=panel_fg_90],[/COLOR]]</label>
                        <textcolor>$VAR[ColorHighlight]</textcolor>
                        <font>font_small</font>
                        <align>center</align>
                        <height>40</height>
                    </control>
                </control>
            </control>
        </include>

        <!-- Clock -->
        <include content="Furniture_Topbar_Group">
            <include content="Furniture_Gutters">
                <include content="Object_ShadowSpot">
                    <width>800</width>
                    <height>200</height>
                    <centertop>50%</centertop>
                    <centerright>80</centerright>
                </include>
            </include>
        </include>
        <include content="Furniture_Top_Right">
            <param name="icon" value="$VAR[Image_MuteBug_Seekbar]" />
        </include>
    </controls>
</window>