<?xml version="1.0" encoding="UTF-8"?>
<includes>

    <!-- Group Switcher -->
    <include name="View_PVR_GroupSwitcher">
        <include content="Object_Hidden_List">
            <param name="id">11</param>
            <orientation>horizontal</orientation>
            <onfocus>SetFocus(2800)</onfocus>
        </include>
        <control type="group">
            <height>80</height>
            <left>160</left>
            <centerbottom>100</centerbottom>
            <width>settings_category_w</width>
            <control type="group">
                <left>20</left>
                <visible>ControlGroup(2800).HasFocus()</visible>
                <control type="image">
                    <include>Texture_Menu_Highlight_H</include>
                </control>
                <control type="label" id="28">
                    <textoffsetx>30</textoffsetx>
                    <font>font_main</font>
                    <textcolor>$VAR[ColorSelected]</textcolor>
                </control>
            </control>
            <control type="group">
                <left>20</left>
                <visible>!ControlGroup(2800).HasFocus()</visible>
                <control type="label">
                    <textoffsetx>30</textoffsetx>
                    <font>font_main</font>
                    <textcolor>main_fg_30</textcolor>
                    <label>$INFO[Control.GetLAbel(28)]</label>
                </control>
            </control>
            <control type="grouplist" id="2800">
                <height>80</height>
                <centertop>50%</centertop>
                <align>right</align>
                <orientation>horizontal</orientation>
                <onleft>2801</onleft>
                <onleft>SetFocus(11)</onleft>
                <onleft>Action(Left)</onleft>
                <onleft>SetFocus(2801)</onleft>
                <onright>2802</onright>
                <onright>SetFocus(11)</onright>
                <onright>Action(Right)</onright>
                <onright>SetFocus(2802)</onright>

                <ondown>50</ondown>
                <onup>50</onup>

                <right>-10</right>
                <control type="button" id="2801">
                    <width>30</width>
                    <height>30</height>
                    <centertop>50%</centertop>
                    <onclick>SendClick(28)</onclick>
                    <texturenofocus colordiffuse="main_fg_30" flipx="false">buttons/triangle-left.png</texturenofocus>
                    <texturefocus colordiffuse="$VAR[ColorSelected]" flipx="false">buttons/triangle-left.png</texturefocus>
                </control>
                <control type="button" id="2802">
                    <width>30</width>
                    <height>30</height>
                    <centertop>50%</centertop>
                    <texturenofocus colordiffuse="main_fg_30" flipx="true">buttons/triangle-left.png</texturenofocus>
                    <texturefocus colordiffuse="$VAR[ColorSelected]" flipx="true">buttons/triangle-left.png</texturefocus>
                    <onclick>SendClick(28)</onclick>
                </control>
                <control type="group" id="2803">
                    <width>40</width>
                </control>
            </control>
        </control>

        <control type="group">
            <height>80</height>
            <left>210</left>
            <centerbottom>100</centerbottom>
            <control type="group">
                <left>settings_category_w</left>
                <right>view_pad</right>
                <include content="Info_Codec_LabelIcon">
                    <param name="icon">special://skin/extras/icons/view-list.png</param>
                </include>
                <control type="group">
                    <left>60</left>
                    <height>80</height>
                    <centertop>50%</centertop>
                    <control type="grouplist">
                        <orientation>horizontal</orientation>
                        <control type="label">
                            <height>10</height>
                            <top>22</top>
                            <width>auto</width>
                            <aligny>center</aligny>
                            <align>left</align>
                            <font>font_mini_black</font>
                            <textcolor>main_fg_90</textcolor>
                            <label>$INFO[ListItem.Title,[CAPITALIZE],[/CAPITALIZE] • ]</label>
                            <visible>!String.IsEqual(ListItem.Title,ListITem.ChannelName)</visible>
                        </control>
                        <control type="label">
                            <height>10</height>
                            <top>22</top>
                            <width>auto</width>
                            <aligny>center</aligny>
                            <align>left</align>
                            <font>font_mini_black</font>
                            <textcolor>main_fg_90</textcolor>
                            <label>$INFO[ListItem.ChannelName]</label>
                        </control>
                    </control>
                    <control type="label">
                        <height>10</height>
                        <bottom>22</bottom>
                        <aligny>center</aligny>
                        <align>left</align>
                        <font>font_tiny</font>
                        <textcolor>main_fg_70</textcolor>
                        <label fallback="19055">$INFO[ListItem.StartDate]$INFO[ListItem.StartTime, • ,]$INFO[ListItem.EndTime, - ,]</label>
                        <!-- <label>$INFO[Container.NumItems,, $LOCALIZE[19019]]</label> -->
                    </control>
                </control>

                <!-- <control type="image">
                    <left>20</left>
                    <bordersize>8</bordersize>
                    <aspectratio align="left">keep</aspectratio>
                    <colordiffuse>dialog_fg_70</colordiffuse>
                    <texture>special://skin/extras/icons/info2.png</texture>
                </control>
                <control type="textbox">
                    <left>100</left>
                    <height>80</height>
                    <centertop>50%</centertop>
                    <textcolor>main_fg_70</textcolor>
                    <font>font_mini_plot</font>
                    <aligny>center</aligny>
                    <label>$INFO[Container.NumItems,, [LOWERCASE]$LOCALIZE[19019][/LOWERCASE]]</label>
                </control> -->
            </control>
        </control>
    </include>

    <!-- EPG -->
    <include name="View_PVRGuide_Standard">
        <param name="channelwidth">520</param>
        <param name="epg_bottom">0</param>
        <param name="epg_top">0</param>
        <param name="viewtype_label">19069</param>
        <definition>
            <include content="List_EPGGrid">
                <param name="id">$PARAM[id]</param>
                <param name="channelheight">$PARAM[channelheight]</param>
                <param name="channelwidth">$PARAM[channelwidth]</param>
                <param name="detailed">$PARAM[detailed]</param>
                <param name="include_channels">$PARAM[include_channels]</param>
                <param name="include_programs">$PARAM[include_programs]</param>
                <onup>$PARAM[id]</onup>
                <ondown>$PARAM[id]</ondown>
                <onback>11</onback>
                <viewtype label="$PARAM[viewtype_label]">list</viewtype>
                <progresstexture border="0,160,20,20" colordiffuse="main_fg_30">$PARAM[progresstexture]</progresstexture>
                <pagecontrol>8060</pagecontrol>
                <top>-100</top>
                <bottom>100</bottom>
                <left>-40</left>
                <!-- <right>40</right> -->
            </include>
        </definition>
    </include>


    <include name="View_PVRGuide">
        <control type="group">
            <visible>Control.IsVisible(50)</visible>
            <include content="View_PVRGuide_Standard">
                <param name="id">50</param>
                <param name="progresstexture">pvr/progressline-full.png</param>
                <param name="epg_bottom">0</param>
                <param name="viewtype_label">$LOCALIZE[571]</param>
            </include>
        </control>
    </include>

    <include name="View_PVR_Full">
        <control type="image">
            <texture colordiffuse="$VAR[ColorBackground]">background/combined_overlay.png</texture>
            <include>Animation_FadeIn</include>
            <include>Animation_FadeOut</include>
        </control>
        <control type="group">
            <include>Animation_View_WindowChange</include>
            <control type="group">
                <include>Animation_Group_Bumper</include>
                <height>880</height>
                <bottom>80</bottom>
                <right>view_pad</right>
                <left>view_side</left>
                <include content="Settings_Left_Group">
                    <top>80</top>
                </include>
                <control type="image">
                    <texture border="20" colordiffuse="main_fg_12">common/dialog.png</texture>
                    <bottom>80</bottom>
                    <top>40</top>
                    <left>480</left>
                </control>
                <include>$PARAM[include]</include>
            </control>
            <nested />
            <include>Furniture_Bottom</include>
            <include>View_PVR_GroupSwitcher</include>
        </control>
    </include>

    <include name="View_PVR_Half">
        <control type="group">
            <include>Animation_Half_WindowChange</include>
            <visible>!$EXP[Exp_InfoDialogs]</visible>
            <include content="Animation_Zoom_Out">
                <param name="type">Hidden</param>
            </include>
            <include>Animation_View_WindowChange</include>
            <animation type="Visible" reversible="false">
                <effect type="fade" start="0" end="100" time="300" delay="0" tween="sine" easing="out"/>
                <effect type="slide" start="320" end="0" time="400" delay="0" tween="cubic" easing="out" />
            </animation>
            <control type="group">
                <include>Animation_Group_Bumper</include>
                <height>480</height>
                <bottom>86</bottom>
                <right>view_pad</right>
                <left>view_side</left>
                <control type="image">
                    <texture border="20" colordiffuse="main_fg_12">common/dialog.png</texture>
                    <bottom>80</bottom>
                    <top>40</top>
                    <left>480</left>
                </control>
                <include>$PARAM[include]</include>
            </control>
            <nested />
            <include>Furniture_Bottom</include>
            <include>View_PVR_GroupSwitcher</include>
        </control>
        <control type="group">
            <include>Animation_Group_Bumper</include>
            <visible>!$EXP[Exp_InfoDialogs]</visible>
            <include>Animation_Transition_InfoPanel_Hide</include>
            <include>Animation_View_WindowChange</include>
            <include content="Info_Panel">
                <param name="titlelabel">$VAR[Label_Title]</param>
                <param name="plotlabel">$VAR[Label_Plot]</param>
                <top>view_top</top>
                <width>info_panel_w</width>
                <left>view_side</left>
            </include>
            <include content="Info_Viewline">
                <param name="secondary_include">False</param>
                <param name="label">$INFO[Container.NumItems,, $LOCALIZE[19019]]</param>
            </include>
        </control>
    </include>

    <include name="View_PVR_Main">
        <include content="View_Bumper">
            <param name="groupid">50</param>
        </include>
        <include>Home_Fade</include>
        <include content="View_PVR_Half" condition="Skin.HasSetting(Views.UseHalfPVRGuide)">
            <param name="include">$PARAM[include]</param>
            <nested />
        </include>
        <include content="View_PVR_Full" condition="!Skin.HasSetting(Views.UseHalfPVRGuide)">
            <param name="include">$PARAM[include]</param>
            <nested />
        </include>
        <include>View_Row_Header</include>
        <include content="Home_Menu">
            <param name="onlist">50</param>
        </include>
        <include>View_Dialog_Plot</include>
    </include>

    <!-- CHANNELS -->
    <include name="View_PVRChannels_Standard">
        <param name="channelheight">80</param>
        <param name="channelwidth">520</param>
        <param name="epg_bottom">0</param>
        <param name="epg_top">0</param>
        <definition>
            <control type="group">
                <top>-10</top>
                <height>50</height>

                <animation effect="slide" start="0" end="0,-15" condition="!Skin.HasSetting(Views.UseHalfPVRGuide)">Conditional</animation>

                <control type="group">
                    <left>$PARAM[channelwidth]</left>

                    <control type="group">
                        <left>20</left>
                        <right>-20</right>
                        <control type="group">
                            <control type="image">
                                <width>1</width>
                                <texture colordiffuse="main_fg_30">common/white.png</texture>
                                <bottom>-5</bottom>
                                <top>15</top>
                                <visible>!Skin.HasSetting(Views.UseHalfPVRGuide)</visible>
                            </control>
                            <control type="image">
                                <width>1</width>
                                <texture colordiffuse="main_fg_30">common/white.png</texture>
                                <bottom>10</bottom>
                                <top>15</top>
                                <visible>Skin.HasSetting(Views.UseHalfPVRGuide)</visible>
                            </control>
                            <control type="label">
                                <left>10</left>
                                <width>$PARAM[channelwidth]</width>
                                <align>left</align>
                                <aligny>center</aligny>
                                <font>font_tiny_bold</font>
                                <label>$LOCALIZE[19030]</label>
                                <textcolor>main_fg_70</textcolor>
                                <shadowcolor>main_bg_12</shadowcolor>
                            </control>
                        </control>

                        <control type="group">
                            <left>50%</left>
                            <control type="image">
                                <width>1</width>
                                <texture colordiffuse="main_fg_30">common/white.png</texture>
                                <bottom>-5</bottom>
                                <top>15</top>
                                <visible>!Skin.HasSetting(Views.UseHalfPVRGuide)</visible>
                            </control>
                            <control type="image">
                                <width>1</width>
                                <texture colordiffuse="main_fg_30">common/white.png</texture>
                                <bottom>10</bottom>
                                <top>15</top>
                                <visible>Skin.HasSetting(Views.UseHalfPVRGuide)</visible>
                            </control>
                            <control type="label">
                                <left>10</left>
                                <width>$PARAM[channelwidth]</width>
                                <align>left</align>
                                <aligny>center</aligny>
                                <font>font_tiny_bold</font>
                                <label>$LOCALIZE[19031]</label>
                                <textcolor>main_fg_70</textcolor>
                                <shadowcolor>main_bg_12</shadowcolor>
                            </control>
                        </control>

                    </control>
                </control>
            </control>

            <control type="fixedlist" id="$PARAM[id]">
                <onback>11</onback>
                <include content="Action_View_Movement_OnLeft"><param name="id">$PARAM[id]</param></include>
                <onright>332</onright>
                <top>60</top>
                <bottom>99</bottom>
                <left>-40</left>
                <orientation>vertical</orientation>
                <focusposition>$PARAM[focusposition]</focusposition>
                <movement>$PARAM[movement]</movement>
                <viewtype label="$PARAM[viewtype_label]">list</viewtype>
                <itemlayout height="$PARAM[channelheight]">
                    <include content="Layout_PVRChannel">
                        <param name="channelwidth">$PARAM[channelwidth]</param>
                        <param name="detailed">$PARAM[detailed]</param>
                    </include>
                </itemlayout>
                <focusedlayout height="$PARAM[channelheight]">
                    <control type="group">
                        <visible>[Control.HasFocus(11) | $EXP[Exp_HomeMenu_HasFocus] | Control.HasFocus(331) | ControlGroup(2800).HasFocus()]</visible>
                        <include content="Layout_PVRChannel">
                            <param name="channelwidth">$PARAM[channelwidth]</param>
                            <param name="detailed">$PARAM[detailed]</param>
                            <param name="selected">false</param>
                        </include>
                    </control>
                    <control type="group">
                        <visible>![Control.HasFocus(11) | $EXP[Exp_HomeMenu_HasFocus] | Control.HasFocus(331) | ControlGroup(2800).HasFocus()]</visible>
                        <include content="Layout_PVRChannel">
                            <param name="channelwidth">$PARAM[channelwidth]</param>
                            <param name="detailed">$PARAM[detailed]</param>
                            <param name="selected">true</param>
                        </include>
                    </control>
                </focusedlayout>
            </control>
        </definition>
    </include>

    <include name="View_PVRChannels">
        <control type="group">
            <visible>Control.IsVisible(50)</visible>
            <include content="View_PVRChannels_Standard" condition="Skin.HasSetting(Views.UseHalfPVRGuide)">
                <param name="id">50</param>
                <param name="epg_bottom">0</param>
                <param name="viewtype_label">$LOCALIZE[571]</param>
                <param name="focusposition">1</param>
                <param name="movement">2</param>
            </include>
            <include content="View_PVRChannels_Standard" condition="!Skin.HasSetting(Views.UseHalfPVRGuide)">
                <param name="id">50</param>
                <param name="epg_bottom">0</param>
                <param name="viewtype_label">$LOCALIZE[571]</param>
                <param name="focusposition">4</param>
                <param name="movement">4</param>
            </include>
        </control>
    </include>


    <!-- Recordings / Timers / Search -->
    <include name="View_PVR_RecordingInfo">
        <param name="id">50</param>
        <param name="scrollbar_id">60</param>
        <param name="path_label">$INFO[Container.NumItems,, [CAPITALIZE]$LOCALIZE[31022][/CAPITALIZE]]</param>
        <param name="has_scrollbar">true</param>
        <param name="has_file_view">true</param>
        <param name="onright">menu</param>
        <param name="onleft">60</param>
        <definition>
            <control type="group">
                <nested />
                <control type="label">
                    <top>-40</top>
                    <height>30</height>
                    <height>30</height>
                    <width>auto</width>
                    <font>font_tiny</font>
                    <textcolor>main_fg_70</textcolor>
                    <label fallback="19076">$PARAM[path_label]</label>
                </control>
                <include content="List_PVRRecordings" condition="$PARAM[has_file_view]">
                    <param name="id">$PARAM[id]</param>
                    <top>20</top>
                    <bottom>20</bottom>
                    <onleft>$PARAM[onleft]</onleft>
                    <onright>$PARAM[onright]</onright>
                    <pagecontrol>$PARAM[scrollbar_id]</pagecontrol>
                    <include>$PARAM[include_content]</include>
                </include>
                <include content="Dialog_Scrollbar" condition="$PARAM[has_scrollbar]">
                    <param name="id">$PARAM[scrollbar_id]</param>
                    <left>0</left>
                    <onright>$PARAM[id]</onright>
                </include>
            </control>
        </definition>
    </include>

    <include name="View_PVR_RecordingSubList">
        <visible>Container(50).ListItem.IsFolder</visible>
        <content>$INFO[Container(50).ListItem.FolderPath]</content>
    </include>


    <include name="View_PVR_RecordingDetails">
        <control type="group">
            <visible>!Container(50).ListItem.IsFolder + [!String.IsEmpty(ListItem.ChannelName) | !String.IsEmpty(ListItem.Title)]</visible>
            <top>20</top>
            <bottom>40</bottom>
            <left>40</left>
            <right>40</right>
            <control type="image">
                <top>20</top>
                <height>180</height>
                <width>600</width>
                <right>0</right>
                <aspectratio align="right">keep</aspectratio>
                <texture>$INFO[ListItem.Icon]</texture>
            </control>
            <control type="grouplist">
                <orientation>vertical</orientation>
                <control type="label">
                    <height>80</height>
                    <label>$INFO[ListItem.ChannelName]</label>
                    <font>font_main_bold</font>
                    <textcolor>main_fg_100</textcolor>
                </control>
                <control type="label">
                    <height>40</height>
                    <label>$INFO[ListItem.StartDate]</label>
                    <textcolor>main_fg_70</textcolor>
                </control>
                <control type="label">
                    <height>40</height>
                    <label>$INFO[ListItem.StartTime]$INFO[ListItem.EndTime, - ,]</label>
                    <textcolor>main_fg_70</textcolor>
                </control>
                <control type="label">
                    <height>40</height>
                    <label>$INFO[ListItem.Duration(h),, hours ]$INFO[ListItem.Duration(m),, minutes]</label>
                    <textcolor>main_fg_70</textcolor>
                </control>
                <control type="group">
                    <height>80</height>
                    <include content="Object_Separator_V">
                        <param name="colordiffuse">main_fg_12</param>
                        <centertop>50%</centertop>
                    </include>
                </control>
                <control type="label">
                    <top>-20</top>
                    <height>80</height>
                    <label>$INFO[ListItem.Title]</label>
                    <font>font_main_bold</font>
                    <textcolor>main_fg_100</textcolor>
                </control>
                <control type="label">
                    <height>40</height>
                    <label>$INFO[ListItem.Season,S]$INFO[ListItem.Episode,E, ]$INFO[ListItem.EpisodeName]</label>
                    <visible>!String.IsEmpty(ListItem.EpisodeName)</visible>
                    <textcolor>main_fg_70</textcolor>
                </control>
                <control type="label">
                    <height>40</height>
                    <label>$INFO[ListItem.EPGEventTitle]</label>
                    <visible>!String.IsEmpty(ListItem.EPGEventTitle)</visible>
                    <textcolor>main_fg_70</textcolor>
                </control>
                <control type="label">
                    <height>40</height>
                    <label>$INFO[ListItem.Genre]</label>
                    <visible>!String.IsEmpty(ListItem.Genre)</visible>
                    <textcolor>main_fg_70</textcolor>
                </control>
                <control type="label">
                    <height>40</height>
                    <label>$INFO[ListItem.Size]</label>
                    <visible>!String.IsEmpty(ListItem.Size) + !String.IsEqual(ListITem.Size,0 B)</visible>
                    <textcolor>main_fg_70</textcolor>
                </control>
                <control type="label">
                    <height>40</height>
                    <label>$INFO[ListItem.ExpirationDate] $INFO[ListItem.ExpirationTime]</label>
                    <visible>!String.IsEmpty(ListItem.ExpirationDate)</visible>
                    <textcolor>main_fg_70</textcolor>
                </control>
                <control type="textbox">
                    <top>40</top>
                    <height>auto</height>
                    <label>$VAR[Label_Plot]</label>
                    <font>font_main_plot</font>
                    <textcolor>main_fg_70</textcolor>
                </control>
            </control>
        </control>
    </include>

    <include name="View_PVR_RecordingList">
        <definition>
            <control type="group">
                <include>Dimension_Info</include>
                <include content="View_PVR_RecordingInfo">
                        <param name="id">5050</param>
                        <param name="path_label">$LOCALIZE[19033]</param>
                        <param name="has_scrollbar">false</param>
                        <param name="has_file_view">$PARAM[has_file_view]</param>
                        <param name="include_content">View_PVR_RecordingSubList</param>
                        <left>600</left>
                        <right>0</right>
                        <include>View_PVR_RecordingDetails</include>
                    </include>
            </control>
        </definition>
    </include>
</includes>
