<?xml version="1.0" encoding="UTF-8"?>
<window type="window" id="1109">
    <onload>SetProperty(TMDbHelper.WidgetContainer,301)</onload>
    <defaultcontrol>300</defaultcontrol>
    <menucontrol>303</menucontrol>
    <include>Action_Blur_Onload</include>
    <include>Action_Hub_Refocus_Onload</include>
    <controls>

        <include content="Hub_Controls">
            <param name="window_id">1109</param>
            <param name="widgets_only">Skin.HasSetting(Hub.Custom04.DisableSubmenu)</param>
            <param name="include">skinshortcuts-template-custom04menu</param>
            <param name="categories_include">skinshortcuts-group-custom04menu</param>
            <param name="widgets_include">skinshortcuts-template-custom04widgets</param>
        </include>
    </controls>
</window>