<?xml version="1.0" encoding="UTF-8"?>
<includes>

    <include name="Dialog_Background_Toast">
        <param name="overlay_visible">true</param>
        <param name="overlay_height">120</param>
        <param name="diffuse">diffuse/landscape_w480_h270.png</param>
        <definition>
            <control type="group">
                <include content="Dialog_Background_Blur">
                    <param name="flipy">true</param>
                    <param name="aspectratio">scale</param>
                    <param name="diffuse">$PARAM[diffuse]</param>
                    <param name="border">0</param>
                </include>
                <control type="image">
                    <texture colordiffuse="dialog_fg_12" border="20">common/dialog.png</texture>
                </control>
                <control type="image">
                    <height>$PARAM[overlay_height]</height>
                    <texture colordiffuse="dialog_fg_12" border="20" flipy="true">common/dialog_overlay_v.png</texture>
                    <visible>$PARAM[overlay_visible]</visible>
                </control>
                <nested />
            </control>
        </definition>
    </include>

    <include name="Dialog_Background_Toast_Nib">
        <control type="image">
            <top>-15</top>
            <height>16</height>
            <width>16</width>
            <texture colordiffuse="ff55555f" flipy="false">arrows/arrow-menu-up.png</texture>
            <nested />
        </control>
    </include>

    <include name="Dialog_Background_Toast_Nib_Left">
        <control type="image">
            <left>-15</left>
            <height>16</height>
            <width>16</width>
            <texture colordiffuse="ff55555f" flipx="false">arrows/arrow-menu.png</texture>
            <nested />
        </control>
    </include>

    <include name="Dialog_Background_Blur_Standard">
        <param name="flipy">false</param>
        <param name="shadow">true</param>
        <param name="border">20</param>
        <definition>
            <control type="group">
                <control type="image">
                    <aspectratio scalediffuse="false">$PARAM[aspectratio]</aspectratio>
                    <include condition="$PARAM[shadow]">Texture_Shadow_80</include>
                    <texture border="$PARAM[border]" flipy="$PARAM[flipy]" diffuse="$PARAM[diffuse]">$VAR[Image_SimpleDialogBackground]</texture>
                </control>
                <control type="image">
                    <texture colordiffuse="dialog_overlay" border="20">common/dialog.png</texture>
                </control>
                <include content="Object_Control" condition="Skin.HasSetting(Glass.EnableBorders)">
                    <param name="control">image</param>
                    <bordersize>0</bordersize>
                    <texture colordiffuse="dialog_fg_12" border="20">common/box-outline.png</texture>
                </include>
                <nested />
            </control>
        </definition>
    </include>

    <variable name="Dialog_Background_Blur_Adaptive_ColorDiffuse">
        <value condition="!Skin.HasSetting(TMDbHelper.EnableBlur)">12ededed</value>
        <value>dialog_fg_30</value>
    </variable>

    <variable name="Dialog_Background_Blur_Adaptive_Texture">
        <value condition="!Skin.HasSetting(TMDbHelper.EnableBlur)">$VAR[Image_ContextFanart]</value>
        <value>$VAR[Image_Background_Blur]</value>
    </variable>

    <include name="Dialog_Background_Blur_Adaptive">
        <param name="flipy">false</param>
        <param name="shadow">true</param>
        <param name="diffuse">diffuse/dialog_w1000_h1000.png</param>
        <definition>
            <control type="group">
                <control type="image">
                    <texture colordiffuse="dialog_bg_100" border="20">common/dialog.png</texture>
                </control>
                <control type="image">
                    <fadetime>background_fadetime</fadetime>
                    <aspectratio scalediffuse="false" align="left">scale</aspectratio>
                    <include condition="$PARAM[shadow]">Texture_Shadow_80</include>
                    <texture flipy="$PARAM[flipy]" diffuse="$PARAM[diffuse]" colordiffuse="$VAR[Dialog_Background_Blur_Adaptive_ColorDiffuse]">$VAR[Dialog_Background_Blur_Adaptive_Texture]</texture>
                </control>
                <include content="Object_Control" condition="Skin.HasSetting(Glass.EnableBorders)">
                    <param name="control">image</param>
                    <bordersize>0</bordersize>
                    <texture colordiffuse="dialog_fg_12" border="20">common/box-outline.png</texture>
                </include>
                <nested />
            </control>
        </definition>
    </include>

    <include name="Dialog_Background_Blur">
        <include content="Dialog_Background_Blur_Standard" condition="!$EXP[Exp_DialogTheme_IsAdaptive]">
            <param name="shadow">$PARAM[shadow]</param>
            <param name="flipy">$PARAM[flipy]</param>
            <param name="flipx">$PARAM[flipx]</param>
            <param name="diffuse">$PARAM[diffuse]</param>
            <param name="border">$PARAM[border]</param>
            <nested />
        </include>
        <include content="Dialog_Background_Blur_Adaptive" condition="$EXP[Exp_DialogTheme_IsAdaptive]">
            <param name="shadow">$PARAM[shadow]</param>
            <param name="flipy">$PARAM[flipy]</param>
            <param name="flipx">$PARAM[flipx]</param>
            <param name="diffuse">$PARAM[diffuse]</param>
            <param name="border">$PARAM[border]</param>
            <nested />
        </include>
    </include>

    <include name="Dialog_Background_BlurDimension_DialogSideMenu">
        <include content="Dialog_Background_Blur">
            <param name="diffuse">diffuse/dialog_w680_h1000.png</param>
        </include>
    </include>

    <include name="Dialog_Background_BlurDimension_DialogMainMenu">
        <include content="Dialog_Background_Blur">
            <param name="diffuse">diffuse/dialog_w1480_h1000.png</param>
        </include>
    </include>

    <include name="Dialog_Background_BlurDimension_DialogWideMenu">
        <include content="Dialog_Background_Blur">
            <param name="diffuse">diffuse/dialog_w920_h1000.png</param>
        </include>
    </include>

    <include name="Dialog_Background_BlurDimension_DialogHugeMenu">
        <include content="Dialog_Background_Blur">
            <param name="diffuse">diffuse/dialog_w1480_h1000.png</param>
        </include>
    </include>

    <include name="Dialog_Background_BlurDimension_DialogFullMenu">
        <include content="Dialog_Background_Blur">
            <param name="diffuse">diffuse/dialog_w1480_h1000.png</param>
        </include>
    </include>

    <include name="Dialog_Overlay_Mode_Glass">
        <definition>
            <control type="image">
                <include content="Object_Top" condition="$PARAM[flipped]">
                    <param name="top">120</param>
                </include>
                <include content="Object_Bottom" condition="![$PARAM[flipped]]">
                    <param name="bottom">120</param>
                </include>
                <texture colordiffuse="dialog_fg_12" border="20" flipy="$PARAM[flipped]">common/dialog.png</texture>
            </control>
            <include content="Object_Control" condition="Skin.HasSetting(Glass.EnableBorders)">
                <param name="control">image</param>
                <height>12</height>
                <include content="Object_Top" condition="$PARAM[flipped]">
                    <param name="top">120</param>
                </include>
                <include content="Object_Bottom" condition="![$PARAM[flipped]]">
                    <param name="bottom">120</param>
                </include>
                <texture colordiffuse="dialog_fg_12" border="20,6,20,6" flipy="$PARAM[flipped]">common/dialog-edge-outline-v.png</texture>
            </include>
        </definition>
    </include>

    <include name="Dialog_Dim_Side">
        <param name="flipx">true</param>
        <param name="dim_top">-480</param>
        <param name="dim_bottom">-480</param>
        <param name="dim_visible">true</param>
        <param name="slide_condition">ControlGroup(9000).HasFocus()</param>
        <param name="slide_animation">true</param>
        <definition>
            <include content="Object_Dim_Side">
                <param name="flipx">$PARAM[flipx]</param>
                <top>$PARAM[dim_top]</top>
                <bottom>$PARAM[dim_bottom]</bottom>
                <left>-280</left>
                <right>-280</right>
                <visible>$PARAM[dim_visible]</visible>
                <include content="Animation_SlideIn_Dialog_Side" condition="$PARAM[slide_animation]">
                    <param name="slide_condition">$PARAM[slide_condition]</param>
                </include>
            </include>
        </definition>
    </include>

    <include name="Dialog_Background_Glass">
        <control type="image">
            <texture colordiffuse="dialog_fg_12" border="20">common/dialog.png</texture>
        </control>
    </include>

    <include name="Dialog_Background_Group">
        <param name="include_glass">false</param>
        <definition>
            <control type="group">
                <include content="Dimension_Padding">
                    <param name="pad">40</param>
                </include>
                <include condition="$EXP[Exp_DialogTheme_IsAdaptive]">Dialog_Background_Blur$PARAM[dialog_size]</include>
                <include condition="!$EXP[Exp_DialogTheme_IsAdaptive]">Dialog_Background_Blur_Standard</include>
                <include condition="$PARAM[include_glass]">Dialog_Background_Glass</include>
            </control>
        </definition>
    </include>

    <include name="Dialog_Background_Side">
        <param name="slide_animation">true</param>
        <param name="slide_condition">ControlGroup(9000).HasFocus()</param>
        <definition>
            <control type="group">
                <include content="Animation_SlideIn_Dialog_Side" condition="$PARAM[slide_animation]">
                    <param name="slide_condition">$PARAM[slide_condition]</param>
                </include>
                <include content="Dialog_Background_Group">
                    <param name="include_glass">false</param>
                    <param name="dialog_size">$PARAM[dialog_size]</param>
                </include>
                <nested />
            </control>
        </definition>
    </include>

    <include name="Dialog_Foreground_Side">
        <param name="slide_animation">false</param>
        <param name="slide_condition">ControlGroup(9000).HasFocus()</param>
        <param name="topline">true</param>
        <param name="subline">true</param>
        <param name="lines_right">0</param>
        <definition>
            <control type="group">
                <include content="Animation_SlideIn_Dialog_Side" condition="$PARAM[slide_animation]">
                    <param name="slide_condition">$PARAM[slide_condition]</param>
                </include>
                <include content="Dialog_Background_Group">
                    <param name="include_glass">true</param>
                    <param name="dialog_size">$PARAM[dialog_size]</param>
                </include>
                <nested />
                <control type="group">
                    <right>80</right>
                    <left>80</left>
                    <include content="Object_Control" condition="$PARAM[topline]">
                        <param name="control">image</param>
                        <top>160</top>
                        <height>1</height>
                        <texture colordiffuse="dialog_fg_12">common/white.png</texture>
                        <right>$PARAM[lines_right]</right>
                    </include>
                    <include content="Object_Control" condition="$PARAM[subline]">
                        <param name="control">image</param>
                        <bottom>80</bottom>
                        <height>1</height>
                        <texture colordiffuse="dialog_fg_12">common/white.png</texture>
                        <right>$PARAM[lines_right]</right>
                    </include>
                </control>
            </control>
        </definition>
    </include>

    <include name="Dialog_Nib">
        <param name="nib_pos">70</param>
        <param name="use_side_nib">false</param>
        <definition>
            <!-- <include content="Dialog_Nib_T" condition="![$PARAM[use_side_nib]]">
                <param name="nib_pos">$PARAM[nib_pos]</param>
            </include>
            <include content="Dialog_Nib_L" condition="$PARAM[use_side_nib]">
                <param name="nib_pos">$PARAM[nib_pos]</param>
            </include> -->
        </definition>
    </include>

    <include name="Dialog_Nib_T">
        <param name="nib_pos">70</param>
        <definition>
            <!-- <control type="image">
                <top>-16</top>
                <centerright>$PARAM[nib_pos]</centerright>
                <height>16</height>
                <width>16</width>
                <texture colordiffuse="main_fg_100">arrows/arrow-menu-up.png</texture>
            </control> -->
        </definition>
    </include>

    <include name="Dialog_Nib_L">
        <param name="nib_pos">70</param>
        <definition>
            <!-- <control type="image">
                <left>-16</left>
                <centertop>$PARAM[nib_pos]</centertop>
                <height>16</height>
                <width>16</width>
                <texture colordiffuse="main_fg_100">arrows/arrow-menu.png</texture>
            </control> -->
        </definition>
    </include>

    <include name="Dialog_Group">
        <param name="left">40</param>
        <param name="right">40</param>
        <param name="bottom">40</param>
        <param name="top">40</param>
        <definition>
            <left>$PARAM[left]</left>
            <right>$PARAM[right]</right>
            <bottom>$PARAM[bottom]</bottom>
            <top>$PARAM[top]</top>
        </definition>
    </include>

    <include name="Dialog_Head">
        <param name="id">1</param>
        <param name="textcolor">dialog_fg_90</param>
        <param name="sublabel_visible">true</param>
        <param name="sublabel_include">false</param>
        <definition>
            <control type="group">
                <nested />
                <right>view_pad</right>
                <height>view_bar</height>
                <top>view_pad</top>
                <left>view_pad</left>
                <include content="Furniture_Gutters">
                    <animation effect="slide" start="0" end="0,-15" condition="$PARAM[sublabel_visible] + $PARAM[sublabel_include]">Conditional</animation>
                    <include content="Furniture_MainLabel">
                        <param name="id">$PARAM[id]</param>
                        <param name="textcolor">$PARAM[textcolor]</param>
                        <aligny>center</aligny>
                        <label>$PARAM[label]</label>
                    </include>
                    <include content="Furniture_DateLabel" condition="$PARAM[sublabel_include]">
                        <param name="textcolor">$PARAM[textcolor]</param>
                        <param name="label">$PARAM[sublabel]</param>
                        <param name="visible">$PARAM[sublabel_visible]</param>
                    </include>
                </include>
            </control>
        </definition>
    </include>

    <include name="Dialog_Head_CloseButton">
        <param name="id">90001</param>
        <param name="groupid">90101</param>
        <param name="onclick">Close</param>
        <definition>
            <control type="group">
                <right>60</right>
                <centertop>100</centertop>
                <height>80</height>
                <width>80</width>
                <control type="button" id="$PARAM[id]">
                    <include>Texture_Circle_Highlight_Focus_V</include>
                    <texturenofocus />
                    <onclick>$PARAM[onclick]</onclick>
                </control>
                <include content="OSD_Button_Icon_Overlay">
                    <param name="icon">special://skin/extras/icons/xmark.png</param>
                    <param name="id">$PARAM[id]</param>
                    <param name="groupid">$PARAM[groupid]</param>
                    <param name="itemgap">0</param>
                    <param name="grouplist">false</param>
                </include>
            </control>
        </definition>
    </include>

    <include name="Dialog_Body">
        <definition>
            <control type="group">
                <nested />
                <top>160</top>
                <bottom>80</bottom>
                <left>40</left>
                <right>40</right>
            </control>
        </definition>
    </include>

    <include name="Dialog_Body_Grouplist">
        <definition>
            <include content="Dialog_Body_Group">
                <param name="control">grouplist</param>
                <param name="id">$PARAM[id]</param>
                <nested />
            </include>
        </definition>
    </include>

    <include name="Dialog_Body_Group">
        <param name="control">group</param>
        <definition>
            <control type="$PARAM[control]" id="$PARAM[id]">
                <nested />
                <include>Dimension_Dialog_Body_Group</include>
            </control>
        </definition>
    </include>

    <include name="Dialog_Side_Grouplist">
        <param name="id">9000</param>
        <definition>
            <control type="grouplist" id="$PARAM[id]">
                <nested />
                <top>-30</top>
                <itemgap>0</itemgap>
                <orientation>vertical</orientation>
                <width>160</width>
                <left>-20</left>
            </control>
        </definition>
    </include>

    <include name="Dialog_Side_Button">
        <param name="vertical">true</param>
        <param name="textcolor">dialog_fg</param>
        <param name="id_prefix">0</param>
        <param name="groupid_prefix">1</param>
        <param name="baseid">9</param>
        <definition>
            <include content="DialogInfo_Button">
                <param name="vertical">$PARAM[vertical]</param>
                <param name="itemgap">$PARAM[itemgap]</param>
                <param name="id">$PARAM[baseid]$PARAM[id_prefix]$PARAM[id]</param>
                <param name="groupid">$PARAM[baseid]$PARAM[groupid_prefix]$PARAM[id]</param>
                <param name="label">$PARAM[label]</param>
                <param name="icon">$PARAM[icon]</param>
                <param name="textcolor">$PARAM[textcolor]</param>
                <param name="nf_opacity">$PARAM[nf_opacity]</param>
                <param name="db_opacity">$PARAM[db_opacity]</param>
                <param name="visible">$PARAM[visible]</param>
                <param name="control">$PARAM[control]</param>
                <param name="radioround">$PARAM[radioround]</param>
                <param name="radiocross">$PARAM[radiocross]</param>
                <param name="radiocheck">$PARAM[radiocheck]</param>
                <include content="DialogInfo_Button_HintLabel">
                    <param name="textcolor">$PARAM[textcolor]</param>
                    <param name="label">$PARAM[label]</param>
                </include>
                <nested />
            </include>
        </definition>
    </include>

    <include name="Dialog_Side_Button_BuiltIn">
        <param name="vertical">true</param>
        <param name="textcolor">dialog_fg</param>
        <definition>
            <include content="DialogInfo_Button">
                <param name="vertical">$PARAM[vertical]</param>
                <param name="itemgap">$PARAM[itemgap]</param>
                <param name="id">$PARAM[id]</param>
                <param name="groupid">$PARAM[groupid]</param>
                <param name="label">$PARAM[label]</param>
                <param name="icon">$PARAM[icon]</param>
                <param name="textcolor">$PARAM[textcolor]</param>
                <param name="nf_opacity">$PARAM[nf_opacity]</param>
                <param name="db_opacity">$PARAM[db_opacity]</param>
                <param name="visible">$PARAM[visible]</param>
                <param name="control">$PARAM[control]</param>
                <param name="builtin">true</param>
                <param name="radioround">$PARAM[radioround]</param>
                <param name="radiocross">$PARAM[radiocross]</param>
                <param name="radiocheck">$PARAM[radiocheck]</param>
                <include content="DialogInfo_Button_HintLabel">
                    <param name="textcolor">$PARAM[textcolor]</param>
                    <param name="label">$PARAM[label]</param>
                </include>
                <nested />
            </include>
        </definition>
    </include>

    <include name="_Dialog_Special_Button">
        <definition>
            <control type="group">
                <visible>$PARAM[visible]</visible>
                <control type="group">
                    <centertop>50%</centertop>
                    <height>80</height>
                    <control type="label">
                        <font>font_main_bold</font>
                        <height>40</height>
                        <include content="Object_Left" condition="$PARAM[icon_withtext]">
                            <param name="left">100</param>
                        </include>
                        <include content="Object_Right" condition="![$PARAM[icon_withtext]]">
                            <param name="right">100</param>
                        </include>
                        <left>40</left>
                        <right>40</right>
                        <top>0</top>
                        <textcolor>$PARAM[textcolor]</textcolor>
                        <label>$PARAM[toplabel]</label>
                    </control>
                    <control type="label">
                        <font>font_main</font>
                        <height>40</height>
                        <include content="Object_Right" condition="![$PARAM[icon_withtext]]">
                            <param name="right">100</param>
                        </include>
                        <left>40</left>
                        <right>40</right>
                        <bottom>0</bottom>
                        <textcolor>$PARAM[textcolor]</textcolor>
                        <label>$PARAM[sublabel]</label>
                    </control>
                    <include content="Object_Control" condition="!$PARAM[icon_withtext]">
                        <param name="control">image</param>
                        <bordersize>$PARAM[icon_bordersize]</bordersize>
                        <texture colordiffuse="$PARAM[icon_colordiffuse]" diffuse="diffuse/circle_120.png">$PARAM[icon]</texture>
                        <width>80</width>
                        <height>80</height>
                        <right>20</right>
                        <centertop>50%</centertop>
                    </include>
                    <include content="Object_Control" condition="$PARAM[icon_withtext]">
                        <param name="control">image</param>
                        <bordersize>$PARAM[icon_bordersize]</bordersize>
                        <texture colordiffuse="$PARAM[icon_colordiffuse]" diffuse="diffuse/circle_120.png">$PARAM[icon]</texture>
                        <width>80</width>
                        <height>80</height>
                        <centertop>20</centertop>
                        <centerleft>60</centerleft>
                    </include>
                </control>
                <include content="Object_Control" condition="Skin.HasSetting(Glass.EnableBorders)">
                    <param name="control">image</param>
                    <texture colordiffuse="panel_fg_12" border="40">common/menu-outline.png</texture>
                </include>
            </control>
        </definition>
    </include>

    <include name="Dialog_Special_Button">
        <param name="icon_withtext">false</param>
        <param name="textcolor">dialog_fg_70</param>
        <param name="icon_colordiffuse">dialog_fg_70</param>
        <definition>
            <control type="group">

                <nested />
                <height>130</height>

                <include content="_Dialog_Special_Button">
                    <param name="toplabel">$PARAM[toplabel]</param>
                    <param name="sublabel">$PARAM[sublabel]</param>
                    <param name="textcolor">$PARAM[textcolor]</param>
                    <param name="icon">$PARAM[icon]</param>
                    <param name="icon_colordiffuse">$PARAM[icon_colordiffuse]</param>
                    <param name="icon_bordersize">$PARAM[icon_bordersize]</param>
                    <param name="icon_withtext">$PARAM[icon_withtext]</param>
                    <param name="visible">!Control.HasFocus($PARAM[id])</param>
                </include>

                <include content="_Dialog_Special_Button">
                    <param name="toplabel">$PARAM[toplabel]</param>
                    <param name="sublabel">$PARAM[sublabel]</param>
                    <param name="textcolor">$VAR[ColorSelected]</param>
                    <param name="icon">$PARAM[icon]</param>
                    <param name="icon_colordiffuse">$VAR[ColorSelected]</param>
                    <param name="icon_bordersize">$PARAM[icon_bordersize]</param>
                    <param name="icon_withtext">$PARAM[icon_withtext]</param>
                    <param name="visible">Control.HasFocus($PARAM[id])</param>
                </include>

            </control>
        </definition>
    </include>

    <include name="Dialog_Textbox">
        <param name="id">9</param>
        <definition>
            <control type="textbox" id="$PARAM[id]">
                <nested />
                <font>font_main_plot</font>
                <textcolor>dialog_fg_70</textcolor>
            </control>
        </definition>
    </include>

    <include name="Dialog_Menu_Button">
        <param name="bordersize">16</param>
        <definition>
            <include content="Settings_Button">
                <param name="id">$PARAM[id]</param>
                <param name="control">$PARAM[control]</param>
                <visible>Control.IsEnabled($PARAM[id])</visible>
                <textoffsetx>40</textoffsetx>
                <textwidth>356</textwidth>
                <radioposx>340</radioposx>
                <textcolor>dialog_fg_70</textcolor>
                <selectedcolor>dialog_fg_70</selectedcolor>
                <nested />
            </include>
            <control type="group" id="$PARAM[groupid]">
                <width>80</width>
                <height>80</height>
                <top>-80</top>
                <right>20</right>
                <visible>Control.IsEnabled($PARAM[id]) + Control.IsVisible($PARAM[id])</visible>

                <control type="group">
                    <height>40</height>
                    <width>40</width>
                    <centerleft>50%</centerleft>
                    <centertop>50%</centertop>
                    <control type="image">
                        <bordersize>icon_home_bordersize</bordersize>
                        <bordersize>$PARAM[bordersize]</bordersize>
                        <aspectratio align="right">keep</aspectratio>
                        <texture colordiffuse="dialog_fg_70">$PARAM[icon]</texture>
                        <visible>!Control.HasFocus($PARAM[id])</visible>
                    </control>
                    <control type="image">
                        <bordersize>icon_home_bordersize</bordersize>
                        <bordersize>$PARAM[bordersize]</bordersize>
                        <aspectratio align="right">keep</aspectratio>
                        <texture colordiffuse="$VAR[ColorSelected]">$PARAM[icon]</texture>
                        <visible>Control.HasFocus($PARAM[id])</visible>
                    </control>
                </control>
            </control>
        </definition>
    </include>

    <include name="Dialog_Preview">
        <control type="group">
            <width>dialog_preview_w</width>
            <right>1000</right>
            <top>160</top>
            <height>680</height>
            <!-- <top>40</top>
            <bottom>40</bottom> -->

            <include content="Animation_Slide_In">
                <param name="type">Visible</param>
                <param name="delay">800</param>
                <param name="posx">320</param>
            </include>
            <include content="Animation_Slide_In">
                <param name="type">WindowOpen</param>
                <param name="delay">800</param>
                <param name="posx">320</param>
            </include>
            <include content="Animation_Fade_Out">
                <param name="type">Hidden</param>
            </include>
            <include content="Animation_Fade_Out">
                <param name="type">WindowClose</param>
            </include>
            <include content="Dialog_Background_Blur">
                <control type="image">
                    <texture colordiffuse="main_fg_12" border="20">common/dialog.png</texture>
                </control>
                <control type="group">
                    <include>Dialog_Group</include>
                    <include content="Dialog_Outline_InnerBox">
                        <control type="image">
                            <aspectratio scalediffuse="false">keep</aspectratio>
                            <texture diffuse="diffuse/square_w600_h600.png">$PARAM[icon]</texture>
                        </control>
                    </include>
                </control>
            </include>
            <nested />
        </control>
    </include>

    <include name="Dialog_Outline">
        <include content="Object_Control" condition="Skin.HasSetting(Glass.EnableBorders)">
            <param name="control">image</param>
            <texture colordiffuse="panel_fg_12" border="12">common/box-outline.png</texture>
        </include>
    </include>

    <include name="Dialog_Box">
        <param name="colordiffuse">panel_fg_12</param>
        <definition>
            <include content="Object_Shadow_40" condition="Skin.HasSetting(Glass.EnableBorders)">
                <param name="colordiffuse">shadow_soft</param>
            </include>
            <control type="image">
                <texture colordiffuse="$PARAM[colordiffuse]" border="12">common/box.png</texture>
            </control>
        </definition>
    </include>

    <include name="Dialog_InnerBox">
        <param name="colordiffuse">panel_bg_12</param>
        <definition>
            <include content="Object_InnerShadow_40" condition="Skin.HasSetting(Glass.EnableBorders)">
                <param name="colordiffuse">shadow_soft</param>
            </include>
            <control type="image">
                <texture colordiffuse="$PARAM[colordiffuse]" border="12">common/box.png</texture>
            </control>
        </definition>
    </include>

    <include name="Dialog_Outline_InnerBox">
        <definition>
            <control type="group">
                <include condition="$EXP[Exp_DialogTheme_IsLight]">Dialog_Box</include>
                <include condition="!$EXP[Exp_DialogTheme_IsLight]">Dialog_InnerBox</include>
                <nested />
                <include>Dialog_Outline</include>
            </control>
        </definition>
    </include>

    <include name="Dialog_Outline_Box">
        <definition>
            <control type="group">
                <include content="Dialog_Box">
                    <param name="colordiffuse">$PARAM[colordiffuse]</param>
                </include>
                <nested />
                <include>Dialog_Outline</include>
            </control>
        </definition>
    </include>

    <include name="Dialog_Scrollbar">
        <param name="id">61</param>
        <definition>
            <control type="scrollbar" id="$PARAM[id]">
                <nested />
                <top>0</top>
                <bottom>0</bottom>
                <centerright>-20</centerright>
                <width>scrollbar_w</width>
                <texturesliderbackground colordiffuse="main_fg_12" border="4">scrollbar/scrollv_line.png</texturesliderbackground>
                <texturesliderbar colordiffuse="main_logo" border="4">scrollbar/scrollv.png</texturesliderbar>
                <include>Texture_Scrollbar_V</include>
            </control>
        </definition>
    </include>

    <include name="Dialog_VideoPIP">
        <param name="include_dimensions">Dimension_Dialog_VideoPIP_Smaller</param>
        <param name="visible">true</param>
        <definition>
            <include content="Dialog_Background_Blur">
                <param name="diffuse">diffuse/landscape_w720_h405.png</param>
                <include>$PARAM[include_dimensions]</include>
                <control type="image">
                    <texture colordiffuse="dialog_fg_12" border="20">common/dialog.png</texture>
                </control>
                <include content="Animation_SlideIn_Dialog">
                    <param name="windowopen_condition">false</param>
                </include>
                <visible>Player.HasVideo</visible>
                <visible>$PARAM[visible]</visible>
                <control type="group">
                    <include content="Dimension_Padding">
                        <param name="pad">10</param>
                    </include>
                    <include content="Dialog_Outline_InnerBox">
                        <control type="image">
                            <texture border="20" colordiffuse="black">common/dialog.png</texture>
                        </control>
                        <control type="group">
                            <include content="Dimension_Padding">
                                <param name="pad">0</param>
                            </include>
                            <control type="videowindow">
                                <include content="Dimension_Padding">
                                    <param name="pad">5</param>
                                </include>
                            </control>
                            <control type="image">
                                <texture border="20" colordiffuse="black">common/selectbox.png</texture>
                            </control>
                        </control>
                    </include>

                    <control type="group">
                        <left>10</left>
                        <right>10</right>
                        <height>80</height>
                        <bottom>10</bottom>
                        <control type="group">
                            <centertop>50%</centertop>
                            <height>50</height>
                            <width>50</width>
                            <right>20</right>
                            <include content="Info_FooterItemIcon">
                                <param name="icon">$VAR[Image_NowPlaying_PlayPause]</param>
                                <param name="centered">true</param>
                                <param name="size">50</param>
                            </include>
                            <control type="group">
                                <centerleft>50%</centerleft>
                                <centertop>50%</centertop>
                                <height>100</height>
                                <width>100</width>
                                <control type="image">
                                    <bordersize>-4</bordersize>
                                    <texture colordiffuse="$VAR[ColorHighlight]">$INFO[Player.Progress,progress/circle/p,.png]</texture>
                                    <aspectratio align="center" aligny="center">keep</aspectratio>
                                </control>
                                <control type="image">
                                    <bordersize>-4</bordersize>
                                    <texture colordiffuse="$VAR[ColorGradient]">$INFO[Player.Progress,progress/circle/p,.png]</texture>
                                    <animation effect="fade" end="66" condition="true">Conditional</animation>
                                    <aspectratio align="center" aligny="center">keep</aspectratio>
                                    <include content="Defs_Progress_Colorfade">
                                        <param name="id">933</param>
                                    </include>
                                </control>
                            </control>
                            <control type="progress" id="933">
                                <height>1</height>
                                <width>1</width>
                                <left>-1000</left>
                                <texturebg />
                                <lefttexture />
                                <midtexture />
                                <righttexture />
                                <info>Player.Progress</info>
                                <visible>false</visible>
                            </control>
                        </control>
                        <include content="Object_InfoCircle_Text_Top" condition="!Skin.HasSetting(Furniture.DisableNowPlaying)">
                            <label>$VAR[Label_NowPlayingTitle]</label>
                            <right>100</right>
                            <left>20</left>
                            <textcolor>panel_fg_90</textcolor>
                            <shadowcolor>panel_bg_70</shadowcolor>
                        </include>
                        <include content="Object_InfoCircle_Text_Sub" condition="!Skin.HasSetting(Furniture.DisableNowPlaying)">
                            <label>$INFO[Player.Time]$INFO[Player.Duration, / ,]</label>
                            <right>100</right>
                            <left>20</left>
                            <textcolor>panel_fg_90</textcolor>
                            <shadowcolor>panel_bg_70</shadowcolor>
                        </include>
                    </control>

                </control>
            </include>
        </definition>
    </include>
</includes>
