<?xml version="1.0" encoding="UTF-8"?>
<addon id="plugin.video.themoviedb.helper"
version="5.0.27"
name="TheMovieDb Helper"
provider-name="jurialmunkey">
<requires>
  <import addon="xbmc.python" version="3.0.1"/>
  <import addon="script.module.requests" version="2.9.1"/>
  <import addon="script.module.pil" version="1.1.7"/>
  <import addon="script.module.addon.signals" version="0.0.6" />
  <import addon="script.module.tmdbhelper" version="0.0.7" />
  <import addon="script.module.beautifulsoup4" version="4.9.3" />
</requires>
<extension point="xbmc.python.pluginsource" library="plugin.py">
  <provides>video</provides>
</extension>
<extension point="xbmc.python.script" library="script.py" />
<extension point="xbmc.service" library="service.py" />
<extension point="xbmc.addon.metadata">
  <reuselanguageinvoker>false</reuselanguageinvoker>
  <summary lang="en_GB">TheMovieDb Helper</summary>
  <description lang="en_GB">TheMovieDb Helper provides details about movies, tvshows and actors from TMDb. Users can access a variety of lists from TMDb TVDb MDbList and Trakt.</description>
  <disclaimer lang="en_GB">Data provided by TheMovieDb TVDb MDbList OMDb FanartTV and Trakt. Some of the information is provided by TheTVDB.com. Please consider supporting them. https://thetvdb.com/subscribe</disclaimer>
  <license>GPL-3.0-or-later</license>
  <website>https://github.com/jurialmunkey/plugin.video.themoviedb.helper</website>
  <forum>https://forum.kodi.tv/showthread.php?tid=345847</forum>
  <assets>
    <icon>icon.png</icon>
    <fanart>fanart.jpg</fanart>
    <screenshot>resources/screenshot-01.jpg</screenshot>
    <screenshot>resources/screenshot-02.jpg</screenshot>
  </assets>
</extension>
</addon>
