[
    {
        "name"          : "Label_SmallLandscapeWidget_Sublabel",
        "containers"    : [54,5610,560,530],
        "listitems"     : {"start": -10, "end": 17},
        "values"        : [
                            {"!String.IsEmpty({listitem}.ChannelName)": "$INFO[{listitem}.ChannelName]"},
                            {"!String.IsEmpty({listitem}.Property(NextDay))": "$INFO[{listitem}.Property(NextDay)]$INFO[{listitem}.Property(ShortTime), @ ,]"},
                            {"!String.IsEmpty({listitem}.TvShowTitle) + !String.IsEqual({listitem}.Label,{listitem}.TvShowTitle)": "$INFO[{listitem}.TvShowTitle]"},
                            {"!String.IsEmpty({listitem}.Studio) + [String.IsEqual({listitem}.DBType,video) | [String.IsEmpty({listitem}.DBType) + String.IsEmpty({listitem}.Genre)]]": "$INFO[{listitem}.Studio]$INFO[{listitem}.Duration, - ,]"},
                            {"!String.IsEmpty({listitem}.Artist) + String.IsEmpty({listitem}.Genre)": "$INFO[{listitem}.Artist]"},
                            {"!String.IsEmpty({listitem}.Genre)": "$INFO[{listitem}.Genre]"},
                            {"!String.IsEmpty({listitem}.Duration)": "$INFO[{listitem}.Duration]"},
                            {"!String.IsEmpty({listitem}.AddonVersion)": "$INFO[{listitem}.AddonVersion]"},
                            {"!String.IsEmpty({listitem}.PictureResolution)": "$INFO[{listitem}.PictureResolution]"},
                            {"!String.IsEmpty({listitem}.Label2)": "$INFO[{listitem}.Label2]"}
                          ]
    },
    {
        "name"          : "Image_Landscape",
        "containers"    : [54,5610,560,530],
        "listitems"     : {"start": -10, "end": 17},
        "values"        : [
                            {"Container.Content(images)": "$INFO[{listitem}.Icon]"},
                            {"!String.IsEmpty({listitem}.Art(thumb)) + [String.IsEqual({listitem}.DBType,episode) | String.IsEqual({listitem}.DBType,video)] + String.IsEmpty({listitem}.Property(airday)) + !String.IsEqual({listitem}.Art(thumb),OverlaySpoiler.png) + !String.IsEqual({listitem}.Art(thumb),{listitem}.Art(poster)) + !String.IsEqual({listitem}.Art(thumb),{listitem}.Art(tvshow.poster)) + !String.IsEqual({listitem}.Art(thumb),{listitem}.ActualIcon)": "$INFO[{listitem}.Art(thumb)]"},
                            {"!String.IsEmpty({listitem}.Art(landscape)) + !Skin.HasSetting(DisableLandscapeArt)": "$INFO[{listitem}.Art(landscape)]"},
                            {"!String.IsEmpty({listitem}.Art(tvshow.landscape)) + !Skin.HasSetting(DisableLandscapeArt)": "$INFO[{listitem}.Art(tvshow.landscape)]"},
                            {"!String.IsEmpty({listitem}.Property(fanart))": "$INFO[{listitem}.Property(fanart)]"},
                            {"!String.IsEmpty({listitem}.Art(fanart))": "$INFO[{listitem}.Art(fanart)]"},
                            {"!String.IsEmpty({listitem}.Thumb)": "$INFO[{listitem}.Thumb]"},
                            {"!String.IsEmpty({listitem}.Art(thumb))": "$INFO[{listitem}.Art(thumb)]"},
                            {"True": "$INFO[{listitem}.Icon]"}
                          ]
    },
    {
        "name"          : "Label_Landscape_Title",
        "containers"    : [54,5610,560,530],
        "listitems"     : {"start": -10, "end": 17},
        "values"        : [
                            {"String.IsEqual({listitem}.DBType,album) | String.IsEqual({listitem}.DBType,song)": "$INFO[{listitem}.Album]"},
                            {"String.IsEqual({listitem}.DBType,episode)": "$INFO[{listitem}.Label]"},
                            {"!String.IsEmpty({listitem}.Title)": "$INFO[{listitem}.Title]"},
                            {"!String.IsEmpty({listitem}.Label)": "$INFO[{listitem}.Label]"},
                            {"Window.IsVisible(DialogAddonInfo.xml)": "$LOCALIZE[31209]"}
                          ]
    },
    {
        "name"          : "Label_Plot",
        "containers"    : [530,560,3001,5610],
        "values"        : [
                            {"Window.IsVisible(1140) + Control.HasFocus(5002) + !String.IsEmpty(Container(5002).ListItem.Plot)": "$INFO[Container(5002).ListItem.Plot]"},
                            {"!String.IsEmpty({listitem}.Property(Artist_Description))": "$INFO[{listitem}.Property(Artist_Description)]"},
                            {"!String.IsEmpty({listitem}.Property(Album_Description))": "$INFO[{listitem}.Property(Album_Description)]"},
                            {"!String.IsEmpty({listitem}.AddonDescription)": "$INFO[{listitem}.AddonDescription]"},
                            {"!String.IsEmpty({listitem}.PlotOutline) + Skin.HasSetting(PlotOutline)": "$INFO[{listitem}.PlotOutline]"},
                            {"!String.IsEmpty({listitem}.Plot)": "$INFO[{listitem}.Plot]"},
                            {"!String.IsEmpty(Window(Home).Property(TMDbHelper.ListItem.Plot))": "$INFO[Window(Home).Property(TMDbHelper.ListItem.Plot)]"}
                          ]
    },
    {
        "name"          : "Exp_DefaultIcon",
        "containers"    : [51,52,53,54,55,56,530,560,3001,5610],
        "listitems"     : {"start": -16, "end": 29},
        "expression"    : "[String.IsEmpty({listitem}.Art(poster)) + String.IsEmpty({listitem}.Art(tvshow.poster)) + String.IsEmpty({listitem}.Art(fanart)) + [String.IsEqual({listitem}.Icon,{listitem}.ActualIcon) | [Window.IsVisible(AddonBrowser.xml) + String.IsEmpty({listitem}.AddonName)] | [Window.IsMedia + String.IsEmpty(Container.FolderPath)]]]"
    },
    {
        "name"          : "Exp_SpecialIcon",
        "containers"    : [51,52,53,54,55,56,530,560,3001,5610],
        "listitems"     : {"start": -16, "end": 29},
        "expression"    : "[[String.IsEqual({listitem}.DBType,country) | String.IsEqual({listitem}.Property(dbtype),country) | String.IsEqual({listitem}.DBType,studio) | String.IsEqual({listitem}.Property(dbtype),studio) | String.IsEqual({listitem}.DBType,genre) | String.IsEqual({listitem}.Property(dbtype),genre)] | [[!String.IsEmpty({listitem}.ChannelNumberLabel) | !String.IsEmpty({listitem}.ChannelName) | !String.IsEmpty({listitem}.ChannelNumber)] + [String.IsEmpty({listitem}.Art(poster)) + String.IsEmpty({listitem}.Art(tvshow.poster)) + String.IsEmpty({listitem}.Art(fanart))]]]"
    },
    {
        "name"          : "Image_DefaultIcon",
        "containers"    : [51,52,53,54,55,56,530,560,3001,5610],
        "listitems"     : {"start": -16, "end": 29},
        "values"        : [
                            {"String.IsEqual({listitem}.DBType,country) | String.IsEqual({listitem}.Property(dbtype),country)": "$INFO[{listitem}.Label,resource://resource.images.moviecountryicons.maps/,.png]"},
                            {"String.IsEqual({listitem}.DBType,studio) | String.IsEqual({listitem}.Property(dbtype),studio)": "$INFO[{listitem}.Label,resource://resource.images.studios.white/,.png]"},
                            {"String.IsEqual({listitem}.DBType,genre) | String.IsEqual({listitem}.Property(dbtype),genre)": "$VAR[Image_GenreIcons_Path]$INFO[{listitem}.Label,,.png]"},
                            {"True": "$INFO[{listitem}.Icon]"}
                          ]
    },
    {
        "name"          : "Image_Poster",
        "containers"    : [51,52,53,54,55,56,530,560,3001,5610],
        "listitems"     : {"start": -16, "end": 29},
        "values"        : [
                            {"!String.IsEmpty({listitem}.Art(season.poster)) + !Window.IsVisible(Home)": "$INFO[{listitem}.Art(season.poster)]"},
                            {"!String.IsEmpty({listitem}.Art(tvshow.poster)) + [String.IsEqual({listitem}.Property(Container.Info),library_nextaired) | String.IsEqual({listitem}.Property(Container.Info),trakt_calendar)]": "$INFO[{listitem}.Art(tvshow.poster)]"},
                            {"!String.IsEmpty({listitem}.Art(poster))": "$INFO[{listitem}.Art(poster)]"},
                            {"!String.IsEmpty({listitem}.Art(tvshow.poster))": "$INFO[{listitem}.Art(tvshow.poster)]"},
                            {"True": "$INFO[{listitem}.Icon]"}
                          ]
    }
]