<?xml version="1.0" encoding="UTF-8"?>
<window type="dialog" id="1115">
    <defaultcontrol always="true">22000</defaultcontrol>
    <onload condition="String.IsEmpty(Window(Home).Property(Shortcuts.EditMenu))">SetProperty(Shortcuts.EditMenu,menu=sidemenu,Home)</onload>
    <onload condition="String.IsEmpty(Window(Home).Property(Shortcuts.Restored))">ClearProperty(Shortcuts.EditMode,Home)</onload>
    <onload condition="String.IsEmpty(Window(Home).Property(Shortcuts.Restored))">ClearProperty(Shortcuts.EditGUID,Home)</onload>
    <onload condition="String.IsEmpty(Window(Home).Property(Shortcuts.Restored))">ClearProperty(Shortcuts.PrevMenu,Home)</onload>
    <onload>ClearProperty(Shortcuts.Restored,Home)</onload>
    <onload>ClearProperty(Shortcuts.Reopened,Home)</onload>

    <onunload condition="!String.IsEmpty(Window(Home).Property(Shortcuts.Reopened))">AlarmClock(Shortcuts.Reopened,ActivateWindow(1115),00:00,silent)</onunload>
    <onunload condition="String.IsEmpty(Window(Home).Property(Shortcuts.Reopened)) + String.IsEmpty(Window(Home).Property(Shortcuts.EditMode)) + String.IsEmpty(Window(Home).Property(Shortcuts.PrevMenu))">AlarmClock(Shortcuts.Rebuild,RunPlugin(plugin://script.skinvariables/?info=get_shortcuts_node&amp;skin=$VAR[Path_SkinVariables_SkinFolder]$INFO[Window(Home).Property(Shortcuts.EditMenu),&amp;,]&amp;func=do_rebuild),00:00,silent)</onunload>
    <controls>



        <include content="Dialog_Overlay_Side">
            <param name="dialog_size">Dimension_DialogFullMenu</param>
            <param name="lines_right">640</param>
            <include>Animation_Right_Delay</include>
            <control type="group">
                <right>view_side</right>
                <height>view_bar</height>
                <top>view_pad</top>
                <left>view_pad</left>
                <include content="Furniture_Gutters">
                    <control type="label">
                        <font>font_midi_black</font>
                        <textcolor>dialog_fg_100</textcolor>
                        <label>Shortcuts</label>
                        <bottom>30</bottom>
                    </control>
                    <control type="label">
                        <font>font_tiny</font>
                        <textcolor>dialog_fg_70</textcolor>
                        <label>$VAR[Label_Shortcut_SubHeader_GroupName]$INFO[Container(22001).ListItem.Property(name), > ,]$VAR[Label_Shortcut_SubHeader_EditMode, > ,]</label>
                        <top>40</top>
                    </control>

                    <control type="label">
                        <font>font_tiny</font>
                        <align>right</align>
                        <!-- <right>640</right> -->
                        <!-- <width>600</width> -->
                        <textcolor>dialog_fg_30</textcolor>
                        <label>$INFO[Window(Home).Property(Shortcuts.EditMenu)]$INFO[Window(Home).Property(Shortcuts.EditMode), — ,]$INFO[Window(Home).Property(Shortcuts.EditGUID), — ,]</label>
                        <top>40</top>
                    </control>

                    <include content="Furniture_Busy_Icon">
                        <param name="hasspinner">true</param>
                        <param name="spinspinner">true</param>
                        <centerright>-100</centerright>
                        <visible>Container(22001).IsUpdating</visible>
                        <include content="Animation_Fade_In">
                            <param name="type">visible</param>
                            <param name="delay">400</param>
                        </include>
                    </include>
                </include>
            </control>
            <include content="Dialog_Body">
                <include content="Dialog_Body_Group">
                    <control type="group">
                        <right>640</right>
                        <include content="List_DialogSelect">
                            <param name="id">22001</param>
                            <param name="item_height">100</param>
                            <param name="textcolor">dialog_fg</param>
                            <param name="itemlayout_include">Layout_Shortcuts</param>
                            <param name="altfocus">true</param>
                            <onback>13999</onback>
                            <onfocus>SetFocus(22000)</onfocus>
                            <content>plugin://script.skinvariables/?info=get_shortcuts_node&amp;edit=True&amp;skin=$VAR[Path_SkinVariables_SkinFolder]$INFO[Window(Home).Property(SkinVariables.ShortcutsNode.Reload),&amp;reload=,]$INFO[Window(Home).Property(Shortcuts.EditMenu),&amp;,]$INFO[Window(Home).Property(Shortcuts.EditMode),&amp;,]$INFO[Window(Home).Property(Shortcuts.EditGUID),&amp;,]</content>
                        </include>
                        <control type="group">
                            <right>40</right>
                            <height>100</height>
                            <animation effect="slide" end="0,100" condition="Integer.IsGreater(Container(22001).Position,0)">Conditional</animation>
                            <animation effect="slide" end="0,100" condition="Integer.IsGreater(Container(22001).Position,1)">Conditional</animation>
                            <animation effect="slide" end="0,100" condition="Integer.IsGreater(Container(22001).Position,2)">Conditional</animation>
                            <animation effect="slide" end="0,100" condition="Integer.IsGreater(Container(22001).Position,3)">Conditional</animation>
                            <animation effect="slide" end="0,100" condition="Integer.IsGreater(Container(22001).Position,4)">Conditional</animation>
                            <animation effect="slide" end="0,100" condition="Integer.IsGreater(Container(22001).Position,5)">Conditional</animation>
                            <animation effect="slide" end="0,100" condition="Integer.IsGreater(Container(22001).Position,6)">Conditional</animation>
                            <animation effect="slide" end="0,100" condition="Integer.IsGreater(Container(22001).Position,7)">Conditional</animation>
                            <animation effect="slide" end="0,100" condition="Integer.IsGreater(Container(22001).Position,8)">Conditional</animation>
                            <animation effect="slide" end="0,100" condition="Integer.IsGreater(Container(22001).Position,9)">Conditional</animation>
                            <control type="grouplist" id="22000">
                                <centertop>50%</centertop>
                                <height>32</height>
                                <align>right</align>
                                <orientation>horizontal</orientation>
                                <itemgap>10</itemgap>
                                <onup>Control.Move(22001,-1)</onup>
                                <ondown>Control.Move(22001,1)</ondown>
                                <onright>23000</onright>
                                <control type="button" id="22002" description="Delete">
                                    <width>32</width>
                                    <height>32</height>
                                    <font/>
                                    <texturenofocus colordiffuse="dialog_bg_30">buttons/cross.png</texturenofocus>
                                    <texturefocus colordiffuse="$VAR[ColorSelected]">buttons/cross.png</texturefocus>
                                    <onclick>RunPlugin($INFO[Container(22001).ListItem.Property(url),,&amp;func=do_delete&amp;&amp;False])</onclick>
                                    <onback>13999</onback>
                                    <visible>String.IsEmpty(Container(22001).ListItem.Property(forced))</visible>
                                    <visible>!Container(22001).IsUpdating</visible>
                                </control>
                                <control type="button" id="22003" description="Add">
                                    <width>32</width>
                                    <height>32</height>
                                    <font/>
                                    <texturenofocus colordiffuse="dialog_bg_30">buttons/plus.png</texturenofocus>
                                    <texturefocus colordiffuse="$VAR[ColorSelected]">buttons/plus.png</texturefocus>
                                    <onclick condition="!$EXP[Exp_Hubs_Shortcuts_IsWidgetMode]">SetProperty(Shortcuts.Groupings.Links,Links,Home)</onclick>
                                    <onclick condition="$EXP[Exp_Hubs_Shortcuts_IsWidgetMode]">ClearProperty(Shortcuts.Groupings.Links,Home)</onclick>
                                    <onclick>RunPlugin($INFO[Container(22001).ListItem.Property(url),,&amp;func=do_new]$VAR[Path_Shortcut_UseRawPath])</onclick>
                                    <visible>!Container(22001).IsUpdating</visible>
                                    <onback>13999</onback>
                                </control>
                                <control type="button" id="22004" description="Up">
                                    <width>32</width>
                                    <height>32</height>
                                    <font/>
                                    <texturenofocus colordiffuse="dialog_bg_30" flipy="true">buttons/down.png</texturenofocus>
                                    <texturefocus colordiffuse="$VAR[ColorSelected]" flipy="true">buttons/down.png</texturefocus>
                                    <onclick>RunPlugin($INFO[Container(22001).ListItem.Property(url),,&amp;func=do_move&amp;&amp;-1&amp;&amp;22001])</onclick>
                                    <onback>13999</onback>
                                    <visible>!Container(22001).IsUpdating</visible>
                                </control>
                                <control type="button" id="22005" description="Down">
                                    <width>32</width>
                                    <height>32</height>
                                    <font/>
                                    <texturenofocus colordiffuse="dialog_bg_30">buttons/down.png</texturenofocus>
                                    <texturefocus colordiffuse="$VAR[ColorSelected]">buttons/down.png</texturefocus>
                                    <onclick>RunPlugin($INFO[Container(22001).ListItem.Property(url),,&amp;func=do_move&amp;&amp;1&amp;&amp;22001])</onclick>
                                    <onback>13999</onback>
                                    <visible>!Container(22001).IsUpdating</visible>
                                </control>
                            </control>
                        </control>
                    </control>
                    <control type="group">
                        <top>-20</top>
                        <bottom>-20</bottom>
                        <right>20</right>
                        <width>600</width>

                        <include content="Settings_Arrows">
                            <param name="arrow_prev_visible">Container(23000).HasPrevious</param>
                            <param name="arrow_next_visible">Container(23000).HasNext</param>
                        </include>

                        <include content="Dialog_Outline_Box">
                            <control type="grouplist" id="23000">
                                <onleft>22005</onleft>
                                <onright>9000</onright>
                                <orientation>vertical</orientation>
                                <include content="Dimension_Padding">
                                    <param name="pad">20</param>
                                </include>

                                <!-- Disable / Enable -->
                                <include content="Settings_Button">
                                    <param name="dialog">true</param>
                                    <param name="id">23001</param>
                                    <param name="control">togglebutton</param>
                                    <description>EnableDisable</description>
                                    <label>$LOCALIZE[24022]</label>
                                    <altlabel>$LOCALIZE[24021]</altlabel>
                                    <usealttexture>!String.IsEqual(Container(22001).ListItem.Property(disabled),True)</usealttexture>
                                    <onclick>SetFocus(33001)</onclick>
                                    <onclick>RunPlugin($INFO[Container(22001).ListItem.Property(url),,&amp;func=do_toggle])</onclick>
                                    <visible>String.IsEmpty(Window(Home).Property(Shortcuts.EditMode))</visible>
                                    <visible>!String.IsEqual(Window(Home).Property(Shortcuts.EditMenu),menu=searchmenu)</visible>
                                    <onback>13999</onback>
                                </include>

                                <!-- Choose Shortcut -->
                                <include content="Settings_Button">
                                    <param name="dialog">true</param>
                                    <param name="id">23002</param>
                                    <param name="control">button</param>
                                    <label>Choose shortcut</label>
                                    <onclick condition="!$EXP[Exp_Hubs_Shortcuts_IsWidgetMode]">SetProperty(Shortcuts.Groupings.Links,Links,Home)</onclick>
                                    <onclick condition="$EXP[Exp_Hubs_Shortcuts_IsWidgetMode]">ClearProperty(Shortcuts.Groupings.Links,Home)</onclick>
                                    <onclick>RunPlugin($INFO[Container(22001).ListItem.Property(url),,&amp;func=do_choose]$VAR[Path_Shortcut_UseRawPath])</onclick>
                                    <visible>String.IsEmpty(Container(22001).ListItem.Property(forced))</visible>
                                    <onback>13999</onback>
                                </include>

                                <!-- Action -->
                                <include content="Settings_Button">
                                    <param name="dialog">true</param>
                                    <param name="id">23003</param>
                                    <param name="control">button</param>
                                    <label>Action</label>
                                    <onclick condition="!$EXP[Exp_Hubs_Shortcuts_IsWidgetMode]">SetProperty(Shortcuts.Groupings.Links,Links,Home)</onclick>
                                    <onclick condition="$EXP[Exp_Hubs_Shortcuts_IsWidgetMode]">ClearProperty(Shortcuts.Groupings.Links,Home)</onclick>
                                    <onclick>RunPlugin($INFO[Container(22001).ListItem.Property(url),,&amp;func=do_action]$VAR[Path_Shortcut_UseRawPath])</onclick>
                                    <visible>String.IsEmpty(Container(22001).ListItem.Property(forced))</visible>
                                    <onback>13999</onback>
                                </include>

                                <!-- SPECIAL: Submenu Widget Items -->
                                <include content="Settings_Button">
                                    <param name="dialog">true</param>
                                    <param name="id">23025</param>
                                    <param name="control">button</param>
                                    <label> -- Edit items</label>
                                    <onclick>SetProperty(Shortcuts.EditMode,mode=submenu,Home)</onclick>
                                    <onclick>SetProperty(Shortcuts.EditGUID,guid=$INFO[Container(22001).ListItem.Property(guid)],Home)</onclick>
                                    <onclick>SetFocus(23002)</onclick>
                                    <visible>$EXP[Exp_Hubs_Shortcuts_IsWidgetMode]</visible>
                                    <visible>String.IsEqual(Container(22001).ListItem.Property(path),Custom_Submenu)</visible>
                                    <onback>13999</onback>
                                </include>

                                <!-- Widgets: Style -->
                                <include content="Settings_Button">
                                    <param name="dialog">true</param>
                                    <param name="id">23007</param>
                                    <param name="control">button</param>
                                    <label> -- Style</label>
                                    <label2>$INFO[Container(22001).ListItem.Property(widget_style)]</label2>
                                    <onclick condition="!String.IsEqual(Window(Home).Property(Shortcuts.EditMenu),menu=searchmenu)">RunPlugin($INFO[Container(22001).ListItem.Property(url),,&amp;func=do_edit&amp;&amp;widget_style&amp;&amp;Poster&amp;Landscape&amp;Square&amp;Banner&amp;Card&amp;Apps&amp;Icon&amp;Text&amp;&amp;Style&amp;&amp;True])</onclick>
                                    <onclick condition="String.IsEqual(Window(Home).Property(Shortcuts.EditMenu),menu=searchmenu)">RunPlugin($INFO[Container(22001).ListItem.Property(url),,&amp;func=do_edit&amp;&amp;widget_style&amp;&amp;Poster&amp;Landscape&amp;Square&amp;Banner&amp;Card&amp;&amp;Style&amp;&amp;True])</onclick>
                                    <visible>$EXP[Exp_Hubs_Shortcuts_IsWidgetMode]</visible>
                                    <onback>13999</onback>
                                </include>
                                <!-- Widgets: Sort by -->
                                <include content="Settings_Button">
                                    <param name="dialog">true</param>
                                    <param name="id">23008</param>
                                    <param name="control">button</param>
                                    <label> -- Sort by</label>
                                    <label2>[CAPITALIZE]$INFO[Container(22001).ListItem.Property(widget_sortby)][/CAPITALIZE]</label2>
                                    <onclick>RunPlugin($INFO[Container(22001).ListItem.Property(url),,&amp;func=do_edit&amp;&amp;widget_sortby&amp;&amp;default&amp;label&amp;random&amp;dateadded&amp;lastplayed&amp;playcount&amp;year&amp;rating&amp;userrating&amp;votes&amp;genre&amp;country&amp;studio&amp;playlist&amp;episodenumber&amp;season&amp;totalepisodes&amp;watchedepisodes&amp;tvshowstatus&amp;tvshowtitle&amp;file&amp;title&amp;track&amp;time&amp;artist&amp;album&amp;lastupdated&amp;lastused&amp;date&amp;&amp;Sort by&amp;&amp;True])</onclick>
                                    <visible>$EXP[Exp_Hubs_Shortcuts_IsWidgetMode]</visible>
                                    <onback>13999</onback>
                                </include>
                                <!-- Widgets: Sort order -->
                                <include content="Settings_Button">
                                    <param name="dialog">true</param>
                                    <param name="id">23009</param>
                                    <param name="control">radiobutton</param>
                                    <label> -- Reverse order</label>
                                    <selected>!String.IsEmpty(Container(22001).ListItem.Property(widget_sortorder))</selected>
                                    <onclick>RunPlugin($INFO[Container(22001).ListItem.Property(url),,&amp;func=do_toggle&amp;&amp;widget_sortorder])</onclick>
                                    <visible>!String.IsEmpty(Container(22001).ListItem.Property(widget_sortby))</visible>
                                    <visible>!String.IsEqual(Container(22001).ListItem.Property(widget_sortby),random)</visible>
                                    <visible>$EXP[Exp_Hubs_Shortcuts_IsWidgetMode]</visible>
                                    <onback>13999</onback>
                                </include>
                                <!-- Widgets: Limit -->
                                <include content="Settings_Button">
                                    <param name="dialog">true</param>
                                    <param name="id">23010</param>
                                    <param name="control">button</param>
                                    <label> -- Limit</label>
                                    <label2>$INFO[Container(22001).ListItem.Property(widget_limit)]</label2>
                                    <onclick>RunPlugin($INFO[Container(22001).ListItem.Property(url),,&amp;func=do_numeric&amp;&amp;widget_limit&amp;&amp;heading::Limit])</onclick>
                                    <visible>$EXP[Exp_Hubs_Shortcuts_IsWidgetMode]</visible>
                                    <onback>13999</onback>
                                </include>
                                <!-- Widgets: Autoscroll -->
                                <include content="Settings_Button">
                                    <param name="dialog">true</param>
                                    <param name="id">23017</param>
                                    <param name="control">radiobutton</param>
                                    <label> -- Autoscroll</label>
                                    <selected>!String.IsEmpty(Container(22001).ListItem.Property(widget_autoscroll))</selected>
                                    <onclick>RunPlugin($INFO[Container(22001).ListItem.Property(url),,&amp;func=do_toggle&amp;&amp;widget_autoscroll])</onclick>
                                    <visible>$EXP[Exp_Hubs_Shortcuts_IsWidgetMode]</visible>
                                    <onback>13999</onback>
                                </include>

                                <!-- Rename -->
                                <include content="Settings_Button">
                                    <param name="dialog">true</param>
                                    <param name="id">23004</param>
                                    <param name="control">button</param>
                                    <label>Rename</label>
                                    <onclick>RunPlugin($INFO[Container(22001).ListItem.Property(url),,&amp;func=do_edit])</onclick>
                                    <onback>13999</onback>
                                </include>

                                <!-- Icon -->
                                <include content="Settings_Button">
                                    <param name="dialog">true</param>
                                    <param name="id">23005</param>
                                    <param name="control">button</param>
                                    <label>Icon</label>
                                    <onclick>RunPlugin($INFO[Container(22001).ListItem.Property(url),,&amp;func=do_icon])</onclick>
                                    <onback>13999</onback>
                                </include>

                                <!-- Expression Setting -->
                                <include content="Settings_Button">
                                    <param name="dialog">true</param>
                                    <param name="id">23006</param>
                                    <param name="control">button</param>
                                    <label>Highlight type</label>
                                    <label2>[CAPITALIZE]$INFO[Container(22001).ListItem.Property(expression)][/CAPITALIZE]</label2>
                                    <onclick>RunPlugin($INFO[Container(22001).ListItem.Property(url),,&amp;func=do_edit&amp;&amp;expression&amp;&amp;home&amp;movies&amp;tvshows&amp;music&amp;livetv&amp;addons&amp;pictures&amp;weather&amp;videos&amp;search&amp;none&amp;&amp;Highlight type&amp;&amp;True])</onclick>
                                    <visible>String.IsEmpty(Window(Home).Property(Shortcuts.EditMode))</visible>
                                    <visible>String.IsEqual(Window(Home).Property(Shortcuts.EditMenu),menu=sidemenu)</visible>
                                    <visible>String.IsEmpty(Container(22001).ListItem.Property(forced))</visible>
                                    <onback>13999</onback>
                                </include>

                                <!-- MODES -->
                                <!-- MODES: Edit Widgets -->
                                <include content="Settings_Button">
                                    <param name="dialog">true</param>
                                    <param name="id">23011</param>
                                    <param name="control">button</param>
                                    <label>Edit widgets</label>
                                    <onclick>SetProperty(Shortcuts.EditMode,mode=widgets,Home)</onclick>
                                    <onclick>SetProperty(Shortcuts.EditGUID,guid=$INFO[Container(22001).ListItem.Property(guid)],Home)</onclick>
                                    <onclick>SetFocus(23004)</onclick>
                                    <visible>String.IsEmpty(Window(Home).Property(Shortcuts.EditMode))</visible>
                                    <visible>![String.EndsWith(Window(Home).Property(Shortcuts.EditMenu),-widgetsonly) | String.EndsWith(Window(Home).Property(Shortcuts.EditMenu),-globalwidgets)]</visible>
                                    <visible>!String.IsEqual(Window(Home).Property(Shortcuts.EditMenu),menu=searchmenu)</visible>
                                    <visible>!String.IsEqual(Window(Home).Property(Shortcuts.EditMenu),menu=sidemenu)</visible>
                                    <visible>!String.IsEqual(Window(Home).Property(Shortcuts.EditMenu),menu=powermainmenu)</visible>
                                    <visible>!String.IsEqual(Window(Home).Property(Shortcuts.EditMenu),menu=powersidemenu)</visible>
                                    <onback>13999</onback>
                                </include>
                                <!-- MODES: Edit sidemenu Widgets classic -->
                                <include content="Settings_Stacked_Button">
                                    <param name="dialog">true</param>
                                    <param name="id">23021</param>
                                    <param name="groupid">23121</param>
                                    <param name="control">button</param>
                                    <param name="toplabel">Edit $INFO[Container(22001).ListItem.Label,[LOWERCASE],[/LOWERCASE]] widgets</param>
                                    <param name="sublabel">Widgets for $INFO[Container(22001).ListItem.Label,[LOWERCASE],[/LOWERCASE]] icon on home screen</param>
                                    <param name="sublabel_visible">True</param>
                                    <onclick>SetProperty(Shortcuts.EditMode,mode=widgets,Home)</onclick>
                                    <onclick>SetProperty(Shortcuts.EditGUID,guid=$INFO[Container(22001).ListItem.Property(guid)],Home)</onclick>
                                    <onclick>SetFocus(23004)</onclick>
                                    <visible>String.IsEmpty(Window(Home).Property(Shortcuts.EditMode))</visible>
                                    <visible>String.IsEqual(Window(Home).Property(Shortcuts.EditMenu),menu=sidemenu)</visible>
                                    <visible>String.IsEmpty(Container(22001).ListItem.Property(global_widgets))</visible>
                                    <visible>![String.EndsWith(Window(Home).Property(Shortcuts.EditMenu),-widgetsonly) | String.EndsWith(Window(Home).Property(Shortcuts.EditMenu),-globalwidgets)]</visible>
                                    <visible>Skin.HasSetting(Hub.Home.DisableSubmenu)</visible>
                                    <onback>13999</onback>
                                </include>
                                <!-- MODES: Edit sidemenu global widgets -->
                                <include content="Settings_Stacked_Button">
                                    <param name="dialog">true</param>
                                    <param name="id">23027</param>
                                    <param name="groupid">23127</param>
                                    <param name="control">button</param>
                                    <param name="toplabel">Edit global widgets</param>
                                    <param name="sublabel">Widgets for $INFO[Container(22001).ListItem.Label,[LOWERCASE],[/LOWERCASE]] icon on home screen</param>
                                    <param name="sublabel_visible">True</param>
                                    <onclick>SetProperty(Shortcuts.PrevMenu,$INFO[Window(Home).Property(Shortcuts.EditMenu)],Home)</onclick>
                                    <onclick>SetProperty(Shortcuts.EditMenu,menu=homemenu-globalwidgets,Home)</onclick>
                                    <onclick>SetFocus(23004)</onclick>
                                    <visible>String.IsEmpty(Window(Home).Property(Shortcuts.EditMode))</visible>
                                    <visible>String.IsEqual(Window(Home).Property(Shortcuts.EditMenu),menu=sidemenu)</visible>
                                    <visible>!String.IsEmpty(Container(22001).ListItem.Property(global_widgets))</visible>
                                    <visible>![String.EndsWith(Window(Home).Property(Shortcuts.EditMenu),-widgetsonly) | String.EndsWith(Window(Home).Property(Shortcuts.EditMenu),-globalwidgets)]</visible>
                                    <visible>Skin.HasSetting(Hub.Home.DisableSubmenu)</visible>
                                    <onback>13999</onback>
                                </include>


                                <!-- Widgets: Global -->
                                <include content="Settings_Stacked_Button">
                                    <param name="dialog">true</param>
                                    <param name="id">23026</param>
                                    <param name="groupid">23126</param>
                                    <param name="control">radiobutton</param>
                                    <param name="toplabel">Global widgets</param>
                                    <param name="sublabel">A single reusable group of widgets</param>
                                    <param name="sublabel_visible">True</param>
                                    <selected>!String.IsEmpty(Container(22001).ListItem.Property(global_widgets))</selected>
                                    <onclick>RunPlugin($INFO[Container(22001).ListItem.Property(url),,&amp;func=do_toggle&amp;&amp;global_widgets])</onclick>
                                    <visible>String.IsEmpty(Window(Home).Property(Shortcuts.EditMode))</visible>
                                    <visible>String.IsEqual(Window(Home).Property(Shortcuts.EditMenu),menu=sidemenu)</visible>
                                    <visible>![String.EndsWith(Window(Home).Property(Shortcuts.EditMenu),-widgetsonly) | String.EndsWith(Window(Home).Property(Shortcuts.EditMenu),-globalwidgets)]</visible>
                                    <visible>Skin.HasSetting(Hub.Home.DisableSubmenu)</visible>
                                    <onback>13999</onback>
                                </include>

                                <include content="Settings_Label">
                                    <param name="dialog">true</param>
                                    <param name="id">23023</param>
                                    <param name="control">label</param>
                                    <label>$INFO[Container(22001).ListItem.Label,, ]Hub Options</label>
                                    <visible>$EXP[Exp_Hubs_Shortcuts_IsItemMenu]</visible>
                                </include>
                                <!-- MODES: Edit spotlight (category) -->
                                <include content="Settings_Stacked_Button">
                                    <param name="dialog">true</param>
                                    <param name="id">23014</param>
                                    <param name="groupid">23114</param>
                                    <param name="control">button</param>
                                    <param name="toplabel">Edit spotlight</param>
                                    <param name="sublabel">$INFO[Container(22001).ListItem.Property(spotlight_path)]</param>
                                    <param name="sublabel_visible">!String.ISEmpty(Container(22001).ListItem.Property(spotlight_path))</param>

                                    <onclick>SetProperty(Options.Mode.Heading,Spotlight)</onclick>
                                    <onclick>SetProperty(Options.Mode.Heading.Sublabel,$INFO[Container(22001).ListItem.Label])</onclick>
                                    <onclick>SetProperty(Options.Mode,Spotlight.Categories)</onclick>
                                    <onclick>SetFocus(33999)</onclick>

                                    <visible>String.IsEmpty(Window(Home).Property(Shortcuts.EditMode))</visible>
                                    <visible>![String.EndsWith(Window(Home).Property(Shortcuts.EditMenu),-widgetsonly) | String.EndsWith(Window(Home).Property(Shortcuts.EditMenu),-globalwidgets)]</visible>
                                    <visible>!String.IsEqual(Window(Home).Property(Shortcuts.EditMenu),menu=searchmenu)</visible>
                                    <visible>!String.IsEqual(Window(Home).Property(Shortcuts.EditMenu),menu=sidemenu)</visible>
                                    <visible>!String.IsEqual(Window(Home).Property(Shortcuts.EditMenu),menu=powermainmenu)</visible>
                                    <visible>!String.IsEqual(Window(Home).Property(Shortcuts.EditMenu),menu=powersidemenu)</visible>
                                    <onback>13999</onback>
                                </include>
                                <!-- MODES: Edit submenu (dynamic list) -->
                                <include content="Settings_Stacked_Button">
                                    <param name="dialog">true</param>
                                    <param name="id">23015</param>
                                    <param name="groupid">23115</param>
                                    <param name="control">button</param>
                                    <param name="toplabel">Edit submenu</param>
                                    <param name="sublabel">$INFO[Container(22001).ListItem.Property(submenulist_path)]</param>
                                    <param name="sublabel_visible">!String.ISEMpty(Container(22001).ListItem.Property(submenulist_path))</param>

                                    <onclick>SetProperty(Options.Mode.Heading,Submenu)</onclick>
                                    <onclick>SetProperty(Options.Mode.Heading.Sublabel,$INFO[Container(22001).ListItem.Label])</onclick>
                                    <onclick>SetProperty(Options.Mode,Categories.Submenu)</onclick>
                                    <onclick>SetFocus(33999)</onclick>

                                    <visible>String.IsEmpty(Window(Home).Property(Shortcuts.EditMode))</visible>
                                    <visible>![String.EndsWith(Window(Home).Property(Shortcuts.EditMenu),-widgetsonly) | String.EndsWith(Window(Home).Property(Shortcuts.EditMenu),-globalwidgets)]</visible>
                                    <visible>!String.IsEqual(Window(Home).Property(Shortcuts.EditMenu),menu=searchmenu)</visible>
                                    <visible>!String.IsEqual(Window(Home).Property(Shortcuts.EditMenu),menu=sidemenu)</visible>
                                    <visible>!String.IsEqual(Window(Home).Property(Shortcuts.EditMenu),menu=powermainmenu)</visible>
                                    <visible>!String.IsEqual(Window(Home).Property(Shortcuts.EditMenu),menu=powersidemenu)</visible>
                                    <onback>13999</onback>
                                </include>
                                <!-- MODES: Edit Categories -->
                                <include content="Settings_Stacked_Button">
                                    <param name="dialog">true</param>
                                    <param name="id">23012</param>
                                    <param name="groupid">23112</param>
                                    <param name="control">button</param>
                                    <param name="toplabel">Edit hub categories</param>
                                    <param name="sublabel">Categories inside the $INFO[Container(22001).ListItem.Label,[LOWERCASE],[/LOWERCASE]] hub</param>
                                    <param name="sublabel_visible">True</param>
                                    <onclick>SetProperty(Shortcuts.PrevMenu,$INFO[Window(Home).Property(Shortcuts.EditMenu)],Home)</onclick>
                                    <onclick condition="$EXP[Exp_Hubs_Shortcuts_IsItemMenu]">SetProperty(Shortcuts.EditMenu,menu=$VAR[Path_Shortcut_Hub_Prefix]menu,Home)</onclick>
                                    <onclick>SetFocus(23004)</onclick>
                                    <visible>$EXP[Exp_Hubs_Shortcuts_IsItemMenu]</visible>
                                    <visible>!$EXP[Exp_Hubs_Shortcuts_IsWidgetsOnly]</visible>
                                    <onback>13999</onback>
                                </include>
                                <!-- MODES: Edit spotlight (hub) -->
                                <include content="Settings_Stacked_Button">
                                    <param name="dialog">true</param>
                                    <param name="id">23013</param>
                                    <param name="groupid">23113</param>
                                    <param name="control">button</param>
                                    <param name="toplabel">Edit hub spotlight</param>
                                    <param name="sublabel">Spotlight inside the $INFO[Container(22001).ListItem.Label,[LOWERCASE],[/LOWERCASE]] hub</param>
                                    <param name="sublabel_visible">True</param>
                                    <onclick>SetProperty(Options.Mode.Heading,Spotlight)</onclick>
                                    <onclick>SetProperty(Options.Mode.Heading.Sublabel,$INFO[Container(22001).ListItem.Label])</onclick>
                                    <onclick>SetProperty(Options.Mode,Spotlight.Hub)</onclick>
                                    <onclick>SetFocus(33999)</onclick>
                                    <visible>$EXP[Exp_Hubs_Shortcuts_IsItemMenu]</visible>
                                    <visible>!$EXP[Exp_Hubs_Shortcuts_IsWidgetsOnly]</visible>
                                    <onback>13999</onback>
                                </include>

                                <!-- MODES: Edit widgets (hub widgets only) -->
                                <include content="Settings_Stacked_Button">
                                    <param name="dialog">true</param>
                                    <param name="id">23024</param>
                                    <param name="groupid">23124</param>
                                    <param name="control">button</param>
                                    <param name="toplabel">Edit hub widgets</param>
                                    <param name="sublabel">Widgets inside the $INFO[Container(22001).ListItem.Label,[LOWERCASE],[/LOWERCASE]] hub</param>
                                    <param name="sublabel_visible">True</param>
                                    <onclick>SetProperty(Shortcuts.PrevMenu,$INFO[Window(Home).Property(Shortcuts.EditMenu)],Home)</onclick>
                                    <onclick>SetProperty(Shortcuts.EditMenu,$VAR[Path_Shortcut_Hub_Prefix,menu=,menu-widgetsonly],Home)</onclick>
                                    <onclick>SetFocus(23004)</onclick>
                                    <visible>$EXP[Exp_Hubs_Shortcuts_IsItemMenu]</visible>
                                    <visible>$EXP[Exp_Hubs_Shortcuts_IsWidgetsOnly]</visible>
                                    <visible>!String.IsEqual(Container(22001).ListItem.Property(path),ActivateWindow(Home))</visible>
                                    <onback>13999</onback>
                                </include>

                                <!-- MODES: Widget Only Mode -->
                                <include content="Settings_Stacked_Button">
                                    <param name="dialog">true</param>
                                    <param name="id">23022</param>
                                    <param name="groupid">23122</param>
                                    <param name="control">radiobutton</param>
                                    <param name="toplabel">Classic mode</param>
                                    <param name="sublabel">Disables hub spotlight and categories</param>
                                    <param name="sublabel_visible">True</param>

                                    <onclick condition="String.IsEqual(Container(22001).ListItem.Property(path),ActivateWindow(Home))">Skin.ToggleSetting(Hub.Home.DisableSubmenu)</onclick>
                                    <onclick condition="String.IsEqual(Container(22001).ListItem.Property(path),ActivateWindow(1101))">Skin.ToggleSetting(Hub.1101.DisableSubmenu)</onclick>
                                    <onclick condition="String.IsEqual(Container(22001).ListItem.Property(path),ActivateWindow(1102))">Skin.ToggleSetting(Hub.1102.DisableSubmenu)</onclick>
                                    <onclick condition="String.IsEqual(Container(22001).ListItem.Property(path),ActivateWindow(1103))">Skin.ToggleSetting(Hub.1103.DisableSubmenu)</onclick>
                                    <onclick condition="String.IsEqual(Container(22001).ListItem.Property(path),ActivateWindow(1104))">Skin.ToggleSetting(Hub.1104.DisableSubmenu)</onclick>
                                    <onclick condition="String.IsEqual(Container(22001).ListItem.Property(path),ActivateWindow(1106))">Skin.ToggleSetting(Hub.1106.DisableSubmenu)</onclick>
                                    <onclick condition="String.IsEqual(Container(22001).ListItem.Property(path),ActivateWindow(1107))">Skin.ToggleSetting(Hub.1107.DisableSubmenu)</onclick>
                                    <onclick condition="String.IsEqual(Container(22001).ListItem.Property(path),ActivateWindow(1108))">Skin.ToggleSetting(Hub.1108.DisableSubmenu)</onclick>
                                    <onclick condition="String.IsEqual(Container(22001).ListItem.Property(path),ActivateWindow(1109))">Skin.ToggleSetting(Hub.1109.DisableSubmenu)</onclick>

                                    <selected>$EXP[Exp_Hubs_Shortcuts_IsWidgetsOnly]</selected>
                                    <visible>$EXP[Exp_Hubs_Shortcuts_IsItemMenu]</visible>
                                    <onback>13999</onback>
                                </include>
                            </control>
                        </include>
                    </control>
                </include>

                <include content="Dialog_Side_Grouplist">
                    <param name="id">9000</param>
                    <onleft>23000</onleft>
                    <include content="Dialog_Side_Button">
                        <param name="id">01</param>
                        <param name="label">$LOCALIZE[15067]</param>
                        <param name="icon">special://skin/extras/icons/circle-xmark.png</param>
                        <onclick>SetFocus(13999)</onclick>
                        <onback>13999</onback>
                    </include>
                    <include content="Dialog_Side_Button">
                        <param name="id">02</param>
                        <param name="label">$VAR[Label_Setting_Shortcuts_Locked]</param>
                        <param name="icon">$VAR[Image_Setting_Shortcuts_Locked]</param>
                        <onclick>Skin.ToggleSetting(KioskMode.HubConfigurationUnlocked)</onclick>
                        <onback>13999</onback>
                    </include>
                    <include content="Dialog_Side_Button">
                        <param name="id">03</param>
                        <param name="label">$LOCALIZE[31494]</param>
                        <param name="icon">special://skin/extras/icons/code-pull-request.png</param>
                        <onclick>RunPlugin(plugin://script.skinvariables/?info=get_shortcuts_node&amp;skin=$VAR[Path_SkinVariables_SkinFolder]$INFO[Window(Home).Property(Shortcuts.EditMenu),&amp;,]&amp;func=do_refresh&amp;&amp;False&amp;&amp;ActivateWindow(1115))</onclick>
                        <onback>13999</onback>
                    </include>
                    <include content="Dialog_Side_Button">
                        <param name="id">04</param>
                        <param name="label">Prebuilt</param>
                        <param name="icon">special://skin/extras/icons/download.png</param>

                        <onclick>RunScript(script.skinvariables,run_dialog=select,heading=Prebuilt,separator=||,list=library||tmdb,"executebuiltin=route=copy_menufile=special://skin/shortcuts/prebuilt/{v}/skinvariables-shortcut-sidemenu.json&amp;filename=sidemenu&amp;skin=$VAR[Path_SkinVariables_SkinFolder]||route=copy_menufile=special://skin/shortcuts/prebuilt/{v}/skinvariables-shortcut-homemenu.json&amp;filename=homemenu&amp;skin=$VAR[Path_SkinVariables_SkinFolder]")</onclick>
                        <onback>13999</onback>
                    </include>
                    <include content="Dialog_Side_Button">
                        <param name="id">05</param>
                        <param name="label">Add list</param>
                        <param name="icon">special://skin/extras/icons/list-ol.png</param>
                        <param name="visible">!String.IsEqual(Window(Home).Property(Shortcuts.EditMenu),menu=searchmenu)</param>
                        <onclick>ClearProperty(Shortcuts.Groupings.Links,Home)</onclick>
                        <onclick>RunPlugin($INFO[Container(22001).ListItem.Property(url),,&amp;func=do_list_add&amp;&amp;item_limit::80]$VAR[Path_Shortcut_UseRawPath])</onclick>
                        <onback>13999</onback>
                    </include>
                    <include content="Dialog_Side_Button">
                        <param name="id">06</param>
                        <param name="label">Del list</param>
                        <param name="icon">special://skin/extras/icons/trash-can.png</param>
                        <param name="visible">!String.IsEqual(Window(Home).Property(Shortcuts.EditMenu),menu=searchmenu)</param>
                        <onclick>ClearProperty(Shortcuts.Groupings.Links,Home)</onclick>
                        <onclick>RunPlugin($INFO[Container(22001).ListItem.Property(url),,&amp;func=do_list_del]$VAR[Path_Shortcut_UseRawPath])</onclick>
                        <onback>13999</onback>
                    </include>
                    <include content="Dialog_Side_Button">
                        <param name="id">07</param>
                        <param name="label">Restore</param>
                        <param name="icon">special://skin/extras/icons/triangle-exclamation.png</param>
                        <onclick>SetProperty(Shortcuts.Restored,1,Home)</onclick>
                        <onclick>RunPlugin(plugin://script.skinvariables/?info=get_shortcuts_node&amp;skin=$VAR[Path_SkinVariables_SkinFolder]$INFO[Window(Home).Property(Shortcuts.EditMenu),&amp;,]&amp;func=do_refresh&amp;&amp;True&amp;&amp;ActivateWindow(1115))</onclick>
                        <onback>13999</onback>
                    </include>
                </include>
            </include>
        </include>

        <!-- CHANGE: Directory -->
        <include content="Object_Hidden_Button">
            <param name="id">13999</param>
            <onfocus>SetFocus(23004)</onfocus>
            <onfocus condition="String.IsEmpty(Window(Home).Property(Shortcuts.EditMode)) + String.IsEmpty(Window(Home).Property(Shortcuts.PrevMenu))">PreviousMenu</onfocus>
            <onfocus condition="String.IsEmpty(Window(Home).Property(Shortcuts.EditMode)) + !String.IsEmpty(Window(Home).Property(Shortcuts.PrevMenu))">SetProperty(Shortcuts.EditMenu,$INFO[Window(Home).Property(Shortcuts.PrevMenu)],Home)</onfocus>
            <onfocus condition="String.IsEmpty(Window(Home).Property(Shortcuts.EditMode)) + !String.IsEmpty(Window(Home).Property(Shortcuts.PrevMenu))">ClearProperty(Shortcuts.PrevMenu,Home)</onfocus>
            <onfocus condition="!String.IsEmpty(Window(Home).Property(Shortcuts.EditMode))">ClearProperty(Shortcuts.EditMode,Home)</onfocus>
            <onfocus condition="!String.IsEmpty(Window(Home).Property(Shortcuts.EditMode))">ClearProperty(Shortcuts.EditGUID,Home)</onfocus>
        </include>
        <!-- FROM: Options Menu -->
        <include content="Object_Hidden_Button">
            <param name="id">23999</param>
            <onfocus>ClearProperty(Options.Mode)</onfocus>
            <onfocus>SetFocus(23000)</onfocus>
        </include>
        <!-- TO: Options Menu -->
        <include content="Object_Hidden_Button">
            <param name="id">33999</param>
            <animation effect="fade" start="0" end="0" time="400" reversible="false">Focus</animation>
            <onfocus>SetFocus(33000)</onfocus>
        </include>

        <include content="Dialog_Overlay_Side">
            <param name="dialog_size">Dimension_DialogWideMenu</param>
            <visible>!String.IsEmpty(Window.Property(Options.Mode))</visible>
            <include>Animation_Right_Delay</include>
            <control type="group">
                <right>view_side</right>
                <height>view_bar</height>
                <top>view_pad</top>
                <left>view_pad</left>
                <include content="Furniture_Gutters">
                    <control type="label">
                        <font>font_midi_black</font>
                        <textcolor>dialog_fg_100</textcolor>
                        <label>$INFO[Window.Property(Options.Mode.Heading)]</label>
                        <bottom>30</bottom>
                    </control>
                    <control type="label">
                        <font>font_tiny</font>
                        <textcolor>dialog_fg_70</textcolor>
                        <label>$INFO[Window.Property(Options.Mode.Heading.Sublabel)]</label>
                        <top>40</top>
                    </control>
                </include>
            </control>
            <include content="Dialog_Body">
                <include content="Dialog_Body_Group">
                    <control type="grouplist" id="33000">
                        <onleft>23999</onleft>
                        <onright>39000</onright>
                        <orientation>vertical</orientation>

                        <!-- Spotlight: Hubs -->
                        <!-- Spotlight: Hubs: Choose -->
                        <include content="Settings_Stacked_Button">
                            <param name="dialog">true</param>
                            <param name="id">33001</param>
                            <param name="groupid">33101</param>
                            <param name="control">button</param>
                            <param name="toplabel">Choose spotlight</param>
                            <param name="sublabel">$VAR[Label_Shortcut_HubSpotlight_Path]</param>
                            <param name="sublabel_visible">!String.IsEmpty(Control.GetLabel(33001))</param>
                            <onclick>ClearProperty(Shortcuts.Groupings.Links,Home)</onclick>
                            <onclick>RunScript(script.skinvariables,set_shortcut=Hub.$VAR[Path_Shortcut_Hub_Prefix].Spotlight,use_rawpath=True)</onclick>
                            <visible>String.IsEqual(Window.Property(Options.Mode),Spotlight.Hub)</visible>
                            <onback>23999</onback>
                        </include>
                        <!-- Spotlight: Hubs: Sort By -->
                        <include content="Settings_Button">
                            <param name="dialog">true</param>
                            <param name="id">33002</param>
                            <param name="control">button</param>
                            <label> -- Sort by</label>
                            <label2>[CAPITALIZE]$VAR[Label_Shortcut_HubSpotlight_SortBy][/CAPITALIZE]</label2>
                            <onclick>RunScript(script.skinvariables,run_dialog=select,heading=Sort method,separator=||,list=default||label||random||dateadded||lastplayed||playcount||year||rating||userrating||votes||genre||country||studio||playlist||episodenumber||season||totalepisodes||watchedepisodes||tvshowstatus||tvshowtitle||file||title||track||time||artist||album||lastupdated||lastused||date,"executebuiltin=Skin.SetString(Hub.$VAR[Path_Shortcut_Hub_Prefix].Spotlight.SortBy,{v})")</onclick>
                            <visible>!String.IsEmpty(Control.GetLabel(33001))</visible>
                            <visible>String.IsEqual(Window.Property(Options.Mode),Spotlight.Hub)</visible>
                            <onback>23999</onback>
                        </include>
                        <!-- Spotlight: Hubs: Fallback Image -->
                        <include content="Settings_Stacked_Button">
                            <param name="dialog">true</param>
                            <param name="id">33003</param>
                            <param name="groupid">33103</param>
                            <param name="control">button</param>
                            <param name="toplabel">Choose fallback image folder</param>
                            <param name="sublabel">$VAR[Label_Shortcut_HubSpotlight_Fallback]</param>
                            <param name="sublabel_visible">!String.IsEmpty(Control.GetLabel(33003))</param>
                            <onclick condition="$EXP[Exp_Hubs_Shortcuts_IsItemMenu]">Skin.Reset(Hub.$VAR[Path_Shortcut_Hub_Prefix].Spotlight.Fallback)</onclick>
                            <onclick condition="$EXP[Exp_Hubs_Shortcuts_IsItemMenu]">Skin.SetPath(Hub.$VAR[Path_Shortcut_Hub_Prefix].Spotlight.Fallback)</onclick>
                            <visible>String.IsEqual(Window.Property(Options.Mode),Spotlight.Hub)</visible>
                            <onback>23999</onback>
                        </include>


                        <!-- Spotlight: Categories -->
                        <!-- Spotlight: Categories: Choose -->
                        <include content="Settings_Stacked_Button">
                            <param name="dialog">true</param>
                            <param name="id">33011</param>
                            <param name="groupid">33111</param>
                            <param name="control">button</param>
                            <param name="toplabel">Choose spotlight</param>
                            <param name="sublabel">$INFO[Container(22001).ListItem.Property(spotlight_path)]</param>
                            <param name="sublabel_visible">!String.ISEmpty(Container(22001).ListItem.Property(spotlight_path))</param>
                            <onclick>ClearProperty(Shortcuts.Groupings.Links,Home)</onclick>
                            <onclick condition="!String.IsEmpty(Container(22001).ListItem.Property(spotlight_path))">RunPlugin($INFO[Container(22001).ListItem.Property(url),,&amp;func=do_toggle&amp;&amp;spotlight_path])</onclick>
                            <onclick condition="String.IsEmpty(Container(22001).ListItem.Property(spotlight_path))">RunPlugin($INFO[Container(22001).ListItem.Property(url),,&amp;func=do_choose&amp;&amp;prefix::spotlight&amp;&amp;use_rawpath::True])</onclick>
                            <visible>String.IsEqual(Window.Property(Options.Mode),Spotlight.Categories)</visible>
                            <onback>23999</onback>
                        </include>
                        <!-- Spotlight: Categories: Sort by -->
                        <include content="Settings_Button">
                            <param name="dialog">true</param>
                            <param name="id">33012</param>
                            <param name="control">button</param>
                            <label> -- Sort by</label>
                            <label2>[CAPITALIZE]$INFO[Container(22001).ListItem.Property(spotlight_sortby)][/CAPITALIZE]</label2>
                            <onclick>RunPlugin($INFO[Container(22001).ListItem.Property(url),,&amp;func=do_edit&amp;&amp;spotlight_sortby&amp;&amp;default&amp;label&amp;random&amp;dateadded&amp;lastplayed&amp;playcount&amp;year&amp;rating&amp;userrating&amp;votes&amp;genre&amp;country&amp;studio&amp;playlist&amp;episodenumber&amp;season&amp;totalepisodes&amp;watchedepisodes&amp;tvshowstatus&amp;tvshowtitle&amp;file&amp;title&amp;track&amp;time&amp;artist&amp;album&amp;lastupdated&amp;lastused&amp;date&amp;&amp;Sort by&amp;&amp;True])</onclick>
                            <visible>!String.IsEmpty(Container(22001).ListItem.Property(spotlight_path))</visible>
                            <visible>String.IsEqual(Window.Property(Options.Mode),Spotlight.Categories)</visible>
                            <onback>23999</onback>
                        </include>
                        <!-- Spotlight: Categories: Sort order -->
                        <include content="Settings_Button">
                            <param name="dialog">true</param>
                            <param name="id">33013</param>
                            <param name="control">radiobutton</param>
                            <label> -- Reverse order</label>
                            <selected>!String.IsEmpty(Container(22001).ListItem.Property(spotlight_sortorder))</selected>
                            <onclick>RunPlugin($INFO[Container(22001).ListItem.Property(url),,&amp;func=do_toggle&amp;&amp;spotlight_sortorder])</onclick>
                            <onback>13999</onback>
                            <visible>!String.IsEmpty(Container(22001).ListItem.Property(spotlight_sortby))</visible>
                            <visible>!String.IsEqual(Container(22001).ListItem.Property(spotlight_sortby),random)</visible>
                            <visible>!String.IsEmpty(Container(22001).ListItem.Property(spotlight_path))</visible>
                            <visible>String.IsEqual(Window.Property(Options.Mode),Spotlight.Categories)</visible>
                            <onback>23999</onback>
                        </include>
                        <!-- Spotlight: Categories: Sort order -->
                        <include content="Settings_Button">
                            <param name="dialog">true</param>
                            <param name="id">33014</param>
                            <param name="control">button</param>
                            <label> -- Limit</label>
                            <label2>$INFO[Container(22001).ListItem.Property(spotlight_limit)]</label2>
                            <onclick>RunPlugin($INFO[Container(22001).ListItem.Property(url),,&amp;func=do_numeric&amp;&amp;spotlight_limit&amp;&amp;heading::Limit])</onclick>
                            <visible>!String.IsEmpty(Container(22001).ListItem.Property(spotlight_path))</visible>
                            <visible>String.IsEqual(Window.Property(Options.Mode),Spotlight.Categories)</visible>
                            <onback>23999</onback>
                        </include>


                        <!-- Submenu: -->
                        <!-- Submenu: Choose dynamic list -->
                        <include content="Settings_Stacked_Button">
                            <param name="dialog">true</param>
                            <param name="id">33021</param>
                            <param name="groupid">33121</param>
                            <param name="control">button</param>
                            <param name="toplabel">Choose submenu list</param>
                            <param name="sublabel">$INFO[Container(22001).ListItem.Property(submenulist_path)]</param>
                            <param name="sublabel_visible">!String.ISEMpty(Container(22001).ListItem.Property(submenulist_path))</param>
                            <onclick>ClearProperty(Shortcuts.Groupings.Links,Home)</onclick>
                            <onclick condition="!String.IsEmpty(Container(22001).ListItem.Property(submenulist_path))">RunPlugin($INFO[Container(22001).ListItem.Property(url),,&amp;func=do_toggle&amp;&amp;submenulist_path])</onclick>
                            <onclick condition="String.IsEmpty(Container(22001).ListItem.Property(submenulist_path))">RunPlugin($INFO[Container(22001).ListItem.Property(url),,&amp;func=do_choose&amp;&amp;submenulist&amp;&amp;use_rawpath::True])</onclick>
                            <visible>String.IsEqual(Window.Property(Options.Mode),Categories.Submenu)</visible>
                            <onback>23999</onback>
                        </include>

                        <!-- Submenu: SubmenuList sort by -->
                        <include content="Settings_Button">
                            <param name="dialog">true</param>
                            <param name="id">33030</param>
                            <param name="control">button</param>
                            <label> -- Sort by</label>
                            <label2>[CAPITALIZE]$INFO[Container(22001).ListItem.Property(submenulist_sortby)][/CAPITALIZE]</label2>
                            <onclick>RunPlugin($INFO[Container(22001).ListItem.Property(url),,&amp;func=do_edit&amp;&amp;submenulist_sortby&amp;&amp;default&amp;label&amp;random&amp;dateadded&amp;lastplayed&amp;playcount&amp;year&amp;rating&amp;userrating&amp;votes&amp;genre&amp;country&amp;studio&amp;playlist&amp;episodenumber&amp;season&amp;totalepisodes&amp;watchedepisodes&amp;tvshowstatus&amp;tvshowtitle&amp;file&amp;title&amp;track&amp;time&amp;artist&amp;album&amp;lastupdated&amp;lastused&amp;date&amp;&amp;Sort by&amp;&amp;True])</onclick>
                            <visible>String.IsEqual(Window.Property(Options.Mode),Categories.Submenu)</visible>
                            <visible>!String.IsEmpty(Container(22001).ListItem.Property(submenulist_path))</visible>
                            <onback>23999</onback>
                        </include>
                        <!-- Submenu: SubmenuList sort order -->
                        <include content="Settings_Button">
                            <param name="dialog">true</param>
                            <param name="id">33031</param>
                            <param name="control">radiobutton</param>
                            <label> -- Reverse order</label>
                            <selected>!String.IsEmpty(Container(22001).ListItem.Property(submenulist_sortorder))</selected>
                            <onclick>RunPlugin($INFO[Container(22001).ListItem.Property(url),,&amp;func=do_toggle&amp;&amp;submenulist_sortorder])</onclick>
                            <visible>!String.IsEmpty(Container(22001).ListItem.Property(submenulist_sortby))</visible>
                            <visible>!String.IsEqual(Container(22001).ListItem.Property(submenulist_sortby),random)</visible>
                            <visible>String.IsEqual(Window.Property(Options.Mode),Categories.Submenu)</visible>
                            <visible>!String.IsEmpty(Container(22001).ListItem.Property(submenulist_path))</visible>
                            <onback>23999</onback>
                        </include>
                        <!-- Submenu: SubmenuList limit -->
                        <include content="Settings_Button">
                            <param name="dialog">true</param>
                            <param name="id">33032</param>
                            <param name="control">button</param>
                            <label> -- Limit</label>
                            <label2>$INFO[Container(22001).ListItem.Property(submenulist_limit)]</label2>
                            <onclick>RunPlugin($INFO[Container(22001).ListItem.Property(url),,&amp;func=do_numeric&amp;&amp;submenulist_limit&amp;&amp;heading::Limit])</onclick>
                            <visible>String.IsEqual(Window.Property(Options.Mode),Categories.Submenu)</visible>
                            <visible>!String.IsEmpty(Container(22001).ListItem.Property(submenulist_path))</visible>
                            <onback>23999</onback>
                        </include>

                        <include content="Settings_Stacked_Button">
                            <param name="dialog">true</param>
                            <param name="id">33022</param>
                            <param name="groupid">33122</param>
                            <param name="control">button</param>
                            <param name="toplabel">Edit submenu items</param>
                            <param name="sublabel">Clear submenu list first</param>
                            <param name="sublabel_visible">!String.ISEmpty(Container(22001).ListItem.Property(submenulist_path))</param>
                            <param name="enable">String.IsEmpty(Container(22001).ListItem.Property(submenulist_path))</param>
                            <onclick>SetProperty(Shortcuts.EditMode,mode=submenu,Home)</onclick>
                            <onclick>SetProperty(Shortcuts.EditGUID,guid=$INFO[Container(22001).ListItem.Property(guid)],Home)</onclick>
                            <onclick>SetFocus(23999)</onclick>
                            <visible>String.IsEqual(Window.Property(Options.Mode),Categories.Submenu)</visible>
                            <onback>23999</onback>
                        </include>
                        <!-- Submenu: Use as widget -->
                        <include content="Settings_Button">
                            <param name="dialog">true</param>
                            <param name="id">33023</param>
                            <param name="control">radiobutton</param>
                            <label>Use as widget</label>
                            <selected>String.IsEqual(Container(22001).ListItem.Property(use_as_widget),True)</selected>
                            <onclick>RunPlugin($INFO[Container(22001).ListItem.Property(url),,&amp;func=do_toggle&amp;&amp;use_as_widget])</onclick>
                            <visible>String.IsEqual(Window.Property(Options.Mode),Categories.Submenu)</visible>
                            <onback>23999</onback>
                        </include>
                        <!-- Submenu: Use as widget -->
                        <include content="Settings_Stacked_Button">
                            <param name="dialog">true</param>
                            <param name="id">33028</param>
                            <param name="groupid">33128</param>
                            <param name="control">radiobutton</param>
                            <param name="toplabel">Allow stacking</param>
                            <param name="sublabel">Submenu lists always allow stacking</param>
                            <param name="sublabel_visible">!String.ISEmpty(Container(22001).ListItem.Property(submenulist_path))</param>
                            <param name="enable">String.IsEmpty(Container(22001).ListItem.Property(submenulist_path))</param>
                            <selected>String.IsEqual(Container(22001).ListItem.Property(use_as_list),True) | !String.IsEmpty(Container(22001).ListItem.Property(submenulist_path))</selected>
                            <onclick>RunPlugin($INFO[Container(22001).ListItem.Property(url),,&amp;func=do_toggle&amp;&amp;use_as_list])</onclick>
                            <visible>String.IsEqual(Window.Property(Options.Mode),Categories.Submenu) + String.IsEqual(Container(22001).ListItem.Property(use_as_widget),True)</visible>
                            <onback>23999</onback>
                        </include>
                        <!-- Submenu: Widget style -->
                        <include content="Settings_Button">
                            <param name="dialog">true</param>
                            <param name="id">33024</param>
                            <param name="control">button</param>
                            <label> -- Style</label>
                            <label2>$INFO[Container(22001).ListItem.Property(widget_style)]</label2>
                            <onclick>RunPlugin($INFO[Container(22001).ListItem.Property(url),,&amp;func=do_edit&amp;&amp;widget_style&amp;&amp;Poster&amp;Landscape&amp;Square&amp;Banner&amp;Card&amp;Apps&amp;Icon&amp;Text&amp;&amp;Style&amp;&amp;True])</onclick>
                            <visible>String.IsEqual(Window.Property(Options.Mode),Categories.Submenu) + String.IsEqual(Container(22001).ListItem.Property(use_as_widget),True)</visible>
                            <onback>23999</onback>
                            <!-- <visible>!String.IsEqual(Window(Home).Property(Shortcuts.EditMenu),menu=sidemenu) | !String.IsEmpty(Window(Home).Property(Shortcuts.EditMode))</visible>
                            <visible>!String.IsEqual(Window(Home).Property(Shortcuts.EditMenu),menu=powermainmenu)</visible>
                            <visible>!String.IsEqual(Window(Home).Property(Shortcuts.EditMenu),menu=powersidemenu)</visible> -->
                        </include>
                        <!-- Submenu: Widget sort by -->
                        <include content="Settings_Button">
                            <param name="dialog">true</param>
                            <param name="id">33025</param>
                            <param name="control">button</param>
                            <label> -- Sort by</label>
                            <label2>[CAPITALIZE]$INFO[Container(22001).ListItem.Property(widget_sortby)][/CAPITALIZE]</label2>
                            <onclick>RunPlugin($INFO[Container(22001).ListItem.Property(url),,&amp;func=do_edit&amp;&amp;widget_sortby&amp;&amp;default&amp;label&amp;random&amp;dateadded&amp;lastplayed&amp;playcount&amp;year&amp;rating&amp;userrating&amp;votes&amp;genre&amp;country&amp;studio&amp;playlist&amp;episodenumber&amp;season&amp;totalepisodes&amp;watchedepisodes&amp;tvshowstatus&amp;tvshowtitle&amp;file&amp;title&amp;track&amp;time&amp;artist&amp;album&amp;lastupdated&amp;lastused&amp;date&amp;&amp;Sort by&amp;&amp;True])</onclick>
                            <visible>String.IsEqual(Window.Property(Options.Mode),Categories.Submenu) + String.IsEqual(Container(22001).ListItem.Property(use_as_widget),True)</visible>
                            <onback>23999</onback>
                        </include>
                        <!-- Submenu: Widget sort order -->
                        <include content="Settings_Button">
                            <param name="dialog">true</param>
                            <param name="id">33026</param>
                            <param name="control">radiobutton</param>
                            <label> -- Reverse order</label>
                            <selected>!String.IsEmpty(Container(22001).ListItem.Property(widget_sortorder))</selected>
                            <onclick>RunPlugin($INFO[Container(22001).ListItem.Property(url),,&amp;func=do_toggle&amp;&amp;widget_sortorder])</onclick>
                            <visible>!String.IsEmpty(Container(22001).ListItem.Property(widget_sortby))</visible>
                            <visible>!String.IsEqual(Container(22001).ListItem.Property(widget_sortby),random)</visible>
                            <visible>String.IsEqual(Window.Property(Options.Mode),Categories.Submenu) + String.IsEqual(Container(22001).ListItem.Property(use_as_widget),True)</visible>
                            <onback>23999</onback>
                        </include>
                        <!-- Submenu: Widget limit -->
                        <include content="Settings_Button">
                            <param name="dialog">true</param>
                            <param name="id">33027</param>
                            <param name="control">button</param>
                            <label> -- Limit</label>
                            <label2>$INFO[Container(22001).ListItem.Property(widget_limit)]</label2>
                            <onclick>RunPlugin($INFO[Container(22001).ListItem.Property(url),,&amp;func=do_numeric&amp;&amp;widget_limit&amp;&amp;heading::Limit])</onclick>
                            <visible>String.IsEqual(Window.Property(Options.Mode),Categories.Submenu) + String.IsEqual(Container(22001).ListItem.Property(use_as_widget),True)</visible>
                            <onback>23999</onback>
                        </include>
                        <!-- Submenu: Widget autoscroll -->
                        <include content="Settings_Button">
                            <param name="dialog">true</param>
                            <param name="id">33029</param>
                            <param name="control">radiobutton</param>
                            <label> -- Autoscroll</label>
                            <selected>!String.IsEmpty(Container(22001).ListItem.Property(widget_autoscroll))</selected>
                            <onclick>RunPlugin($INFO[Container(22001).ListItem.Property(url),,&amp;func=do_toggle&amp;&amp;widget_autoscroll])</onclick>
                            <visible>String.IsEqual(Window.Property(Options.Mode),Categories.Submenu) + String.IsEqual(Container(22001).ListItem.Property(use_as_widget),True)</visible>
                            <onback>13999</onback>
                        </include>


                    </control>
                </include>
            </include>
        </include>

    </controls>
</window>
