<?xml version="1.0" encoding="UTF-8"?>
<window type="dialog" id="1170">
    <defaultcontrol always="true">7021</defaultcontrol>
    <onload>AlarmClock(Refocus,SetFocus(7021),00:00,silent)</onload>
    <include>Action_ButtonMenu_Onload</include>
    <controls>

        <include content="Dialog_Overlay_Side">
            <param name="dialog_size">Dimension_DialogSideMenu</param>
            <include>Animation_Right_Delay</include>
            <include content="Dialog_Head">
                <param name="label">$VAR[Label_ProfileName]</param>
            </include>
            <include content="Dialog_Body">

                <include content="Dialog_Body_Group">
                    <param name="id">7000</param>

                    <include content="ButtonMenu_Layout" condition="Skin.String(OptionsTiles.Layout,$NUMBER[2])">
                        <param name="layout_include">ButtonMenu_Layout_Two</param>
                    </include>
                    <include content="ButtonMenu_Layout" condition="Skin.String(OptionsTiles.Layout,$NUMBER[3])">
                        <param name="layout_include">ButtonMenu_Layout_Three</param>
                    </include>
                    <include content="ButtonMenu_Layout" condition="Skin.String(OptionsTiles.Layout,$NUMBER[4])">
                        <param name="layout_include">ButtonMenu_Layout_Four</param>
                    </include>

                    <control type="image">
                        <top>300</top>
                        <left>20</left>
                        <right>20</right>
                        <height>1</height>
                        <texture colordiffuse="dialog_fg_12">common/white.png</texture>
                    </control>

                    <include content="List_DialogSelect">
                        <param name="id">8000</param>
                        <param name="textcolor">dialog_fg</param>
                        <param name="itemlayout_include">Layout_IconList</param>
                        <top>320</top>
                        <bottom>0</bottom>
                        <orientation>vertical</orientation>
                        <onup>7020</onup>
                        <ondown>noop</ondown>
                        <onright>9000</onright>
                        <onleft>Close</onleft>
                        <onclick condition="Skin.HasSetting(KioskMode.HubConfigurationUnlocked)">Close</onclick>
                        <include content="Action_SkinVariables_ShortcutList_Onclick" condition="Skin.HasSetting(KioskMode.HubConfigurationUnlocked)">
                            <param name="id">8000</param>
                        </include>
                        <content>
                            <item>
                                <label>$LOCALIZE[137]</label>
                                <icon>special://skin/extras/icons/search.png</icon>
                                <property name="path">ActivateWindow(1105)</property>
                                <onclick>Close</onclick>
                                <onclick>ActivateWindow(1105)</onclick>
                            </item>
                        </content>
                        <include content="Home_Menu_Content">
                            <param name="condition">[True]</param>
                        </include>
                        <!-- <visible>String.IsEmpty(Window.Property(ToggleMenu))</visible> -->
                    </include>

                    <!-- <control type="grouplist" id="8000">
                        <top>320</top>
                        <bottom>0</bottom>
                        <orientation>vertical</orientation>
                        <onup>7002</onup>
                        <ondown>noop</ondown>
                        <onright>9000</onright>
                        <onleft>Close</onleft>
                        <include>skinvariables-powermainmenu-staticitems</include>
                        <visible>!String.IsEmpty(Window.Property(ToggleMenu))</visible>
                    </control> -->
                </include>


                <include content="Dialog_Side_Grouplist">
                    <param name="id">9000</param>
                    <onright>Close</onright>
                    <onleft>7000</onleft>
                    <include content="Dialog_Side_Button">
                        <param name="id">01</param>
                        <param name="label">$LOCALIZE[15067]</param>
                        <param name="icon">special://skin/extras/icons/circle-xmark.png</param>
                        <onclick>Close</onclick>
                    </include>
                    <include>skinvariables-powersidemenu-staticitems</include>
                </include>
            </include>
        </include>

    </controls>
</window>