<?xml version="1.0" encoding="UTF-8"?>
<includes>

    <include name="MediaFilter_Node_ClearAll">
        <onfocus>ClearProperty(MediaFilter.InfoLabel)</onfocus>

        <onfocus condition="Window.IsVisible(MyVideoNav.xml) + [Container.Content(movies) | Container.Content(sets)]">SetProperty(MediaFilter.ContentType,Movies)</onfocus>
        <onfocus condition="Window.IsVisible(MyVideoNav.xml) + [Container.Content(tvshows) | Container.Content(seasons) | Container.Content(episodes)]">SetProperty(MediaFilter.ContentType,TV)</onfocus>
        <onfocus condition="Window.IsVisible(MyMusicNav.xml)">SetProperty(MediaFilter.ContentType,Music)</onfocus>

        <onfocus condition="!String.StartsWith(Container.FolderPath,plugin://script.skinvariables/?info=get_filter_dir) + [Container.Content(movies) | Container.Content(tvshows) | Container.Content(albums) | Container.Content(artists)]">SetProperty(MediaFilter.BaseDir.Name,$VAR[Label_Section_Main])</onfocus>
        <onfocus condition="!String.StartsWith(Container.FolderPath,plugin://script.skinvariables/?info=get_filter_dir) + [Container.Content(movies) | Container.Content(tvshows) | Container.Content(albums) | Container.Content(artists)]">SetProperty(MediaFilter.BaseDir,$INFO[Container.FolderPath])</onfocus>
        <onfocus condition="!String.StartsWith(Container.FolderPath,plugin://script.skinvariables/?info=get_filter_dir) + ![Container.Content(movies) | Container.Content(tvshows) | Container.Content(albums) | Container.Content(artists)]">ClearProperty(MediaFilter.BaseDir.Name)</onfocus>
        <onfocus condition="!String.StartsWith(Container.FolderPath,plugin://script.skinvariables/?info=get_filter_dir) + ![Container.Content(movies) | Container.Content(tvshows) | Container.Content(albums) | Container.Content(artists)]">ClearProperty(MediaFilter.BaseDir)</onfocus>

        <onfocus condition="!String.StartsWith(Container.FolderPath,plugin://script.skinvariables/?info=get_filter_dir)">ClearProperty(MediaFilter.Genre)</onfocus>
        <onfocus condition="!String.StartsWith(Container.FolderPath,plugin://script.skinvariables/?info=get_filter_dir)">ClearProperty(MediaFilter.Studio)</onfocus>
        <onfocus condition="!String.StartsWith(Container.FolderPath,plugin://script.skinvariables/?info=get_filter_dir)">ClearProperty(MediaFilter.Country)</onfocus>
        <onfocus condition="!String.StartsWith(Container.FolderPath,plugin://script.skinvariables/?info=get_filter_dir)">ClearProperty(MediaFilter.MPAA)</onfocus>
        <onfocus condition="!String.StartsWith(Container.FolderPath,plugin://script.skinvariables/?info=get_filter_dir)">ClearProperty(MediaFilter.Director)</onfocus>
        <onfocus condition="!String.StartsWith(Container.FolderPath,plugin://script.skinvariables/?info=get_filter_dir)">ClearProperty(MediaFilter.Writer)</onfocus>
        <onfocus condition="!String.StartsWith(Container.FolderPath,plugin://script.skinvariables/?info=get_filter_dir)">ClearProperty(MediaFilter.Artist)</onfocus>
    </include>

    <include name="MediaFilter_Node_Filters">
        <control type="grouplist" id="9500">
            <top>270</top>
            <left>160</left>
            <width>1280</width>
            <orientation>horizontal</orientation>
            <itemgap>-20</itemgap>
            <onup>9003</onup>
            <ondown>9600</ondown>
            <include content="Action_View_Movement_OnLeftRight">
                <param name="id">9501</param>
                <param name="onleft">9514</param>
                <param name="backid">9500</param>
                <param name="onback">!Control.HasFocus(9501)</param>
                <param name="online">,0</param>
            </include>
            <include content="Search_Filter_Button">
                <param name="id">9501</param>
                <label>$LOCALIZE[456]$INFO[Window.Property(MediaFilter.ContentType),: ,]</label>
                <font>font_main_bold</font>

                <include>MediaFilter_Node_ClearAll</include>

                <onclick condition="String.IsEqual(Window.Property(MediaFilter.ContentType),Movies)">SetProperty(MediaFilter.ContentType,TV)</onclick>

                <onclick condition="String.IsEqual(Window.Property(MediaFilter.ContentType),Movies) + !Library.HasContent(TVShows)">SetProperty(MediaFilter.BaseDir,plugin://plugin.video.themoviedb.helper/?info=trakt_trending&amp;tmdb_type=tv)</onclick>
                <onclick condition="String.IsEqual(Window.Property(MediaFilter.ContentType),Movies) + !Library.HasContent(TVShows)">SetProperty(MediaFilter.BaseDir.Name,$LOCALIZE[31128])</onclick>

                <onclick condition="String.IsEqual(Window.Property(MediaFilter.ContentType),Movies) + Library.HasContent(TVShows)">SetProperty(MediaFilter.BaseDir,videodb://tvshows/titles)</onclick>
                <onclick condition="String.IsEqual(Window.Property(MediaFilter.ContentType),Movies) + Library.HasContent(TVShows)">SetProperty(MediaFilter.BaseDir.Name,$LOCALIZE[10024])</onclick>

                <onclick condition="String.IsEqual(Window.Property(MediaFilter.ContentType),TV)">SetProperty(MediaFilter.ContentType,Movies)</onclick>

                <onclick condition="String.IsEqual(Window.Property(MediaFilter.ContentType),TV) + !Library.HasContent(Movies)">SetProperty(MediaFilter.BaseDir,plugin://plugin.video.themoviedb.helper/?info=trakt_trending&amp;tmdb_type=movie)</onclick>
                <onclick condition="String.IsEqual(Window.Property(MediaFilter.ContentType),TV) + !Library.HasContent(Movies)">SetProperty(MediaFilter.BaseDir.Name,$LOCALIZE[31128])</onclick>

                <onclick condition="String.IsEqual(Window.Property(MediaFilter.ContentType),TV) + Library.HasContent(Movies)">SetProperty(MediaFilter.BaseDir,videodb://movies/titles)</onclick>
                <onclick condition="String.IsEqual(Window.Property(MediaFilter.ContentType),TV) + Library.HasContent(Movies)">SetProperty(MediaFilter.BaseDir.Name,$LOCALIZE[10024])</onclick>

                <onclick>RunScript(script.skinvariables,"run_executebuiltin=special://skin/shortcuts/builtins/skinvariables-mediafilter.json",use_rules)</onclick>
                <visible>String.IsEqual(Window.Property(MediaFilter.ContentType),Movies) | String.IsEqual(Window.Property(MediaFilter.ContentType),TV)</visible>
            </include>

            <!-- Library Discover -->
            <include content="Search_Filter_Button">
                <param name="id">9511</param>
                <label>$LOCALIZE[515]$INFO[Window.Property(MediaFilter.Genre),: ,]</label>
                <font>font_main_bold</font>
                <include>MediaFilter_Node_ClearAll</include>
                <onclick condition="!String.IsEmpty(Window.Property(MediaFilter.Genre))">ClearProperty(MediaFilter.Genre)</onclick>
                <onclick condition="!String.IsEmpty(Window.Property(MediaFilter.Genre))">RunScript(script.skinvariables,"run_executebuiltin=special://skin/shortcuts/builtins/skinvariables-mediafilter.json",use_rules)</onclick>
                <onclick condition="String.IsEmpty(Window.Property(MediaFilter.Genre))">SetProperty(MediaFilter.InfoLabel,Genre)</onclick>
                <onclick condition="String.IsEmpty(Window.Property(MediaFilter.Genre))">SetFocus(9701)</onclick>
            </include>
            <include content="Search_Filter_Button">
                <param name="id">9512</param>
                <label>$LOCALIZE[572]$INFO[Window.Property(MediaFilter.Studio),: ,]</label>
                <font>font_main_bold</font>
                <include>MediaFilter_Node_ClearAll</include>
                <onclick condition="!String.IsEmpty(Window.Property(MediaFilter.Studio))">ClearProperty(MediaFilter.Studio)</onclick>
                <onclick condition="!String.IsEmpty(Window.Property(MediaFilter.Studio))">RunScript(script.skinvariables,"run_executebuiltin=special://skin/shortcuts/builtins/skinvariables-mediafilter.json",use_rules)</onclick>
                <onclick condition="String.IsEmpty(Window.Property(MediaFilter.Studio))">SetProperty(MediaFilter.InfoLabel,Studio)</onclick>
                <onclick condition="String.IsEmpty(Window.Property(MediaFilter.Studio))">SetFocus(9701)</onclick>
            </include>
            <include content="Search_Filter_Button">
                <param name="id">9513</param>
                <label>MPAA$INFO[Window.Property(MediaFilter.MPAA),: ,]</label>
                <font>font_main_bold</font>
                <include>MediaFilter_Node_ClearAll</include>
                <onclick condition="!String.IsEmpty(Window.Property(MediaFilter.MPAA))">ClearProperty(MediaFilter.MPAA)</onclick>
                <onclick condition="!String.IsEmpty(Window.Property(MediaFilter.MPAA))">RunScript(script.skinvariables,"run_executebuiltin=special://skin/shortcuts/builtins/skinvariables-mediafilter.json",use_rules)</onclick>
                <onclick condition="String.IsEmpty(Window.Property(MediaFilter.MPAA))">SetProperty(MediaFilter.InfoLabel,MPAA)</onclick>
                <onclick condition="String.IsEmpty(Window.Property(MediaFilter.MPAA))">SetFocus(9701)</onclick>
            </include>
            <include content="Search_Filter_Button">
                <param name="id">9514</param>
                <label>$LOCALIZE[345]$INFO[Window(1105).Property(SearchDiscover.YearLow), &gt; ,]$INFO[Window(1105).Property(SearchDiscover.YearHigh), &lt; ,]</label>
                <font>font_main_bold</font>
                <include>MediaFilter_Node_ClearAll</include>
                <onclick>SetProperty(SearchDiscover.YearLow.Dialog,1,1105)</onclick>
                <onclick>ClearProperty(SearchDiscover.YearLow,1105)</onclick>
                <onclick>ClearProperty(SearchDiscover.YearHigh,1105)</onclick>
                <onclick condition="String.IsEmpty(Window(1105).Property(SearchDiscover.YearLow)) + String.IsEmpty(Window(1105).Property(SearchDiscover.YearHigh))">ActivateWindow(1155)</onclick>
                <onclick condition="!String.IsEmpty(Window(1105).Property(SearchDiscover.YearLow)) | !String.IsEmpty(Window(1105).Property(SearchDiscover.YearHigh))">RunScript(script.skinvariables,"run_executebuiltin=special://skin/shortcuts/builtins/skinvariables-mediafilter.json",use_rules)</onclick>
            </include>
        </control>
        <control type="grouplist" id="9600">
            <top>330</top>
            <left>160</left>
            <width>1280</width>
            <orientation>horizontal</orientation>
            <onup>9500</onup>
            <ondown>60</ondown>
            <include content="Action_View_Movement_OnLeftRight">
                <param name="id">9615</param>
                <param name="onleft">9616</param>
                <param name="backid">303</param>
                <param name="online">,0</param>
            </include>
            <itemgap>-20</itemgap>
            <include content="Object_Hidden_Looper">
                <param name="id">9615</param>
                <param name="grouplistid">9600</param>
                <param name="action">Right</param>
                <width>20</width>
            </include>
            <include content="Search_Filter_Button">
                <param name="id">9601</param>
                <label>$LOCALIZE[14022]</label>
                <onclick>SetProperty(MediaFilter.BaseDir.Name,$LOCALIZE[14022])</onclick>
                <onclick>SetProperty(MediaFilter.BaseDir,videodb://movies/titles)</onclick>
                <onclick>RunScript(script.skinvariables,"run_executebuiltin=special://skin/shortcuts/builtins/skinvariables-mediafilter.json",use_rules)</onclick>
                <visible>String.IsEqual(Window.Property(MediaFilter.ContentType),Movies)</visible>
                <visible>Library.HasContent(Movies)</visible>
            </include>
            <include content="Search_Filter_Button">
                <param name="id">9602</param>
                <label>$LOCALIZE[14022]</label>
                <onclick>SetProperty(MediaFilter.BaseDir.Name,$LOCALIZE[14022])</onclick>
                <onclick>SetProperty(MediaFilter.BaseDir,videodb://tvshows/titles)</onclick>
                <onclick>RunScript(script.skinvariables,"run_executebuiltin=special://skin/shortcuts/builtins/skinvariables-mediafilter.json",use_rules)</onclick>
                <visible>String.IsEqual(Window.Property(MediaFilter.ContentType),TV)</visible>
                <visible>Library.HasContent(TVShows)</visible>
            </include>
            <include content="Search_Filter_Button">
                <param name="id">9603</param>
                <label>$LOCALIZE[133]</label>
                <onclick>SetProperty(MediaFilter.BaseDir.Name,$LOCALIZE[133])</onclick>
                <onclick>SetProperty(MediaFilter.BaseDir,musicdb://artists)</onclick>
                <onclick>RunScript(script.skinvariables,"run_executebuiltin=special://skin/shortcuts/builtins/skinvariables-mediafilter.json",use_rules)</onclick>
                <visible>String.IsEqual(Window.Property(MediaFilter.ContentType),Music)</visible>
                <visible>Library.HasContent(Music)</visible>
            </include>
            <include content="Search_Filter_Button">
                <param name="id">9604</param>
                <label>$LOCALIZE[132]</label>
                <onclick>SetProperty(MediaFilter.BaseDir.Name,$LOCALIZE[132])</onclick>
                <onclick>SetProperty(MediaFilter.BaseDir,musicdb://albums)</onclick>
                <onclick>RunScript(script.skinvariables,"run_executebuiltin=special://skin/shortcuts/builtins/skinvariables-mediafilter.json",use_rules)</onclick>
                <visible>String.IsEqual(Window.Property(MediaFilter.ContentType),Music)</visible>
                <visible>Library.HasContent(Music)</visible>
            </include>
            <include content="Search_Filter_Button">
                <param name="id">9605</param>
                <label>$LOCALIZE[31122]</label>
                <onclick>SetProperty(MediaFilter.BaseDir.Name,$LOCALIZE[31122])</onclick>
                <onclick>SetProperty(MediaFilter.BaseDir,plugin://plugin.video.themoviedb.helper/?info=trakt_watchlist&amp;tmdb_type=movie)</onclick>
                <onclick>RunScript(script.skinvariables,"run_executebuiltin=special://skin/shortcuts/builtins/skinvariables-mediafilter.json",use_rules)</onclick>
                <visible>String.IsEqual(Window.Property(MediaFilter.ContentType),Movies)</visible>
                <visible>!String.IsEmpty(Window(Home).Property(TMDbHelper.TraktIsAuth))</visible>
            </include>
            <include content="Search_Filter_Button">
                <param name="id">9606</param>
                <label>$LOCALIZE[31122]</label>
                <onclick>SetProperty(MediaFilter.BaseDir.Name,$LOCALIZE[31122])</onclick>
                <onclick>SetProperty(MediaFilter.BaseDir,plugin://plugin.video.themoviedb.helper/?info=trakt_watchlist&amp;tmdb_type=tv)</onclick>
                <onclick>RunScript(script.skinvariables,"run_executebuiltin=special://skin/shortcuts/builtins/skinvariables-mediafilter.json",use_rules)</onclick>
                <visible>String.IsEqual(Window.Property(MediaFilter.ContentType),TV)</visible>
                <visible>!String.IsEmpty(Window(Home).Property(TMDbHelper.TraktIsAuth))</visible>
            </include>
            <include content="Search_Filter_Button">
                <param name="id">9607</param>
                <label>$LOCALIZE[31123]</label>
                <onclick>SetProperty(MediaFilter.BaseDir.Name,$LOCALIZE[31123])</onclick>
                <onclick>SetProperty(MediaFilter.BaseDir,plugin://plugin.video.themoviedb.helper/?info=trakt_towatch&amp;tmdb_type=movie)</onclick>
                <onclick>RunScript(script.skinvariables,"run_executebuiltin=special://skin/shortcuts/builtins/skinvariables-mediafilter.json",use_rules)</onclick>
                <visible>String.IsEqual(Window.Property(MediaFilter.ContentType),Movies)</visible>
                <visible>!String.IsEmpty(Window(Home).Property(TMDbHelper.TraktIsAuth))</visible>
            </include>
            <include content="Search_Filter_Button">
                <param name="id">9608</param>
                <label>$LOCALIZE[31123]</label>
                <onclick>SetProperty(MediaFilter.BaseDir.Name,$LOCALIZE[31123])</onclick>
                <onclick>SetProperty(MediaFilter.BaseDir,plugin://plugin.video.themoviedb.helper/?info=trakt_towatch&amp;tmdb_type=tv)</onclick>
                <onclick>RunScript(script.skinvariables,"run_executebuiltin=special://skin/shortcuts/builtins/skinvariables-mediafilter.json",use_rules)</onclick>
                <visible>String.IsEqual(Window.Property(MediaFilter.ContentType),TV)</visible>
                <visible>!String.IsEmpty(Window(Home).Property(TMDbHelper.TraktIsAuth))</visible>
            </include>
            <include content="Search_Filter_Button">
                <param name="id">9609</param>
                <label>$LOCALIZE[31018]</label>
                <onclick>SetProperty(MediaFilter.BaseDir.Name,$LOCALIZE[31018])</onclick>
                <onclick>SetProperty(MediaFilter.BaseDir,plugin://plugin.video.themoviedb.helper/?info=trakt_recommendations&amp;tmdb_type=movie)</onclick>
                <onclick>RunScript(script.skinvariables,"run_executebuiltin=special://skin/shortcuts/builtins/skinvariables-mediafilter.json",use_rules)</onclick>
                <visible>String.IsEqual(Window.Property(MediaFilter.ContentType),Movies)</visible>
                <visible>!String.IsEmpty(Window(Home).Property(TMDbHelper.TraktIsAuth))</visible>
            </include>
            <include content="Search_Filter_Button">
                <param name="id">9610</param>
                <label>$LOCALIZE[31018]</label>
                <onclick>SetProperty(MediaFilter.BaseDir.Name,$LOCALIZE[31018])</onclick>
                <onclick>SetProperty(MediaFilter.BaseDir,plugin://plugin.video.themoviedb.helper/?info=trakt_recommendations&amp;tmdb_type=tv)</onclick>
                <onclick>RunScript(script.skinvariables,"run_executebuiltin=special://skin/shortcuts/builtins/skinvariables-mediafilter.json",use_rules)</onclick>
                <visible>String.IsEqual(Window.Property(MediaFilter.ContentType),TV)</visible>
                <visible>!String.IsEmpty(Window(Home).Property(TMDbHelper.TraktIsAuth))</visible>
            </include>
            <include content="Search_Filter_Button">
                <param name="id">9611</param>
                <label>$LOCALIZE[31128]</label>
                <onclick>SetProperty(MediaFilter.BaseDir.Name,$LOCALIZE[31128])</onclick>
                <onclick>SetProperty(MediaFilter.BaseDir,plugin://plugin.video.themoviedb.helper/?info=trakt_trending&amp;tmdb_type=movie)</onclick>
                <onclick>RunScript(script.skinvariables,"run_executebuiltin=special://skin/shortcuts/builtins/skinvariables-mediafilter.json",use_rules)</onclick>
                <visible>String.IsEqual(Window.Property(MediaFilter.ContentType),Movies)</visible>
            </include>
            <include content="Search_Filter_Button">
                <param name="id">9612</param>
                <label>$LOCALIZE[31128]</label>
                <onclick>SetProperty(MediaFilter.BaseDir.Name,$LOCALIZE[31128])</onclick>
                <onclick>SetProperty(MediaFilter.BaseDir,plugin://plugin.video.themoviedb.helper/?info=trakt_trending&amp;tmdb_type=tv)</onclick>
                <onclick>RunScript(script.skinvariables,"run_executebuiltin=special://skin/shortcuts/builtins/skinvariables-mediafilter.json",use_rules)</onclick>
                <visible>String.IsEqual(Window.Property(MediaFilter.ContentType),TV)</visible>
            </include>
            <include content="Search_Filter_Button">
                <param name="id">9613</param>
                <label>$LOCALIZE[31132]</label>
                <onclick>SetProperty(MediaFilter.BaseDir.Name,$LOCALIZE[31132])</onclick>
                <onclick>SetProperty(MediaFilter.BaseDir,plugin://plugin.video.themoviedb.helper/?info=trakt_history&amp;tmdb_type=movie)</onclick>
                <onclick>RunScript(script.skinvariables,"run_executebuiltin=special://skin/shortcuts/builtins/skinvariables-mediafilter.json",use_rules)</onclick>
                <visible>String.IsEqual(Window.Property(MediaFilter.ContentType),Movies)</visible>
                <visible>!String.IsEmpty(Window(Home).Property(TMDbHelper.TraktIsAuth))</visible>
            </include>
            <include content="Search_Filter_Button">
                <param name="id">9614</param>
                <label>$LOCALIZE[31132]</label>
                <onclick>SetProperty(MediaFilter.BaseDir.Name,$LOCALIZE[31132])</onclick>
                <onclick>SetProperty(MediaFilter.BaseDir,plugin://plugin.video.themoviedb.helper/?info=trakt_history&amp;tmdb_type=tv)</onclick>
                <onclick>RunScript(script.skinvariables,"run_executebuiltin=special://skin/shortcuts/builtins/skinvariables-mediafilter.json",use_rules)</onclick>
                <visible>String.IsEqual(Window.Property(MediaFilter.ContentType),TV)</visible>
                <visible>!String.IsEmpty(Window(Home).Property(TMDbHelper.TraktIsAuth))</visible>
            </include>
            <include content="Object_Hidden_Looper">
                <param name="id">9616</param>
                <param name="grouplistid">9600</param>
            </include>
        </control>
    </include>

    <include name="MediaFilter_Node_Alphabet">
        <control type="group">
            <top>140</top>
            <left>160</left>
            <width>720</width>
            <include content="Search_Filter_Alphabet">
                <param name="rowone">9002</param>
                <param name="rowtwo">9003</param>
                <param name="editid">19</param>
                <param name="ondown">9500</param>
                <param name="onback">68</param>
            </include>
        </control>
    </include>

    <include name="MediaFilter_Node_Buttons">
        <include content="Dialog_Side_Button">
            <param name="vertical">false</param>
            <param name="id">04</param>
            <param name="label">$LOCALIZE[587]</param>
            <param name="icon">$VAR[Image_Filtered]</param>
            <param name="textcolor">main_fg</param>
            <param name="visible">Container.CanFilterAdvanced</param>
            <onclick>Filter</onclick>
        </include>
        <include content="Dialog_Side_Button">
            <param name="vertical">false</param>
            <param name="id">05</param>
            <param name="label">$LOCALIZE[192]</param>
            <param name="icon">special://skin/extras/icons/triangle-exclamation.png</param>
            <param name="textcolor">main_fg</param>
            <param name="visible">!Container.CanFilterAdvanced</param>
            <onclick>RunScript(script.skinvariables,set_editcontrol=19,window_id=1105,setfocus=9001)</onclick>
            <onclick>ClearProperty(MediaFilter.Genre)</onclick>
            <onclick>ClearProperty(MediaFilter.Studio)</onclick>
            <onclick>ClearProperty(MediaFilter.Country)</onclick>
            <onclick>ClearProperty(MediaFilter.MPAA)</onclick>
            <onclick>ClearProperty(MediaFilter.Director)</onclick>
            <onclick>ClearProperty(MediaFilter.Writer)</onclick>
        </include>
        <include content="Dialog_Side_Button">
            <param name="vertical">false</param>
            <param name="id">06</param>
            <param name="label">$VAR[Label_Watched]</param>
            <param name="icon">$VAR[Image_Watched]</param>
            <param name="visible">Window.IsVisible(videos)</param>
            <param name="textcolor">main_fg</param>
            <onclick>SendClick(14)</onclick>
        </include>
        <include content="Dialog_Side_Button">
            <param name="vertical">false</param>
            <param name="id">07</param>
            <param name="label">$VAR[Label_SortMethod]</param>
            <param name="icon">special://skin/extras/icons/arrow-updown-short-wide.png</param>
            <param name="visible">Window.IsMedia</param>
            <param name="textcolor">main_fg</param>
            <onclick>SetProperty(DialogSelectType,Menu,Home)</onclick>
            <onclick condition="![Window.IsMedia + String.IsEqual(Container.FolderName,Skin Variables) + !String.IsEmpty(Window.Property(MediaFilter.BaseDir.Name))]">SendClick(3)</onclick>
            <onclick condition="Window.IsMedia + String.IsEqual(Container.FolderName,Skin Variables) + !String.IsEmpty(Window.Property(MediaFilter.BaseDir.Name))">RunScript(script.skinvariables,run_dialog=select,heading=$LOCALIZE[581],separator=||,list=title||genre||year||rating||playcount||director||originaltitle||lastplayed||writer||studio||mpaa||country||premiered||top250||votes,"executebuiltin=SetProperty(MediaFilter.SortBy,{v})||route=run_executebuiltin=special://skin/shortcuts/builtins/skinvariables-mediafilter.json&amp;use_rules=True")</onclick>
        </include>
        <include content="Dialog_Side_Button">
            <param name="vertical">false</param>
            <param name="id">08</param>
            <param name="label">$VAR[Label_SortDirection]</param>
            <param name="icon">$VAR[Image_SortDirection]</param>
            <param name="visible">Window.IsMedia</param>
            <param name="textcolor">main_fg</param>
            <onclick>SetProperty(DialogSelectType,Menu,Home)</onclick>
            <onclick condition="![Window.IsMedia + String.IsEqual(Container.FolderName,Skin Variables) + !String.IsEmpty(Window.Property(MediaFilter.BaseDir.Name))]">SendClick(4)</onclick>

            <onclick condition="!String.IsEqual(Window.Property(MediaFilter.SortHow),desc) + Window.IsMedia + String.IsEqual(Container.FolderName,Skin Variables) + !String.IsEmpty(Window.Property(MediaFilter.BaseDir.Name))">SetProperty(MediaFilter.SortHow,desc)</onclick>
            <onclick condition="String.IsEqual(Window.Property(MediaFilter.SortHow),desc) + Window.IsMedia + String.IsEqual(Container.FolderName,Skin Variables) + !String.IsEmpty(Window.Property(MediaFilter.BaseDir.Name))">ClearProperty(MediaFilter.SortHow)</onclick>

            <onclick condition="Window.IsMedia + String.IsEqual(Container.FolderName,Skin Variables) + !String.IsEmpty(Window.Property(MediaFilter.BaseDir.Name))">RunScript(script.skinvariables,"run_executebuiltin=special://skin/shortcuts/builtins/skinvariables-mediafilter.json",use_rules)</onclick>
        </include>
        <include content="Dialog_Side_Button">
            <param name="vertical">false</param>
            <param name="id">09</param>
            <param name="label">$LOCALIZE[31319]</param>
            <param name="icon">special://skin/extras/icons/object-group.png</param>
            <param name="textcolor">main_fg</param>
            <onclick>Runscript(script.skinvariables,action=buildviews,contentid=$VAR[Items_ViewMode_Switch],pluginname=$INFO[Container.PluginName])</onclick>
        </include>
    </include>

    <include name="MediaFilter_Node_PlaylistButtons">
        <include content="Dialog_Side_Button">
            <param name="vertical">false</param>
            <param name="control">button</param>
            <param name="id">04</param>
            <param name="label">$LOCALIZE[192]</param>
            <param name="icon">special://skin/extras/icons/triangle-exclamation.png</param>
            <param name="textcolor">main_fg</param>
            <onclick>SendClick(22)</onclick>
        </include>
        <include content="Dialog_Side_Button_BuiltIn">
            <param name="vertical">false</param>
            <param name="control">button</param>
            <param name="id">21</param>
            <param name="groupid">9021</param>
            <param name="label">$LOCALIZE[190]</param>
            <param name="icon">special://skin/extras/icons/floppy-disk.png</param>
            <param name="textcolor">main_fg</param>
        </include>
        <include content="Dialog_Side_Button_BuiltIn">
            <param name="vertical">false</param>
            <param name="control">button</param>
            <param name="id">23</param>
            <param name="groupid">9023</param>
            <param name="label">$LOCALIZE[208]</param>
            <param name="icon">special://skin/extras/icons/play3.png</param>
            <param name="textcolor">main_fg</param>
        </include>
        <include content="Dialog_Side_Button_BuiltIn">
            <param name="vertical">false</param>
            <param name="control">radiobutton</param>
            <param name="id">20</param>
            <param name="groupid">9020</param>
            <param name="label">$LOCALIZE[191]</param>
            <param name="icon">$VAR[Image_OSD_Shuffle]</param>
            <param name="textcolor">main_fg</param>
        </include>
        <include content="Dialog_Side_Button">
            <param name="vertical">false</param>
            <param name="control">button</param>
            <param name="id">09</param>
            <param name="label">Repeat</param>
            <param name="icon">$VAR[Image_OSD_Repeat]</param>
            <param name="textcolor">main_fg</param>
            <onclick>SendClick(26)</onclick>
        </include>
    </include>

    <include name="MediaFilter_Node">
        <control type="group">
            <visible>!$EXP[Exp_InfoDialogs]</visible>
            <visible>!$EXP[Exp_ScrollbarVisible_H]</visible>
            <visible>$EXP[Exp_MediaFilter_IsActive]</visible>
            <include content="Animation_Fade_In">
                <param name="delay">0</param>
                <param name="type">Visible</param>
            </include>
            <control type="group">
                <left>440</left>
                <right>880</right>
                <centerbottom>100</centerbottom>
                <height>view_pad</height>
                <include content="Object_Hidden_Button" condition="!Window.IsVisible(MyPlaylist.xml)">
                    <param name="id">9001</param>
                    <include>MediaFilter_Node_ClearAll</include>
                    <onfocus>SetFocus(19)</onfocus>
                </include>
                <!-- Edit Control -->
                <control type="edit" id="19">
                    <description>Filter</description>
                    <font>font_midi_black</font>
                    <textcolor>00ffffff</textcolor>
                    <selectedcolor>00ffffff</selectedcolor>
                    <disabledcolor>00ffffff</disabledcolor>
                    <focusedcolor>$VAR[ColorSelected]</focusedcolor>
                    <height>view_pad</height>
                    <textoffsetx>40</textoffsetx>
                    <align>left</align>
                    <onup condition="!Window.IsVisible(MyPlaylist.xml)">SetFocus(68)</onup>
                    <onup condition="Window.IsVisible(MyPlaylist.xml)">ClearProperty(MediaFilterBase)</onup>
                    <onup condition="Window.IsVisible(MyPlaylist.xml)">ClearProperty(MediaFilterWall)</onup>
                    <onup condition="Window.IsVisible(MyPlaylist.xml)">50</onup>
                    <!-- <ondown>$VAR[Action_Var_ToMediaScrollbar]</ondown> -->
                    <include>Action_View_Filter_OnDown</include>
                    <onleft>9009</onleft>
                    <onright>9004</onright>
                </control>
            </control>
            <control type="grouplist" id="9000">
                <right>300</right>
                <align>right</align>
                <centerbottom>100</centerbottom>
                <itemgap>0</itemgap>
                <orientation>horizontal</orientation>
                <height>160</height>
                <onleft>SetFocus(19)</onleft>
                <onback>68</onback>
                <onup condition="!Window.IsVisible(MyPlaylist.xml)">SetFocus(68)</onup>
                <onup condition="Window.IsVisible(MyPlaylist.xml)">ClearProperty(MediaFilterBase)</onup>
                <onup condition="Window.IsVisible(MyPlaylist.xml)">ClearProperty(MediaFilterWall)</onup>
                <onup condition="Window.IsVisible(MyPlaylist.xml)">50</onup>
                <!-- <ondown>$VAR[Action_Var_ToMediaScrollbar]</ondown> -->
                <include>Action_View_Filter_OnDown</include>

                <onleft>19</onleft>
                <onright>19</onright>

                <include condition="!Window.IsVisible(MyPlaylist.xml)">MediaFilter_Node_Buttons</include>
                <include condition="Window.IsVisible(MyPlaylist.xml)">MediaFilter_Node_PlaylistButtons</include>

                <control type="group" id="9999">
                    <width>40</width>
                </control>

            </control>
        </control>
    </include>

    <include name="MediaFilter_Discover_Node">


        <control type="group">
            <include>Dimension_DialogSideMenu</include>
            <include>Animation_Right_Delay</include>
            <visible>Control.IsVisible(55)</visible>
            <include content="Dialog_Dim_Side">
                <param name="slide_condition">ControlGroup(550).HasFocus()</param>
            </include>

            <!-- Bottom Layer -->
            <include content="Dialog_Background_Side">
                <param name="slide_condition">ControlGroup(550).HasFocus()</param>
                <param name="dialog_size">Dimension_DialogSideMenu</param>
                <!-- Side Buttons -->
                <include content="Dialog_Body">
                    <include content="Dialog_Side_Grouplist">
                        <param name="id">550</param>
                        <onright>55</onright>
                        <include content="Dialog_Side_Button">
                            <param name="baseid">55</param>
                            <param name="id">01</param>
                            <param name="label">Movies</param>
                            <param name="icon">special://skin/extras/icons/binoculars.png</param>
                            <param name="visible">String.IsEqual(Container(55).ListItemAbsolute(0).Property(Param.TMDb_Type),movie)</param>
                            <onclick>Container.Update(plugin://plugin.video.themoviedb.helper/?info=user_discover&amp;tmdb_type=tv)</onclick>
                        </include>
                        <include content="Dialog_Side_Button">
                            <param name="baseid">55</param>
                            <param name="id">02</param>
                            <param name="label">TV Shows</param>
                            <param name="icon">special://skin/extras/icons/binoculars.png</param>
                            <param name="visible">String.IsEqual(Container(55).ListItemAbsolute(0).Property(Param.TMDb_Type),tv)</param>
                            <onclick>Container.Update(plugin://plugin.video.themoviedb.helper/?info=user_discover&amp;tmdb_type=movie)</onclick>
                        </include>

                        <include content="Dialog_Side_Button">
                            <param name="baseid">55</param>
                            <param name="id">03</param>
                            <param name="label">Match</param>
                            <param name="icon">special://skin/extras/icons/scale-unbalanced.png</param>
                            <param name="visible">true</param>
                            <onclick>Container.Update($INFO[Container(55).ListItemAbsolute(1).FolderPath])</onclick>
                        </include>

                        <include content="Dialog_Side_Button">
                            <param name="baseid">55</param>
                            <param name="id">04</param>
                            <param name="label">Sort</param>
                            <param name="icon">special://skin/extras/icons/sort2.png</param>
                            <param name="visible">true</param>
                            <onclick>Container.Update($INFO[Container(55).ListItemAbsolute(2).FolderPath])</onclick>
                        </include>

                        <include content="Dialog_Side_Button">
                            <param name="baseid">55</param>
                            <param name="id">05</param>
                            <param name="label">Add Rule</param>
                            <param name="icon">special://skin/extras/icons/circle-plus.png</param>
                            <param name="visible">true</param>
                            <onclick>Container.Update(plugin://plugin.video.themoviedb.helper/?info=user_discover&amp;method=add_rule&amp;tmdb_type=movie)</onclick>
                        </include>

                        <include content="Dialog_Side_Button">
                            <param name="baseid">55</param>
                            <param name="id">06</param>
                            <param name="label">Clear</param>
                            <param name="icon">special://skin/extras/icons/triangle-exclamation.png</param>
                            <param name="visible">true</param>
                            <onclick>Container.Update(plugin://plugin.video.themoviedb.helper/?info=user_discover&amp;method=clear&amp;tmdb_type=movie)</onclick>
                        </include>

                        <include content="Dialog_Side_Button">
                            <param name="baseid">55</param>
                            <param name="id">07</param>
                            <param name="label">Save</param>
                            <param name="icon">special://skin/extras/icons/floppy-disk.png</param>
                            <param name="visible">true</param>
                            <onclick>Container.Update(plugin://plugin.video.themoviedb.helper/?info=user_discover&amp;method=save&amp;tmdb_type=movie)</onclick>
                        </include>
                    </include>
                </include>
            </include>

            <include content="Dialog_Foreground_Side">
                <param name="dialog_size">Dimension_DialogSideMenu</param>
                <param name="slide_condition">ControlGroup(550).HasFocus()</param>
                <param name="lines_right">0</param>
                <param name="topline">true</param>
                <param name="subline">true</param>

                <!-- Header -->
                <include content="Dialog_Head">
                    <param name="label">[CAPITALIZE]$INFO[Container(55).ListItemAbsolute(0).Label][/CAPITALIZE]</param>
                </include>

                <!-- Content -->
                <include content="Dialog_Body">
                    <include content="Dialog_Body_Group">
                    <include content="List_DialogSelect">
                        <param name="id">55</param>
                        <param name="textcolor">dialog_fg</param>
                        <movement>8</movement>
                        <onleft>550</onleft>
                        <visible>$EXP[Exp_View_55]</visible>
                        <onfocus>SetProperty(TMDbHelper.WidgetContainer,553)</onfocus>
                    </include>
                </include>
                </include>
            </include>

        </control>
    </include>

</includes>
